/*******************************************************************************
 * 由 NotoSansSC-VF.ttf 栅格化生成（14 px / 4 bpp），工具：tools/gen_cn_font.py
 * Glyphs: 543   Bitmap: 42296 bytes
 ******************************************************************************/

#include "lvgl.h"

LV_FONT_DECLARE(font_cn_extra);

static LV_ATTRIBUTE_LARGE_CONST const uint8_t glyph_bitmap[] = {
    0x70, 0x70, 0x70, 0x70, 0x70, 0x70, 0x70, 0x70, 0x00, 0x21, 0x85, 0x80, 0x88, 0x08, 0x80, 0x82,
    0x02, 0x00, 0x61, 0x07, 0x00, 0x07, 0x00, 0x70, 0x00, 0x70, 0x07, 0x01, 0x7b, 0x77, 0xb6, 0x00,
    0x70, 0x07, 0x00, 0x07, 0x01, 0x50, 0x00, 0x60, 0x34, 0x03, 0x8a, 0x79, 0x84, 0x04, 0x30, 0x60,
    0x00, 0x61, 0x07, 0x00, 0x07, 0x00, 0x70, 0x00, 0x00, 0x04, 0x00, 0x00, 0x07, 0x00, 0x01, 0x8a,
    0x81, 0x07, 0x10, 0x13, 0x08, 0x00, 0x00, 0x08, 0x10, 0x00, 0x02, 0x91, 0x00, 0x00, 0x18, 0x50,
    0x00, 0x00, 0x74, 0x00, 0x00, 0x09, 0x00, 0x00, 0x08, 0x05, 0x00, 0x17, 0x04, 0x78, 0x81, 0x00,
    0x07, 0x00, 0x00, 0x04, 0x00, 0x08, 0x78, 0x00, 0x00, 0x80, 0x00, 0x62, 0x02, 0x60, 0x03, 0x50,
    0x00, 0x70, 0x00, 0x70, 0x08, 0x00, 0x00, 0x70, 0x00, 0x70, 0x45, 0x00, 0x00, 0x80, 0x00, 0x70,
    0x80, 0x67, 0x60, 0x54, 0x04, 0x54, 0x45, 0x40, 0x44, 0x06, 0x76, 0x08, 0x07, 0x00, 0x07, 0x00,
    0x00, 0x53, 0x07, 0x00, 0x07, 0x00, 0x00, 0x80, 0x07, 0x00, 0x07, 0x00, 0x06, 0x20, 0x06, 0x20,
    0x26, 0x00, 0x18, 0x00, 0x00, 0x87, 0x80, 0x01, 0x77, 0x83, 0x00, 0x00, 0x71, 0x00, 0x80, 0x00,
    0x07, 0x00, 0x07, 0x00, 0x00, 0x70, 0x07, 0x20, 0x00, 0x02, 0x67, 0x20, 0x00, 0x00, 0x3e, 0x10,
    0x00, 0x23, 0x27, 0x18, 0x00, 0x07, 0x18, 0x00, 0x37, 0x01, 0x70, 0x80, 0x00, 0x47, 0x71, 0x06,
    0x40, 0x00, 0xad, 0x10, 0x07, 0x87, 0x83, 0x18, 0x40, 0x88, 0x82, 0x00, 0x40, 0x51, 0x06, 0x02,
    0x40, 0x61, 0x07, 0x00, 0x70, 0x07, 0x00, 0x70, 0x07, 0x00, 0x61, 0x02, 0x40, 0x06, 0x00, 0x51,
    0x00, 0x40, 0x40, 0x01, 0x50, 0x06, 0x00, 0x42, 0x01, 0x60, 0x07, 0x00, 0x70, 0x07, 0x00, 0x70,
    0x07, 0x01, 0x60, 0x42, 0x06, 0x01, 0x50, 0x40, 0x00, 0x00, 0x80, 0x02, 0x8b, 0x82, 0x03, 0xc4,
    0x00, 0x60, 0x60, 0x00, 0x02, 0x00, 0x00, 0x00, 0x80, 0x00, 0x00, 0x08, 0x00, 0x00, 0x00, 0x80,
    0x00, 0x47, 0x7b, 0x77, 0x40, 0x00, 0x80, 0x00, 0x00, 0x08, 0x00, 0x00, 0x00, 0x80, 0x00, 0x00,
    0x02, 0x00, 0x00, 0x11, 0x6d, 0x07, 0x63, 0x20, 0x38, 0x87, 0x20, 0xc1, 0x00, 0x00, 0x25, 0x00,
    0x00, 0x70, 0x00, 0x00, 0x70, 0x00, 0x03, 0x40, 0x00, 0x07, 0x00, 0x00, 0x07, 0x00, 0x00, 0x43,
    0x00, 0x00, 0x70, 0x00, 0x00, 0x70, 0x00, 0x05, 0x30, 0x00, 0x07, 0x00, 0x00, 0x17, 0x00, 0x00,
    0x52, 0x00, 0x00, 0x70, 0x00, 0x00, 0x05, 0x88, 0x50, 0x18, 0x00, 0x71, 0x62, 0x00, 0x26, 0x80,
    0x00, 0x08, 0x80, 0x00, 0x08, 0x80, 0x00, 0x08, 0x80, 0x00, 0x08, 0x80, 0x00, 0x08, 0x62, 0x00,
    0x26, 0x18, 0x00, 0x81, 0x05, 0x88, 0x50, 0x03, 0xab, 0x00, 0x00, 0x07, 0x00, 0x00, 0x07, 0x00,
    0x00, 0x07, 0x00, 0x00, 0x07, 0x00, 0x00, 0x07, 0x00, 0x00, 0x07, 0x00, 0x00, 0x07, 0x00, 0x00,
    0x07, 0x00, 0x00, 0x07, 0x00, 0x17, 0x7b, 0x77, 0x07, 0x78, 0x70, 0x06, 0x20, 0x03, 0x60, 0x00,
    0x00, 0x09, 0x00, 0x00, 0x00, 0x80, 0x00, 0x00, 0x17, 0x00, 0x00, 0x06, 0x20, 0x00, 0x01, 0x70,
    0x00, 0x00, 0x81, 0x00, 0x00, 0x72, 0x00, 0x00, 0x73, 0x00, 0x00, 0x8a, 0x77, 0x77, 0x20, 0x06,
    0x88, 0x81, 0x33, 0x00, 0x27, 0x00, 0x00, 0x08, 0x00, 0x00, 0x08, 0x00, 0x00, 0x83, 0x00, 0x8d,
    0x50, 0x00, 0x00, 0x73, 0x00, 0x00, 0x08, 0x00, 0x00, 0x08, 0x61, 0x00, 0x36, 0x18, 0x77, 0x70,
    0x00, 0x00, 0x19, 0x00, 0x00, 0x00, 0x78, 0x00, 0x00, 0x03, 0x77, 0x00, 0x00, 0x09, 0x07, 0x00,
    0x00, 0x63, 0x07, 0x00, 0x01, 0x70, 0x07, 0x00, 0x08, 0x10, 0x07, 0x00, 0x29, 0x77, 0x7e, 0x72,
    0x00, 0x00, 0x07, 0x00, 0x00, 0x00, 0x07, 0x00, 0x00, 0x00, 0x07, 0x00, 0x03, 0x97, 0x77, 0x20,
    0x43, 0x00, 0x00, 0x05, 0x20, 0x00, 0x00, 0x71, 0x00, 0x00, 0x07, 0x68, 0x83, 0x00, 0x32, 0x00,
    0x83, 0x00, 0x00, 0x00, 0x80, 0x00, 0x00, 0x08, 0x00, 0x00, 0x00, 0x82, 0x40, 0x00, 0x63, 0x05,
    0x87, 0x85, 0x00, 0x02, 0x88, 0x92, 0x09, 0x00, 0x01, 0x44, 0x00, 0x00, 0x80, 0x00, 0x00, 0x82,
    0x77, 0x50, 0x97, 0x00, 0x54, 0x90, 0x00, 0x09, 0x80, 0x00, 0x08, 0x62, 0x00, 0x08, 0x18, 0x00,
    0x45, 0x04, 0x87, 0x70, 0x17, 0x77, 0x77, 0xa0, 0x00, 0x00, 0x52, 0x00, 0x00, 0x17, 0x00, 0x00,
    0x06, 0x20, 0x00, 0x00, 0x80, 0x00, 0x00, 0x27, 0x00, 0x00, 0x05, 0x40, 0x00, 0x00, 0x81, 0x00,
    0x00, 0x09, 0x00, 0x00, 0x00, 0x90, 0x00, 0x00, 0x09, 0x00, 0x00, 0x00, 0x87, 0x80, 0x00, 0x71,
    0x02, 0x70, 0x08, 0x00, 0x08, 0x00, 0x70, 0x00, 0x70, 0x01, 0x81, 0x43, 0x00, 0x46, 0x79, 0x00,
    0x35, 0x00, 0x17, 0x18, 0x00, 0x00, 0x08, 0x80, 0x00, 0x00, 0x86, 0x40, 0x00, 0x36, 0x06, 0x87,
    0x86, 0x00, 0x07, 0x78, 0x40, 0x54, 0x00, 0x71, 0x90, 0x00, 0x16, 0x80, 0x00, 0x08, 0x90, 0x00,
    0x09, 0x46, 0x00, 0x79, 0x05, 0x77, 0x17, 0x00, 0x00, 0x07, 0x00, 0x00, 0x44, 0x10, 0x00, 0x80,
    0x28, 0x78, 0x20, 0xc1, 0x30, 0x00, 0x00, 0x00, 0x00, 0x20, 0xc1, 0xc1, 0x30, 0x00, 0x00, 0x00,
    0x00, 0x11, 0x6d, 0x07, 0x63, 0x20, 0x00, 0x00, 0x00, 0x20, 0x00, 0x27, 0x82, 0x05, 0x86, 0x10,
    0x0c, 0x30, 0x00, 0x00, 0x27, 0x73, 0x00, 0x00, 0x00, 0x58, 0x61, 0x00, 0x00, 0x02, 0x30, 0x37,
    0x77, 0x77, 0x50, 0x00, 0x00, 0x00, 0x00, 0x00, 0x00, 0x03, 0x77, 0x77, 0x75, 0x20, 0x00, 0x00,
    0x06, 0x85, 0x00, 0x00, 0x00, 0x37, 0x72, 0x00, 0x00, 0x01, 0x96, 0x00, 0x16, 0x84, 0x03, 0x87,
    0x20, 0x00, 0x50, 0x00, 0x00, 0x00, 0x38, 0x78, 0x14, 0x00, 0x18, 0x00, 0x00, 0x80, 0x00, 0x17,
    0x00, 0x08, 0x10, 0x05, 0x40, 0x00, 0x80, 0x00, 0x07, 0x00, 0x00, 0x00, 0x00, 0x21, 0x00, 0x09,
    0x40, 0x00, 0x00, 0x01, 0x67, 0x77, 0x20, 0x00, 0x04, 0x71, 0x00, 0x07, 0x40, 0x04, 0x60, 0x00,
    0x00, 0x07, 0x10, 0x80, 0x02, 0x76, 0x40, 0x16, 0x43, 0x01, 0x80, 0x18, 0x00, 0x77, 0x00, 0x62,
    0x00, 0x60, 0x07, 0x70, 0x07, 0x00, 0x24, 0x00, 0x67, 0x00, 0x70, 0x04, 0x20, 0x16, 0x70, 0x07,
    0x11, 0x93, 0x07, 0x05, 0x30, 0x17, 0x71, 0x77, 0x20, 0x09, 0x00, 0x00, 0x00, 0x00, 0x00, 0x29,
    0x20, 0x00, 0x40, 0x00, 0x00, 0x16, 0x77, 0x73, 0x00, 0x00, 0x00, 0x05, 0x50, 0x00, 0x00, 0x06,
    0x60, 0x00, 0x00, 0x16, 0x61, 0x00, 0x00, 0x62, 0x16, 0x00, 0x00, 0x70, 0x07, 0x00, 0x01, 0x60,
    0x06, 0x10, 0x07, 0x97, 0x79, 0x80, 0x07, 0x00, 0x00, 0x80, 0x17, 0x00, 0x00, 0x71, 0x52, 0x00,
    0x00, 0x26, 0x80, 0x00, 0x00, 0x08, 0x97, 0x78, 0x70, 0x08, 0x00, 0x02, 0x70, 0x80, 0x00, 0x08,
    0x08, 0x00, 0x00, 0x80, 0x80, 0x00, 0x65, 0x09, 0x77, 0xaa, 0x10, 0x80, 0x00, 0x06, 0x38, 0x00,
    0x00, 0x08, 0x80, 0x00, 0x00, 0x88, 0x00, 0x00, 0x55, 0x97, 0x78, 0x86, 0x00, 0x00, 0x78, 0x88,
    0x40, 0x08, 0x30, 0x00, 0x50, 0x36, 0x00, 0x00, 0x00, 0x81, 0x00, 0x00, 0x00, 0x80, 0x00, 0x00,
    0x00, 0x80, 0x00, 0x00, 0x00, 0x80, 0x00, 0x00, 0x00, 0x71, 0x00, 0x00, 0x00, 0x36, 0x00, 0x00,
    0x00, 0x08, 0x30, 0x00, 0x52, 0x00, 0x78, 0x88, 0x50, 0x97, 0x78, 0x70, 0x08, 0x00, 0x02, 0x80,
    0x80, 0x00, 0x06, 0x38, 0x00, 0x00, 0x18, 0x80, 0x00, 0x00, 0x88, 0x00, 0x00, 0x08, 0x80, 0x00,
    0x00, 0x88, 0x00, 0x00, 0x18, 0x80, 0x00, 0x06, 0x38, 0x00, 0x03, 0x80, 0x97, 0x78, 0x70, 0x00,
    0x97, 0x77, 0x75, 0x80, 0x00, 0x00, 0x80, 0x00, 0x00, 0x80, 0x00, 0x00, 0x80, 0x00, 0x00, 0x97,
    0x77, 0x60, 0x80, 0x00, 0x00, 0x80, 0x00, 0x00, 0x80, 0x00, 0x00, 0x80, 0x00, 0x00, 0x97, 0x77,
    0x76, 0x97, 0x77, 0x75, 0x80, 0x00, 0x00, 0x80, 0x00, 0x00, 0x80, 0x00, 0x00, 0x80, 0x00, 0x00,
    0x97, 0x77, 0x60, 0x80, 0x00, 0x00, 0x80, 0x00, 0x00, 0x80, 0x00, 0x00, 0x80, 0x00, 0x00, 0x80,
    0x00, 0x00, 0x00, 0x58, 0x88, 0x81, 0x07, 0x50, 0x00, 0x13, 0x27, 0x00, 0x00, 0x00, 0x71, 0x00,
    0x00, 0x00, 0x80, 0x00, 0x00, 0x00, 0x80, 0x00, 0x38, 0x88, 0x80, 0x00, 0x00, 0x08, 0x71, 0x00,
    0x00, 0x08, 0x27, 0x00, 0x00, 0x08, 0x07, 0x40, 0x00, 0x19, 0x00, 0x58, 0x88, 0x81, 0x80, 0x00,
    0x00, 0x88, 0x00, 0x00, 0x08, 0x80, 0x00, 0x00, 0x88, 0x00, 0x00, 0x08, 0x80, 0x00, 0x00, 0x89,
    0x77, 0x77, 0x7a, 0x80, 0x00, 0x00, 0x88, 0x00, 0x00, 0x08, 0x80, 0x00, 0x00, 0x88, 0x00, 0x00,
    0x08, 0x80, 0x00, 0x00, 0x80, 0x88, 0x88, 0x88, 0x88, 0x88, 0x80, 0x00, 0x00, 0x08, 0x00, 0x00,
    0x08, 0x00, 0x00, 0x08, 0x00, 0x00, 0x08, 0x00, 0x00, 0x08, 0x00, 0x00, 0x08, 0x00, 0x00, 0x08,
    0x00, 0x00, 0x08, 0x00, 0x00, 0x08, 0x06, 0x00, 0x27, 0x04, 0x88, 0x81, 0x80, 0x00, 0x07, 0x38,
    0x00, 0x05, 0x50, 0x80, 0x02, 0x80, 0x08, 0x01, 0x90, 0x00, 0x80, 0x98, 0x00, 0x08, 0x72, 0x72,
    0x00, 0xa4, 0x01, 0x80, 0x08, 0x00, 0x07, 0x30, 0x80, 0x00, 0x09, 0x08, 0x00, 0x00, 0x63, 0x80,
    0x00, 0x00, 0x90, 0x80, 0x00, 0x00, 0x80, 0x00, 0x00, 0x80, 0x00, 0x00, 0x80, 0x00, 0x00, 0x80,
    0x00, 0x00, 0x80, 0x00, 0x00, 0x80, 0x00, 0x00, 0x80, 0x00, 0x00, 0x80, 0x00, 0x00, 0x80, 0x00,
    0x00, 0x97, 0x77, 0x74, 0xa4, 0x00, 0x00, 0x3a, 0x77, 0x00, 0x00, 0x77, 0x78, 0x00, 0x00, 0x77,
    0x75, 0x30, 0x03, 0x47, 0x71, 0x70, 0x06, 0x07, 0x70, 0x70, 0x07, 0x07, 0x70, 0x52, 0x25, 0x07,
    0x70, 0x17, 0x61, 0x07, 0x70, 0x07, 0x60, 0x07, 0x70, 0x04, 0x40, 0x07, 0x70, 0x00, 0x00, 0x07,
    0xa2, 0x00, 0x00, 0x77, 0x80, 0x00, 0x07, 0x76, 0x30, 0x00, 0x77, 0x08, 0x00, 0x07, 0x70, 0x53,
    0x00, 0x77, 0x00, 0x80, 0x07, 0x70, 0x04, 0x50, 0x77, 0x00, 0x08, 0x07, 0x70, 0x00, 0x36, 0x77,
    0x00, 0x00, 0x87, 0x70, 0x00, 0x02, 0xa0, 0x00, 0x68, 0x88, 0x60, 0x00, 0x73, 0x00, 0x03, 0x70,
    0x26, 0x00, 0x00, 0x06, 0x27, 0x10, 0x00, 0x00, 0x17, 0x80, 0x00, 0x00, 0x00, 0x88, 0x00, 0x00,
    0x00, 0x08, 0x80, 0x00, 0x00, 0x00, 0x87, 0x10, 0x00, 0x00, 0x17, 0x26, 0x00, 0x00, 0x06, 0x20,
    0x73, 0x00, 0x03, 0x70, 0x00, 0x68, 0x88, 0x60, 0x00, 0x97, 0x78, 0x86, 0x08, 0x00, 0x00, 0x55,
    0x80, 0x00, 0x00, 0x88, 0x00, 0x00, 0x09, 0x80, 0x00, 0x01, 0x88, 0x00, 0x01, 0x92, 0xa8, 0x88,
    0x72, 0x08, 0x00, 0x00, 0x00, 0x80, 0x00, 0x00, 0x08, 0x00, 0x00, 0x00, 0x80, 0x00, 0x00, 0x00,
    0x00, 0x68, 0x88, 0x60, 0x00, 0x73, 0x00, 0x03, 0x70, 0x26, 0x00, 0x00, 0x06, 0x27, 0x10, 0x00,
    0x00, 0x17, 0x80, 0x00, 0x00, 0x00, 0x88, 0x00, 0x00, 0x00, 0x08, 0x80, 0x00, 0x00, 0x00, 0x87,
    0x10, 0x00, 0x00, 0x17, 0x26, 0x00, 0x00, 0x06, 0x20, 0x73, 0x00, 0x03, 0x70, 0x00, 0x68, 0x98,
    0x60, 0x00, 0x00, 0x08, 0x10, 0x00, 0x00, 0x00, 0x29, 0x10, 0x00, 0x00, 0x00, 0x28, 0x86, 0x97,
    0x78, 0x87, 0x08, 0x00, 0x00, 0x37, 0x80, 0x00, 0x00, 0x98, 0x00, 0x00, 0x09, 0x80, 0x00, 0x08,
    0x49, 0x77, 0xc8, 0x30, 0x80, 0x05, 0x50, 0x08, 0x00, 0x09, 0x00, 0x80, 0x00, 0x37, 0x08, 0x00,
    0x00, 0x82, 0x80, 0x00, 0x01, 0x80, 0x00, 0x78, 0x88, 0x60, 0x07, 0x20, 0x00, 0x42, 0x08, 0x00,
    0x00, 0x00, 0x08, 0x20, 0x00, 0x00, 0x00, 0x87, 0x10, 0x00, 0x00, 0x02, 0x88, 0x10, 0x00, 0x00,
    0x01, 0x92, 0x00, 0x00, 0x00, 0x08, 0x00, 0x00, 0x00, 0x08, 0x18, 0x10, 0x00, 0x45, 0x02, 0x88,
    0x88, 0x60, 0x07, 0x77, 0xc7, 0x77, 0x00, 0x00, 0x08, 0x00, 0x00, 0x00, 0x00, 0x80, 0x00, 0x00,
    0x00, 0x08, 0x00, 0x00, 0x00, 0x00, 0x80, 0x00, 0x00, 0x00, 0x08, 0x00, 0x00, 0x00, 0x00, 0x80,
    0x00, 0x00, 0x00, 0x08, 0x00, 0x00, 0x00, 0x00, 0x80, 0x00, 0x00, 0x00, 0x08, 0x00, 0x00, 0x00,
    0x00, 0x80, 0x00, 0x00, 0x80, 0x00, 0x00, 0x88, 0x00, 0x00, 0x08, 0x80, 0x00, 0x00, 0x88, 0x00,
    0x00, 0x08, 0x80, 0x00, 0x00, 0x88, 0x00, 0x00, 0x08, 0x80, 0x00, 0x00, 0x88, 0x00, 0x00, 0x08,
    0x81, 0x00, 0x01, 0x83, 0x70, 0x00, 0x73, 0x05, 0x88, 0x85, 0x00, 0x80, 0x00, 0x00, 0x53, 0x71,
    0x00, 0x00, 0x80, 0x26, 0x00, 0x00, 0x70, 0x08, 0x00, 0x03, 0x40, 0x07, 0x00, 0x07, 0x00, 0x03,
    0x40, 0x07, 0x00, 0x00, 0x70, 0x15, 0x00, 0x00, 0x70, 0x61, 0x00, 0x00, 0x52, 0x70, 0x00, 0x00,
    0x07, 0x60, 0x00, 0x00, 0x0a, 0x20, 0x00, 0x62, 0x00, 0x07, 0x50, 0x00, 0x53, 0x35, 0x00, 0x07,
    0x70, 0x00, 0x70, 0x07, 0x00, 0x16, 0x70, 0x00, 0x70, 0x08, 0x00, 0x43, 0x61, 0x00, 0x70, 0x07,
    0x00, 0x70, 0x35, 0x02, 0x50, 0x05, 0x20, 0x70, 0x07, 0x05, 0x20, 0x02, 0x50, 0x60, 0x07, 0x07,
    0x00, 0x00, 0x74, 0x30, 0x06, 0x17, 0x00, 0x00, 0x76, 0x00, 0x03, 0x46, 0x00, 0x00, 0x76, 0x00,
    0x00, 0x84, 0x00, 0x00, 0x47, 0x00, 0x00, 0xa1, 0x00, 0x45, 0x00, 0x01, 0x70, 0x80, 0x00, 0x71,
    0x03, 0x50, 0x16, 0x00, 0x07, 0x07, 0x00, 0x00, 0x28, 0x50, 0x00, 0x00, 0xb1, 0x00, 0x00, 0x43,
    0x70, 0x00, 0x07, 0x06, 0x20, 0x05, 0x20, 0x08, 0x00, 0x70, 0x00, 0x53, 0x62, 0x00, 0x00, 0x80,
    0x71, 0x00, 0x00, 0x72, 0x60, 0x00, 0x62, 0x07, 0x00, 0x07, 0x00, 0x25, 0x05, 0x30, 0x00, 0x70,
    0x70, 0x00, 0x03, 0x83, 0x00, 0x00, 0x09, 0x00, 0x00, 0x00, 0x80, 0x00, 0x00, 0x08, 0x00, 0x00,
    0x00, 0x80, 0x00, 0x00, 0x08, 0x00, 0x00, 0x47, 0x77, 0x7a, 0x50, 0x00, 0x00, 0x80, 0x00, 0x00,
    0x54, 0x00, 0x00, 0x08, 0x00, 0x00, 0x06, 0x20, 0x00, 0x01, 0x70, 0x00, 0x00, 0x81, 0x00, 0x00,
    0x35, 0x00, 0x00, 0x08, 0x00, 0x00, 0x05, 0x30, 0x00, 0x00, 0xb7, 0x77, 0x77, 0x40, 0x86, 0x46,
    0x00, 0x60, 0x06, 0x00, 0x60, 0x06, 0x00, 0x60, 0x06, 0x00, 0x60, 0x06, 0x00, 0x60, 0x06, 0x00,
    0x60, 0x05, 0x53, 0x70, 0x00, 0x00, 0x61, 0x00, 0x00, 0x16, 0x00, 0x00, 0x07, 0x00, 0x00, 0x06,
    0x10, 0x00, 0x01, 0x60, 0x00, 0x00, 0x70, 0x00, 0x00, 0x52, 0x00, 0x00, 0x17, 0x00, 0x00, 0x07,
    0x00, 0x00, 0x04, 0x30, 0x00, 0x00, 0x70, 0x00, 0x00, 0x70, 0x00, 0x00, 0x44, 0x46, 0x80, 0x06,
    0x00, 0x60, 0x06, 0x00, 0x60, 0x06, 0x00, 0x60, 0x06, 0x00, 0x60, 0x06, 0x00, 0x60, 0x06, 0x00,
    0x63, 0x56, 0x00, 0xb2, 0x00, 0x03, 0x47, 0x00, 0x07, 0x07, 0x00, 0x17, 0x03, 0x40, 0x62, 0x00,
    0x80, 0x80, 0x00, 0x71, 0x68, 0x88, 0x88, 0x84, 0x00, 0x03, 0x60, 0x05, 0x30, 0x04, 0x17, 0x77,
    0x81, 0x11, 0x00, 0x17, 0x00, 0x00, 0x07, 0x01, 0x67, 0x79, 0x38, 0x10, 0x08, 0x80, 0x00, 0x08,
    0x80, 0x00, 0x39, 0x28, 0x77, 0x47, 0x70, 0x00, 0x00, 0x07, 0x00, 0x00, 0x00, 0x70, 0x00, 0x00,
    0x07, 0x00, 0x00, 0x00, 0x74, 0x87, 0x85, 0x09, 0x40, 0x00, 0x63, 0x70, 0x00, 0x00, 0x87, 0x00,
    0x00, 0x08, 0x70, 0x00, 0x00, 0x87, 0x00, 0x00, 0x17, 0x91, 0x00, 0x08, 0x17, 0x67, 0x78, 0x20,
    0x03, 0x87, 0x93, 0x28, 0x00, 0x02, 0x81, 0x00, 0x00, 0x80, 0x00, 0x00, 0x80, 0x00, 0x00, 0x81,
    0x00, 0x00, 0x28, 0x00, 0x03, 0x04, 0x87, 0x84, 0x00, 0x00, 0x00, 0x70, 0x00, 0x00, 0x07, 0x00,
    0x00, 0x00, 0x70, 0x00, 0x00, 0x07, 0x02, 0x87, 0x77, 0x81, 0x90, 0x00, 0x19, 0x72, 0x00, 0x00,
    0x78, 0x00, 0x00, 0x07, 0x80, 0x00, 0x00, 0x78, 0x00, 0x00, 0x07, 0x37, 0x00, 0x03, 0x90, 0x48,
    0x78, 0x57, 0x04, 0x88, 0x80, 0x26, 0x00, 0x36, 0x70, 0x00, 0x08, 0x98, 0x88, 0x87, 0x80, 0x00,
    0x00, 0x81, 0x00, 0x00, 0x28, 0x00, 0x01, 0x04, 0x88, 0x82, 0x02, 0x77, 0x08, 0x00, 0x07, 0x00,
    0x07, 0x00, 0x5e, 0x73, 0x07, 0x00, 0x07, 0x00, 0x07, 0x00, 0x07, 0x00, 0x07, 0x00, 0x07, 0x00,
    0x07, 0x00, 0x07, 0x79, 0xe8, 0x56, 0x30, 0x03, 0x70, 0x80, 0x00, 0x07, 0x08, 0x00, 0x00, 0x70,
    0x47, 0x00, 0x63, 0x04, 0x88, 0x73, 0x00, 0x80, 0x00, 0x00, 0x05, 0x98, 0x87, 0x50, 0x72, 0x00,
    0x04, 0x78, 0x00, 0x00, 0x08, 0x82, 0x00, 0x04, 0x51, 0x88, 0x78, 0x50, 0x80, 0x00, 0x00, 0x80,
    0x00, 0x00, 0x80, 0x00, 0x00, 0x80, 0x00, 0x00, 0x83, 0x77, 0x81, 0xa5, 0x00, 0x17, 0x80, 0x00,
    0x08, 0x80, 0x00, 0x08, 0x80, 0x00, 0x08, 0x80, 0x00, 0x08, 0x80, 0x00, 0x08, 0x80, 0x00, 0x08,
    0xa2, 0x10, 0x00, 0x80, 0x80, 0x80, 0x80, 0x80, 0x80, 0x80, 0x80, 0x00, 0xa2, 0x00, 0x10, 0x00,
    0x00, 0x00, 0x80, 0x00, 0x80, 0x00, 0x80, 0x00, 0x80, 0x00, 0x80, 0x00, 0x80, 0x00, 0x80, 0x00,
    0x80, 0x00, 0x80, 0x00, 0x80, 0x00, 0x80, 0x57, 0x40, 0x80, 0x00, 0x00, 0x80, 0x00, 0x00, 0x80,
    0x00, 0x00, 0x80, 0x00, 0x00, 0x80, 0x00, 0x80, 0x80, 0x07, 0x20, 0x80, 0x44, 0x00, 0x82, 0xb1,
    0x00, 0x88, 0x17, 0x00, 0xa1, 0x06, 0x20, 0x80, 0x00, 0x80, 0x80, 0x00, 0x44, 0x80, 0x80, 0x80,
    0x80, 0x80, 0x80, 0x80, 0x80, 0x80, 0x80, 0x70, 0x73, 0x73, 0x77, 0x91, 0x37, 0x78, 0x19, 0x40,
    0x01, 0xa5, 0x00, 0x17, 0x80, 0x00, 0x08, 0x00, 0x00, 0x88, 0x00, 0x00, 0x80, 0x00, 0x08, 0x80,
    0x00, 0x08, 0x00, 0x00, 0x88, 0x00, 0x00, 0x80, 0x00, 0x08, 0x80, 0x00, 0x08, 0x00, 0x00, 0x88,
    0x00, 0x00, 0x80, 0x00, 0x08, 0x73, 0x77, 0x81, 0x95, 0x00, 0x17, 0x80, 0x00, 0x08, 0x80, 0x00,
    0x08, 0x80, 0x00, 0x08, 0x80, 0x00, 0x08, 0x80, 0x00, 0x08, 0x80, 0x00, 0x08, 0x03, 0x87, 0x83,
    0x02, 0x80, 0x00, 0x81, 0x81, 0x00, 0x01, 0x78, 0x00, 0x00, 0x08, 0x80, 0x00, 0x00, 0x78, 0x10,
    0x00, 0x17, 0x28, 0x00, 0x08, 0x20, 0x48, 0x78, 0x30, 0x74, 0x87, 0x85, 0x0a, 0x40, 0x00, 0x63,
    0x80, 0x00, 0x00, 0x88, 0x00, 0x00, 0x08, 0x80, 0x00, 0x00, 0x88, 0x00, 0x00, 0x17, 0x91, 0x00,
    0x08, 0x18, 0x67, 0x78, 0x20, 0x80, 0x00, 0x00, 0x08, 0x00, 0x00, 0x00, 0x80, 0x00, 0x00, 0x08,
    0x00, 0x00, 0x00, 0x02, 0x87, 0x87, 0x71, 0x90, 0x00, 0x19, 0x72, 0x00, 0x00, 0x78, 0x00, 0x00,
    0x07, 0x80, 0x00, 0x00, 0x78, 0x00, 0x00, 0x07, 0x37, 0x00, 0x03, 0x90, 0x58, 0x77, 0x47, 0x00,
    0x00, 0x00, 0x70, 0x00, 0x00, 0x07, 0x00, 0x00, 0x00, 0x70, 0x00, 0x00, 0x07, 0x74, 0x85, 0x94,
    0x00, 0x90, 0x00, 0x80, 0x00, 0x80, 0x00, 0x80, 0x00, 0x80, 0x00, 0x80, 0x00, 0x02, 0x87, 0x82,
    0x08, 0x00, 0x00, 0x08, 0x10, 0x00, 0x01, 0x86, 0x10, 0x00, 0x02, 0x93, 0x00, 0x00, 0x08, 0x03,
    0x00, 0x08, 0x06, 0x87, 0x81, 0x04, 0x00, 0x00, 0x70, 0x00, 0x07, 0x00, 0x06, 0xb7, 0x60, 0x07,
    0x00, 0x00, 0x70, 0x00, 0x07, 0x00, 0x00, 0x70, 0x00, 0x07, 0x00, 0x00, 0x70, 0x00, 0x03, 0x87,
    0x00, 0x80, 0x00, 0x08, 0x80, 0x00, 0x08, 0x80, 0x00, 0x08, 0x80, 0x00, 0x08, 0x80, 0x00, 0x08,
    0x70, 0x00, 0x08, 0x71, 0x00, 0x59, 0x18, 0x78, 0x37, 0x80, 0x00, 0x05, 0x34, 0x40, 0x00, 0x80,
    0x07, 0x00, 0x17, 0x00, 0x70, 0x05, 0x20, 0x04, 0x40, 0x70, 0x00, 0x07, 0x16, 0x00, 0x00, 0x76,
    0x20, 0x00, 0x03, 0xa0, 0x00, 0x71, 0x00, 0x49, 0x00, 0x08, 0x35, 0x00, 0x77, 0x00, 0x08, 0x08,
    0x00, 0x74, 0x30, 0x25, 0x08, 0x01, 0x51, 0x70, 0x61, 0x06, 0x25, 0x20, 0x70, 0x70, 0x02, 0x67,
    0x00, 0x70, 0x70, 0x00, 0x77, 0x00, 0x36, 0x40, 0x00, 0x75, 0x00, 0x0c, 0x10, 0x44, 0x00, 0x35,
    0x08, 0x00, 0x70, 0x02, 0x65, 0x20, 0x00, 0x67, 0x00, 0x00, 0x78, 0x00, 0x04, 0x33, 0x50, 0x07,
    0x00, 0x71, 0x71, 0x00, 0x17, 0x80, 0x00, 0x04, 0x34, 0x40, 0x00, 0x80, 0x07, 0x00, 0x07, 0x00,
    0x70, 0x03, 0x40, 0x03, 0x50, 0x70, 0x00, 0x07, 0x07, 0x00, 0x00, 0x63, 0x50, 0x00, 0x02, 0xb1,
    0x00, 0x00, 0x08, 0x00, 0x00, 0x02, 0x50, 0x00, 0x00, 0x71, 0x00, 0x05, 0x83, 0x00, 0x00, 0x48,
    0x88, 0xb0, 0x00, 0x04, 0x40, 0x00, 0x07, 0x00, 0x00, 0x62, 0x00, 0x02, 0x60, 0x00, 0x07, 0x00,
    0x00, 0x44, 0x00, 0x00, 0xb7, 0x77, 0x71, 0x04, 0x62, 0x06, 0x00, 0x06, 0x00, 0x06, 0x00, 0x06,
    0x00, 0x06, 0x00, 0x07, 0x00, 0x95, 0x00, 0x06, 0x00, 0x06, 0x00, 0x06, 0x00, 0x06, 0x00, 0x07,
    0x00, 0x02, 0x62, 0x37, 0x77, 0x77, 0x77, 0x77, 0x77, 0x77, 0x77, 0x70, 0x26, 0x40, 0x00, 0x60,
    0x00, 0x60, 0x00, 0x60, 0x00, 0x60, 0x00, 0x60, 0x00, 0x70, 0x00, 0x49, 0x00, 0x60, 0x00, 0x60,
    0x00, 0x60, 0x00, 0x60, 0x00, 0x60, 0x26, 0x20, 0x06, 0x86, 0x00, 0x21, 0x10, 0x48, 0x72, 0x36,
    0x0e, 0xf4, 0xad, 0x20, 0x37, 0x77, 0x77, 0x77, 0x77, 0x75, 0x15, 0x70, 0xb5, 0xb9, 0x56, 0x9e,
    0x07, 0x53, 0x00, 0x15, 0x04, 0x17, 0x02, 0x50, 0xc5, 0x69, 0x1b, 0x94, 0xe2, 0x56, 0x19, 0x29,
    0xe2, 0xe7, 0x07, 0x03, 0x45, 0x31, 0x70, 0x00, 0x00, 0x00, 0x01, 0x00, 0x00, 0x10, 0x00, 0x01,
    0x03, 0xf0, 0x00, 0x3f, 0x00, 0x03, 0xe0, 0x03, 0x00, 0x00, 0x30, 0x00, 0x03, 0x00, 0x07, 0x00,
    0x00, 0x18, 0x10, 0x00, 0x19, 0x00, 0x00, 0x23, 0x07, 0xb7, 0x06, 0x81, 0x86, 0xb1, 0x01, 0xb8,
    0x50, 0x48, 0x1a, 0xca, 0x10, 0x00, 0x02, 0x22, 0x20, 0x00, 0x60, 0x60, 0x00, 0x33, 0x33, 0x00,
    0x06, 0x06, 0x00, 0x04, 0x24, 0x20, 0x00, 0x60, 0x60, 0x00, 0x42, 0x42, 0x00, 0x01, 0x51, 0x50,
    0x00, 0x06, 0x16, 0x10, 0x00, 0x16, 0x16, 0x00, 0x00, 0x51, 0x51, 0x00, 0x00, 0x60, 0x60, 0x00,
    0x05, 0x25, 0x20, 0x00, 0x00, 0x00, 0x22, 0x22, 0x00, 0x00, 0x60, 0x60, 0x00, 0x04, 0x34, 0x30,
    0x00, 0x06, 0x06, 0x00, 0x00, 0x34, 0x34, 0x00, 0x00, 0x60, 0x60, 0x00, 0x02, 0x42, 0x40, 0x00,
    0x51, 0x51, 0x00, 0x16, 0x16, 0x00, 0x06, 0x06, 0x00, 0x01, 0x51, 0x50, 0x00, 0x60, 0x60, 0x00,
    0x24, 0x24, 0x00, 0x00, 0x00, 0x00, 0x00, 0xbb, 0xbb, 0xbb, 0xbb, 0xbb, 0xbb, 0x80, 0x02, 0xbb,
    0xbb, 0xbb, 0xbb, 0xbb, 0x30, 0x00, 0x00, 0x00, 0x00, 0x00, 0x00, 0x00, 0x00, 0x00, 0x00, 0x00,
    0x00, 0x00, 0x00, 0x00, 0x00, 0x00, 0x00, 0x00, 0x00, 0x00, 0x00, 0x00, 0x00, 0x00, 0x00, 0x00,
    0x00, 0x00, 0x4b, 0xbb, 0xbb, 0xbb, 0xb2, 0x00, 0x00, 0x00, 0x00, 0x00, 0x00, 0x00, 0x00, 0x00,
    0x00, 0x00, 0x00, 0x00, 0x00, 0x00, 0x00, 0x00, 0x00, 0x00, 0x00, 0x00, 0x00, 0x00, 0x00, 0x00,
    0x00, 0x00, 0x00, 0x00, 0x1b, 0xbb, 0xbb, 0xbb, 0xbb, 0xbb, 0xb1, 0x00, 0x00, 0x00, 0xf0, 0x00,
    0x00, 0x00, 0x00, 0x00, 0x00, 0xf0, 0x00, 0x00, 0x00, 0x00, 0x00, 0x00, 0xf0, 0x00, 0x00, 0x00,
    0x00, 0x00, 0x00, 0xf0, 0x00, 0x00, 0x00, 0x00, 0x00, 0x00, 0xf0, 0x00, 0x00, 0x00, 0x00, 0x00,
    0x00, 0xfb, 0xbb, 0xbb, 0x60, 0x00, 0x00, 0x00, 0xf0, 0x00, 0x00, 0x00, 0x00, 0x00, 0x00, 0xf0,
    0x00, 0x00, 0x00, 0x00, 0x00, 0x00, 0xf0, 0x00, 0x00, 0x00, 0x00, 0x00, 0x00, 0xf0, 0x00, 0x00,
    0x00, 0x00, 0x00, 0x00, 0xf0, 0x00, 0x00, 0x00, 0x00, 0x00, 0x00, 0xf0, 0x00, 0x00, 0x00, 0x7f,
    0xff, 0xff, 0xff, 0xff, 0xff, 0xf7, 0x6d, 0xdd, 0xdd, 0xfd, 0xdd, 0xdd, 0xd3, 0x00, 0x00, 0x00,
    0xb0, 0x00, 0x00, 0x00, 0x00, 0x00, 0x00, 0xb0, 0x00, 0x00, 0x00, 0x00, 0x00, 0x00, 0xc3, 0x00,
    0x00, 0x00, 0x00, 0x00, 0x00, 0xb3, 0x72, 0x00, 0x00, 0x00, 0x00, 0x00, 0xb0, 0x05, 0x61, 0x00,
    0x00, 0x00, 0x00, 0xb0, 0x00, 0x17, 0x20, 0x00, 0x00, 0x00, 0xb0, 0x00, 0x00, 0x00, 0x00, 0x00,
    0x00, 0xb0, 0x00, 0x00, 0x00, 0x00, 0x00, 0x00, 0xb0, 0x00, 0x00, 0x00, 0x00, 0x00, 0x00, 0xb0,
    0x00, 0x00, 0x00, 0x00, 0x00, 0x00, 0xb0, 0x00, 0x00, 0x00, 0x0b, 0xbb, 0xbb, 0xbc, 0xdb, 0xbb,
    0xa0, 0x00, 0x00, 0x00, 0x07, 0x10, 0x00, 0x00, 0x00, 0x00, 0x00, 0x65, 0x00, 0x00, 0x00, 0x00,
    0x00, 0x03, 0xa2, 0x30, 0x00, 0x00, 0x00, 0x00, 0x26, 0x42, 0x36, 0x10, 0x00, 0x00, 0x04, 0x60,
    0x42, 0x00, 0x63, 0x00, 0x00, 0x64, 0x00, 0x42, 0x00, 0x04, 0x50, 0x17, 0x10, 0x00, 0x42, 0x00,
    0x00, 0x31, 0x00, 0x00, 0x00, 0x42, 0x00, 0x00, 0x00, 0x00, 0x00, 0x00, 0x42, 0x00, 0x00, 0x00,
    0x00, 0x00, 0x00, 0x42, 0x00, 0x00, 0x00, 0x00, 0x00, 0x00, 0x42, 0x00, 0x00, 0x00, 0x00, 0x00,
    0x02, 0x00, 0x00, 0x00, 0x00, 0x00, 0x06, 0x00, 0x00, 0x00, 0x0a, 0xbb, 0xef, 0xbb, 0xbb, 0xa0,
    0x00, 0x00, 0x60, 0x00, 0x00, 0x00, 0xbb, 0xbb, 0xfb, 0xbb, 0xbb, 0xbb, 0x00, 0x04, 0x20, 0x00,
    0x00, 0x00, 0x00, 0x06, 0x00, 0x00, 0x00, 0x00, 0x00, 0x0e, 0xbb, 0xbb, 0xbf, 0x50, 0x00, 0x00,
    0x00, 0x00, 0x35, 0x00, 0x00, 0x00, 0x00, 0x03, 0x60, 0x00, 0x00, 0x06, 0x50, 0x36, 0x00, 0x00,
    0x00, 0x00, 0x16, 0xb1, 0x00, 0x00, 0x00, 0x00, 0x00, 0x06, 0x60, 0x00, 0x00, 0x00, 0x00, 0x00,
    0x00, 0x00, 0x00, 0x2e, 0xbb, 0xbb, 0xbb, 0xe3, 0x00, 0x00, 0x2c, 0x00, 0x00, 0x00, 0xb3, 0x00,
    0x00, 0x2c, 0x00, 0x00, 0x00, 0xb3, 0x00, 0x00, 0x2f, 0xbb, 0xbb, 0xbb, 0xf3, 0x00, 0x00, 0x2c,
    0x00, 0x00, 0x00, 0xb3, 0x00, 0x00, 0x2c, 0x00, 0x00, 0x00, 0xb3, 0x00, 0x00, 0x2c, 0x00, 0x00,
    0x00, 0xb3, 0x00, 0x00, 0x2f, 0xbb, 0xbb, 0xbb, 0xf3, 0x00, 0x00, 0x2c, 0x00, 0x00, 0x00, 0xb3,
    0x00, 0x00, 0x2c, 0x00, 0x00, 0x00, 0xb3, 0x00, 0x00, 0x2c, 0x00, 0x00, 0x00, 0xb3, 0x00, 0x6e,
    0xff, 0xee, 0xee, 0xee, 0xff, 0xe7, 0x00, 0x00, 0x14, 0x00, 0x00, 0x00, 0x00, 0x00, 0x61, 0x00,
    0x00, 0x00, 0xbb, 0xbc, 0xfb, 0xbb, 0xbb, 0xb5, 0x00, 0x06, 0x10, 0x00, 0x00, 0x00, 0x00, 0x26,
    0x00, 0x60, 0x00, 0x00, 0x00, 0x70, 0x00, 0x60, 0x00, 0x00, 0x07, 0xeb, 0xbb, 0xfb, 0xbb, 0xb1,
    0x01, 0x00, 0x00, 0x60, 0x00, 0x00, 0x00, 0x32, 0x00, 0x60, 0x41, 0x00, 0x00, 0x70, 0x00, 0x60,
    0x06, 0x10, 0x07, 0x10, 0x00, 0x60, 0x00, 0x70, 0x72, 0x00, 0x00, 0x60, 0x00, 0x15, 0x00, 0x00,
    0x7b, 0x90, 0x00, 0x00, 0x00, 0x00, 0x00, 0x00, 0x00, 0x00, 0x00, 0x00, 0x00, 0x04, 0x00, 0x00,
    0x00, 0x00, 0x00, 0x00, 0x2b, 0x10, 0x00, 0x00, 0x00, 0x00, 0x01, 0x60, 0x70, 0x00, 0x00, 0x00,
    0x00, 0x36, 0x00, 0x17, 0x10, 0x00, 0x00, 0x04, 0x60, 0x0a, 0x00, 0x72, 0x00, 0x01, 0x74, 0x00,
    0x0b, 0x00, 0x06, 0x71, 0x06, 0x00, 0x00, 0x0b, 0x00, 0x00, 0x15, 0x00, 0x00, 0x00, 0x0b, 0x00,
    0x00, 0x00, 0x00, 0x00, 0x00, 0x0b, 0x00, 0x00, 0x00, 0x00, 0x00, 0x00, 0x0b, 0x00, 0x00, 0x00,
    0x00, 0x00, 0x00, 0x0b, 0x00, 0x00, 0x00, 0x00, 0x00, 0x00, 0x0b, 0x00, 0x00, 0x00, 0x00, 0x00,
    0x00, 0x0b, 0x00, 0x00, 0x00, 0x00, 0x00, 0x0b, 0x00, 0x00, 0x00, 0x00, 0x00, 0x0b, 0x00, 0x00,
    0x00, 0x00, 0x00, 0x0b, 0x00, 0x00, 0x00, 0xfb, 0xbb, 0xbf, 0xbb, 0xbb, 0xbd, 0xf0, 0x00, 0x0b,
    0x00, 0x00, 0x0d, 0xf0, 0x00, 0x0b, 0x00, 0x00, 0x0d, 0xf0, 0x00, 0x0b, 0x00, 0x00, 0x0d, 0xfb,
    0xbb, 0xbf, 0xbb, 0xbb, 0xbf, 0xe0, 0x00, 0x0b, 0x00, 0x00, 0x0c, 0x00, 0x00, 0x0b, 0x00, 0x00,
    0x00, 0x00, 0x00, 0x0b, 0x00, 0x00, 0x00, 0x00, 0x00, 0x0b, 0x00, 0x00, 0x00, 0x00, 0x00, 0x0b,
    0x00, 0x00, 0x00, 0x00, 0x00, 0x03, 0x30, 0x00, 0x00, 0x00, 0x00, 0x00, 0x00, 0x44, 0x00, 0x00,
    0x00, 0x00, 0x00, 0x00, 0x05, 0x10, 0x00, 0x00, 0x0f, 0xff, 0xff, 0xff, 0xff, 0xff, 0x40, 0x00,
    0x00, 0x00, 0xb0, 0x00, 0x00, 0x00, 0x00, 0x00, 0x00, 0xb0, 0x00, 0x00, 0x00, 0x00, 0x00, 0x00,
    0xb0, 0x00, 0x00, 0x00, 0x05, 0xbb, 0xbb, 0xfb, 0xbb, 0xb9, 0x00, 0x00, 0x00, 0x00, 0xb0, 0x00,
    0x00, 0x00, 0x00, 0x00, 0x00, 0xb0, 0x00, 0x00, 0x00, 0x00, 0x00, 0x00, 0xb0, 0x00, 0x00, 0x00,
    0x00, 0x00, 0x00, 0xb0, 0x00, 0x00, 0x00, 0xaf, 0xff, 0xff, 0xff, 0xff, 0xff, 0xf0, 0x00, 0x00,
    0x00, 0x00, 0x12, 0x47, 0x10, 0x00, 0xaa, 0xbb, 0xbb, 0x97, 0x40, 0x00, 0x00, 0xb1, 0x00, 0x02,
    0x00, 0x00, 0x00, 0x00, 0x90, 0x00, 0x0b, 0x00, 0x00, 0x00, 0x02, 0x60, 0x00, 0x0b, 0x00, 0x00,
    0x00, 0x05, 0x20, 0x00, 0x0b, 0x00, 0x00, 0x00, 0x07, 0xbb, 0xbb, 0xbf, 0xbb, 0xbb, 0xb2, 0x00,
    0x00, 0x00, 0x0b, 0x00, 0x00, 0x00, 0x00, 0x05, 0x00, 0x0b, 0x00, 0x51, 0x00, 0x00, 0x52, 0x00,
    0x0b, 0x00, 0x07, 0x10, 0x05, 0x40, 0x00, 0x0b, 0x00, 0x00, 0x70, 0x24, 0x00, 0x00, 0x0b, 0x00,
    0x00, 0x14, 0x00, 0x00, 0x3b, 0xb9, 0x00, 0x00, 0x00, 0x00, 0x00, 0x00, 0x00, 0x00, 0x00, 0x00,
    0x00, 0xbb, 0xbb, 0xbb, 0xbb, 0xbb, 0x00, 0x00, 0x00, 0x00, 0x00, 0x00, 0x00, 0x00, 0x00, 0x00,
    0x00, 0x00, 0x00, 0x00, 0x00, 0x00, 0x00, 0x00, 0x00, 0x00, 0x00, 0x00, 0x00, 0x00, 0x00, 0x00,
    0x00, 0x00, 0x00, 0x00, 0x00, 0x00, 0x00, 0x00, 0x00, 0x00, 0x00, 0x00, 0x00, 0x00, 0x00, 0x00,
    0x00, 0x00, 0x00, 0x00, 0x00, 0x00, 0x00, 0x00, 0x00, 0x00, 0x00, 0x00, 0x00, 0x00, 0x00, 0x2b,
    0xbb, 0xbb, 0xbb, 0xbb, 0xbb, 0xb2, 0x01, 0xdd, 0xdd, 0xdf, 0xdd, 0xdd, 0x80, 0x00, 0x00, 0x00,
    0x0b, 0x00, 0x00, 0x00, 0x00, 0x00, 0x00, 0x0b, 0x00, 0x00, 0x00, 0x00, 0x00, 0x00, 0x0b, 0x00,
    0x00, 0x00, 0x00, 0x00, 0x00, 0x0b, 0x00, 0x00, 0x00, 0x1b, 0xbb, 0xbb, 0xbf, 0xbb, 0xbb, 0xb7,
    0x00, 0x00, 0x00, 0x0b, 0x00, 0x00, 0x00, 0x00, 0x00, 0x00, 0x0b, 0x00, 0x00, 0x00, 0x00, 0x00,
    0x00, 0x0b, 0x00, 0x00, 0x00, 0x00, 0x00, 0x00, 0x0b, 0x00, 0x00, 0x00, 0x00, 0x00, 0x00, 0x0b,
    0x00, 0x00, 0x00, 0x00, 0x00, 0xab, 0xb8, 0x00, 0x00, 0x00, 0x00, 0x7b, 0xbb, 0xbb, 0xbb, 0xb8,
    0x00, 0x00, 0x00, 0x00, 0x00, 0x00, 0x00, 0x00, 0x00, 0x00, 0x00, 0x00, 0x00, 0x00, 0x00, 0x00,
    0x00, 0x00, 0x00, 0x00, 0x00, 0x00, 0x1b, 0xbb, 0xbd, 0xdb, 0xbb, 0xbb, 0xb1, 0x00, 0x00, 0x07,
    0x00, 0x00, 0x00, 0x00, 0x00, 0x00, 0x35, 0x00, 0x02, 0x00, 0x00, 0x00, 0x00, 0x70, 0x00, 0x07,
    0x10, 0x00, 0x00, 0x05, 0x30, 0x00, 0x01, 0x70, 0x00, 0x00, 0x26, 0x00, 0x00, 0x00, 0x35, 0x00,
    0x00, 0xa4, 0x66, 0x66, 0x66, 0x6a, 0x10, 0x00, 0x42, 0x10, 0x00, 0x00, 0x01, 0x50, 0x00, 0x22,
    0x22, 0x22, 0x22, 0x22, 0x00, 0x02, 0xbb, 0xbb, 0xfb, 0xbb, 0xbb, 0x10, 0x00, 0x00, 0x02, 0x40,
    0x00, 0x00, 0x00, 0x00, 0x00, 0x04, 0x20, 0x00, 0x00, 0x00, 0x00, 0x00, 0x06, 0x00, 0x00, 0x00,
    0x00, 0x00, 0x5b, 0xbf, 0xbb, 0xbb, 0xc0, 0x00, 0x00, 0x00, 0x06, 0x00, 0x00, 0x60, 0x00, 0x00,
    0x00, 0x06, 0x00, 0x00, 0x60, 0x00, 0x00, 0x00, 0x24, 0x00, 0x00, 0x60, 0x00, 0x00, 0x00, 0x42,
    0x00, 0x01, 0x50, 0x00, 0x2b, 0xbb, 0xfb, 0xbb, 0xbe, 0xeb, 0xb2, 0x14, 0x44, 0x44, 0x44, 0x44,
    0x44, 0x41, 0x00, 0x00, 0x04, 0x10, 0x00, 0x00, 0x33, 0x33, 0x34, 0x83, 0x33, 0x33, 0x33, 0x33,
    0x33, 0x33, 0x33, 0x33, 0x00, 0xcb, 0xbb, 0xbb, 0xbc, 0x20, 0x00, 0x60, 0x00, 0x00, 0x04, 0x20,
    0x00, 0xdb, 0xbb, 0xbb, 0xbc, 0x20, 0x11, 0x11, 0x11, 0x11, 0x11, 0x11, 0x74, 0x44, 0x44, 0x44,
    0x44, 0x47, 0x60, 0x07, 0xbb, 0xbc, 0x60, 0x06, 0x00, 0x06, 0x00, 0x01, 0x50, 0x00, 0x00, 0x06,
    0x00, 0x01, 0x50, 0x01, 0x02, 0x71, 0x00, 0x01, 0x50, 0x06, 0x54, 0x00, 0x00, 0x00, 0xcb, 0xb8,
    0x00, 0x00, 0x10, 0x00, 0x00, 0x00, 0x00, 0x00, 0x00, 0x70, 0x00, 0x00, 0x00, 0x00, 0x00, 0x03,
    0x3d, 0xeb, 0xbb, 0xbc, 0x90, 0x00, 0x08, 0x00, 0x60, 0x00, 0x03, 0x30, 0x00, 0x6c, 0x00, 0x60,
    0x00, 0x06, 0x00, 0x04, 0x4b, 0x00, 0x52, 0x00, 0x06, 0x00, 0x26, 0x0b, 0x00, 0x06, 0x00, 0x52,
    0x00, 0x00, 0x0b, 0x00, 0x06, 0x10, 0x60, 0x00, 0x00, 0x0b, 0x00, 0x00, 0x66, 0x10, 0x00, 0x00,
    0x0b, 0x00, 0x00, 0x87, 0x00, 0x00, 0x00, 0x0b, 0x00, 0x04, 0x45, 0x30, 0x00, 0x00, 0x0b, 0x00,
    0x64, 0x00, 0x55, 0x00, 0x00, 0x0b, 0x47, 0x10, 0x00, 0x02, 0x72, 0x00, 0x00, 0x00, 0x71, 0x00,
    0x00, 0x00, 0x00, 0x00, 0x03, 0x57, 0x00, 0x00, 0x00, 0x00, 0x00, 0x45, 0x01, 0x71, 0x00, 0x00,
    0x00, 0x05, 0x41, 0x00, 0x17, 0x20, 0x00, 0x02, 0x62, 0x03, 0x70, 0x00, 0x56, 0x00, 0x35, 0x00,
    0x00, 0x18, 0x10, 0x02, 0x70, 0x00, 0x00, 0x00, 0x01, 0x10, 0x00, 0x00, 0x00, 0xab, 0xbb, 0xbb,
    0xbb, 0xe2, 0x00, 0x00, 0x00, 0x00, 0x00, 0x01, 0x70, 0x00, 0x00, 0x00, 0x00, 0x00, 0x07, 0x00,
    0x00, 0x00, 0x00, 0x00, 0x00, 0x62, 0x00, 0x00, 0x00, 0x00, 0x00, 0x04, 0x40, 0x00, 0x00, 0x00,
    0x00, 0x00, 0x26, 0x00, 0x00, 0x00, 0x00, 0x00, 0x00, 0x10, 0x00, 0x00, 0x00, 0x00, 0x00, 0x00,
    0x00, 0x00, 0x00, 0x00, 0x00, 0x00, 0xb0, 0x00, 0x05, 0x20, 0x00, 0x00, 0x00, 0xa0, 0x00, 0x06,
    0x00, 0x00, 0x00, 0x02, 0x90, 0x00, 0x06, 0x00, 0x00, 0x00, 0x03, 0x70, 0x00, 0x06, 0x00, 0x00,
    0x00, 0x06, 0x90, 0x00, 0x09, 0x00, 0x00, 0x00, 0x07, 0x64, 0x00, 0x1c, 0x00, 0x00, 0x00, 0x07,
    0x07, 0x10, 0x48, 0x00, 0x00, 0x00, 0x07, 0x01, 0x80, 0x73, 0x30, 0x00, 0x00, 0x33, 0x00, 0x42,
    0x60, 0x60, 0x00, 0x00, 0x70, 0x00, 0x06, 0x10, 0x34, 0x00, 0x02, 0x50, 0x00, 0x35, 0x00, 0x06,
    0x30, 0x08, 0x00, 0x02, 0x70, 0x00, 0x00, 0x61, 0x01, 0x00, 0x00, 0x00, 0x00, 0x00, 0x00, 0x03,
    0x00, 0x10, 0x00, 0x00, 0xb0, 0x00, 0xb0, 0x01, 0x60, 0x00, 0x1a, 0x00, 0x0b, 0x00, 0x03, 0x40,
    0x02, 0x80, 0x00, 0xb0, 0x00, 0x07, 0x00, 0x45, 0x00, 0x0b, 0x00, 0x00, 0x10, 0x06, 0x20, 0x00,
    0xb0, 0x00, 0x00, 0x00, 0x80, 0x00, 0x0b, 0x00, 0x00, 0x00, 0x07, 0x00, 0x00, 0xb0, 0x00, 0x00,
    0x05, 0x20, 0x00, 0x0b, 0x04, 0x63, 0x00, 0x96, 0x00, 0x01, 0xf6, 0x20, 0x00, 0x71, 0x27, 0x00,
    0x32, 0x00, 0x01, 0x72, 0x00, 0x27, 0x00, 0x00, 0x06, 0x61, 0x00, 0x00, 0x26, 0x00, 0x00, 0x10,
    0x00, 0x00, 0x00, 0x00, 0x00, 0x00, 0x00, 0x00, 0x00, 0x00, 0x00, 0x00, 0x60, 0x01, 0x60, 0x00,
    0x00, 0x00, 0x34, 0x0c, 0x60, 0x8b, 0xbb, 0xf0, 0x06, 0x00, 0xb0, 0x0b, 0x00, 0x0e, 0x01, 0xf0,
    0x0b, 0x00, 0xb0, 0x00, 0xe0, 0x7c, 0x00, 0xb0, 0x0b, 0x00, 0x0e, 0x35, 0xb0, 0x0b, 0x00, 0xb0,
    0x00, 0xe4, 0x0b, 0x00, 0xb0, 0x0b, 0x00, 0x0e, 0x00, 0xb0, 0x0b, 0x00, 0xb0, 0x00, 0xe0, 0x0b,
    0x00, 0xb0, 0x0b, 0x00, 0x0e, 0x00, 0xb0, 0x1e, 0x75, 0xb0, 0x00, 0xe0, 0x0b, 0x0a, 0x90, 0x0b,
    0x0b, 0xb8, 0x00, 0xb0, 0x00, 0x00, 0xb0, 0x00, 0x00, 0x0b, 0x00, 0x00, 0x0b, 0x00, 0x00, 0x00,
    0x00, 0x00, 0x00, 0x00, 0x00, 0x00, 0x00, 0x00, 0x00, 0x00, 0x00, 0x00, 0x00, 0x00, 0x07, 0x02,
    0x10, 0xb0, 0x00, 0x00, 0x00, 0x16, 0x06, 0x00, 0xb0, 0x00, 0x00, 0x00, 0x61, 0x06, 0x00, 0xb0,
    0x00, 0x00, 0x01, 0xb0, 0x0c, 0xbb, 0xfb, 0xbb, 0x60, 0x07, 0xc0, 0x42, 0x00, 0xb0, 0x00, 0x00,
    0x54, 0xb0, 0x60, 0x00, 0xb0, 0x00, 0x00, 0x20, 0xb0, 0x00, 0x00, 0xb0, 0x00, 0x00, 0x00, 0xb0,
    0xbb, 0xbb, 0xfb, 0xbb, 0xb1, 0x00, 0xb0, 0x00, 0x00, 0xb0, 0x00, 0x00, 0x00, 0xb0, 0x00, 0x00,
    0xb0, 0x00, 0x00, 0x00, 0xb0, 0x00, 0x00, 0xb0, 0x00, 0x00, 0x00, 0xb0, 0x00, 0x00, 0xb0, 0x00,
    0x00, 0x00, 0xb0, 0x00, 0x00, 0xb0, 0x00, 0x00, 0x00, 0x00, 0x50, 0x00, 0x00, 0x00, 0x31, 0x00,
    0x00, 0x16, 0x00, 0x25, 0xa6, 0x63, 0x00, 0x00, 0x06, 0x13, 0x53, 0x1b, 0x00, 0x00, 0x00, 0x03,
    0xd0, 0x00, 0x00, 0xb0, 0x00, 0x00, 0x01, 0x7b, 0x00, 0x00, 0x0b, 0x00, 0x00, 0x00, 0x81, 0xb0,
    0x00, 0x00, 0xb0, 0x00, 0x00, 0x31, 0x0b, 0x6b, 0xbb, 0xbf, 0xbb, 0xbb, 0x20, 0x00, 0xb0, 0x00,
    0x00, 0xb0, 0x00, 0x00, 0x00, 0x0b, 0x00, 0x00, 0x0b, 0x00, 0x00, 0x00, 0x00, 0xb0, 0x00, 0x00,
    0xb0, 0x00, 0x00, 0x00, 0x0b, 0x00, 0x00, 0x0b, 0x00, 0x00, 0x00, 0x00, 0xb0, 0xbb, 0xbb, 0xfb,
    0xbb, 0xa0, 0x00, 0x0b, 0x05, 0x55, 0x55, 0x55, 0x55, 0x00, 0x00, 0x00, 0x00, 0x30, 0x00, 0x00,
    0x00, 0x00, 0x00, 0x4b, 0x00, 0x00, 0x00, 0x00, 0x00, 0x36, 0x27, 0x00, 0x00, 0x00, 0x00, 0x55,
    0x00, 0x28, 0x10, 0x00, 0x02, 0x73, 0x00, 0x00, 0x18, 0x30, 0x06, 0x62, 0xbb, 0xbb, 0xbb, 0x75,
    0x82, 0x00, 0x00, 0x00, 0x00, 0x00, 0x00, 0x06, 0xbb, 0xbb, 0xeb, 0xbb, 0xbb, 0xb0, 0x00, 0x00,
    0x63, 0x00, 0x00, 0x00, 0x00, 0x00, 0x35, 0x00, 0x07, 0x00, 0x00, 0x00, 0x17, 0x00, 0x00, 0x17,
    0x00, 0x00, 0x17, 0x12, 0x35, 0x66, 0x89, 0x00, 0x09, 0x76, 0x53, 0x20, 0x00, 0x43, 0x00, 0x00,
    0x00, 0x00, 0x00, 0x00, 0x00, 0x00, 0x00, 0x06, 0x30, 0x00, 0xb0, 0x01, 0x10, 0x00, 0x07, 0x25,
    0x00, 0xb0, 0x06, 0x10, 0x00, 0x53, 0x07, 0x00, 0xb0, 0x06, 0x00, 0x00, 0xd0, 0x04, 0x30, 0xb0,
    0x51, 0x00, 0x07, 0xc0, 0x00, 0x10, 0xb0, 0x20, 0x00, 0x44, 0xb0, 0x9b, 0xbb, 0xfb, 0xbb, 0x90,
    0x50, 0xb0, 0x00, 0x00, 0xb0, 0x00, 0x00, 0x00, 0xb0, 0x00, 0x00, 0xb0, 0x00, 0x00, 0x00, 0xb4,
    0xbb, 0xbb, 0xfb, 0xbb, 0xb4, 0x00, 0xb0, 0x00, 0x00, 0xb0, 0x00, 0x00, 0x00, 0xb0, 0x00, 0x00,
    0xb0, 0x00, 0x00, 0x00, 0xb0, 0x00, 0x00, 0xb0, 0x00, 0x00, 0x00, 0xb0, 0x00, 0x00, 0xb0, 0x00,
    0x00, 0x00, 0x00, 0x41, 0x00, 0x31, 0x00, 0x00, 0x00, 0x00, 0x70, 0x00, 0x15, 0x00, 0x00, 0x00,
    0x04, 0x30, 0x00, 0x04, 0x00, 0x00, 0x00, 0x0a, 0x04, 0xbb, 0xbb, 0xbb, 0xb0, 0x00, 0x7d, 0x00,
    0x10, 0x00, 0x01, 0x00, 0x05, 0x4c, 0x00, 0x43, 0x00, 0x07, 0x00, 0x15, 0x0c, 0x00, 0x16, 0x00,
    0x07, 0x00, 0x00, 0x0c, 0x00, 0x06, 0x00, 0x16, 0x00, 0x00, 0x0c, 0x00, 0x06, 0x00, 0x43, 0x00,
    0x00, 0x0c, 0x00, 0x06, 0x00, 0x60, 0x00, 0x00, 0x0c, 0x00, 0x05, 0x10, 0x70, 0x00, 0x00, 0x0c,
    0x00, 0x00, 0x00, 0x60, 0x00, 0x00, 0x0c, 0x0b, 0xbb, 0xbc, 0xcb, 0xb8, 0x00, 0x04, 0x20, 0x00,
    0x02, 0x56, 0x20, 0x00, 0x07, 0x06, 0x56, 0x6f, 0x10, 0x00, 0x00, 0x24, 0x0e, 0x00, 0x0b, 0x00,
    0x00, 0x00, 0xd0, 0x0e, 0x00, 0x0b, 0x00, 0x00, 0x04, 0xe0, 0x0e, 0x00, 0x0b, 0x00, 0x00, 0x27,
    0xb0, 0x0e, 0x00, 0x0a, 0x00, 0x00, 0x70, 0xb0, 0x0f, 0xbb, 0xbf, 0xdb, 0xb5, 0x00, 0xb0, 0x0e,
    0x00, 0x07, 0x40, 0x00, 0x00, 0xb0, 0x0e, 0x00, 0x04, 0x70, 0x00, 0x00, 0xb0, 0x0e, 0x00, 0x01,
    0xa0, 0x00, 0x00, 0xb0, 0x0e, 0x00, 0x40, 0xb1, 0x04, 0x00, 0xb0, 0x0e, 0x03, 0x47, 0x58, 0x15,
    0x00, 0xb0, 0x5e, 0x63, 0x05, 0x09, 0xb1, 0x00, 0x06, 0x00, 0x00, 0xb0, 0x00, 0x00, 0x00, 0x06,
    0x00, 0x00, 0xb0, 0x00, 0x00, 0x00, 0x52, 0x00, 0x00, 0xb0, 0x00, 0x00, 0x00, 0xe3, 0xbb, 0xbd,
    0xfd, 0xbb, 0xb4, 0x06, 0xd0, 0x00, 0x07, 0xb7, 0x00, 0x00, 0x35, 0xb0, 0x00, 0x25, 0xb5, 0x10,
    0x00, 0x20, 0xb0, 0x00, 0x70, 0xb0, 0x70, 0x00, 0x00, 0xb0, 0x04, 0x30, 0xb0, 0x43, 0x00, 0x00,
    0xb0, 0x26, 0x00, 0xb0, 0x07, 0x10, 0x00, 0xb2, 0x78, 0xbb, 0xfb, 0xb6, 0x81, 0x00, 0xb3, 0x00,
    0x00, 0xb0, 0x00, 0x02, 0x00, 0xb0, 0x00, 0x00, 0xb0, 0x00, 0x00, 0x00, 0xb0, 0x00, 0x00, 0xb0,
    0x00, 0x00, 0x00, 0x00, 0x00, 0x06, 0x00, 0x00, 0x00, 0x00, 0x00, 0x00, 0x68, 0x10, 0x00, 0x00,
    0x00, 0x00, 0x06, 0x30, 0x71, 0x00, 0x00, 0x00, 0x01, 0x72, 0x00, 0x06, 0x30, 0x00, 0x00, 0x39,
    0x44, 0x44, 0x44, 0x87, 0x10, 0x17, 0x56, 0xbb, 0xbf, 0xbb, 0xb2, 0x65, 0x11, 0x00, 0x00, 0x0b,
    0x00, 0x00, 0x00, 0x08, 0xbb, 0xbb, 0xbf, 0xbb, 0xbb, 0xb3, 0x00, 0x00, 0x00, 0x0b, 0x00, 0x10,
    0x00, 0x00, 0x02, 0x50, 0x0b, 0x00, 0x72, 0x00, 0x00, 0x27, 0x00, 0x0b, 0x00, 0x07, 0x20, 0x04,
    0x70, 0x00, 0x0b, 0x00, 0x00, 0x71, 0x02, 0x00, 0x3b, 0xb9, 0x00, 0x00, 0x00, 0x00, 0x00, 0x30,
    0x02, 0x00, 0x00, 0x00, 0x00, 0x00, 0x70, 0x06, 0x00, 0x00, 0x00, 0x00, 0x04, 0x20, 0x54, 0x22,
    0x22, 0x21, 0x00, 0x17, 0x00, 0xab, 0xfb, 0xbb, 0xb8, 0x00, 0x7c, 0x05, 0x20, 0xe0, 0x00, 0x00,
    0x07, 0x2c, 0x25, 0x00, 0xfb, 0xbb, 0xb5, 0x03, 0x0c, 0x00, 0x00, 0xe0, 0x00, 0x00, 0x00, 0x0c,
    0x00, 0x00, 0xe0, 0x00, 0x00, 0x00, 0x0c, 0x00, 0x00, 0xe0, 0x00, 0x00, 0x00, 0x0c, 0x00, 0x00,
    0xfb, 0xbb, 0xb7, 0x00, 0x0c, 0x00, 0x00, 0xe0, 0x00, 0x00, 0x00, 0x0c, 0x00, 0x00, 0xe0, 0x00,
    0x00, 0x00, 0x0b, 0x00, 0x00, 0xe0, 0x00, 0x00, 0x00, 0x03, 0x10, 0x00, 0x00, 0x00, 0x00, 0x00,
    0x07, 0x0e, 0xbb, 0xbb, 0xbe, 0x00, 0x00, 0x34, 0x0b, 0x00, 0x00, 0x0b, 0x00, 0x00, 0xb0, 0x0b,
    0x00, 0x00, 0x0b, 0x00, 0x06, 0xd0, 0x0c, 0x44, 0x44, 0x4c, 0x00, 0x45, 0xb0, 0x0b, 0xbb, 0xfb,
    0xbb, 0x00, 0x50, 0xb0, 0x00, 0x00, 0xb0, 0x00, 0x00, 0x00, 0xb3, 0xbb, 0xbd, 0xfd, 0xbb, 0xb2,
    0x00, 0xb0, 0x00, 0x06, 0xb7, 0x00, 0x00, 0x00, 0xb0, 0x00, 0x62, 0xb1, 0x60, 0x00, 0x00, 0xb0,
    0x06, 0x20, 0xb0, 0x25, 0x00, 0x00, 0xb1, 0x72, 0x00, 0xb0, 0x03, 0x71, 0x00, 0xb2, 0x00, 0x00,
    0xb0, 0x00, 0x12, 0x00, 0x02, 0x10, 0x02, 0x10, 0x00, 0x00, 0x00, 0x70, 0x00, 0x17, 0x00, 0x00,
    0x00, 0x25, 0x00, 0x00, 0x40, 0x00, 0x00, 0x08, 0x09, 0xbb, 0xbb, 0xbb, 0xbb, 0x06, 0xd0, 0x07,
    0xbb, 0xbb, 0xba, 0x04, 0x4b, 0x00, 0x00, 0x00, 0x00, 0x00, 0x10, 0xb0, 0x07, 0xbb, 0xbb, 0xba,
    0x00, 0x0b, 0x00, 0x00, 0x00, 0x00, 0x00, 0x00, 0xb0, 0x09, 0xbb, 0xbb, 0xbb, 0x00, 0x0b, 0x00,
    0x60, 0x00, 0x00, 0x60, 0x00, 0xb0, 0x06, 0x00, 0x00, 0x06, 0x00, 0x0b, 0x00, 0x60, 0x00, 0x00,
    0x60, 0x00, 0xb0, 0x0d, 0xbb, 0xbb, 0xbf, 0x00, 0x01, 0x00, 0x00, 0x00, 0x00, 0x00, 0x00, 0x03,
    0x00, 0x00, 0x40, 0x00, 0x00, 0x00, 0x34, 0x00, 0x00, 0x70, 0x00, 0x00, 0x00, 0x60, 0xfc, 0xbd,
    0xdc, 0xbd, 0xb3, 0x00, 0xf0, 0xf1, 0x06, 0x00, 0x0b, 0x00, 0x05, 0xd0, 0xf1, 0x06, 0x00, 0x0b,
    0x00, 0x07, 0xc0, 0xf1, 0x5d, 0xbb, 0xbf, 0xb4, 0x41, 0xc0, 0xf1, 0x6c, 0x00, 0x0b, 0x00, 0x00,
    0xc0, 0xf3, 0x2c, 0x43, 0x0b, 0x00, 0x00, 0xc1, 0xe0, 0x0c, 0x07, 0x0b, 0x00, 0x00, 0xc2, 0xc0,
    0x0c, 0x03, 0x2b, 0x00, 0x00, 0xc4, 0x80, 0x0c, 0x00, 0x0b, 0x00, 0x00, 0xc6, 0x30, 0x0c, 0x00,
    0x0b, 0x00, 0x00, 0xb5, 0x00, 0x0b, 0x06, 0xbc, 0x00, 0x00, 0x00, 0x30, 0x00, 0x21, 0x00, 0x00,
    0x00, 0x01, 0x50, 0x00, 0x05, 0x00, 0x00, 0x00, 0x06, 0x1f, 0xcb, 0xbd, 0xbb, 0xe0, 0x00, 0x1a,
    0x0e, 0x10, 0x00, 0x00, 0xb0, 0x00, 0x7c, 0x0f, 0xcb, 0xbb, 0xbb, 0xe0, 0x05, 0x3c, 0x0e, 0x33,
    0x33, 0x33, 0x30, 0x16, 0x0c, 0x0f, 0xdc, 0xfc, 0xfc, 0xf0, 0x00, 0x0c, 0x0e, 0x60, 0xb0, 0xb0,
    0x40, 0x00, 0x0c, 0x1d, 0x60, 0xb0, 0xb0, 0x40, 0x00, 0x0c, 0x2a, 0xfb, 0xfb, 0xfb, 0xf0, 0x00,
    0x0c, 0x47, 0x60, 0xb0, 0xb0, 0x40, 0x00, 0x0c, 0x72, 0x60, 0xb0, 0xb0, 0x40, 0x00, 0x0c, 0x40,
    0x60, 0x80, 0x76, 0xa0, 0x00, 0x03, 0x20, 0x01, 0x50, 0x00, 0x00, 0x00, 0x07, 0x35, 0x55, 0xb7,
    0x55, 0x52, 0x00, 0x25, 0x11, 0x11, 0x11, 0x11, 0x10, 0x00, 0xb0, 0x08, 0xbb, 0xbb, 0xbd, 0x00,
    0x03, 0xf0, 0x06, 0x00, 0x00, 0x0b, 0x00, 0x17, 0xb0, 0x07, 0xbb, 0xbb, 0xbb, 0x00, 0x51, 0xb0,
    0x00, 0x00, 0x00, 0x00, 0x00, 0x00, 0xb0, 0xdb, 0xbb, 0xbb, 0xbb, 0xc3, 0x00, 0xb0, 0xbb, 0xdd,
    0xfd, 0xdd, 0x53, 0x00, 0xb0, 0x40, 0x00, 0xb0, 0x00, 0x11, 0x00, 0xb0, 0x00, 0x00, 0xb0, 0x00,
    0x00, 0x00, 0xb0, 0x00, 0x00, 0xb0, 0x00, 0x00, 0x00, 0xb0, 0x00, 0xab, 0xd0, 0x00, 0x00, 0x00,
    0x10, 0x00, 0x00, 0x00, 0x00, 0x00, 0x00, 0x06, 0x00, 0x00, 0x05, 0x00, 0x00, 0x00, 0x24, 0x72,
    0x00, 0x05, 0x00, 0x50, 0x00, 0x60, 0x07, 0x0b, 0xbf, 0xb8, 0x50, 0x01, 0xa0, 0x01, 0x10, 0x05,
    0x07, 0x00, 0x06, 0xc0, 0x00, 0x02, 0x27, 0x83, 0x20, 0x26, 0xc7, 0xbf, 0x14, 0x4a, 0x74, 0x41,
    0x50, 0xc0, 0x0d, 0x00, 0x63, 0x00, 0x00, 0x00, 0xc0, 0x0d, 0x2a, 0xfb, 0xbb, 0xe0, 0x00, 0xc0,
    0x0d, 0x33, 0xb0, 0x00, 0xe0, 0x00, 0xc0, 0x0d, 0x03, 0xfb, 0xbb, 0xf0, 0x00, 0xc0, 0x0d, 0x44,
    0xb0, 0x00, 0xe0, 0x00, 0xc0, 0x4f, 0x43, 0xfb, 0xbb, 0xf0, 0x00, 0xc0, 0x21, 0x03, 0xb0, 0x00,
    0xe0, 0x00, 0x00, 0x00, 0x00, 0x00, 0x00, 0x00, 0x00, 0x02, 0x40, 0x52, 0x00, 0x00, 0x00, 0x00,
    0x07, 0x01, 0xbb, 0xbf, 0x10, 0x00, 0x00, 0x26, 0x07, 0x00, 0x27, 0x00, 0x00, 0x00, 0x90, 0x6e,
    0xbb, 0xfb, 0xbb, 0xa0, 0x05, 0xf2, 0x2b, 0x00, 0xb0, 0x00, 0xb0, 0x26, 0xb0, 0x0e, 0xbf, 0xfb,
    0xbb, 0xb0, 0x30, 0xb0, 0x00, 0x5d, 0x00, 0x00, 0x10, 0x00, 0xb0, 0x37, 0x52, 0x80, 0x27, 0x30,
    0x00, 0xb0, 0x20, 0x26, 0x48, 0xb0, 0x00, 0x00, 0xb0, 0x36, 0x30, 0x57, 0x26, 0x00, 0x00, 0xb0,
    0x30, 0x36, 0x16, 0x05, 0x40, 0x00, 0xb0, 0x46, 0x30, 0x07, 0x00, 0x45, 0x00, 0xb0, 0x20, 0x0a,
    0xb3, 0x00, 0x00, 0x00, 0x00, 0x00, 0x50, 0x00, 0x00, 0x00, 0x00, 0x00, 0x04, 0x30, 0x00, 0x00,
    0x00, 0x00, 0x00, 0x16, 0x00, 0x14, 0x00, 0x00, 0x00, 0x00, 0x70, 0x00, 0x05, 0x20, 0x00, 0x00,
    0x06, 0x10, 0x00, 0x00, 0x61, 0x00, 0x00, 0xb9, 0x6b, 0x66, 0xd6, 0x68, 0x00, 0x00, 0x10, 0x0b,
    0x00, 0xb0, 0x02, 0x20, 0x00, 0x00, 0x1a, 0x00, 0xb0, 0x00, 0x00, 0x00, 0x00, 0x47, 0x00, 0xb0,
    0x00, 0x00, 0x00, 0x00, 0x73, 0x00, 0xb0, 0x00, 0x04, 0x00, 0x01, 0xa0, 0x00, 0xb0, 0x00, 0x0b,
    0x00, 0x19, 0x20, 0x00, 0xb0, 0x00, 0x2a, 0x16, 0x71, 0x00, 0x00, 0x9c, 0xbb, 0xd5, 0x11, 0x00,
    0x00, 0x00, 0x00, 0x00, 0x00, 0x00, 0x02, 0x00, 0xb0, 0x00, 0x00, 0x00, 0x00, 0x16, 0x00, 0xb0,
    0x00, 0x00, 0x00, 0x00, 0x52, 0x00, 0xb0, 0x00, 0x00, 0x00, 0x00, 0xab, 0xbb, 0xfb, 0xbb, 0xbb,
    0x00, 0x05, 0x20, 0x00, 0xb0, 0x00, 0x00, 0x00, 0x02, 0x00, 0x00, 0xb0, 0x00, 0x00, 0x00, 0x8e,
    0xee, 0xfe, 0xfe, 0xfe, 0xee, 0xc0, 0x00, 0x00, 0x60, 0x00, 0xb0, 0x00, 0x00, 0x00, 0x00, 0x60,
    0x00, 0xb0, 0x00, 0x00, 0x00, 0x04, 0x30, 0x00, 0xb0, 0x00, 0x00, 0x00, 0x07, 0x00, 0x00, 0xb0,
    0x00, 0xa0, 0x00, 0x53, 0x00, 0x00, 0xb0, 0x00, 0xc0, 0x27, 0x30, 0x00, 0x00, 0xab, 0xbc, 0xa0,
    0x20, 0x00, 0x00, 0x00, 0x00, 0x00, 0x00, 0x01, 0x00, 0x00, 0xb0, 0x00, 0x02, 0x00, 0x01, 0x60,
    0x00, 0xb0, 0x00, 0x51, 0x00, 0x00, 0x51, 0x00, 0xb0, 0x00, 0x60, 0x00, 0x00, 0x07, 0x00, 0xb0,
    0x03, 0x30, 0x00, 0x00, 0x03, 0x00, 0xb0, 0x03, 0x00, 0x00, 0x35, 0x55, 0x55, 0xe5, 0x65, 0x55,
    0x50, 0x8b, 0xbb, 0xfb, 0xbb, 0xfb, 0xbb, 0xb0, 0x00, 0x00, 0x60, 0x00, 0xb0, 0x00, 0x00, 0x00,
    0x01, 0x60, 0x00, 0xb0, 0x00, 0x00, 0x00, 0x05, 0x20, 0x00, 0xb0, 0x00, 0x00, 0x00, 0x07, 0x00,
    0x00, 0xb0, 0x00, 0xa0, 0x01, 0x81, 0x00, 0x00, 0xb0, 0x00, 0xc0, 0x56, 0x00, 0x00, 0x00, 0xcb,
    0xbc, 0xa0, 0x00, 0x00, 0x00, 0x00, 0x00, 0x00, 0x00, 0x00, 0x00, 0x36, 0x00, 0x00, 0x00, 0x00,
    0x00, 0x00, 0x03, 0x60, 0x00, 0x00, 0x00, 0x00, 0x00, 0x00, 0x74, 0x00, 0x00, 0x00, 0x00, 0x00,
    0x00, 0x78, 0x00, 0x00, 0x00, 0x00, 0x00, 0x00, 0x83, 0x40, 0x00, 0x00, 0x00, 0x00, 0x02, 0x50,
    0x70, 0x00, 0x00, 0x00, 0x00, 0x08, 0x00, 0x43, 0x00, 0x00, 0x00, 0x00, 0x26, 0x00, 0x08, 0x00,
    0x00, 0x00, 0x00, 0x80, 0x00, 0x03, 0x50, 0x00, 0x00, 0x07, 0x20, 0x00, 0x00, 0x72, 0x00, 0x00,
    0x72, 0x00, 0x00, 0x00, 0x08, 0x30, 0x18, 0x10, 0x00, 0x00, 0x00, 0x00, 0x61, 0x00, 0x00, 0x00,
    0x02, 0x00, 0x00, 0x00, 0x00, 0x00, 0x00, 0x1d, 0x00, 0x00, 0x00, 0x00, 0x00, 0x00, 0x71, 0x60,
    0x00, 0x00, 0x00, 0x00, 0x07, 0x10, 0x27, 0x00, 0x00, 0x00, 0x01, 0x81, 0x00, 0x02, 0x71, 0x00,
    0x00, 0x37, 0x10, 0x00, 0x00, 0x19, 0x30, 0x17, 0x5d, 0xdd, 0xdf, 0xdd, 0xdc, 0x66, 0x01, 0x00,
    0x00, 0x0b, 0x00, 0x00, 0x02, 0x00, 0x00, 0x00, 0x0b, 0x00, 0x00, 0x00, 0x00, 0x00, 0x00, 0x0b,
    0x00, 0x00, 0x00, 0x00, 0x0b, 0xbb, 0xbf, 0xbb, 0xbb, 0x00, 0x00, 0x00, 0x00, 0x0b, 0x00, 0x00,
    0x00, 0x00, 0x00, 0x00, 0x0b, 0x00, 0x00, 0x00, 0x0a, 0xee, 0xee, 0xef, 0xee, 0xee, 0xe7, 0x00,
    0x00, 0x00, 0x40, 0x00, 0x00, 0x00, 0x00, 0x00, 0x00, 0x61, 0x00, 0x00, 0x00, 0x00, 0x00, 0x00,
    0x16, 0x00, 0x00, 0x00, 0x00, 0x00, 0x00, 0x02, 0x00, 0x00, 0x00, 0x1b, 0xbb, 0xbb, 0xbb, 0xbb,
    0xbb, 0xb1, 0x00, 0x00, 0x00, 0x00, 0x00, 0x00, 0x00, 0x00, 0x00, 0x00, 0x00, 0x01, 0x00, 0x00,
    0x00, 0x00, 0x70, 0x00, 0x07, 0x00, 0x00, 0x00, 0x04, 0x30, 0x00, 0x01, 0x60, 0x00, 0x00, 0x07,
    0x00, 0x00, 0x00, 0x43, 0x00, 0x00, 0x71, 0x00, 0x00, 0x00, 0x07, 0x00, 0x04, 0x50, 0x00, 0x00,
    0x00, 0x01, 0x60, 0x18, 0x00, 0x00, 0x00, 0x00, 0x00, 0x51, 0x00, 0x00, 0x00, 0x00, 0x00, 0x00,
    0x00, 0x00, 0x41, 0x00, 0x00, 0x16, 0x00, 0x00, 0x00, 0x70, 0x00, 0x07, 0x10, 0x00, 0x00, 0x04,
    0x10, 0x02, 0x60, 0x00, 0x02, 0xee, 0xee, 0xff, 0xfe, 0xee, 0x30, 0x00, 0x00, 0x04, 0x30, 0x00,
    0x00, 0x00, 0x00, 0x00, 0x43, 0x00, 0x00, 0x00, 0x00, 0x00, 0x05, 0x20, 0x00, 0x00, 0x0a, 0xbb,
    0xbb, 0xff, 0xbb, 0xbb, 0xb0, 0x00, 0x00, 0x07, 0x60, 0x00, 0x00, 0x00, 0x00, 0x05, 0x31, 0x60,
    0x00, 0x00, 0x00, 0x03, 0x60, 0x04, 0x50, 0x00, 0x00, 0x06, 0x50, 0x00, 0x04, 0x60, 0x00, 0x57,
    0x20, 0x00, 0x00, 0x01, 0x76, 0x02, 0x00, 0x00, 0x00, 0x00, 0x00, 0x10, 0x00, 0x00, 0x0b, 0x00,
    0x00, 0x00, 0x00, 0x00, 0x0b, 0x00, 0x00, 0x00, 0x00, 0x00, 0x0b, 0x00, 0x00, 0x00, 0xbb, 0xbb,
    0xbf, 0xbb, 0xbb, 0xbf, 0xb0, 0x00, 0x0a, 0x00, 0x00, 0x0e, 0xb0, 0x00, 0x2b, 0x20, 0x00, 0x0e,
    0xb0, 0x00, 0x82, 0x53, 0x00, 0x0e, 0xb0, 0x02, 0x80, 0x05, 0x30, 0x0e, 0xb0, 0x18, 0x00, 0x00,
    0x53, 0x0e, 0xb2, 0x70, 0x00, 0x00, 0x06, 0x1e, 0xb0, 0x00, 0x00, 0x00, 0x00, 0x0e, 0xb0, 0x00,
    0x00, 0x00, 0x00, 0x0e, 0xb0, 0x00, 0x00, 0x00, 0x8a, 0xaa, 0x00, 0xfc, 0xbf, 0x24, 0xfb, 0xbf,
    0x00, 0x00, 0xe1, 0x0c, 0x24, 0xc0, 0x0f, 0x00, 0x00, 0xe1, 0x0c, 0x24, 0xc0, 0x0f, 0x00, 0x00,
    0xe1, 0x0c, 0x24, 0xc0, 0x0f, 0x00, 0x00, 0xf1, 0x0c, 0x24, 0xc0, 0x0f, 0x00, 0x7b, 0xfc, 0xbf,
    0xef, 0xfb, 0xbf, 0xb8, 0x01, 0xe0, 0x0c, 0x25, 0xa0, 0x0f, 0x00, 0x03, 0xc0, 0x0c, 0x26, 0x80,
    0x0f, 0x00, 0x05, 0x80, 0x0c, 0x29, 0x50, 0x0f, 0x00, 0x09, 0x30, 0x0c, 0x2b, 0x10, 0x0f, 0x00,
    0x1b, 0x00, 0x0c, 0x4a, 0x00, 0x0f, 0x00, 0x63, 0x04, 0xbd, 0x72, 0x06, 0xcd, 0x00, 0x00, 0x00,
    0x00, 0x00, 0x00, 0x00, 0x00, 0x5f, 0xff, 0xff, 0xff, 0xff, 0xff, 0xb0, 0x00, 0x00, 0x00, 0xb0,
    0x00, 0x00, 0x00, 0x00, 0xbb, 0xbb, 0xfb, 0xbb, 0xbf, 0x00, 0x00, 0xf0, 0x00, 0xb0, 0x00, 0x0f,
    0x00, 0x00, 0xf0, 0x00, 0xb0, 0x00, 0x0f, 0x00, 0x00, 0xfb, 0xbb, 0xfb, 0xbb, 0xbf, 0x00, 0x00,
    0xf0, 0x00, 0xb0, 0x00, 0x0f, 0x00, 0x00, 0xf0, 0x00, 0xb0, 0x00, 0x0f, 0x00, 0xaf, 0xff, 0xff,
    0xff, 0xff, 0xff, 0xfb, 0x00, 0xf0, 0x00, 0x00, 0x00, 0x0f, 0x00, 0x00, 0xf0, 0x00, 0x00, 0x00,
    0x0f, 0x00, 0x00, 0xf0, 0x00, 0x00, 0x5b, 0xcc, 0x00, 0x00, 0x00, 0x00, 0x00, 0x00, 0x00, 0x00,
    0x00, 0x00, 0x00, 0x00, 0x60, 0x00, 0x00, 0x16, 0x00, 0x00, 0x00, 0x60, 0x00, 0x00, 0x01, 0x70,
    0x00, 0x00, 0x80, 0x00, 0x00, 0x00, 0x12, 0x00, 0x00, 0xc0, 0x00, 0x50, 0x00, 0x00, 0xbb, 0xc8,
    0xb1, 0x07, 0x20, 0x00, 0x00, 0x00, 0x42, 0x75, 0x62, 0x00, 0x00, 0x01, 0x00, 0x60, 0x6a, 0x20,
    0x00, 0x00, 0x34, 0x01, 0x50, 0x62, 0x40, 0x00, 0x00, 0x70, 0x07, 0x00, 0x60, 0x70, 0x00, 0x05,
    0x20, 0x43, 0x00, 0x60, 0x17, 0x00, 0x16, 0x04, 0x50, 0x00, 0x60, 0x02, 0x71, 0x00, 0x00, 0x00,
    0x00, 0x60, 0x00, 0x01, 0x00, 0x00, 0x00, 0xab, 0x70, 0x00, 0x00, 0x00, 0x00, 0x00, 0x00, 0x00,
    0x00, 0x00, 0x01, 0x00, 0x00, 0x05, 0x00, 0x00, 0x00, 0x07, 0x00, 0x00, 0x06, 0x00, 0x00, 0x00,
    0x00, 0x60, 0xbb, 0xff, 0xbb, 0xbb, 0xb0, 0x00, 0x32, 0x00, 0x70, 0x01, 0x00, 0x00, 0x00, 0x00,
    0x01, 0x60, 0x33, 0x00, 0x00, 0x00, 0x00, 0x06, 0x10, 0x33, 0x00, 0x00, 0x00, 0x00, 0x1f, 0xbb,
    0xef, 0xbb, 0x70, 0x00, 0x22, 0x01, 0x00, 0x33, 0x00, 0x00, 0x00, 0x70, 0x00, 0x30, 0x33, 0x21,
    0x00, 0x02, 0x50, 0x06, 0x20, 0x33, 0x07, 0x00, 0x07, 0x00, 0x26, 0x00, 0x33, 0x02, 0x50, 0x25,
    0x00, 0x70, 0x00, 0x33, 0x00, 0x50, 0x00, 0x00, 0x00, 0x3b, 0xc2, 0x00, 0x00, 0x00, 0x00, 0x00,
    0x50, 0x31, 0x00, 0x00, 0x25, 0x00, 0x02, 0x60, 0x07, 0x00, 0x00, 0x05, 0x20, 0x09, 0x44, 0x46,
    0x44, 0x30, 0x00, 0x60, 0x4f, 0xbb, 0xbf, 0xbb, 0xb0, 0x00, 0x11, 0x7f, 0x00, 0x0b, 0x00, 0x00,
    0x00, 0x08, 0x0f, 0xbb, 0xbf, 0xbb, 0x80, 0x00, 0x00, 0x0f, 0x00, 0x0b, 0x00, 0x00, 0x00, 0x40,
    0x0f, 0x00, 0x0b, 0x00, 0x00, 0x00, 0x70, 0x0f, 0xbb, 0xbf, 0xbb, 0x80, 0x03, 0x40, 0x0f, 0x00,
    0x0b, 0x00, 0x00, 0x07, 0x00, 0x0f, 0x00, 0x0b, 0x00, 0x00, 0x26, 0x00, 0x0f, 0xcc, 0xcf, 0xcc,
    0xc4, 0x20, 0x00, 0x0f, 0x33, 0x33, 0x33, 0x31, 0x00, 0x05, 0x10, 0x00, 0x24, 0x66, 0x10, 0x00,
    0x25, 0x15, 0x55, 0xf2, 0x00, 0x00, 0x01, 0xe0, 0x00, 0x00, 0xb0, 0x00, 0x00, 0x17, 0xc9, 0xbb,
    0xbb, 0xfb, 0xbb, 0xb2, 0x60, 0xb0, 0x00, 0x00, 0xb0, 0x00, 0x00, 0x00, 0xb0, 0x00, 0x00, 0xb0,
    0x00, 0x00, 0x00, 0xb0, 0xcf, 0xff, 0xff, 0xff, 0xd0, 0x00, 0x50, 0x00, 0x00, 0x00, 0x00, 0x00,
    0x00, 0x0f, 0xbb, 0xbb, 0xbe, 0x00, 0x00, 0x00, 0x0d, 0x00, 0x00, 0x06, 0x00, 0x00, 0x00, 0x1d,
    0x00, 0x00, 0x06, 0x00, 0x40, 0x00, 0x86, 0x00, 0x00, 0x06, 0x00, 0xc0, 0x38, 0x50, 0x00, 0x00,
    0x05, 0xcb, 0xb0, 0x20, 0x00, 0x00, 0x00, 0x00, 0x00, 0x00, 0x00, 0x00, 0x0b, 0x00, 0x00, 0x00,
    0x01, 0x00, 0x0b, 0x00, 0x00, 0x20, 0x05, 0x00, 0x0b, 0x00, 0x00, 0xb0, 0x05, 0x00, 0x0b, 0x00,
    0x00, 0xb0, 0x05, 0x00, 0x0b, 0x00, 0x00, 0xb0, 0x05, 0x00, 0x0b, 0x00, 0x00, 0xb0, 0x1a, 0xbb,
    0xbf, 0xbb, 0xbb, 0x91, 0xb0, 0x00, 0x0b, 0x00, 0x00, 0x15, 0xb0, 0x00, 0x0b, 0x00, 0x00, 0x15,
    0xb0, 0x00, 0x0b, 0x00, 0x00, 0x15, 0xb0, 0x00, 0x0b, 0x00, 0x00, 0x15, 0xbb, 0xbb, 0xbf, 0xbb,
    0xbb, 0xd7, 0x45, 0x55, 0x55, 0x55, 0x55, 0x66, 0x00, 0x00, 0x00, 0xb0, 0x00, 0x00, 0x00, 0x00,
    0x00, 0x0b, 0x00, 0x00, 0x00, 0x07, 0xbb, 0xbb, 0xfb, 0xbb, 0xb5, 0x00, 0x00, 0x00, 0x0b, 0x00,
    0x00, 0x00, 0x00, 0x00, 0x00, 0xb0, 0x00, 0x00, 0x00, 0x00, 0x00, 0x0b, 0x00, 0x00, 0x00, 0x7b,
    0xbb, 0xbb, 0xfb, 0xbb, 0xbb, 0x50, 0x70, 0x00, 0x0b, 0x00, 0x09, 0x00, 0x0b, 0x00, 0x00, 0xb0,
    0x00, 0xe0, 0x00, 0xb0, 0x00, 0x0b, 0x00, 0x0e, 0x00, 0x0b, 0x00, 0x00, 0xb0, 0x00, 0xe0, 0x00,
    0xdb, 0xbb, 0xbf, 0xbb, 0xbf, 0x00, 0x01, 0x22, 0x22, 0x22, 0x22, 0xf0, 0x00, 0x00, 0x00, 0x10,
    0x00, 0x01, 0x00, 0x00, 0x00, 0x01, 0x60, 0x00, 0x07, 0x00, 0x00, 0x00, 0x06, 0x10, 0x00, 0x04,
    0x30, 0x00, 0x00, 0x25, 0x00, 0x00, 0x00, 0x71, 0x00, 0x00, 0x70, 0x00, 0x00, 0x00, 0x07, 0x00,
    0x07, 0x31, 0x11, 0x11, 0x11, 0x22, 0x81, 0x52, 0xbb, 0xbf, 0xbb, 0xbb, 0xf3, 0x10, 0x00, 0x00,
    0x15, 0x00, 0x00, 0xc2, 0x00, 0x00, 0x00, 0x52, 0x00, 0x00, 0xd1, 0x00, 0x00, 0x00, 0x70, 0x00,
    0x00, 0xe0, 0x00, 0x00, 0x04, 0x30, 0x00, 0x01, 0xd0, 0x00, 0x00, 0x45, 0x00, 0x00, 0x05, 0xa0,
    0x00, 0x26, 0x30, 0x00, 0x5b, 0xbd, 0x40, 0x00, 0x00, 0x00, 0x00, 0x00, 0x00, 0x00, 0x00, 0x00,
    0xb0, 0x01, 0x22, 0x22, 0x22, 0x30, 0x00, 0xb0, 0x03, 0xbb, 0xfc, 0xbb, 0xf1, 0x00, 0xb0, 0x00,
    0x00, 0xb0, 0x00, 0xa1, 0x00, 0xe5, 0x54, 0x00, 0xc0, 0x00, 0xb0, 0x45, 0xe0, 0x00, 0x00, 0xb0,
    0x00, 0xb0, 0x00, 0xb0, 0x00, 0x00, 0xb0, 0x00, 0xc0, 0x00, 0xb0, 0x00, 0x03, 0x80, 0x00, 0xc0,
    0x00, 0xb0, 0x04, 0x07, 0x40, 0x00, 0xc0, 0x00, 0xe6, 0x61, 0x0b, 0x00, 0x00, 0xc0, 0x01, 0xa0,
    0x00, 0x56, 0x00, 0x02, 0xa0, 0x00, 0x00, 0x02, 0x90, 0x00, 0x05, 0x80, 0x00, 0x00, 0x47, 0x00,
    0x09, 0xbd, 0x30, 0x00, 0x00, 0x00, 0x00, 0x00, 0x00, 0x00, 0x00, 0x00, 0x00, 0x00, 0x00, 0x0b,
    0xbb, 0xfc, 0xbb, 0xb0, 0x00, 0x0b, 0x00, 0x60, 0x00, 0x00, 0xb0, 0x0b, 0x00, 0x60, 0x00, 0x00,
    0xb0, 0x0b, 0x04, 0x86, 0x67, 0x40, 0xb0, 0x0b, 0x06, 0x00, 0x04, 0x20, 0xb0, 0x0b, 0x43, 0x00,
    0x06, 0x00, 0xb0, 0x0b, 0x52, 0x60, 0x06, 0x00, 0xb0, 0x0b, 0x00, 0x17, 0x72, 0x00, 0xb0, 0x0b,
    0x00, 0x01, 0x80, 0x00, 0x70, 0x0b, 0x00, 0x07, 0x00, 0x00, 0x00, 0x0b, 0x02, 0x71, 0x00, 0x00,
    0x00, 0x0b, 0x35, 0x00, 0x00, 0x00, 0x07, 0xb9, 0x00, 0x00, 0x00, 0x00, 0x00, 0x00, 0xb0, 0xfc,
    0xf2, 0xfc, 0xf2, 0x00, 0x0b, 0x0d, 0x1b, 0x2d, 0x1b, 0x20, 0xb0, 0xb0, 0xd1, 0xb2, 0xd1, 0xb2,
    0x0b, 0x0b, 0x0d, 0x1b, 0x2d, 0x1b, 0x20, 0xb0, 0xb1, 0xf2, 0xd4, 0xf2, 0xd4, 0x0b, 0x0b, 0x4f,
    0x6f, 0x7f, 0x5f, 0x70, 0xb0, 0xb0, 0xd1, 0xb2, 0xd1, 0xb2, 0x0b, 0x0b, 0x0e, 0x0b, 0x2e, 0x0b,
    0x20, 0xb0, 0xb0, 0xe0, 0xb2, 0xe0, 0xb2, 0x07, 0x0b, 0x2b, 0x0b, 0x3c, 0x0b, 0x20, 0x00, 0xb5,
    0x60, 0xb5, 0x70, 0xb2, 0x00, 0x0b, 0x80, 0x7d, 0x81, 0x7e, 0x10, 0x2b, 0xa0, 0x00, 0x00, 0x00,
    0x00, 0x00, 0x00, 0x00, 0x00, 0x00, 0x00, 0x00, 0x00, 0xb0, 0xbb, 0xde, 0xbb, 0xb1, 0x50, 0x0b,
    0x00, 0x07, 0x11, 0x00, 0x0b, 0x00, 0xb0, 0x02, 0x50, 0x16, 0x00, 0xb0, 0x0b, 0x00, 0x71, 0x34,
    0x85, 0x0b, 0x00, 0xb0, 0x47, 0x53, 0x20, 0x50, 0xb0, 0x0b, 0x00, 0x00, 0x60, 0x00, 0x0b, 0x00,
    0xb0, 0x24, 0x4a, 0x44, 0x30, 0xb0, 0x0b, 0x01, 0x33, 0x93, 0x32, 0x0b, 0x00, 0xb0, 0x00, 0x06,
    0x00, 0x00, 0xb0, 0x0b, 0x00, 0x00, 0x62, 0x56, 0x10, 0x00, 0xb0, 0x57, 0x67, 0x41, 0x00, 0x00,
    0x0b, 0x02, 0x00, 0x00, 0x00, 0x00, 0xab, 0x90, 0x00, 0x00, 0x00, 0x00, 0x00, 0x00, 0x00, 0x00,
    0x00, 0x00, 0x00, 0x00, 0x00, 0x03, 0x0b, 0x00, 0x00, 0x00, 0x0b, 0x01, 0x70, 0xb0, 0x00, 0x00,
    0x00, 0xb0, 0x56, 0x4f, 0x44, 0x40, 0x0b, 0x0b, 0x08, 0x33, 0xe3, 0x33, 0x00, 0xb0, 0xb3, 0x40,
    0x0b, 0x00, 0x00, 0x0b, 0x0b, 0x36, 0x66, 0xf6, 0x66, 0x40, 0xb0, 0xb0, 0x00, 0x0b, 0x00, 0x00,
    0x0b, 0x0b, 0x08, 0x66, 0xf6, 0x6e, 0x10, 0xb0, 0xb0, 0xb0, 0x0b, 0x00, 0xd1, 0x0b, 0x0b, 0x0b,
    0x00, 0xb0, 0x0d, 0x10, 0x70, 0xb0, 0xb0, 0x0b, 0x00, 0xd1, 0x00, 0x0b, 0x0b, 0x00, 0xb3, 0xce,
    0x10, 0x00, 0xb0, 0x00, 0x0b, 0x00, 0x00, 0x06, 0xbc, 0x00, 0x00, 0x00, 0x00, 0x00, 0x00, 0x00,
    0x00, 0x00, 0x00, 0x00, 0x00, 0x00, 0xb0, 0x4f, 0xbb, 0xbb, 0xbb, 0x00, 0x0b, 0x04, 0xc0, 0x00,
    0x00, 0xb2, 0x30, 0xb0, 0x4c, 0x00, 0x00, 0x0b, 0x23, 0x0b, 0x04, 0xf6, 0x6d, 0x66, 0x62, 0x30,
    0xb0, 0x4c, 0x00, 0xb0, 0x00, 0x23, 0x0b, 0x04, 0xc6, 0x6f, 0x66, 0xb2, 0x30, 0xb0, 0x5b, 0x50,
    0xb0, 0x0b, 0x23, 0x0b, 0x06, 0x95, 0x0b, 0x00, 0xb2, 0x30, 0xb0, 0x86, 0x50, 0xb0, 0x0b, 0x12,
    0x0b, 0x0b, 0x25, 0x0b, 0x00, 0xb0, 0x00, 0xb2, 0x90, 0x20, 0xb5, 0xb7, 0x00, 0x0b, 0x31, 0x00,
    0x0b, 0x00, 0x00, 0x7b, 0xc0, 0x00, 0x00, 0x00, 0x00, 0x00, 0x00, 0x00, 0x00, 0x00, 0x00, 0x00,
    0x10, 0x00, 0x00, 0x05, 0x20, 0x00, 0x00, 0x70, 0x00, 0x00, 0x00, 0x70, 0x00, 0x06, 0x10, 0x00,
    0x2b, 0xbb, 0xcb, 0xbb, 0xcf, 0xbb, 0xb2, 0x00, 0x00, 0x00, 0x00, 0x00, 0x00, 0x00, 0x00, 0x22,
    0x22, 0x20, 0x00, 0x03, 0x00, 0x02, 0x74, 0x44, 0x80, 0x42, 0x06, 0x00, 0x02, 0x40, 0x00, 0x60,
    0x42, 0x06, 0x00, 0x02, 0xa6, 0x66, 0x80, 0x42, 0x06, 0x00, 0x02, 0x40, 0x00, 0x60, 0x42, 0x06,
    0x00, 0x02, 0x96, 0x66, 0x80, 0x42, 0x06, 0x00, 0x02, 0x40, 0x00, 0x60, 0x32, 0x06, 0x00, 0x02,
    0x40, 0x00, 0x60, 0x00, 0x06, 0x00, 0x02, 0x40, 0xab, 0x60, 0x07, 0xbc, 0x00, 0x00, 0x00, 0x00,
    0x00, 0x00, 0x00, 0x00, 0x00, 0x01, 0x36, 0x86, 0x00, 0x00, 0xb0, 0x48, 0x75, 0xd0, 0x00, 0x00,
    0x0b, 0x00, 0x00, 0x0b, 0x00, 0x00, 0xb0, 0xb0, 0x66, 0x66, 0xf6, 0x66, 0x5b, 0x0b, 0x00, 0x0e,
    0x0b, 0x40, 0x00, 0xb0, 0xb0, 0x46, 0xf0, 0xb5, 0x63, 0x0b, 0x0b, 0x00, 0x0f, 0x0b, 0x50, 0x00,
    0xb0, 0xb0, 0x56, 0xf0, 0xb4, 0x0a, 0x0b, 0x0b, 0x00, 0x09, 0x2f, 0x36, 0x60, 0xb0, 0xb0, 0x00,
    0x26, 0xc7, 0x10, 0x07, 0x0b, 0x00, 0x36, 0x0b, 0x07, 0x20, 0x00, 0xb0, 0x64, 0x00, 0xb0, 0x00,
    0x00, 0x0b, 0x01, 0x00, 0x0b, 0x00, 0x00, 0xab, 0xa0, 0x00, 0x00, 0x00, 0x00, 0x00, 0x00, 0x00,
    0x00, 0x00, 0x00, 0xb1, 0x00, 0x00, 0x00, 0x00, 0x00, 0x00, 0xb0, 0x00, 0x00, 0x14, 0x4d, 0x44,
    0x00, 0xb0, 0x00, 0x00, 0x00, 0x0b, 0x06, 0xbb, 0xfb, 0xbb, 0xf2, 0x00, 0x0b, 0x00, 0x00, 0xb0,
    0x00, 0xb2, 0x00, 0x0b, 0x00, 0x00, 0x90, 0x00, 0xc2, 0x00, 0x0b, 0x00, 0x02, 0x50, 0x00, 0xd1,
    0x00, 0x0b, 0x00, 0x06, 0x10, 0x00, 0xe0, 0x00, 0x0f, 0x65, 0x07, 0x00, 0x00, 0xe0, 0x36, 0x63,
    0x00, 0x43, 0x00, 0x01, 0xc0, 0x00, 0x00, 0x02, 0x60, 0x00, 0x03, 0xb0, 0x00, 0x00, 0x46, 0x00,
    0x00, 0x07, 0x80, 0x00, 0x00, 0x30, 0x00, 0x2b, 0xbd, 0x20, 0x00, 0x00, 0x00, 0x00, 0x00, 0x00,
    0x00, 0x00, 0x0c, 0x00, 0x00, 0x00, 0x00, 0x00, 0x00, 0x0c, 0x00, 0x00, 0x11, 0x11, 0x10, 0x00,
    0x0c, 0x00, 0x00, 0xe6, 0x66, 0xf1, 0x3b, 0xcf, 0xbb, 0xf1, 0xe0, 0x00, 0xe1, 0x00, 0x1a, 0x00,
    0xd0, 0xe0, 0x00, 0xe1, 0x00, 0x28, 0x00, 0xd0, 0xe0, 0x00, 0xe1, 0x00, 0x46, 0x00, 0xd0, 0xe0,
    0x00, 0xe1, 0x00, 0x72, 0x00, 0xe0, 0xe0, 0x00, 0xe1, 0x00, 0x80, 0x00, 0xe0, 0xe0, 0x00, 0xe1,
    0x01, 0x70, 0x00, 0xd0, 0xe0, 0x00, 0xe1, 0x05, 0x20, 0x01, 0xd0, 0xe0, 0x00, 0xe1, 0x17, 0x00,
    0x03, 0xb0, 0xfb, 0xbb, 0xf1, 0x20, 0x01, 0xac, 0x60, 0xe0, 0x00, 0xe1, 0x00, 0x00, 0x03, 0x10,
    0x00, 0x00, 0x00, 0x00, 0x00, 0x17, 0x00, 0x00, 0x00, 0x00, 0x00, 0x01, 0xbb, 0xbb, 0xbb, 0xd8,
    0x00, 0x00, 0x37, 0x61, 0x00, 0x02, 0x70, 0x00, 0x02, 0x50, 0x07, 0x20, 0x56, 0x00, 0x00, 0x00,
    0x00, 0x02, 0xad, 0x50, 0x00, 0x00, 0x03, 0x66, 0x64, 0x00, 0x36, 0x55, 0x61, 0x03, 0x00, 0x00,
    0x51, 0x00, 0x00, 0x00, 0x00, 0xbb, 0xbb, 0xfb, 0xbb, 0xbf, 0x00, 0x00, 0x00, 0x00, 0x60, 0x00,
    0x07, 0x00, 0x00, 0x00, 0x07, 0x10, 0x00, 0x07, 0x00, 0x00, 0x01, 0x72, 0x00, 0x00, 0x17, 0x00,
    0x05, 0x65, 0x00, 0x00, 0x8b, 0xb2, 0x00, 0x00, 0x00, 0x00, 0x00, 0x00, 0x00, 0x00, 0x00, 0x00,
    0x00, 0x00, 0x0b, 0x00, 0x00, 0x07, 0xbb, 0xbb, 0x80, 0x0b, 0x00, 0x00, 0x00, 0x00, 0x00, 0x00,
    0x0b, 0x00, 0x00, 0x00, 0x00, 0x00, 0x13, 0x3e, 0x33, 0x51, 0x00, 0x00, 0x00, 0x13, 0x3e, 0x33,
    0xd3, 0x1b, 0xcf, 0xbb, 0xb0, 0x09, 0x00, 0xa3, 0x00, 0x33, 0x00, 0x00, 0x26, 0x00, 0xb2, 0x00,
    0x60, 0x05, 0x00, 0x52, 0x00, 0xc1, 0x00, 0x60, 0x05, 0x10, 0x70, 0x00, 0xd0, 0x02, 0x40, 0x03,
    0x71, 0x60, 0x00, 0xd0, 0x0b, 0x76, 0x63, 0x76, 0x10, 0x00, 0xd0, 0x01, 0x00, 0x00, 0x35, 0x00,
    0x03, 0xa0, 0x00, 0x00, 0x00, 0x20, 0x1b, 0xbc, 0x40, 0x00, 0x00, 0x00, 0x00, 0x00, 0x00, 0x00,
    0x00, 0x00, 0x60, 0x0b, 0x00, 0x00, 0x00, 0x00, 0x02, 0x50, 0x0b, 0x00, 0x00, 0x00, 0x00, 0x0a,
    0x00, 0x0b, 0x00, 0x00, 0x70, 0x00, 0x4e, 0x00, 0x0b, 0x00, 0x07, 0x20, 0x02, 0x6c, 0x00, 0x0b,
    0x00, 0x62, 0x00, 0x18, 0x0c, 0x00, 0x0b, 0x07, 0x20, 0x00, 0x10, 0x0c, 0x00, 0x0d, 0x71, 0x00,
    0x00, 0x00, 0x0c, 0x00, 0x6f, 0x00, 0x00, 0x00, 0x00, 0x0c, 0x06, 0x1b, 0x00, 0x00, 0x00, 0x00,
    0x0c, 0x00, 0x0b, 0x00, 0x00, 0x0a, 0x00, 0x0c, 0x00, 0x0b, 0x00, 0x00, 0x1b, 0x00, 0x0c, 0x00,
    0x0b, 0x00, 0x00, 0x39, 0x00, 0x0c, 0x00, 0x07, 0xcb, 0xbb, 0xd3, 0x00, 0x00, 0x0e, 0x00, 0xb0,
    0x00, 0x00, 0x00, 0x00, 0x0e, 0x00, 0xb0, 0x00, 0x00, 0x00, 0x00, 0x0e, 0x00, 0xb0, 0x00, 0x20,
    0x00, 0x00, 0x0e, 0x00, 0xb0, 0x04, 0x60, 0x0a, 0xbb, 0xbf, 0x00, 0xb1, 0x73, 0x00, 0x00, 0x00,
    0x0e, 0x00, 0xe6, 0x00, 0x00, 0x00, 0x00, 0x0e, 0x00, 0xb0, 0x00, 0x00, 0x00, 0x00, 0x0e, 0x00,
    0xb0, 0x00, 0x00, 0x00, 0x00, 0x0e, 0x00, 0xb0, 0x00, 0x00, 0x00, 0x02, 0x6f, 0x00, 0xb0, 0x00,
    0x07, 0x15, 0x64, 0x0e, 0x00, 0xb0, 0x00, 0x0b, 0x01, 0x00, 0x0e, 0x00, 0xb0, 0x00, 0x0c, 0x00,
    0x00, 0x0e, 0x00, 0x7c, 0xbb, 0xc8, 0xbf, 0xff, 0xff, 0xff, 0xff, 0xfb, 0x0b, 0x00, 0x0a, 0x00,
    0xb0, 0x00, 0x00, 0xb0, 0x00, 0xa0, 0x0b, 0x00, 0x00, 0x0b, 0x00, 0x0a, 0x00, 0xb0, 0x00, 0x00,
    0xb0, 0x01, 0x90, 0x0b, 0x00, 0x00, 0x0b, 0x00, 0x36, 0x00, 0xb0, 0x00, 0x30, 0xb0, 0x07, 0x20,
    0x0b, 0x00, 0x0c, 0x0b, 0x00, 0x90, 0x00, 0xb1, 0x02, 0xb0, 0xb0, 0x82, 0x00, 0x06, 0xbb, 0xb4,
    0x0b, 0x01, 0x00, 0x00, 0x00, 0x00, 0x00, 0xbb, 0xbb, 0xbb, 0xbb, 0xbb, 0xbb, 0x10, 0xbb, 0xbb,
    0xbb, 0xbb, 0xbb, 0xba, 0x0b, 0x00, 0x00, 0x00, 0x00, 0x20, 0x00, 0xb0, 0x25, 0x00, 0x00, 0x24,
    0x00, 0x0b, 0x00, 0x36, 0x00, 0x06, 0x00, 0x00, 0xb0, 0x00, 0x27, 0x06, 0x10, 0x00, 0x0b, 0x00,
    0x00, 0x2c, 0x30, 0x00, 0x00, 0xb0, 0x00, 0x04, 0x67, 0x00, 0x00, 0x0b, 0x00, 0x04, 0x50, 0x27,
    0x00, 0x00, 0xb0, 0x06, 0x40, 0x00, 0x36, 0x00, 0x0b, 0x05, 0x20, 0x00, 0x00, 0x41, 0x00, 0xb0,
    0x00, 0x00, 0x00, 0x00, 0x00, 0x08, 0xbb, 0xbb, 0xbb, 0xbb, 0xbb, 0xb3, 0x00, 0x00, 0x00, 0x22,
    0x05, 0x00, 0x00, 0x00, 0x01, 0x56, 0x50, 0x0b, 0x00, 0x00, 0x06, 0x65, 0xd0, 0x00, 0x0b, 0x00,
    0x00, 0x00, 0x00, 0xb0, 0x00, 0x0b, 0x00, 0x00, 0x00, 0x00, 0xb0, 0x00, 0x0b, 0x00, 0x00, 0x00,
    0x00, 0xb0, 0x00, 0x0b, 0x00, 0x00, 0x4b, 0xbc, 0xfb, 0xbb, 0xbf, 0xbb, 0xb2, 0x00, 0x01, 0xa0,
    0x00, 0x0b, 0x00, 0x00, 0x00, 0x04, 0x70, 0x00, 0x0b, 0x00, 0x00, 0x00, 0x08, 0x30, 0x00, 0x0b,
    0x00, 0x00, 0x00, 0x29, 0x00, 0x00, 0x0b, 0x00, 0x00, 0x01, 0x91, 0x00, 0x00, 0x0b, 0x00, 0x00,
    0x27, 0x10, 0x00, 0x00, 0x0b, 0x00, 0x00, 0x00, 0xb0, 0x00, 0x00, 0xb0, 0x00, 0x00, 0x00, 0xb0,
    0x00, 0x00, 0xb0, 0x00, 0x00, 0x00, 0xb0, 0x04, 0x55, 0xf5, 0x81, 0x00, 0x6b, 0xfb, 0x71, 0x23,
    0xb2, 0xc4, 0x00, 0x00, 0xb0, 0x00, 0x02, 0x80, 0xb4, 0x00, 0x00, 0xb0, 0x04, 0x14, 0x50, 0xb4,
    0x30, 0x00, 0xb0, 0x07, 0x07, 0x10, 0xc3, 0x70, 0x00, 0xb0, 0x06, 0x08, 0x00, 0xc2, 0x70, 0x00,
    0xb0, 0x62, 0x35, 0x00, 0xd1, 0x62, 0x00, 0xb0, 0x10, 0x70, 0x00, 0xe0, 0x10, 0x00, 0xb0, 0x06,
    0x20, 0x00, 0xe0, 0x00, 0x00, 0xb0, 0x54, 0x00, 0x02, 0xc0, 0x00, 0x00, 0xb0, 0x30, 0x03, 0xbd,
    0x70, 0x00, 0x00, 0x03, 0x10, 0x00, 0x01, 0x30, 0x00, 0x00, 0x00, 0x60, 0x00, 0x07, 0x10, 0x00,
    0x00, 0x33, 0x63, 0x33, 0x78, 0x33, 0x00, 0x00, 0xdb, 0xbb, 0xfb, 0xeb, 0xbe, 0x00, 0x00, 0xb0,
    0x00, 0xb0, 0x00, 0x0b, 0x00, 0x00, 0xdb, 0xbb, 0xfb, 0xbb, 0xbe, 0x00, 0x00, 0xb0, 0x00, 0xb0,
    0x00, 0x0b, 0x00, 0x00, 0xdb, 0xbb, 0xfb, 0xbb, 0xbe, 0x00, 0x00, 0x00, 0x00, 0xb0, 0x00, 0x00,
    0x00, 0x00, 0x00, 0x00, 0xb0, 0x00, 0x00, 0x00, 0x7b, 0xbb, 0xbb, 0xfb, 0xbb, 0xbb, 0xb0, 0x00,
    0x00, 0x00, 0xb0, 0x00, 0x00, 0x00, 0x00, 0x00, 0x00, 0xb0, 0x00, 0x00, 0x00, 0x00, 0x00, 0x00,
    0xc0, 0x00, 0x00, 0x00, 0x00, 0x00, 0x0c, 0x00, 0x00, 0x00, 0xab, 0xbb, 0xbc, 0xfb, 0xbb, 0xbb,
    0x80, 0x00, 0x00, 0x0c, 0x00, 0x00, 0x00, 0x0e, 0xee, 0xee, 0xfe, 0xee, 0xef, 0x00, 0xb0, 0x14,
    0x00, 0x04, 0x00, 0xe0, 0x0b, 0x00, 0x51, 0x03, 0x50, 0x0e, 0x00, 0xb0, 0xee, 0xef, 0xfe, 0xc0,
    0xe0, 0x0b, 0x00, 0x00, 0xb0, 0x00, 0x0e, 0x00, 0xb3, 0xbb, 0xbf, 0xbb, 0xb1, 0xe0, 0x0b, 0x00,
    0x00, 0xb0, 0x00, 0x0e, 0x00, 0xb0, 0x00, 0x0b, 0x00, 0x00, 0xe0, 0x0b, 0x00, 0x00, 0xb0, 0x3b,
    0xbc, 0x00, 0x00, 0x00, 0x00, 0x00, 0x00, 0x00, 0x00, 0x00, 0xe0, 0x00, 0x00, 0x00, 0x00, 0x0e,
    0x00, 0x00, 0x00, 0x00, 0x00, 0xe0, 0x00, 0x00, 0x00, 0x00, 0x0f, 0xbb, 0xbb, 0xba, 0x00, 0x00,
    0xe0, 0x00, 0x00, 0x00, 0x00, 0x0e, 0x00, 0x00, 0x00, 0xbb, 0xbb, 0xfb, 0xbb, 0xbb, 0x0e, 0x22,
    0x22, 0x22, 0x22, 0xe0, 0xe0, 0x00, 0x00, 0x00, 0x0e, 0x0e, 0x00, 0x00, 0x00, 0x00, 0xe0, 0xe0,
    0x00, 0x00, 0x00, 0x0e, 0x0f, 0xbb, 0xbb, 0xbb, 0xbb, 0xf0, 0xe0, 0x00, 0x00, 0x00, 0x0e, 0x01,
    0x00, 0x00, 0x00, 0x00, 0x00, 0x00, 0x00, 0x00, 0xb0, 0x00, 0x00, 0x00, 0x00, 0x00, 0x00, 0xb0,
    0x00, 0x00, 0x00, 0x00, 0x00, 0x00, 0xfb, 0xbb, 0xb8, 0x00, 0x00, 0x00, 0x00, 0xb0, 0x00, 0x00,
    0x00, 0x00, 0x00, 0x00, 0xb0, 0x00, 0x00, 0x00, 0x25, 0x55, 0x55, 0xf5, 0x55, 0x55, 0x51, 0x5b,
    0xbb, 0xbb, 0xfb, 0xbb, 0xbb, 0xb2, 0x00, 0x00, 0x00, 0xb0, 0x00, 0x00, 0x00, 0x00, 0x00, 0x00,
    0xb1, 0x51, 0x00, 0x00, 0x00, 0x00, 0x00, 0xb0, 0x15, 0x62, 0x00, 0x00, 0x00, 0x00, 0xb0, 0x00,
    0x04, 0x20, 0x00, 0x00, 0x00, 0xb0, 0x00, 0x00, 0x00, 0x00, 0x00, 0x00, 0xb0, 0x00, 0x00, 0x00,
    0x00, 0x00, 0x00, 0x00, 0x00, 0x00, 0x00, 0x00, 0x00, 0x80, 0x00, 0x00, 0x00, 0x00, 0x00, 0x04,
    0xfb, 0xbb, 0xf0, 0x00, 0x00, 0x00, 0x26, 0x00, 0x02, 0x50, 0x00, 0x00, 0x01, 0xfb, 0xbb, 0xbf,
    0xbb, 0xbb, 0xb2, 0x27, 0xe0, 0x00, 0x00, 0x00, 0x00, 0x00, 0x30, 0xe0, 0x00, 0x00, 0x00, 0x00,
    0x00, 0x00, 0xe0, 0x3e, 0xbb, 0xbb, 0xf1, 0x00, 0x00, 0xe0, 0x33, 0x00, 0x00, 0xe0, 0x00, 0x02,
    0xc0, 0x33, 0x00, 0x01, 0xd0, 0x00, 0x04, 0x90, 0x33, 0x03, 0xbc, 0x80, 0x00, 0x09, 0x40, 0x33,
    0x00, 0x00, 0x00, 0x60, 0x1b, 0x00, 0x33, 0x00, 0x00, 0x00, 0xc0, 0x83, 0x00, 0x1b, 0xbb, 0xbb,
    0xbc, 0x80, 0x10, 0x00, 0x00, 0x00, 0x00, 0x00, 0x00, 0x02, 0xfb, 0xbb, 0xbb, 0xbb, 0xbb, 0xb3,
    0x02, 0xd0, 0x00, 0x00, 0x00, 0x00, 0x00, 0x02, 0xd0, 0x00, 0x00, 0x00, 0x00, 0x00, 0x02, 0xd0,
    0x00, 0x00, 0x00, 0x00, 0x00, 0x02, 0xd0, 0x00, 0x00, 0x00, 0x00, 0x00, 0x03, 0xc0, 0x00, 0x00,
    0x00, 0x00, 0x00, 0x04, 0xc0, 0x00, 0x00, 0x00, 0x00, 0x00, 0x05, 0x90, 0x00, 0x00, 0x00, 0x00,
    0x00, 0x07, 0x60, 0x00, 0x00, 0x00, 0x00, 0x00, 0x0b, 0x20, 0x00, 0x00, 0x00, 0x00, 0x00, 0x1a,
    0x00, 0x00, 0x00, 0x00, 0x00, 0x00, 0x62, 0x00, 0x00, 0x00, 0x00, 0x00, 0x00, 0x03, 0xfb, 0xbb,
    0xbb, 0xbb, 0xbb, 0xb8, 0x03, 0xc0, 0x00, 0x07, 0x00, 0x00, 0x00, 0x03, 0xc0, 0x00, 0x0c, 0x00,
    0x00, 0x00, 0x03, 0xc0, 0x00, 0x0c, 0x00, 0x00, 0x00, 0x03, 0xc5, 0xbb, 0xcf, 0xbb, 0xbb, 0xf0,
    0x03, 0xb0, 0x00, 0x39, 0x00, 0x00, 0xe0, 0x04, 0xa0, 0x00, 0x47, 0x00, 0x02, 0xd0, 0x05, 0x90,
    0x00, 0x83, 0x00, 0x03, 0xb0, 0x07, 0x60, 0x00, 0xb0, 0x00, 0x04, 0xa0, 0x0a, 0x20, 0x05, 0x60,
    0x00, 0x06, 0x80, 0x0a, 0x00, 0x38, 0x00, 0x00, 0x09, 0x50, 0x44, 0x05, 0x60, 0x00, 0x6b, 0xbc,
    0x10, 0x00, 0x00, 0x00, 0x00, 0x00, 0x00, 0x00, 0x03, 0xfb, 0xbb, 0xbb, 0xbb, 0xbb, 0xba, 0x03,
    0xc0, 0x00, 0x00, 0x50, 0x00, 0x00, 0x03, 0xc0, 0x00, 0x00, 0xb0, 0x00, 0x00, 0x03, 0xc0, 0x00,
    0x00, 0xb0, 0x00, 0x00, 0x03, 0xc0, 0x00, 0x00, 0xb0, 0x00, 0x00, 0x03, 0xc1, 0xbb, 0xbb, 0xfb,
    0xbb, 0xb1, 0x04, 0xb0, 0x00, 0x00, 0xb0, 0x00, 0x00, 0x05, 0x90, 0x00, 0x00, 0xb0, 0x34, 0x00,
    0x07, 0x60, 0x00, 0x00, 0xb0, 0x03, 0x40, 0x09, 0x20, 0x00, 0x00, 0xb0, 0x00, 0x00, 0x0a, 0x1b,
    0xbb, 0xbb, 0xfb, 0xbb, 0xbb, 0x33, 0x03, 0x33, 0x33, 0x33, 0x33, 0x33, 0x03, 0xfb, 0xbb, 0xbb,
    0xbb, 0xbb, 0xb4, 0x03, 0xc0, 0x00, 0x07, 0x00, 0x00, 0x00, 0x03, 0xc0, 0xbb, 0xde, 0xbb, 0xbb,
    0x00, 0x03, 0xc0, 0xb0, 0x00, 0x00, 0x0b, 0x00, 0x03, 0xc0, 0xeb, 0xbb, 0xbb, 0xbe, 0x00, 0x04,
    0xc0, 0xb0, 0x00, 0x00, 0x0b, 0x00, 0x05, 0xa0, 0xb0, 0x00, 0x00, 0x0b, 0x00, 0x07, 0x80, 0xbb,
    0xbf, 0xbb, 0xbb, 0x00, 0x0a, 0x40, 0x03, 0x0b, 0x00, 0x51, 0x00, 0x0c, 0x00, 0x61, 0x0b, 0x00,
    0x07, 0x10, 0x56, 0x07, 0x10, 0x0b, 0x00, 0x00, 0x70, 0x30, 0x00, 0x06, 0xbd, 0x00, 0x00, 0x00,
    0x00, 0x05, 0x00, 0x40, 0x04, 0x10, 0x00, 0x00, 0x35, 0x00, 0x60, 0x00, 0x71, 0x00, 0x00, 0x70,
    0x00, 0x60, 0x00, 0x03, 0x00, 0x01, 0xfb, 0xbd, 0xfb, 0xbb, 0xbb, 0x70, 0x00, 0x10, 0x05, 0x10,
    0x00, 0x00, 0x00, 0x00, 0x00, 0x07, 0x00, 0x00, 0x00, 0x00, 0x00, 0x00, 0x2f, 0xbb, 0xbb, 0xf0,
    0x00, 0x00, 0x00, 0x86, 0x00, 0x00, 0x70, 0x00, 0x00, 0x04, 0x43, 0x40, 0x06, 0x10, 0x00, 0x00,
    0x26, 0x00, 0x62, 0x35, 0x00, 0x00, 0x03, 0x70, 0x00, 0x0a, 0x90, 0x00, 0x00, 0x25, 0x00, 0x00,
    0x64, 0x46, 0x00, 0x00, 0x00, 0x02, 0x66, 0x10, 0x01, 0x66, 0x30, 0x00, 0x02, 0x00, 0x00, 0x00,
    0x00, 0x30, 0x4f, 0xfb, 0xbf, 0xe4, 0x00, 0x00, 0x00, 0x03, 0xb0, 0x0b, 0x4c, 0xfb, 0xbb, 0xf3,
    0x03, 0xb0, 0x0b, 0x30, 0x60, 0x00, 0xe0, 0x03, 0xfb, 0xbf, 0x30, 0x60, 0x03, 0xb0, 0x03, 0xb0,
    0x0b, 0x30, 0x60, 0x07, 0x70, 0x03, 0xb0, 0x0b, 0x30, 0x33, 0x0b, 0x20, 0x03, 0xfb, 0xbf, 0x30,
    0x06, 0x2b, 0x00, 0x03, 0xb0, 0x0b, 0x30, 0x06, 0xa3, 0x00, 0x03, 0xb0, 0x0e, 0x70, 0x04, 0xf0,
    0x00, 0x28, 0xd6, 0x6e, 0x30, 0x0a, 0x63, 0x00, 0x00, 0x00, 0x0b, 0x30, 0x83, 0x07, 0x20, 0x00,
    0x00, 0x0b, 0x37, 0x30, 0x00, 0x62, 0x00, 0x9b, 0xbb, 0xbb, 0xbb, 0xb9, 0x00, 0x00, 0xb0, 0x00,
    0x00, 0x00, 0x0b, 0x00, 0x00, 0xb0, 0x00, 0x00, 0x00, 0x0b, 0x00, 0x00, 0xb0, 0x00, 0x00, 0x00,
    0x0b, 0x00, 0x00, 0xb0, 0x00, 0x00, 0x00, 0x0b, 0x00, 0x00, 0xb0, 0x00, 0x00, 0x00, 0x0b, 0x00,
    0x00, 0x9b, 0xbb, 0xbb, 0xbb, 0xb9, 0x00, 0x00, 0x00, 0x00, 0x00, 0x00, 0x00, 0x00, 0x00, 0x00,
    0x31, 0x00, 0x14, 0x00, 0x00, 0x00, 0x02, 0x60, 0x00, 0x03, 0x60, 0x00, 0x00, 0x36, 0x00, 0x00,
    0x00, 0x27, 0x00, 0x06, 0x50, 0x00, 0x00, 0x00, 0x01, 0x80, 0x02, 0x00, 0x00, 0x00, 0x00, 0x00,
    0x11, 0x1e, 0xee, 0xee, 0xee, 0xee, 0xef, 0xe8, 0x00, 0x00, 0x00, 0x00, 0x00, 0x0b, 0x00, 0x00,
    0x00, 0x00, 0x00, 0x00, 0x0b, 0x00, 0x00, 0xfb, 0xbb, 0xbc, 0x00, 0x0b, 0x00, 0x00, 0xe0, 0x00,
    0x0b, 0x00, 0x0b, 0x00, 0x00, 0xe0, 0x00, 0x0b, 0x00, 0x0b, 0x00, 0x00, 0xe0, 0x00, 0x0b, 0x00,
    0x0b, 0x00, 0x00, 0xe0, 0x00, 0x0b, 0x00, 0x0b, 0x00, 0x00, 0xfb, 0xbb, 0xbb, 0x00, 0x0b, 0x00,
    0x00, 0xd0, 0x00, 0x00, 0x00, 0x0b, 0x00, 0x00, 0x00, 0x00, 0x00, 0x00, 0x0b, 0x00, 0x00, 0x00,
    0x00, 0x00, 0xbb, 0xc9, 0x00, 0x00, 0x00, 0x00, 0xb0, 0x00, 0x00, 0x00, 0x00, 0x00, 0x0b, 0x00,
    0x00, 0x00, 0x0b, 0xbb, 0xbb, 0xfb, 0xbb, 0xb8, 0x00, 0xb0, 0x00, 0x0b, 0x00, 0x00, 0xb0, 0x0b,
    0x00, 0x00, 0xb0, 0x00, 0x0b, 0x00, 0xb0, 0x00, 0x0b, 0x00, 0x00, 0xb0, 0x0e, 0xbb, 0xbc, 0xfb,
    0xbb, 0xbb, 0x00, 0x01, 0x00, 0x38, 0x00, 0x00, 0x00, 0x00, 0x60, 0x06, 0x20, 0x00, 0x00, 0x00,
    0x01, 0x61, 0x70, 0x00, 0x00, 0x00, 0x00, 0x06, 0xd0, 0x00, 0x00, 0x00, 0x00, 0x47, 0x41, 0x75,
    0x10, 0x00, 0x00, 0x52, 0x00, 0x00, 0x15, 0x66, 0x65, 0x30, 0x00, 0x00, 0x00, 0x00, 0x00, 0x12,
    0x00, 0x00, 0x00, 0x40, 0x00, 0x00, 0x00, 0x00, 0x00, 0x03, 0x40, 0x00, 0x00, 0x00, 0x00, 0x00,
    0x06, 0x00, 0x00, 0x00, 0x00, 0x0b, 0xbb, 0xbf, 0xbb, 0xbb, 0xbb, 0xb1, 0x00, 0x00, 0x43, 0x00,
    0x00, 0x00, 0x00, 0x00, 0x00, 0x70, 0x00, 0x00, 0x00, 0x00, 0x00, 0x05, 0x30, 0x00, 0x00, 0x00,
    0x00, 0x00, 0x27, 0xdb, 0xbb, 0xbb, 0xbd, 0x00, 0x01, 0x81, 0x50, 0x00, 0x00, 0x06, 0x00, 0x27,
    0x01, 0x50, 0x00, 0x00, 0x06, 0x00, 0x00, 0x01, 0x50, 0x00, 0x00, 0x06, 0x00, 0x00, 0x01, 0xeb,
    0xbb, 0xbb, 0xbf, 0x00, 0x00, 0x01, 0x50, 0x00, 0x00, 0x06, 0x00, 0x04, 0xcb, 0xbb, 0xbb, 0xbc,
    0x30, 0x04, 0x30, 0x00, 0x00, 0x03, 0x30, 0x04, 0x30, 0x00, 0x00, 0x03, 0x30, 0x03, 0xbb, 0xbb,
    0xbb, 0xbb, 0x20, 0x00, 0x00, 0x00, 0x00, 0x00, 0x00, 0xbb, 0xbe, 0xbb, 0xbb, 0xbb, 0xba, 0x00,
    0x24, 0x00, 0x00, 0x00, 0x00, 0x00, 0xdb, 0xbb, 0xbb, 0xbd, 0x10, 0x00, 0x00, 0x00, 0x00, 0x07,
    0x00, 0x00, 0x00, 0x00, 0x00, 0x07, 0x00, 0x00, 0x00, 0x00, 0x00, 0x17, 0x00, 0x00, 0x00, 0x04,
    0xbb, 0xb1, 0x00, 0x00, 0x00, 0x00, 0x00, 0x00, 0x00, 0xbb, 0xbb, 0xbb, 0xbb, 0xbb, 0xbf, 0xb0,
    0x00, 0x00, 0x00, 0x00, 0x0c, 0xb0, 0x3b, 0xbb, 0xbb, 0xbb, 0x0c, 0xb0, 0x00, 0x00, 0x00, 0x00,
    0x0c, 0xb0, 0x0b, 0xbb, 0xbb, 0xb1, 0x0c, 0xb0, 0x06, 0x00, 0x00, 0x51, 0x0c, 0xb0, 0x06, 0x00,
    0x00, 0x51, 0x0c, 0xb0, 0x06, 0x00, 0x00, 0x51, 0x0c, 0xb0, 0x0d, 0xbb, 0xbb, 0xd1, 0x0c, 0xb0,
    0x06, 0x00, 0x00, 0x00, 0x0c, 0xb0, 0x01, 0x00, 0x00, 0x00, 0x0c, 0xb0, 0x00, 0x00, 0x00, 0x09,
    0xca, 0x00, 0x00, 0x00, 0x30, 0x00, 0x00, 0x00, 0x00, 0x00, 0x44, 0x00, 0x00, 0x00, 0x00, 0x00,
    0x4a, 0xbb, 0xbb, 0xe8, 0x00, 0x00, 0x55, 0x00, 0x00, 0x16, 0x00, 0x01, 0x72, 0x36, 0x00, 0x17,
    0x00, 0x00, 0x00, 0x00, 0x18, 0x47, 0x00, 0x00, 0x00, 0x00, 0x01, 0x75, 0x00, 0x00, 0x00, 0x00,
    0x3f, 0xfc, 0xbb, 0xbb, 0xf2, 0x07, 0x76, 0xb0, 0x00, 0x00, 0x0b, 0x30, 0x00, 0x3b, 0x00, 0x00,
    0x00, 0xb3, 0x00, 0x03, 0xb0, 0x00, 0x00, 0x0b, 0x30, 0x00, 0x3f, 0xbb, 0xbb, 0xbb, 0xf3, 0x00,
    0x03, 0xb0, 0x00, 0x00, 0x0b, 0x30, 0x00, 0x00, 0x00, 0x00, 0x00, 0x00, 0x00, 0x00, 0x00, 0x02,
    0x47, 0x76, 0x00, 0x00, 0xf8, 0x88, 0x86, 0x41, 0x00, 0x00, 0x00, 0xf0, 0x00, 0x00, 0x00, 0x00,
    0x00, 0x00, 0xf0, 0x00, 0x00, 0x00, 0x00, 0x00, 0x00, 0xfb, 0xbb, 0xbb, 0xbb, 0xbb, 0xb5, 0x01,
    0xe0, 0x00, 0x00, 0x00, 0x00, 0x00, 0x01, 0xe0, 0x00, 0x00, 0x00, 0x00, 0x00, 0x03, 0xc0, 0xfb,
    0xbb, 0xbb, 0xbe, 0x20, 0x04, 0xa0, 0xf0, 0x00, 0x00, 0x0b, 0x20, 0x08, 0x60, 0xf0, 0x00, 0x00,
    0x0b, 0x20, 0x0b, 0x10, 0xf0, 0x00, 0x00, 0x0b, 0x20, 0x2a, 0x00, 0xfb, 0xbb, 0xbb, 0xbf, 0x20,
    0x71, 0x00, 0xf0, 0x00, 0x00, 0x0b, 0x20, 0x00, 0x00, 0x03, 0x00, 0x00, 0x00, 0x00, 0x00, 0x06,
    0x00, 0x00, 0x00, 0x00, 0x00, 0x42, 0x00, 0x00, 0x00, 0xbb, 0xbb, 0xeb, 0xbb, 0xbb, 0xbf, 0xb0,
    0x00, 0x00, 0x00, 0x00, 0x0f, 0xb0, 0x2f, 0xbb, 0xbb, 0x90, 0x0f, 0xb0, 0x2d, 0x00, 0x00, 0xb0,
    0x0f, 0xb0, 0x2d, 0x00, 0x00, 0xb0, 0x0f, 0xb0, 0x2d, 0x00, 0x00, 0xb0, 0x0f, 0xb0, 0x2f, 0xbb,
    0xbb, 0xc0, 0x0f, 0xb0, 0x2d, 0x00, 0x00, 0x00, 0x0f, 0xb0, 0x00, 0x00, 0x00, 0x00, 0x0f, 0xb0,
    0x00, 0x00, 0x00, 0x9b, 0xbc, 0x0b, 0xbb, 0xbb, 0xbd, 0xdb, 0xbb, 0xb0, 0x00, 0x00, 0x00, 0x18,
    0x00, 0x00, 0x00, 0x00, 0x00, 0x03, 0xa3, 0x41, 0x00, 0x00, 0x00, 0x01, 0x74, 0x33, 0x15, 0x61,
    0x00, 0x02, 0x76, 0x00, 0x33, 0x00, 0x16, 0x50, 0x16, 0x00, 0x00, 0x33, 0x00, 0x00, 0x31, 0x00,
    0x00, 0x00, 0x22, 0x00, 0x00, 0x00, 0x00, 0x5c, 0xbb, 0xbb, 0xbb, 0xb7, 0x00, 0x00, 0x51, 0x00,
    0x00, 0x00, 0x06, 0x00, 0x00, 0x51, 0x00, 0x00, 0x00, 0x06, 0x00, 0x00, 0x7c, 0xbb, 0xbb, 0xbb,
    0xb9, 0x00, 0x00, 0x51, 0x00, 0x00, 0x00, 0x06, 0x00, 0x00, 0x00, 0x00, 0x00, 0x00, 0x00, 0x00,
    0x00, 0x00, 0x00, 0x00, 0x14, 0x66, 0x10, 0x1f, 0xbb, 0x80, 0x3a, 0x51, 0x00, 0x00, 0x1e, 0x00,
    0xb0, 0x4c, 0x00, 0x00, 0x00, 0x1e, 0x00, 0xb0, 0x4c, 0x00, 0x00, 0x00, 0x1e, 0x00, 0xb0, 0x4f,
    0x33, 0x33, 0x31, 0x1e, 0x00, 0xb0, 0x4f, 0xbb, 0xfb, 0xb2, 0x1e, 0x00, 0xb0, 0x5c, 0x00, 0xb0,
    0x00, 0x1e, 0x00, 0xb0, 0x6a, 0x00, 0xb0, 0x00, 0x1e, 0x00, 0xb0, 0x78, 0x00, 0xb0, 0x00, 0x1f,
    0xbb, 0x90, 0xa4, 0x00, 0xb0, 0x00, 0x1c, 0x00, 0x00, 0xc0, 0x00, 0xb0, 0x00, 0x00, 0x00, 0x06,
    0x60, 0x00, 0xb0, 0x00, 0x00, 0x00, 0x07, 0x00, 0x00, 0xb0, 0x00, 0x00, 0x00, 0x00, 0x14, 0x00,
    0x00, 0x00, 0x00, 0x00, 0x00, 0x60, 0x00, 0x00, 0x00, 0xfb, 0xbb, 0xbb, 0xbb, 0xbb, 0x00, 0x0f,
    0x00, 0x00, 0x00, 0x00, 0xb0, 0x00, 0xf0, 0x00, 0x00, 0x00, 0x0b, 0x00, 0x1f, 0xbb, 0xbb, 0xbb,
    0xbb, 0xe0, 0x01, 0xe0, 0x00, 0x00, 0x00, 0x00, 0x00, 0x2d, 0x00, 0x00, 0x00, 0x00, 0x00, 0x04,
    0xb3, 0xeb, 0xbb, 0xbb, 0xbd, 0x30, 0x68, 0x3b, 0x00, 0x00, 0x00, 0x73, 0x0a, 0x33, 0xb0, 0x00,
    0x00, 0x07, 0x31, 0xb0, 0x3f, 0xbb, 0xbb, 0xbb, 0xf3, 0x72, 0x03, 0xb0, 0x00, 0x00, 0x07, 0x30,
    0x00, 0x01, 0x00, 0x00, 0x00, 0x00, 0x00, 0x00, 0x50, 0x0b, 0x00, 0x00, 0x00, 0x00, 0x06, 0x20,
    0x0b, 0x00, 0x00, 0x00, 0x00, 0x1f, 0xbb, 0xbf, 0xbb, 0xbb, 0x50, 0x00, 0x80, 0x00, 0x0b, 0x00,
    0x00, 0x00, 0x04, 0x10, 0x00, 0x0b, 0x00, 0x00, 0x00, 0x0b, 0xbb, 0xbb, 0xbf, 0xbb, 0xbb, 0xb7,
    0x03, 0x33, 0x33, 0x33, 0x33, 0x33, 0x32, 0x00, 0x00, 0x00, 0x00, 0x00, 0x00, 0x00, 0x00, 0x4e,
    0xbb, 0xbb, 0xbb, 0xbe, 0x00, 0x00, 0x4b, 0x00, 0x00, 0x00, 0x0e, 0x00, 0x00, 0x4b, 0x00, 0x00,
    0x00, 0x0e, 0x00, 0x00, 0x4b, 0x00, 0x00, 0x00, 0x0e, 0x00, 0x00, 0x5f, 0xbb, 0xbb, 0xbb, 0xbf,
    0x00, 0x00, 0xfc, 0xbb, 0xfb, 0xbb, 0xbf, 0x40, 0x0f, 0x10, 0x0b, 0x00, 0x00, 0xb4, 0x00, 0xf9,
    0xbb, 0xfb, 0xbb, 0x1b, 0x40, 0x0f, 0x10, 0x0b, 0x00, 0x00, 0xb4, 0x00, 0xfc, 0xbb, 0xfb, 0xbb,
    0x6b, 0x40, 0x0f, 0x22, 0x22, 0x22, 0x21, 0xb4, 0x01, 0xe0, 0xfb, 0xbb, 0xbb, 0x0b, 0x40, 0x3c,
    0x0f, 0x00, 0x00, 0xb0, 0xb4, 0x06, 0x90, 0xf0, 0x00, 0x0b, 0x0b, 0x40, 0xa3, 0x0f, 0xbb, 0xbb,
    0xe0, 0xb4, 0x1b, 0x00, 0xc0, 0x00, 0x00, 0x0b, 0x47, 0x20, 0x00, 0x00, 0x01, 0xbb, 0xd2, 0x00,
    0x00, 0x00, 0x00, 0x00, 0x00, 0x00, 0x00, 0x00, 0x00, 0x70, 0x00, 0x00, 0x00, 0x00, 0x00, 0x04,
    0x47, 0x00, 0x00, 0x00, 0x00, 0x00, 0x55, 0x01, 0x71, 0x00, 0x00, 0x00, 0x06, 0x40, 0x00, 0x07,
    0x50, 0x00, 0x05, 0x82, 0xbb, 0xbb, 0xb2, 0x48, 0x50, 0x33, 0x00, 0x00, 0x00, 0x00, 0x01, 0x42,
    0x03, 0xfb, 0xb8, 0x08, 0xbb, 0xbf, 0x20, 0x03, 0xb0, 0x06, 0x06, 0x00, 0x0b, 0x20, 0x03, 0xb0,
    0x06, 0x06, 0x00, 0x0b, 0x20, 0x03, 0xb0, 0x06, 0x06, 0x00, 0x0b, 0x20, 0x03, 0xf8, 0x85, 0x06,
    0x0b, 0xbd, 0x10, 0x02, 0xa0, 0x00, 0x06, 0x00, 0x00, 0x00, 0x00, 0x00, 0x00, 0x06, 0x00, 0x00,
    0x00, 0x00, 0x00, 0x35, 0x73, 0x00, 0x00, 0x00, 0x05, 0xa9, 0xf3, 0x00, 0xbb, 0xbb, 0xb2, 0x00,
    0x00, 0xb0, 0x00, 0xe0, 0x00, 0xb2, 0x00, 0x00, 0xb0, 0x00, 0xe0, 0x00, 0xb2, 0x08, 0xbb, 0xfb,
    0xba, 0xe0, 0x00, 0xb2, 0x00, 0x01, 0xf2, 0x00, 0xe0, 0x00, 0xb2, 0x00, 0x06, 0xc6, 0x10, 0xe0,
    0x00, 0xb2, 0x00, 0x16, 0xb0, 0x70, 0xe0, 0x00, 0xb2, 0x00, 0x70, 0xb0, 0x24, 0xe0, 0x00, 0xb2,
    0x05, 0x30, 0xb0, 0x00, 0xe0, 0x00, 0xb2, 0x05, 0x00, 0xb0, 0x00, 0xe0, 0x00, 0xb2, 0x00, 0x00,
    0xb0, 0x00, 0xfb, 0xbb, 0xf2, 0x00, 0x00, 0xb0, 0x00, 0xd0, 0x00, 0xa2, 0x01, 0xdb, 0xbc, 0x01,
    0xdb, 0xbc, 0x20, 0x01, 0x50, 0x06, 0x01, 0x50, 0x05, 0x20, 0x01, 0x50, 0x06, 0x01, 0x50, 0x05,
    0x20, 0x01, 0xbb, 0xba, 0x21, 0xbb, 0xbb, 0x10, 0x00, 0x00, 0x01, 0x60, 0x15, 0x50, 0x00, 0x2b,
    0xbb, 0xcf, 0xbb, 0xfc, 0xbb, 0xb2, 0x00, 0x01, 0x71, 0x00, 0x15, 0x40, 0x00, 0x01, 0xff, 0xba,
    0x01, 0xbb, 0xdf, 0x71, 0x27, 0x60, 0x06, 0x01, 0x50, 0x05, 0x20, 0x01, 0x50, 0x06, 0x01, 0x50,
    0x05, 0x20, 0x01, 0x50, 0x06, 0x01, 0x50, 0x05, 0x20, 0x01, 0xfb, 0xbf, 0x01, 0xfb, 0xbf, 0x20,
    0x11, 0x11, 0x11, 0x11, 0x11, 0x11, 0xff, 0xff, 0xff, 0xff, 0xff, 0xfd, 0xf0, 0x00, 0xb0, 0x0b,
    0x00, 0x0d, 0xf0, 0x01, 0xa0, 0x0b, 0x00, 0x0d, 0xf0, 0x02, 0x90, 0x0b, 0x00, 0x0d, 0xf0, 0x04,
    0x60, 0x0b, 0x00, 0x0d, 0xf0, 0x08, 0x30, 0x0b, 0x00, 0x0d, 0xf0, 0x1a, 0x00, 0x0c, 0xbb, 0x5d,
    0xf1, 0x92, 0x00, 0x00, 0x00, 0x0d, 0xf3, 0x10, 0x00, 0x00, 0x00, 0x0d, 0xf0, 0x00, 0x00, 0x00,
    0x00, 0x0d, 0xfb, 0xbb, 0xbb, 0xbb, 0xbb, 0xbf, 0xd0, 0x00, 0x00, 0x00, 0x00, 0x0b, 0xfb, 0xbb,
    0xbb, 0xbb, 0xbb, 0xbe, 0xf0, 0x00, 0x00, 0x00, 0x00, 0x0e, 0xf0, 0x00, 0x00, 0x00, 0x00, 0x0e,
    0xf0, 0x0b, 0xbb, 0xbb, 0xb0, 0x0e, 0xf0, 0x0b, 0x00, 0x00, 0xb0, 0x0e, 0xf0, 0x0b, 0x00, 0x00,
    0xb0, 0x0e, 0xf0, 0x0b, 0x00, 0x00, 0xb0, 0x0e, 0xf0, 0x0b, 0xbb, 0xbb, 0xb0, 0x0e, 0xf0, 0x00,
    0x00, 0x00, 0x00, 0x0e, 0xf0, 0x00, 0x00, 0x00, 0x00, 0x0e, 0xfb, 0xbb, 0xbb, 0xbb, 0xbb, 0xbf,
    0xf0, 0x00, 0x00, 0x00, 0x00, 0x0e, 0xfb, 0xbb, 0xbb, 0xbb, 0xbb, 0xbe, 0xf0, 0x00, 0x00, 0x80,
    0x00, 0x0e, 0xf0, 0x00, 0x01, 0xa0, 0x00, 0x0e, 0xf0, 0x00, 0x02, 0x90, 0x00, 0x0e, 0xf1, 0xbb,
    0xbf, 0xfb, 0xbb, 0x2e, 0xf0, 0x00, 0x0a, 0x50, 0x00, 0x0e, 0xf0, 0x00, 0x0a, 0x44, 0x00, 0x0e,
    0xf0, 0x00, 0x73, 0x04, 0x40, 0x0e, 0xf0, 0x06, 0x50, 0x00, 0x44, 0x0e, 0xf0, 0x52, 0x00, 0x00,
    0x04, 0x0e, 0xfb, 0xbb, 0xbb, 0xbb, 0xbb, 0xbf, 0xf0, 0x00, 0x00, 0x00, 0x00, 0x0e, 0xfb, 0xbb,
    0xbb, 0xbb, 0xbb, 0xbe, 0xf0, 0x00, 0x0a, 0x00, 0x00, 0x0e, 0xf0, 0x00, 0x0b, 0x00, 0x00, 0x0e,
    0xf6, 0xbb, 0xbf, 0xbb, 0xbb, 0x0e, 0xf0, 0x00, 0x0b, 0x00, 0x00, 0x0e, 0xf0, 0x0b, 0xbf, 0xbb,
    0xb0, 0x0e, 0xf0, 0x0c, 0x33, 0x33, 0xc0, 0x0e, 0xf0, 0x0b, 0x00, 0x00, 0xb0, 0x0e, 0xf0, 0x0b,
    0x00, 0x00, 0xb0, 0x0e, 0xf0, 0x0b, 0xbb, 0xbb, 0xb0, 0x0e, 0xf0, 0x00, 0x00, 0x00, 0x00, 0x0e,
    0xfb, 0xbb, 0xbb, 0xbb, 0xbb, 0xbf, 0xeb, 0xbb, 0xbb, 0xbb, 0xbb, 0xbd, 0xe0, 0x00, 0x41, 0x00,
    0x00, 0x0d, 0xe0, 0x02, 0xfb, 0xbb, 0xe0, 0x0d, 0xe0, 0x47, 0x60, 0x06, 0x20, 0x0d, 0xe1, 0x40,
    0x18, 0x81, 0x00, 0x0d, 0xe0, 0x04, 0x64, 0x56, 0x20, 0x0d, 0xe3, 0x62, 0x11, 0x00, 0x57, 0x1d,
    0xe0, 0x00, 0x15, 0x74, 0x00, 0x0d, 0xe0, 0x06, 0x52, 0x00, 0x00, 0x0d, 0xe0, 0x00, 0x14, 0x66,
    0x40, 0x0d, 0xe0, 0x00, 0x00, 0x00, 0x00, 0x0d, 0xfb, 0xbb, 0xbb, 0xbb, 0xbb, 0xbf, 0x00, 0x00,
    0x03, 0x10, 0x00, 0x00, 0x00, 0x00, 0x00, 0x06, 0x00, 0x00, 0x00, 0x00, 0x0b, 0xbb, 0xcf, 0xbb,
    0xbb, 0xbb, 0xb0, 0x00, 0x00, 0x61, 0x00, 0x00, 0x00, 0x00, 0x00, 0x01, 0x60, 0x00, 0x60, 0x00,
    0x00, 0x00, 0x08, 0x00, 0x00, 0x60, 0x00, 0x00, 0x00, 0x68, 0x00, 0x00, 0x60, 0x00, 0x00, 0x06,
    0x46, 0x0a, 0xbb, 0xfb, 0xbb, 0x60, 0x13, 0x06, 0x00, 0x00, 0x60, 0x00, 0x00, 0x00, 0x06, 0x00,
    0x00, 0x60, 0x00, 0x00, 0x00, 0x06, 0x00, 0x00, 0x60, 0x00, 0x00, 0x00, 0x06, 0x00, 0x00, 0x60,
    0x00, 0x00, 0x00, 0x06, 0x7f, 0xff, 0xff, 0xff, 0xf1, 0x00, 0xb0, 0x00, 0x00, 0x0b, 0x00, 0x00,
    0x00, 0xb0, 0x00, 0x80, 0x0b, 0x00, 0x00, 0x00, 0xb0, 0x00, 0xb0, 0x0b, 0x00, 0x20, 0x00, 0xb0,
    0x00, 0xb0, 0x0b, 0x36, 0xe0, 0x8b, 0xfb, 0xa0, 0xb0, 0x5f, 0x40, 0xc0, 0x00, 0xb0, 0x02, 0xf6,
    0x2b, 0x00, 0xb0, 0x00, 0xb0, 0x35, 0xc0, 0x0b, 0x00, 0xb0, 0x00, 0xb0, 0x00, 0xb0, 0x0b, 0x00,
    0xb0, 0x00, 0xb2, 0x50, 0xb0, 0x0b, 0x02, 0xb0, 0x36, 0xf4, 0x00, 0xb0, 0x07, 0x5b, 0x41, 0x10,
    0x00, 0x00, 0xb0, 0x00, 0x00, 0x06, 0x00, 0x00, 0x00, 0xc0, 0x00, 0x00, 0x34, 0x00, 0x00, 0x00,
    0xac, 0xbb, 0xbb, 0xb1, 0x00, 0x0b, 0x00, 0x00, 0x03, 0xb0, 0x00, 0x00, 0x00, 0xb0, 0x00, 0x00,
    0x3b, 0x00, 0x00, 0x00, 0x0b, 0x00, 0x00, 0x03, 0xb0, 0x00, 0x01, 0x66, 0xf6, 0x5a, 0x00, 0x3b,
    0x00, 0x00, 0x00, 0x0c, 0x00, 0xb0, 0x03, 0xb0, 0x00, 0x00, 0x00, 0xb0, 0x0b, 0x00, 0x3f, 0xbb,
    0xb1, 0x00, 0x0b, 0x00, 0xb0, 0x03, 0xb0, 0x00, 0x00, 0x00, 0xb0, 0x0b, 0x00, 0x3b, 0x00, 0x00,
    0x00, 0x0c, 0x55, 0xb0, 0x03, 0xb0, 0x00, 0x00, 0x36, 0x91, 0x0b, 0x00, 0x3b, 0x00, 0x00, 0x14,
    0x00, 0x00, 0xb0, 0x03, 0xb0, 0x00, 0x00, 0x00, 0x00, 0x0b, 0x00, 0x3b, 0x00, 0x00, 0x00, 0x00,
    0xaf, 0xff, 0xff, 0xff, 0xff, 0x30, 0x00, 0xb0, 0x00, 0x00, 0x03, 0x56, 0x00, 0x00, 0xb0, 0x00,
    0x00, 0x02, 0x31, 0x60, 0x00, 0xb0, 0x1f, 0xbb, 0xbd, 0xfb, 0xb3, 0x24, 0xf4, 0x4d, 0x00, 0x01,
    0x40, 0x00, 0x12, 0xd2, 0x3d, 0x00, 0x00, 0x50, 0x10, 0x00, 0xb0, 0x2f, 0xbb, 0xf0, 0x60, 0x70,
    0x00, 0xb0, 0x2d, 0x00, 0xe0, 0x63, 0x40, 0x00, 0xb0, 0x2c, 0x00, 0xe0, 0x67, 0x00, 0x00, 0xb0,
    0x3b, 0x00, 0xe0, 0x75, 0x00, 0x00, 0xc6, 0x89, 0x02, 0xd0, 0xd0, 0x00, 0x47, 0x40, 0x65, 0x8b,
    0x76, 0x53, 0x0b, 0x00, 0x00, 0x91, 0x00, 0x54, 0x07, 0x2a, 0x00, 0x01, 0x60, 0x04, 0x30, 0x03,
    0xc6, 0x00, 0x00, 0x00, 0x00, 0x00, 0x00, 0x00, 0x00, 0xb0, 0x00, 0x00, 0x05, 0x26, 0x00, 0x00,
    0xb0, 0x00, 0x00, 0x05, 0x03, 0x30, 0x00, 0xb0, 0x5b, 0xbb, 0xbf, 0xbb, 0xb0, 0x24, 0xf4, 0x20,
    0x00, 0x05, 0x00, 0x00, 0x00, 0xb0, 0x0b, 0xbb, 0x84, 0x10, 0x20, 0x00, 0xb0, 0x0b, 0x00, 0xb3,
    0x20, 0x70, 0x00, 0xb0, 0x0b, 0x00, 0xb2, 0x24, 0x30, 0x00, 0xb0, 0x0b, 0x00, 0xb1, 0x47, 0x00,
    0x00, 0xb0, 0x0b, 0xbb, 0x80, 0x83, 0x00, 0x00, 0xe5, 0x30, 0x00, 0x43, 0xb0, 0x00, 0x36, 0x10,
    0x36, 0x65, 0x27, 0x50, 0x80, 0x00, 0x00, 0x10, 0x01, 0x72, 0x32, 0xc0, 0x00, 0x00, 0x00, 0x06,
    0x10, 0x08, 0xa0, 0x00, 0xb0, 0x00, 0x06, 0x34, 0x00, 0x00, 0x00, 0xb0, 0x00, 0x52, 0x07, 0x00,
    0x00, 0x00, 0xb0, 0x00, 0x92, 0x25, 0x42, 0x20, 0x00, 0xb0, 0x08, 0xfb, 0xbf, 0xbb, 0xa0, 0x34,
    0xf4, 0x69, 0xb0, 0x0b, 0x00, 0x00, 0x00, 0xb0, 0x14, 0xfb, 0xbf, 0xbb, 0x60, 0x00, 0xb0, 0x04,
    0xb0, 0x0b, 0x00, 0x00, 0x00, 0xb0, 0x04, 0xb0, 0x0b, 0x00, 0x00, 0x00, 0xc6, 0x84, 0xfb, 0xbf,
    0xbb, 0x60, 0x27, 0xb2, 0x04, 0xb0, 0x0b, 0x00, 0x00, 0x30, 0x00, 0x04, 0xb0, 0x0b, 0x00, 0x00,
    0x00, 0x00, 0x04, 0xfc, 0xcf, 0xcc, 0xc0, 0x00, 0x00, 0x04, 0xe2, 0x22, 0x22, 0x20, 0x00, 0x00,
    0x00, 0x00, 0x00, 0x00, 0x00, 0x00, 0xb0, 0x00, 0x00, 0x61, 0x00, 0x00, 0x00, 0xb0, 0x00, 0x00,
    0x60, 0x00, 0x00, 0x00, 0xb0, 0x0b, 0xbb, 0xfb, 0xbb, 0x80, 0x00, 0xb0, 0x00, 0x55, 0xa5, 0x54,
    0x00, 0x6b, 0xfb, 0x81, 0x50, 0x00, 0x06, 0x00, 0x00, 0xb0, 0x01, 0x94, 0x44, 0x49, 0x00, 0x00,
    0xb0, 0x01, 0xfb, 0xbb, 0xbf, 0x00, 0x00, 0xb0, 0x01, 0x50, 0x00, 0x06, 0x00, 0x00, 0xb0, 0x01,
    0xc7, 0x77, 0x7b, 0x00, 0x00, 0xf7, 0xac, 0xfb, 0xbb, 0xbf, 0xb3, 0x36, 0x50, 0x25, 0x57, 0x55,
    0x75, 0x51, 0x00, 0x00, 0x00, 0x73, 0x00, 0x55, 0x00, 0x00, 0x00, 0x27, 0x10, 0x00, 0x03, 0x50,
    0x00, 0x00, 0x00, 0x00, 0x00, 0x00, 0x00, 0x00, 0x00, 0x00, 0x00, 0x00, 0x00, 0x00, 0x00, 0x00,
    0x71, 0x00, 0x00, 0x00, 0x00, 0x00, 0x04, 0xfb, 0xbb, 0xbc, 0x50, 0x00, 0x00, 0x56, 0x50, 0x00,
    0x17, 0x10, 0x00, 0x07, 0x30, 0x45, 0x04, 0x61, 0x00, 0x00, 0x00, 0x00, 0x05, 0xe6, 0x00, 0x00,
    0x00, 0x00, 0x16, 0x74, 0x04, 0x65, 0x10, 0x00, 0x47, 0x95, 0x44, 0x44, 0x45, 0x98, 0x60, 0x00,
    0xbb, 0xbb, 0xfb, 0xbb, 0xc6, 0x00, 0x00, 0xb0, 0x00, 0x60, 0x00, 0x46, 0x00, 0x00, 0xfb, 0xbb,
    0xfb, 0xbb, 0xf8, 0x00, 0x00, 0xb0, 0x00, 0x60, 0x00, 0x46, 0x00, 0x00, 0xb0, 0x00, 0x60, 0x00,
    0x46, 0x00, 0x00, 0xfe, 0xee, 0xfe, 0xee, 0xf9, 0x00, 0x00, 0x10, 0x00, 0x00, 0x00, 0x00, 0x00,
    0x00, 0x02, 0x40, 0x00, 0x00, 0x00, 0x00, 0x00, 0x1e, 0x66, 0x66, 0x66, 0x66, 0x50, 0x00, 0x71,
    0x00, 0x00, 0x00, 0x00, 0x00, 0x18, 0x2b, 0xbb, 0xbb, 0xbb, 0xb8, 0x00, 0x11, 0x0b, 0x00, 0x00,
    0x00, 0x0b, 0x00, 0x00, 0x0e, 0xbb, 0xbb, 0xbb, 0xbb, 0x00, 0x00, 0x0c, 0x11, 0x11, 0x11, 0x1b,
    0x00, 0x00, 0x04, 0x76, 0x44, 0x44, 0x43, 0x00, 0x00, 0x02, 0xfb, 0xbb, 0xbb, 0xf1, 0x00, 0x00,
    0x38, 0x70, 0x00, 0x07, 0x70, 0x00, 0x02, 0x50, 0x17, 0x54, 0x94, 0x00, 0x00, 0x00, 0x00, 0x37,
    0xbc, 0x63, 0x00, 0x00, 0x37, 0x77, 0x51, 0x00, 0x03, 0x66, 0x64, 0x00, 0x06, 0x00, 0x00, 0xb0,
    0x00, 0x00, 0x00, 0x60, 0x00, 0x0b, 0x00, 0x00, 0x00, 0x3e, 0xbb, 0xa0, 0xb0, 0x00, 0x00, 0x06,
    0x00, 0x06, 0x0b, 0x00, 0x00, 0x01, 0x50, 0x01, 0x50, 0xb2, 0x00, 0x00, 0x72, 0x00, 0x51, 0x0b,
    0x55, 0x00, 0x24, 0x36, 0x06, 0x00, 0xb0, 0x27, 0x00, 0x00, 0x1a, 0x50, 0x0b, 0x00, 0x18, 0x00,
    0x00, 0x70, 0x00, 0xb0, 0x00, 0x00, 0x00, 0x52, 0x00, 0x0b, 0x00, 0x00, 0x00, 0x45, 0x00, 0x00,
    0xb0, 0x00, 0x00, 0x55, 0x00, 0x00, 0x0b, 0x00, 0x00, 0x32, 0x00, 0x00, 0x00, 0xb0, 0x00, 0x00,
    0x00, 0x00, 0x00, 0x00, 0x00, 0x00, 0x00, 0x00, 0x00, 0x53, 0x00, 0x00, 0x00, 0x00, 0x00, 0x5f,
    0xbb, 0xbd, 0x00, 0x00, 0x01, 0x73, 0x00, 0x01, 0x70, 0x00, 0x04, 0x61, 0x50, 0x01, 0x70, 0x00,
    0x00, 0x00, 0x01, 0x75, 0x60, 0x00, 0x00, 0x00, 0x00, 0x17, 0x52, 0x60, 0x00, 0x00, 0x03, 0x76,
    0x03, 0xeb, 0xbb, 0xd5, 0x18, 0x50, 0x05, 0x50, 0x00, 0x07, 0x00, 0x00, 0x37, 0x22, 0x00, 0x06,
    0x20, 0x00, 0x23, 0x00, 0x45, 0x17, 0x30, 0x00, 0x00, 0x00, 0x00, 0x89, 0x10, 0x00, 0x00, 0x00,
    0x36, 0x62, 0x00, 0x00, 0x01, 0x76, 0x63, 0x00, 0x00, 0x00, 0x00, 0x00, 0x00, 0x00, 0x24, 0x00,
    0x00, 0x00, 0x00, 0x00, 0x00, 0x24, 0x00, 0x00, 0x00, 0x00, 0x00, 0x00, 0x33, 0x00, 0x00, 0x00,
    0x00, 0x00, 0x00, 0x51, 0x00, 0x00, 0x00, 0x1b, 0xbb, 0xbb, 0xfc, 0xbb, 0xbb, 0xb1, 0x00, 0x00,
    0x00, 0x67, 0x00, 0x00, 0x00, 0x00, 0x00, 0x00, 0x66, 0x10, 0x00, 0x00, 0x00, 0x00, 0x04, 0x21,
    0x60, 0x00, 0x00, 0x00, 0x00, 0x07, 0x00, 0x61, 0x00, 0x00, 0x00, 0x00, 0x62, 0x00, 0x17, 0x00,
    0x00, 0x00, 0x04, 0x40, 0x00, 0x03, 0x60, 0x00, 0x00, 0x64, 0x00, 0x00, 0x00, 0x47, 0x00, 0x17,
    0x20, 0x00, 0x00, 0x00, 0x02, 0x81, 0x08, 0xdd, 0xdd, 0xff, 0xdd, 0xdd, 0x60, 0x00, 0x00, 0x00,
    0x42, 0x00, 0x00, 0x00, 0x00, 0x00, 0x00, 0x42, 0x00, 0x00, 0x00, 0x00, 0x00, 0x00, 0x51, 0x00,
    0x00, 0x00, 0x00, 0x00, 0x00, 0x60, 0x00, 0x00, 0x00, 0x0b, 0xbb, 0xbb, 0xff, 0xbb, 0xbb, 0xb1,
    0x00, 0x00, 0x01, 0x67, 0x00, 0x00, 0x00, 0x00, 0x00, 0x07, 0x12, 0x50, 0x00, 0x00, 0x00, 0x00,
    0x54, 0x00, 0x61, 0x00, 0x00, 0x00, 0x06, 0x40, 0x00, 0x07, 0x10, 0x00, 0x03, 0x72, 0x00, 0x00,
    0x00, 0x73, 0x00, 0x14, 0x00, 0x00, 0x00, 0x00, 0x04, 0x71, 0x00, 0x00, 0x00, 0x33, 0x00, 0x00,
    0x00, 0x00, 0x00, 0x00, 0x33, 0x00, 0x00, 0x00, 0x00, 0x00, 0x00, 0x42, 0x00, 0x00, 0x00, 0x00,
    0x00, 0x00, 0x61, 0x00, 0x00, 0x00, 0x1b, 0xbb, 0xbb, 0xfe, 0xbb, 0xbb, 0xb1, 0x00, 0x00, 0x00,
    0x77, 0x00, 0x00, 0x00, 0x00, 0x00, 0x00, 0x65, 0x20, 0x00, 0x00, 0x00, 0x00, 0x04, 0x30, 0x70,
    0x00, 0x00, 0x00, 0x00, 0x07, 0x00, 0x62, 0x00, 0x00, 0x00, 0x00, 0x45, 0x00, 0x07, 0x00, 0x00,
    0x00, 0x02, 0x64, 0x50, 0x02, 0x60, 0x00, 0x00, 0x37, 0x00, 0x35, 0x00, 0x37, 0x00, 0x17, 0x50,
    0x00, 0x04, 0x30, 0x02, 0x82, 0x00, 0x00, 0x00, 0x00, 0x00, 0x00, 0x00, 0x00, 0x04, 0x10, 0x42,
    0x00, 0x00, 0x00, 0x00, 0x06, 0x00, 0x42, 0x00, 0x00, 0x00, 0x00, 0x16, 0x00, 0x42, 0x00, 0x00,
    0x00, 0x00, 0x6c, 0xbb, 0xfd, 0xbb, 0xbb, 0x10, 0x01, 0x70, 0x00, 0x42, 0x00, 0x00, 0x00, 0x07,
    0x10, 0x00, 0x51, 0x00, 0x00, 0x00, 0x01, 0x00, 0x00, 0x60, 0x00, 0x00, 0x00, 0x2b, 0xbb, 0xbb,
    0xff, 0xbb, 0xbb, 0xb2, 0x00, 0x00, 0x00, 0x76, 0x00, 0x00, 0x00, 0x00, 0x00, 0x05, 0x21, 0x60,
    0x00, 0x00, 0x00, 0x00, 0x36, 0x00, 0x53, 0x00, 0x00, 0x00, 0x04, 0x60, 0x00, 0x05, 0x50, 0x00,
    0x02, 0x74, 0x00, 0x00, 0x00, 0x37, 0x51, 0x15, 0x00, 0x00, 0x00, 0x00, 0x00, 0x21, 0x00, 0x02,
    0x00, 0x06, 0x00, 0x00, 0x00, 0x00, 0x04, 0x72, 0x06, 0x00, 0x00, 0x00, 0x00, 0x00, 0x06, 0x26,
    0x00, 0x00, 0x00, 0x01, 0x30, 0x00, 0x06, 0x00, 0x00, 0x00, 0x00, 0x37, 0x30, 0x06, 0x00, 0x00,
    0x00, 0x00, 0x00, 0x50, 0x06, 0x00, 0x00, 0x00, 0x00, 0x00, 0x00, 0x06, 0x00, 0x00, 0x00, 0x1b,
    0xbb, 0xbb, 0xcf, 0xbb, 0xbb, 0xb1, 0x00, 0x00, 0x00, 0x42, 0x00, 0x00, 0x00, 0x00, 0x00, 0x00,
    0x73, 0x30, 0x00, 0x00, 0x00, 0x00, 0x07, 0x20, 0x37, 0x10, 0x00, 0x00, 0x01, 0x83, 0x00, 0x00,
    0x64, 0x00, 0x03, 0x76, 0x10, 0x00, 0x00, 0x03, 0x60, 0x02, 0x00, 0x00, 0x00, 0x00, 0x00, 0x00,
    0x00, 0x07, 0x00, 0x00, 0x00, 0x00, 0x00, 0x00, 0x07, 0x00, 0x01, 0x55, 0x55, 0x51, 0x00, 0x06,
    0x00, 0x03, 0xc2, 0x22, 0xc3, 0x3b, 0xef, 0xbc, 0xe3, 0xb0, 0x00, 0xb3, 0x00, 0x61, 0x02, 0x53,
    0xb0, 0x00, 0xb3, 0x00, 0x60, 0x04, 0x23, 0xb0, 0x00, 0xb3, 0x00, 0x60, 0x07, 0x03, 0xb0, 0x00,
    0xb3, 0x03, 0x50, 0x07, 0x03, 0xb0, 0x00, 0xb3, 0x01, 0x57, 0x35, 0x03, 0xb0, 0x00, 0xb3, 0x00,
    0x01, 0xf3, 0x03, 0xb0, 0x00, 0xb3, 0x00, 0x04, 0x46, 0x43, 0xb0, 0x00, 0xb3, 0x00, 0x36, 0x00,
    0x53, 0xfb, 0xbb, 0xf3, 0x06, 0x60, 0x00, 0x03, 0xb0, 0x00, 0x72, 0x02, 0x00, 0x00, 0x00, 0x00,
    0x00, 0x00, 0x00, 0x04, 0x00, 0x00, 0x05, 0x00, 0x00, 0x00, 0x23, 0x00, 0x00, 0x16, 0x00, 0x00,
    0x00, 0x51, 0x00, 0x00, 0x70, 0x04, 0x00, 0x2b, 0xfb, 0xbd, 0x03, 0x40, 0x05, 0x20, 0x00, 0x60,
    0x15, 0x17, 0x00, 0x00, 0x81, 0x01, 0x50, 0x24, 0xcc, 0xcc, 0xcb, 0xa8, 0x04, 0x20, 0x51, 0x10,
    0x00, 0x00, 0x03, 0x06, 0x00, 0x60, 0x3b, 0xbb, 0xbb, 0xb1, 0x02, 0x72, 0x60, 0x4b, 0x00, 0x00,
    0xc2, 0x00, 0x0b, 0x60, 0x4b, 0x00, 0x00, 0xc2, 0x00, 0x07, 0x45, 0x4b, 0x00, 0x00, 0xc2, 0x00,
    0x71, 0x04, 0x4b, 0x00, 0x00, 0xc2, 0x07, 0x20, 0x00, 0x4f, 0xbb, 0xbb, 0xf2, 0x01, 0x00, 0x00,
    0x01, 0x00, 0x00, 0x00, 0x02, 0x00, 0x00, 0x32, 0x00, 0x00, 0x00, 0x02, 0x83, 0x00, 0x94, 0x44,
    0x44, 0x40, 0x00, 0x05, 0x32, 0xdb, 0xfb, 0xbb, 0xc0, 0x00, 0x00, 0x17, 0x00, 0xa0, 0x04, 0x20,
    0x00, 0x02, 0x21, 0x05, 0x45, 0x03, 0x00, 0x02, 0x64, 0x00, 0x55, 0x04, 0x50, 0x00, 0x14, 0x00,
    0x47, 0x20, 0x00, 0x26, 0x61, 0x00, 0x00, 0x07, 0x00, 0x00, 0x00, 0x00, 0x1b, 0xbb, 0xfe, 0xbb,
    0xbe, 0xeb, 0xb1, 0x00, 0x02, 0x60, 0x00, 0x19, 0x00, 0x00, 0x00, 0x0a, 0x66, 0x65, 0xa2, 0x00,
    0x00, 0x00, 0x00, 0x26, 0xac, 0x76, 0x62, 0x00, 0x1b, 0xbb, 0x95, 0x10, 0x00, 0x15, 0x60, 0x00,
    0x00, 0x00, 0x00, 0x00, 0x00, 0x00, 0x00, 0x00, 0x04, 0x00, 0x00, 0x00, 0x00, 0x00, 0x00, 0x07,
    0x00, 0x00, 0x00, 0x00, 0x0b, 0xbb, 0xdf, 0xbb, 0xbb, 0xbb, 0xb0, 0x00, 0x00, 0x70, 0x00, 0x00,
    0x00, 0x00, 0x00, 0x02, 0x52, 0xbb, 0xbb, 0xbf, 0x20, 0x00, 0x08, 0x00, 0x00, 0x00, 0x55, 0x00,
    0x00, 0x86, 0x00, 0x00, 0x17, 0x30, 0x00, 0x07, 0x45, 0x00, 0x00, 0x43, 0x00, 0x00, 0x22, 0x15,
    0x5b, 0xbb, 0xfe, 0xbb, 0xb4, 0x00, 0x15, 0x00, 0x00, 0x42, 0x00, 0x00, 0x00, 0x15, 0x00, 0x00,
    0x42, 0x00, 0x00, 0x00, 0x15, 0x00, 0x00, 0x42, 0x00, 0x00, 0x00, 0x15, 0x00, 0x8b, 0xc1, 0x00,
    0x00, 0x00, 0x00, 0x05, 0x00, 0x00, 0x00, 0x00, 0x00, 0x05, 0x20, 0x00, 0x00, 0x7b, 0xbb, 0xbc,
    0xeb, 0xbb, 0xb7, 0x60, 0x00, 0x02, 0x00, 0x00, 0x06, 0x50, 0x00, 0x34, 0x00, 0x00, 0x05, 0x00,
    0x00, 0x60, 0x00, 0x00, 0x00, 0xab, 0xbf, 0xeb, 0xbb, 0xfc, 0xbb, 0x00, 0x06, 0x00, 0x00, 0x70,
    0x00, 0x00, 0x61, 0x00, 0x04, 0x30, 0x00, 0x00, 0x67, 0x61, 0x26, 0x00, 0x00, 0x00, 0x00, 0x19,
    0xd3, 0x00, 0x00, 0x00, 0x02, 0x64, 0x05, 0x84, 0x00, 0x26, 0x64, 0x00, 0x00, 0x04, 0x92, 0x10,
    0x00, 0x00, 0x00, 0x00, 0x01, 0x00, 0x00, 0x00, 0x60, 0x00, 0x00, 0x00, 0x00, 0x00, 0x00, 0x34,
    0x00, 0x00, 0x00, 0x0d, 0xbb, 0xbb, 0xbd, 0xbb, 0xbb, 0xc0, 0x0b, 0x00, 0x00, 0x00, 0x00, 0x00,
    0xb0, 0x0b, 0x0b, 0xbb, 0xbb, 0xbb, 0xb0, 0xb0, 0x01, 0x00, 0x00, 0x00, 0x00, 0x00, 0x10, 0x02,
    0x22, 0x22, 0x22, 0x22, 0x22, 0x20, 0x2d, 0xdd, 0xff, 0xdd, 0xfd, 0xdd, 0xd2, 0x00, 0x00, 0x43,
    0x00, 0x60, 0x00, 0x00, 0x00, 0x00, 0x70, 0x00, 0x60, 0x00, 0x00, 0x00, 0x01, 0x60, 0x00, 0x60,
    0x00, 0x12, 0x00, 0x37, 0x00, 0x00, 0x60, 0x00, 0x23, 0x16, 0x30, 0x00, 0x00, 0x7b, 0xbb, 0xb1,
    0x00, 0x00, 0x00, 0x51, 0x00, 0x00, 0x00, 0x00, 0x00, 0x00, 0x29, 0x00, 0x00, 0x00, 0x0d, 0xbb,
    0xbb, 0xbb, 0xbb, 0xbb, 0xc0, 0x0b, 0x00, 0x00, 0x00, 0x00, 0x00, 0xb0, 0x0b, 0x3d, 0xdd, 0xff,
    0xdd, 0xdc, 0xb0, 0x00, 0x00, 0x00, 0x3b, 0x00, 0x00, 0x00, 0x00, 0x02, 0x00, 0x3b, 0x00, 0x00,
    0x00, 0x00, 0x07, 0x00, 0x3b, 0x00, 0x00, 0x00, 0x00, 0x07, 0x00, 0x3f, 0xbb, 0xbb, 0x30, 0x00,
    0x4a, 0x00, 0x3b, 0x00, 0x00, 0x00, 0x00, 0x73, 0x60, 0x3b, 0x00, 0x00, 0x00, 0x03, 0x40, 0x59,
    0x7c, 0x00, 0x00, 0x00, 0x27, 0x00, 0x02, 0x8d, 0xbb, 0xbb, 0xb4, 0x10, 0x00, 0x00, 0x00, 0x00,
    0x00, 0x00, 0x00, 0x00, 0x00, 0x30, 0x00, 0x00, 0x00, 0x00, 0x00, 0x00, 0x24, 0x00, 0x00, 0x00,
    0x0d, 0xbb, 0xbb, 0xbd, 0xbb, 0xbb, 0xc0, 0x0b, 0x00, 0x01, 0x00, 0x13, 0x00, 0xb0, 0x05, 0x00,
    0x71, 0x00, 0x03, 0x60, 0x50, 0x00, 0x27, 0x10, 0x67, 0x00, 0x17, 0x10, 0x04, 0x60, 0x06, 0x32,
    0x60, 0x00, 0x40, 0x00, 0x01, 0x72, 0x00, 0x27, 0x20, 0x00, 0x01, 0x6f, 0xbb, 0xbb, 0xbb, 0xf8,
    0x20, 0x37, 0x2e, 0x00, 0x00, 0x00, 0xe0, 0x62, 0x00, 0x1e, 0x00, 0x00, 0x00, 0xe0, 0x00, 0x00,
    0x1e, 0x00, 0x00, 0x00, 0xe0, 0x00, 0x00, 0x1f, 0xbb, 0xbb, 0xbb, 0xf0, 0x00, 0x00, 0x00, 0x00,
    0x10, 0x00, 0x00, 0x00, 0x00, 0x00, 0x00, 0x80, 0x00, 0x00, 0x00, 0x0b, 0xbb, 0xbb, 0xfc, 0xbb,
    0xbb, 0xb0, 0x0b, 0x00, 0x04, 0x00, 0x01, 0x00, 0xb0, 0x0b, 0x00, 0x61, 0x71, 0x17, 0x00, 0xb0,
    0x01, 0x50, 0xb0, 0x06, 0x70, 0x23, 0x10, 0x02, 0x50, 0xb1, 0x65, 0x00, 0x55, 0x30, 0x25, 0x02,
    0xf6, 0x10, 0x01, 0xb0, 0x62, 0x16, 0x64, 0x9c, 0xcb, 0xbd, 0x60, 0x00, 0x00, 0x10, 0x00, 0xb0,
    0x00, 0x01, 0x00, 0x00, 0x50, 0x00, 0xb0, 0x00, 0x05, 0x00, 0x00, 0x50, 0x00, 0xb0, 0x00, 0x05,
    0x00, 0x00, 0x7b, 0xbb, 0xfb, 0xbb, 0xbc, 0x00, 0x00, 0x12, 0x22, 0x22, 0x22, 0x26, 0x00, 0x00,
    0x00, 0x00, 0x00, 0x00, 0xb0, 0x00, 0x00, 0x00, 0x00, 0x00, 0x0b, 0x00, 0x6b, 0xbb, 0xbf, 0x20,
    0x00, 0xb0, 0x00, 0x00, 0x00, 0xd0, 0x00, 0x0b, 0x00, 0x00, 0x00, 0x1d, 0xbb, 0xbb, 0xfb, 0xa0,
    0x30, 0x05, 0x70, 0x00, 0x0b, 0x00, 0x03, 0x60, 0x91, 0x31, 0x00, 0xb0, 0x00, 0x02, 0x79, 0x00,
    0x70, 0x0b, 0x00, 0x00, 0x08, 0x90, 0x04, 0x20, 0xb0, 0x00, 0x01, 0x73, 0x60, 0x03, 0x0b, 0x00,
    0x00, 0x81, 0x05, 0x10, 0x00, 0xb0, 0x00, 0x72, 0x00, 0x00, 0x00, 0x0b, 0x00, 0x52, 0x00, 0x00,
    0x00, 0xbc, 0xc0, 0x00, 0x00, 0x0b, 0x00, 0x01, 0x60, 0x00, 0x00, 0x00, 0xb0, 0x02, 0xbb, 0xbb,
    0xe3, 0x32, 0x0b, 0x05, 0x40, 0x00, 0x18, 0x00, 0x62, 0xb2, 0x11, 0x60, 0x27, 0x10, 0x00, 0x5b,
    0x00, 0x02, 0xa6, 0x00, 0x00, 0x00, 0xb0, 0x36, 0x61, 0x0b, 0x00, 0x00, 0x0d, 0x23, 0x00, 0x00,
    0xb0, 0x00, 0x06, 0xe8, 0xbb, 0xbb, 0xbf, 0xba, 0x06, 0x3b, 0x02, 0x00, 0x00, 0xb0, 0x05, 0x30,
    0xb0, 0x17, 0x00, 0x0b, 0x00, 0x00, 0x0b, 0x00, 0x17, 0x00, 0xb0, 0x00, 0x00, 0xb0, 0x00, 0x00,
    0x0b, 0x00, 0x00, 0x0b, 0x00, 0x00, 0xbb, 0xc0, 0x00, 0x00, 0x00, 0x00, 0x0b, 0x00, 0x00, 0x00,
    0x00, 0x00, 0x00, 0x0b, 0x00, 0x00, 0x00, 0x00, 0x00, 0x00, 0x0b, 0x00, 0x00, 0x00, 0x00, 0x04,
    0x00, 0x0b, 0x00, 0x13, 0x00, 0x00, 0x06, 0x00, 0x0b, 0x00, 0x07, 0x00, 0x00, 0x33, 0x00, 0x0b,
    0x00, 0x03, 0x40, 0x00, 0x70, 0x00, 0x0b, 0x00, 0x00, 0x70, 0x01, 0x60, 0x00, 0x0b, 0x00, 0x00,
    0x44, 0x07, 0x00, 0x00, 0x0b, 0x00, 0x00, 0x07, 0x13, 0x00, 0x00, 0x0b, 0x00, 0x00, 0x05, 0x00,
    0x00, 0x00, 0x0b, 0x00, 0x00, 0x00, 0x00, 0x00, 0x00, 0x0b, 0x00, 0x00, 0x00, 0x00, 0x00, 0x7b,
    0xc9, 0x00, 0x00, 0x00, 0x00, 0x00, 0x00, 0x00, 0x00, 0x00, 0x00, 0x00, 0x00, 0x00, 0xb0, 0x00,
    0x00, 0x00, 0x00, 0x00, 0x00, 0xb0, 0x00, 0x00, 0x00, 0x00, 0x13, 0x00, 0xb0, 0x00, 0x40, 0x00,
    0x00, 0x61, 0x00, 0xb0, 0x00, 0x34, 0x00, 0x01, 0x60, 0x00, 0xb0, 0x00, 0x06, 0x10, 0x07, 0x00,
    0x00, 0xb0, 0x00, 0x00, 0x70, 0x33, 0x00, 0x00, 0xb0, 0x00, 0x00, 0x31, 0x00, 0x00, 0x00, 0xb0,
    0x00, 0x50, 0x00, 0x00, 0x00, 0x00, 0x60, 0x05, 0x30, 0x00, 0x00, 0x00, 0x00, 0x01, 0x73, 0x00,
    0x00, 0x00, 0x00, 0x01, 0x66, 0x10, 0x00, 0x00, 0x00, 0x36, 0x75, 0x10, 0x00, 0x00, 0x00, 0x46,
    0x41, 0x00, 0x00, 0x00, 0x00, 0x00, 0x00, 0x05, 0x10, 0x00, 0x0b, 0x00, 0x00, 0x00, 0x01, 0x60,
    0x00, 0x0b, 0x06, 0x00, 0x2b, 0xbb, 0xeb, 0xb2, 0x0b, 0x03, 0x40, 0x00, 0x00, 0x00, 0x01, 0x1c,
    0x11, 0x30, 0x04, 0xcb, 0xbb, 0x87, 0x9f, 0x99, 0x93, 0x04, 0x30, 0x00, 0x60, 0x0b, 0x00, 0x00,
    0x04, 0x64, 0x44, 0x70, 0x29, 0x60, 0x00, 0x03, 0xbc, 0xfb, 0x60, 0x56, 0x60, 0x00, 0x00, 0x20,
    0x62, 0x00, 0x83, 0x60, 0x00, 0x00, 0x60, 0x64, 0x30, 0xb0, 0x60, 0x00, 0x06, 0x20, 0x60, 0x53,
    0x70, 0x60, 0x04, 0x04, 0x00, 0x60, 0x09, 0x10, 0x60, 0x0b, 0x00, 0x3c, 0x50, 0x54, 0x00, 0x7b,
    0xc8, 0x00, 0x00, 0x00, 0x10, 0x00, 0x00, 0x00, 0x00, 0xfc, 0xbb, 0xbb, 0xbb, 0xbc, 0x00, 0x0f,
    0x10, 0x00, 0x00, 0x00, 0xb0, 0x00, 0xf1, 0x00, 0x00, 0x00, 0x0b, 0x00, 0x0f, 0xcb, 0xbb, 0xbb,
    0xbb, 0x90, 0x01, 0xf2, 0x11, 0x11, 0x11, 0x11, 0x10, 0x2f, 0x33, 0x33, 0x33, 0x33, 0x36, 0x04,
    0xc0, 0xfb, 0xbb, 0xb8, 0x00, 0x50, 0x69, 0x0f, 0x00, 0x00, 0xb0, 0x05, 0x0a, 0x30, 0xf0, 0x00,
    0x0b, 0x00, 0x51, 0xb0, 0x0f, 0xbb, 0xbb, 0xb0, 0x24, 0x73, 0x00, 0xc0, 0x00, 0x00, 0x05, 0x22,
    0x00, 0x00, 0x00, 0x03, 0xbb, 0xa0, 0x03, 0xfb, 0xbb, 0xbb, 0xbb, 0xbe, 0x00, 0x3d, 0x00, 0x00,
    0x00, 0x00, 0xb0, 0x03, 0xfb, 0xbb, 0xbb, 0xbb, 0xbe, 0x00, 0x3d, 0x00, 0x50, 0x00, 0x05, 0x00,
    0x03, 0xc0, 0x03, 0x50, 0x06, 0x10, 0x00, 0x3c, 0x7d, 0xdf, 0xdd, 0xfd, 0xd8, 0x04, 0xb0, 0x00,
    0xb0, 0x0b, 0x00, 0x00, 0x69, 0x00, 0x1b, 0x00, 0xb0, 0x00, 0x09, 0xcb, 0xbe, 0xfb, 0xbf, 0xbb,
    0xb0, 0xc1, 0x00, 0x93, 0x00, 0xb0, 0x00, 0x39, 0x00, 0x76, 0x00, 0x0b, 0x00, 0x07, 0x12, 0x73,
    0x00, 0x00, 0xb0, 0x00, 0x00, 0x00, 0x00, 0xb0, 0x00, 0x00, 0x0c, 0x00, 0x00, 0xb0, 0x00, 0x0b,
    0x0c, 0x00, 0x00, 0xb0, 0x00, 0x0b, 0x0c, 0xff, 0xff, 0xff, 0xff, 0xff, 0x0c, 0xcc, 0xcf, 0x0f,
    0xcc, 0xcf, 0x0b, 0x10, 0x0e, 0x0f, 0x00, 0x0b, 0x0b, 0x10, 0x0e, 0x0f, 0x00, 0x0b, 0x0f, 0xcb,
    0xbf, 0x0f, 0xbb, 0xbf, 0x0c, 0x00, 0x0e, 0x0f, 0x00, 0x0b, 0x0f, 0xbb, 0xbf, 0x1f, 0xbb, 0xbf,
    0x1a, 0x00, 0x0e, 0x2b, 0x00, 0x0b, 0x55, 0x00, 0x0e, 0x56, 0x00, 0x0b, 0x80, 0x06, 0xcc, 0x80,
    0x04, 0xbd, 0x00, 0x00, 0x00, 0x00, 0x00, 0x00, 0x02, 0x22, 0x22, 0x22, 0x22, 0x22, 0x10, 0xbb,
    0xbb, 0xbf, 0xbb, 0xbb, 0xb4, 0x00, 0x00, 0x00, 0xb0, 0x00, 0x00, 0x00, 0x00, 0x00, 0x0b, 0x00,
    0x00, 0x00, 0x00, 0x00, 0x00, 0xb0, 0x00, 0x00, 0x00, 0x00, 0x00, 0x0b, 0x00, 0x00, 0x00, 0x00,
    0x00, 0x00, 0xb0, 0x00, 0x00, 0x00, 0x00, 0x00, 0x0b, 0x00, 0x00, 0x00, 0x00, 0x00, 0x00, 0xb0,
    0x00, 0x00, 0x00, 0x00, 0x00, 0x0b, 0x00, 0x00, 0x00, 0x9d, 0xdd, 0xdd, 0xfd, 0xdd, 0xdd, 0xd1,
    0x11, 0x11, 0x11, 0x11, 0x11, 0x11, 0x00, 0x00, 0x04, 0x00, 0x00, 0x00, 0x00, 0x00, 0x00, 0x06,
    0x00, 0x00, 0x00, 0x00, 0x00, 0x00, 0x06, 0x00, 0x00, 0x00, 0x00, 0x0b, 0xbb, 0xfe, 0xbb, 0xbb,
    0xbb, 0x90, 0x00, 0x00, 0x60, 0x00, 0x00, 0x00, 0x00, 0x00, 0x00, 0x60, 0x00, 0x00, 0x00, 0x00,
    0x00, 0x03, 0xbd, 0xde, 0xfd, 0xdd, 0x50, 0x00, 0x07, 0x00, 0x00, 0x60, 0x00, 0x00, 0x00, 0x25,
    0x00, 0x00, 0x60, 0x00, 0x00, 0x00, 0x70, 0x00, 0x00, 0x60, 0x00, 0x00, 0x05, 0x30, 0x00, 0x00,
    0x60, 0x00, 0x00, 0x35, 0x00, 0x00, 0x00, 0x60, 0x00, 0x00, 0x00, 0x0c, 0xdd, 0xde, 0xfd, 0xdd,
    0xd2, 0xab, 0xbb, 0xbb, 0xbb, 0xbb, 0xe0, 0x00, 0x00, 0x00, 0x00, 0x00, 0x0e, 0x00, 0x0a, 0x00,
    0x00, 0x00, 0x00, 0xe0, 0x00, 0xe0, 0x00, 0x00, 0x00, 0x0e, 0x00, 0x0e, 0x00, 0x00, 0x00, 0x00,
    0xe0, 0x00, 0xfb, 0xbb, 0xbb, 0xbb, 0xbf, 0x00, 0x0e, 0x00, 0x00, 0x00, 0x00, 0x70, 0x00, 0xe0,
    0x00, 0x00, 0x00, 0x00, 0x00, 0x0e, 0x00, 0x00, 0x00, 0x00, 0x00, 0x30, 0xe0, 0x00, 0x00, 0x00,
    0x00, 0x24, 0x0e, 0x10, 0x00, 0x00, 0x00, 0x07, 0x10, 0x8d, 0xbb, 0xbb, 0xbb, 0xbb, 0x60, 0x00,
    0x00, 0x00, 0x00, 0x00, 0x00, 0x00, 0x00, 0x00, 0x02, 0x60, 0x00, 0x00, 0x00, 0x00, 0x00, 0x00,
    0x52, 0x00, 0x00, 0x00, 0x9d, 0xdd, 0xdd, 0xfd, 0xdd, 0xdd, 0xd0, 0x00, 0x00, 0x00, 0xb0, 0x00,
    0x00, 0x00, 0x00, 0x00, 0x00, 0xb0, 0x00, 0x00, 0x00, 0x00, 0xbb, 0xbb, 0xfb, 0xbb, 0xbf, 0x10,
    0x00, 0xb0, 0x00, 0xb0, 0x00, 0x0e, 0x10, 0x00, 0xb0, 0x00, 0xb0, 0x00, 0x0e, 0x10, 0x00, 0xb0,
    0x00, 0xb0, 0x00, 0x0e, 0x10, 0x00, 0xb0, 0x00, 0xb0, 0x00, 0x0e, 0x10, 0x00, 0xb0, 0x00, 0xb0,
    0x5b, 0xbd, 0x00, 0x00, 0x40, 0x00, 0xb0, 0x00, 0x00, 0x00, 0x00, 0x00, 0x00, 0xb0, 0x00, 0x00,
    0x00, 0x00, 0xb0, 0x00, 0x00, 0xa0, 0x00, 0x00, 0x0b, 0x00, 0x00, 0x0a, 0x00, 0x00, 0x00, 0xb0,
    0x00, 0x00, 0xfb, 0xbb, 0x77, 0x5f, 0x5c, 0x0b, 0xbf, 0xbb, 0x80, 0xb0, 0xb0, 0xf0, 0xd6, 0x66,
    0x6b, 0x0b, 0x0b, 0x0f, 0x0b, 0x05, 0x00, 0xb0, 0xb0, 0xb0, 0xf0, 0xb0, 0xb0, 0x0b, 0x0b, 0x0b,
    0x0f, 0x0b, 0x0b, 0x00, 0xb0, 0xb0, 0xb0, 0xf0, 0xb0, 0xa0, 0x0b, 0x0b, 0x0b, 0x8d, 0x0b, 0x0b,
    0x00, 0xb0, 0x20, 0xb0, 0x00, 0x55, 0x52, 0x05, 0x00, 0x0b, 0x00, 0x03, 0x80, 0x16, 0x20, 0x00,
    0xb0, 0x06, 0x50, 0x00, 0x05, 0x40, 0x03, 0x30, 0x00, 0xb0, 0x03, 0x30, 0x00, 0x62, 0x00, 0xb0,
    0x25, 0x00, 0x9b, 0xbb, 0xbb, 0xfb, 0xbb, 0xba, 0xb4, 0x44, 0x44, 0x44, 0x44, 0x4c, 0xb0, 0x8b,
    0xbb, 0xbb, 0xba, 0x0b, 0x60, 0xb0, 0x00, 0x00, 0x0b, 0x06, 0x00, 0xb4, 0x44, 0x44, 0x4c, 0x00,
    0x00, 0x8b, 0xbb, 0xfb, 0xba, 0x00, 0x07, 0xbb, 0xbb, 0xfb, 0xbb, 0xb0, 0x05, 0x00, 0x00, 0xb0,
    0x00, 0x50, 0x05, 0x00, 0x00, 0xb0, 0x00, 0x50, 0x05, 0x00, 0x00, 0xb0, 0x00, 0x50, 0x04, 0x00,
    0x00, 0xb0, 0x8b, 0x70, 0x00, 0x00, 0xb0, 0x00, 0x0b, 0x00, 0x00, 0x5b, 0xbb, 0xfb, 0xbb, 0xbf,
    0xbb, 0xb3, 0x00, 0x00, 0xa0, 0x00, 0x09, 0x00, 0x00, 0x00, 0xb4, 0x44, 0x44, 0x44, 0x47, 0x00,
    0x00, 0xbb, 0xbb, 0xbb, 0xbb, 0xb9, 0x00, 0x00, 0xb0, 0x00, 0x00, 0x00, 0x07, 0x00, 0x00, 0xab,
    0xcd, 0xbb, 0xbb, 0xb8, 0x00, 0x34, 0x44, 0xb6, 0x44, 0x45, 0x44, 0x40, 0x8b, 0xbf, 0xeb, 0xfb,
    0xbe, 0xfb, 0xb1, 0x01, 0x9d, 0xbb, 0xfb, 0xbb, 0xf9, 0x10, 0x46, 0x43, 0x00, 0xb0, 0x00, 0xc4,
    0x61, 0x00, 0x33, 0x00, 0xb0, 0x00, 0xc4, 0x00, 0x00, 0x33, 0x00, 0xb0, 0x0a, 0xb2, 0x00, 0x0e,
    0xff, 0xff, 0xff, 0xff, 0xff, 0x40, 0x00, 0x10, 0x00, 0xb0, 0x00, 0x10, 0x00, 0x00, 0x60, 0x00,
    0xb0, 0x00, 0x70, 0x00, 0x00, 0x15, 0x00, 0xb0, 0x01, 0x50, 0x00, 0x00, 0x07, 0x00, 0xb0, 0x06,
    0x00, 0x00, 0x00, 0x01, 0x00, 0xb0, 0x02, 0x00, 0x00, 0x8b, 0xbb, 0xbb, 0xfb, 0xbb, 0xbb, 0xb0,
    0x00, 0x00, 0x00, 0xb0, 0x00, 0x00, 0x00, 0x00, 0x00, 0x00, 0xb0, 0x00, 0x00, 0x00, 0x00, 0x00,
    0x00, 0xb0, 0x00, 0x00, 0x00, 0x00, 0x00, 0x00, 0xb0, 0x00, 0x00, 0x00, 0x00, 0x00, 0x00, 0xb0,
    0x00, 0x00, 0x00, 0x00, 0x00, 0x60, 0x00, 0x00, 0x00, 0x00, 0x00, 0x06, 0x31, 0x11, 0x11, 0x11,
    0x10, 0x00, 0x1e, 0xee, 0xef, 0xee, 0xee, 0xb0, 0x00, 0x71, 0x00, 0x0b, 0x00, 0x00, 0x00, 0x05,
    0x40, 0x00, 0x0b, 0x00, 0x00, 0x00, 0x14, 0x0d, 0xbb, 0xbf, 0xbb, 0xbb, 0x60, 0x00, 0x0b, 0x00,
    0x0b, 0x00, 0x00, 0x00, 0x00, 0x0b, 0x00, 0x0b, 0x00, 0x00, 0x00, 0x00, 0x0b, 0x00, 0x0b, 0x00,
    0x00, 0x00, 0x6e, 0xef, 0xee, 0xef, 0xee, 0xee, 0xe5, 0x00, 0x00, 0x00, 0x0b, 0x00, 0x00, 0x00,
    0x00, 0x00, 0x00, 0x0b, 0x00, 0x00, 0x00, 0x00, 0x00, 0x00, 0x0b, 0x00, 0x00, 0x00, 0x00, 0x05,
    0x00, 0x00, 0x00, 0x60, 0x00, 0x00, 0x01, 0x60, 0x00, 0x05, 0x30, 0x00, 0x00, 0x00, 0x42, 0x00,
    0x18, 0x00, 0x00, 0x0a, 0xdd, 0xfd, 0xdd, 0xff, 0xdd, 0xc0, 0x00, 0x00, 0xb0, 0x00, 0x0b, 0x00,
    0x00, 0x00, 0x00, 0xb0, 0x00, 0x0b, 0x00, 0x00, 0x00, 0x00, 0xb0, 0x00, 0x0b, 0x00, 0x00, 0x4b,
    0xbb, 0xfb, 0xbb, 0xbf, 0xbb, 0xb4, 0x00, 0x01, 0xa0, 0x00, 0x0b, 0x00, 0x00, 0x00, 0x05, 0x70,
    0x00, 0x0b, 0x00, 0x00, 0x00, 0x0a, 0x10, 0x00, 0x0b, 0x00, 0x00, 0x00, 0x84, 0x00, 0x00, 0x0b,
    0x00, 0x00, 0x18, 0x20, 0x00, 0x00, 0x0b, 0x00, 0x00, 0x00, 0x00, 0x00, 0x00, 0x00, 0x00, 0x00,
    0x00, 0x00, 0x00, 0x06, 0x00, 0x00, 0x00, 0x00, 0x00, 0x00, 0x04, 0x20, 0x00, 0x00, 0x02, 0xfb,
    0xbb, 0xbb, 0xbb, 0xbb, 0xb5, 0x02, 0xd0, 0x00, 0x00, 0x00, 0x00, 0x00, 0x02, 0xd0, 0x00, 0x00,
    0x00, 0x00, 0x00, 0x02, 0xd0, 0x00, 0x00, 0x00, 0x00, 0x00, 0x03, 0xd0, 0x00, 0x00, 0x00, 0x00,
    0x00, 0x03, 0xc0, 0x00, 0x00, 0x00, 0x00, 0x00, 0x04, 0xb0, 0x00, 0x00, 0x00, 0x00, 0x00, 0x07,
    0x80, 0x00, 0x00, 0x00, 0x00, 0x00, 0x0a, 0x30, 0x00, 0x00, 0x00, 0x00, 0x00, 0x0b, 0x00, 0x00,
    0x00, 0x00, 0x00, 0x00, 0x63, 0x00, 0x00, 0x00, 0x00, 0x00, 0x00, 0x00, 0x00, 0x00, 0x00, 0x00,
    0x00, 0x00, 0x00, 0x00, 0x00, 0x01, 0x00, 0x00, 0x00, 0x00, 0x00, 0x00, 0x07, 0x00, 0x00, 0x00,
    0x02, 0xc6, 0x66, 0x6a, 0x86, 0x66, 0x65, 0x03, 0xc0, 0x00, 0x00, 0x00, 0x00, 0x00, 0x03, 0xc0,
    0xbb, 0xbb, 0xbb, 0xc9, 0x00, 0x03, 0xc0, 0x00, 0x00, 0x02, 0x71, 0x00, 0x03, 0xc0, 0x03, 0x64,
    0x55, 0x00, 0x00, 0x04, 0xc0, 0x00, 0x03, 0x94, 0x00, 0x00, 0x04, 0xcd, 0xdd, 0xde, 0xff, 0xdd,
    0xe4, 0x05, 0x90, 0x00, 0x01, 0x50, 0x04, 0x50, 0x07, 0x70, 0x00, 0x01, 0x50, 0x45, 0x00, 0x0a,
    0x20, 0x00, 0x01, 0x50, 0x00, 0x00, 0x0b, 0x00, 0x00, 0x01, 0x50, 0x00, 0x00, 0x44, 0x00, 0x08,
    0xbb, 0x40, 0x00, 0x00, 0x00, 0x00, 0x00, 0x05, 0x00, 0x00, 0x00, 0x00, 0x00, 0x00, 0x01, 0x50,
    0x00, 0x00, 0x02, 0xfb, 0xbb, 0xbb, 0xbb, 0xbb, 0xb7, 0x03, 0xc0, 0x00, 0x00, 0x00, 0x00, 0x10,
    0x03, 0xc0, 0x00, 0x03, 0x10, 0x00, 0x70, 0x03, 0xc0, 0x60, 0x01, 0x50, 0x03, 0x30, 0x03, 0xc0,
    0x24, 0x00, 0x60, 0x06, 0x00, 0x03, 0xb0, 0x07, 0x00, 0x60, 0x06, 0x00, 0x05, 0xa0, 0x06, 0x00,
    0x41, 0x42, 0x00, 0x06, 0x70, 0x02, 0x10, 0x00, 0x60, 0x00, 0x0a, 0x30, 0x00, 0x00, 0x04, 0x20,
    0x00, 0x0a, 0x07, 0xbb, 0xbb, 0xbe, 0xbb, 0xb9, 0x33, 0x00, 0x00, 0x00, 0x00, 0x00, 0x00, 0x00,
    0x00, 0x00, 0x04, 0x00, 0x00, 0x00, 0x00, 0x00, 0x00, 0x07, 0x00, 0x00, 0x00, 0x03, 0xfb, 0xbf,
    0xbd, 0xcb, 0xfb, 0xb7, 0x03, 0xc0, 0x0b, 0x00, 0x00, 0xb0, 0x00, 0x03, 0xfb, 0xbf, 0xbb, 0xbb,
    0xfb, 0xb3, 0x03, 0xc0, 0x0b, 0x00, 0x00, 0xb0, 0x00, 0x03, 0xc0, 0x0b, 0xbb, 0xbb, 0xc0, 0x00,
    0x04, 0xb0, 0x00, 0x00, 0x00, 0x00, 0x00, 0x05, 0xab, 0xbb, 0xbb, 0xbb, 0xbe, 0x00, 0x06, 0x70,
    0x16, 0x00, 0x00, 0x55, 0x00, 0x09, 0x30, 0x03, 0x60, 0x06, 0x50, 0x00, 0x0b, 0x00, 0x00, 0x3c,
    0xc2, 0x00, 0x00, 0x45, 0x16, 0x66, 0x50, 0x15, 0x55, 0x40, 0x00, 0x00, 0x00, 0x00, 0x00, 0x00,
    0x10, 0x00, 0x00, 0x00, 0x00, 0xb0, 0x00, 0x00, 0x0b, 0xbf, 0x77, 0xbb, 0xfb, 0xbb, 0x00, 0x00,
    0x07, 0x00, 0x00, 0xb0, 0x0b, 0x00, 0x00, 0x42, 0x8b, 0xbb, 0xfb, 0xbf, 0xb2, 0x01, 0x60, 0x00,
    0x00, 0xb0, 0x0b, 0x00, 0x06, 0xaa, 0x78, 0xbb, 0xfb, 0xbe, 0x00, 0x00, 0x02, 0x50, 0x00, 0xb0,
    0x00, 0x00, 0x05, 0x05, 0x2a, 0xbb, 0xfb, 0xbb, 0x70, 0x03, 0x47, 0x00, 0x00, 0xb0, 0x00, 0x00,
    0x00, 0x87, 0x6b, 0xbb, 0xfb, 0xbb, 0xb3, 0x00, 0x8a, 0x00, 0x00, 0xb0, 0x00, 0x00, 0x01, 0x74,
    0xa5, 0x10, 0x80, 0x00, 0x00, 0x08, 0x10, 0x16, 0xab, 0xbb, 0xbb, 0xb2, 0x11, 0x00, 0x00, 0x00,
    0x00, 0x00, 0x00, 0x0c, 0xff, 0xff, 0xff, 0xff, 0xff, 0xd0, 0x00, 0x00, 0xb0, 0x00, 0x0b, 0x00,
    0x00, 0x00, 0x00, 0xb0, 0x00, 0x0b, 0x00, 0x00, 0x00, 0x00, 0xb0, 0x00, 0x0b, 0x00, 0x00, 0x00,
    0x00, 0xb0, 0x00, 0x0b, 0x00, 0x00, 0x4b, 0xbb, 0xfb, 0xbb, 0xbf, 0xbb, 0xb4, 0x00, 0x00, 0xb0,
    0x00, 0x0b, 0x00, 0x00, 0x00, 0x02, 0x90, 0x00, 0x0b, 0x00, 0x00, 0x00, 0x07, 0x40, 0x00, 0x0b,
    0x00, 0x00, 0x00, 0x1a, 0x00, 0x00, 0x0b, 0x00, 0x00, 0x01, 0x92, 0x00, 0x00, 0x0b, 0x00, 0x00,
    0x18, 0x10, 0x00, 0x00, 0x0b, 0x00, 0x00, 0x00, 0x00, 0x00, 0x00, 0x60, 0x60, 0x00, 0x00, 0x00,
    0x00, 0x00, 0x60, 0x18, 0x00, 0x00, 0x00, 0x00, 0x00, 0x60, 0x01, 0x20, 0x2b, 0xbb, 0xbb, 0xbb,
    0xfb, 0xbb, 0xb2, 0x00, 0x00, 0x00, 0x00, 0x60, 0x00, 0x00, 0x00, 0x11, 0x11, 0x10, 0x60, 0x00,
    0x00, 0x09, 0xdd, 0xfd, 0xd8, 0x42, 0x00, 0x00, 0x00, 0x00, 0x60, 0x00, 0x25, 0x00, 0x00, 0x00,
    0x00, 0x60, 0x00, 0x07, 0x00, 0x00, 0x00, 0x00, 0x60, 0x00, 0x08, 0x00, 0x01, 0x00, 0x00, 0x61,
    0x56, 0x04, 0x50, 0x15, 0x01, 0x56, 0x95, 0x20, 0x00, 0xa1, 0x34, 0x05, 0x10, 0x00, 0x00, 0x00,
    0x2b, 0xc1, 0x00, 0x00, 0x00, 0xb0, 0x00, 0x00, 0x08, 0xbb, 0xe0, 0x0b, 0x00, 0x00, 0x50, 0x00,
    0x0b, 0x00, 0xb0, 0x00, 0x61, 0x00, 0x00, 0xb0, 0x0b, 0x00, 0x52, 0x00, 0x8b, 0xbb, 0x00, 0xb0,
    0x63, 0x00, 0x06, 0x00, 0x00, 0x0b, 0x21, 0x00, 0x00, 0x60, 0x00, 0x56, 0xf6, 0x96, 0x66, 0x4c,
    0xbb, 0xf0, 0x0b, 0x02, 0x40, 0x00, 0x00, 0x0b, 0x00, 0xb0, 0x06, 0x00, 0x00, 0x00, 0xc0, 0x0b,
    0x00, 0x51, 0x00, 0x00, 0x0c, 0x00, 0xb0, 0x00, 0x60, 0x00, 0x02, 0xa0, 0x0b, 0x37, 0x23, 0x50,
    0x6b, 0xc5, 0x06, 0xe5, 0x00, 0x03, 0x40, 0x00, 0x00, 0x00, 0x00, 0x00, 0x00, 0x1b, 0xbb, 0xc4,
    0x7b, 0xbb, 0xbe, 0x00, 0x00, 0x00, 0x14, 0x70, 0x00, 0x0b, 0x00, 0x00, 0x00, 0x14, 0x71, 0x11,
    0x1c, 0x00, 0x0c, 0xbb, 0xb3, 0x12, 0x2d, 0x22, 0x00, 0x07, 0x00, 0x00, 0x11, 0x1d, 0x11, 0x00,
    0x05, 0x00, 0x00, 0xc4, 0x4f, 0x45, 0x50, 0x3e, 0xbb, 0xf1, 0xb0, 0x0b, 0x01, 0x50, 0x00, 0x00,
    0xf0, 0xb0, 0x0b, 0x01, 0x50, 0x00, 0x01, 0xe0, 0xbb, 0xbf, 0xbb, 0x40, 0x00, 0x02, 0xd0, 0x00,
    0x0b, 0x23, 0x00, 0x00, 0x05, 0xa0, 0x00, 0x0b, 0x06, 0x20, 0x03, 0xbd, 0x50, 0x01, 0x2a, 0x45,
    0x90, 0x00, 0x00, 0x00, 0x00, 0x00, 0x00, 0x10, 0x20, 0x00, 0x0b, 0x00, 0x00, 0x30, 0x35, 0x00,
    0x0b, 0x00, 0x00, 0x80, 0x07, 0x10, 0x0b, 0x00, 0x06, 0x10, 0x01, 0x70, 0x0b, 0x00, 0x44, 0x00,
    0x00, 0x10, 0x0b, 0x00, 0x20, 0x00, 0x7c, 0xcc, 0xcf, 0xcc, 0xcc, 0xc0, 0x11, 0x11, 0x11, 0x11,
    0x11, 0xf0, 0x00, 0x00, 0x00, 0x00, 0x00, 0xf0, 0x1b, 0xbb, 0xbb, 0xbb, 0xbb, 0xf0, 0x00, 0x00,
    0x00, 0x00, 0x00, 0xf0, 0x00, 0x00, 0x00, 0x00, 0x00, 0xf0, 0x00, 0x00, 0x00, 0x00, 0x00, 0xf0,
    0x9b, 0xbb, 0xbb, 0xbb, 0xbb, 0xf0, 0x08, 0xbb, 0xbb, 0xbb, 0xbb, 0xf0, 0x00, 0x00, 0x00, 0x00,
    0x00, 0x0d, 0x00, 0x04, 0xbb, 0xbb, 0xbb, 0xbb, 0xf0, 0x00, 0x00, 0x00, 0x00, 0x00, 0x0d, 0x00,
    0x22, 0x22, 0x22, 0x22, 0x23, 0xe2, 0x19, 0xbb, 0xbb, 0xbf, 0xbb, 0xcf, 0xb7, 0x04, 0x40, 0x00,
    0xf0, 0x00, 0x33, 0x00, 0x03, 0x60, 0x0e, 0x40, 0x54, 0x00, 0x00, 0x01, 0x16, 0xd4, 0x91, 0x00,
    0x00, 0x03, 0x65, 0x0b, 0x03, 0x61, 0x00, 0x37, 0x40, 0x00, 0xb0, 0x00, 0x56, 0x40, 0x00, 0x2b,
    0xb9, 0x00, 0x00, 0x00, 0x00, 0x00, 0x00, 0x00, 0x00, 0x00, 0x00, 0x00, 0x26, 0x00, 0x00, 0x14,
    0x66, 0x00, 0x18, 0x03, 0xf8, 0x98, 0xf2, 0x00, 0x18, 0x10, 0x3c, 0x00, 0x19, 0x00, 0x01, 0x00,
    0x73, 0xfb, 0xbd, 0xfb, 0xba, 0x00, 0xa2, 0x3c, 0x00, 0x35, 0x00, 0x00, 0x3f, 0x03, 0xc6, 0xbf,
    0xeb, 0xb2, 0x27, 0xb0, 0x3c, 0x64, 0x44, 0x4c, 0x33, 0x0b, 0x03, 0xb6, 0x00, 0x00, 0xb3, 0x00,
    0xb0, 0x4a, 0x9b, 0xbb, 0xbf, 0x30, 0x0b, 0x05, 0x89, 0xbb, 0xbb, 0xf3, 0x00, 0xb0, 0x75, 0x60,
    0x00, 0x0b, 0x30, 0x0b, 0x09, 0x19, 0xbb, 0xbb, 0xf3, 0x00, 0xb0, 0x70, 0x60, 0x00, 0x0b, 0x20,
    0x00, 0x00, 0x00, 0x00, 0x00, 0x00, 0x00, 0x00, 0x06, 0x10, 0x00, 0x00, 0x00, 0x00, 0x00, 0x00,
    0x62, 0x00, 0x00, 0x00, 0x00, 0x00, 0x00, 0x06, 0x20, 0x00, 0x00, 0x00, 0x00, 0xa0, 0x00, 0x40,
    0x00, 0x00, 0x00, 0x30, 0xb0, 0x00, 0x00, 0x05, 0x00, 0x02, 0x30, 0xb0, 0x00, 0x00, 0x04, 0x30,
    0x06, 0x10, 0xb0, 0x00, 0x00, 0x00, 0x60, 0x06, 0x00, 0xb0, 0x00, 0x00, 0x00, 0x60, 0x16, 0x00,
    0xb0, 0x00, 0x00, 0x90, 0x24, 0x31, 0x00, 0xb0, 0x00, 0x00, 0xb0, 0x03, 0x00, 0x00, 0xc0, 0x00,
    0x01, 0xb0, 0x00, 0x00, 0x00, 0xac, 0xbb, 0xbc, 0x50, 0x00, 0x00, 0x00, 0x00, 0xb0, 0x00, 0x00,
    0x00, 0x00, 0x00, 0x0b, 0x00, 0x00, 0x00, 0xab, 0xbb, 0xbb, 0xfb, 0xbb, 0xbb, 0x90, 0x00, 0x00,
    0x0b, 0x00, 0x00, 0x00, 0x00, 0x00, 0x00, 0xb0, 0x00, 0x00, 0x00, 0x00, 0x00, 0x0b, 0x00, 0x00,
    0x00, 0x0d, 0xdd, 0xdd, 0xfd, 0xdd, 0xdc, 0x00, 0x00, 0x01, 0x50, 0x00, 0x00, 0x00, 0x01, 0x04,
    0x02, 0x71, 0x00, 0x20, 0x00, 0x60, 0xb0, 0x00, 0x70, 0x06, 0x10, 0x15, 0x0b, 0x00, 0x00, 0x05,
    0x07, 0x06, 0x10, 0xb0, 0x00, 0x00, 0xc0, 0x44, 0x10, 0x0c, 0xbb, 0xbb, 0xc9, 0x00, 0x20, 0x00,
    0x00, 0x00, 0x41, 0x00, 0x00, 0x00, 0x03, 0x33, 0x33, 0x39, 0x33, 0x33, 0x31, 0x0a, 0xbf, 0xbb,
    0xbc, 0xbb, 0xbb, 0xb3, 0x00, 0x0b, 0x00, 0x00, 0x00, 0x00, 0x00, 0x00, 0x0b, 0x00, 0x00, 0x00,
    0x00, 0x00, 0x00, 0x0b, 0x00, 0x00, 0x00, 0x00, 0x00, 0x00, 0x0b, 0xbb, 0xbb, 0xbb, 0xbb, 0x70,
    0x00, 0x00, 0x00, 0x30, 0x00, 0x00, 0x00, 0x00, 0x00, 0x10, 0x35, 0x00, 0x01, 0x00, 0x00, 0x60,
    0x60, 0x04, 0x30, 0x03, 0x40, 0x04, 0x20, 0x60, 0x00, 0x00, 0x30, 0x71, 0x06, 0x00, 0x60, 0x00,
    0x00, 0xc0, 0x16, 0x00, 0x00, 0x6b, 0xbb, 0xbc, 0xa0, 0x00, 0x00, 0x00, 0x00, 0x33, 0x00, 0x00,
    0x00, 0x00, 0x00, 0x00, 0x61, 0x00, 0x00, 0x00, 0x1b, 0xbb, 0xbb, 0xfd, 0xbb, 0xbb, 0xb2, 0x00,
    0x00, 0x00, 0x67, 0x00, 0x00, 0x00, 0x00, 0x00, 0x06, 0x13, 0x40, 0x00, 0x00, 0x00, 0x00, 0x36,
    0x00, 0x63, 0x00, 0x00, 0x00, 0x06, 0x52, 0x71, 0x06, 0x50, 0x00, 0x16, 0x72, 0x00, 0x06, 0x00,
    0x37, 0x60, 0x01, 0x11, 0x10, 0x60, 0x00, 0x21, 0x10, 0x00, 0x62, 0x40, 0x17, 0x00, 0x07, 0x00,
    0x02, 0x52, 0x40, 0x01, 0x40, 0x25, 0x20, 0x07, 0x02, 0x40, 0x00, 0x00, 0x70, 0x70, 0x02, 0x01,
    0xbb, 0xbb, 0xbb, 0x60, 0x20, 0x00, 0x00, 0x40, 0x00, 0x01, 0x30, 0x00, 0x00, 0x00, 0x16, 0x00,
    0x07, 0x00, 0x00, 0x00, 0x00, 0x05, 0x10, 0x34, 0x00, 0x00, 0x00, 0x0c, 0xbb, 0xbb, 0xfb, 0xb8,
    0x00, 0x00, 0x0b, 0x00, 0x00, 0x00, 0x06, 0x00, 0x00, 0x0b, 0x00, 0x00, 0x00, 0x06, 0x00, 0x00,
    0x0b, 0x00, 0x00, 0x00, 0x06, 0x00, 0x00, 0x0b, 0xbb, 0xcb, 0xbb, 0xb7, 0x00, 0x00, 0x00, 0x00,
    0x73, 0x00, 0x00, 0x00, 0x00, 0x40, 0x60, 0x05, 0x30, 0x05, 0x20, 0x03, 0x30, 0x60, 0x00, 0x30,
    0x10, 0x70, 0x06, 0x00, 0x60, 0x00, 0x00, 0xc0, 0x14, 0x00, 0x00, 0x4b, 0xbb, 0xbc, 0xa0, 0x00,
    0x00, 0xb0, 0x00, 0x04, 0x00, 0x00, 0x00, 0x00, 0xb0, 0x00, 0x07, 0x00, 0x00, 0x00, 0x01, 0xb5,
    0x4b, 0xbf, 0xbb, 0xbb, 0xb1, 0x06, 0xb3, 0x30, 0x15, 0x01, 0x20, 0x00, 0x06, 0xb0, 0x60, 0x33,
    0x03, 0x40, 0x00, 0x33, 0xb0, 0x10, 0x60, 0x43, 0x30, 0x50, 0x30, 0xb0, 0x00, 0x70, 0x65, 0x12,
    0x50, 0x00, 0xb0, 0x02, 0x54, 0x29, 0x07, 0x00, 0x00, 0xb0, 0x07, 0x15, 0x0a, 0x34, 0x00, 0x00,
    0xb0, 0x25, 0x00, 0x17, 0x60, 0x00, 0x00, 0xb0, 0x70, 0x00, 0x61, 0x61, 0x00, 0x00, 0xb0, 0x00,
    0x04, 0x50, 0x07, 0x00, 0x00, 0xb0, 0x00, 0x74, 0x00, 0x01, 0x70, 0x00, 0x00, 0x00, 0x10, 0x00,
    0x00, 0x00, 0x00, 0x00, 0x24, 0x00, 0x00, 0x00, 0x00, 0xbb, 0xbf, 0xbb, 0xbb, 0x60, 0x00, 0x0b,
    0x00, 0x00, 0x00, 0x06, 0x00, 0x00, 0xeb, 0xbb, 0xbb, 0xbb, 0x80, 0x00, 0x0b, 0x00, 0x00, 0x00,
    0x06, 0x00, 0x00, 0xeb, 0xbb, 0xbb, 0xbb, 0x80, 0x00, 0x0b, 0x00, 0x00, 0x00, 0x06, 0x00, 0x00,
    0xeb, 0xbb, 0xbb, 0xbb, 0x80, 0x00, 0x00, 0x00, 0x51, 0x00, 0x00, 0x00, 0x04, 0x05, 0x00, 0x70,
    0x00, 0x42, 0x02, 0x40, 0x60, 0x01, 0x30, 0x50, 0x70, 0x70, 0x06, 0x00, 0x00, 0x0c, 0x02, 0x42,
    0x00, 0x8b, 0xbb, 0xbc, 0xa0, 0x00, 0x00, 0x00, 0x00, 0x00, 0x52, 0x65, 0x00, 0x01, 0xb6, 0x66,
    0x66, 0xb6, 0x69, 0x61, 0x03, 0xc0, 0x00, 0x00, 0x50, 0x00, 0x00, 0x03, 0xb6, 0xbb, 0xbb, 0x23,
    0x04, 0x20, 0x04, 0xb0, 0x00, 0x00, 0x05, 0x07, 0x00, 0x05, 0x94, 0xcb, 0xbb, 0x05, 0x52, 0x00,
    0x08, 0x54, 0x30, 0x0b, 0x03, 0xb0, 0x01, 0x0b, 0x12, 0x55, 0x56, 0x36, 0x53, 0x1b, 0x36, 0x00,
    0x00, 0x11, 0x50, 0x06, 0xc7, 0x00, 0x10, 0x70, 0x43, 0x00, 0x03, 0x00, 0x01, 0x70, 0xb0, 0x05,
    0x20, 0x34, 0x40, 0x07, 0x10, 0xb0, 0x00, 0x10, 0xc0, 0x80, 0x11, 0x00, 0xcb, 0xbb, 0xbc, 0x80,
    0x00, 0x00, 0x00, 0x00, 0x00, 0xb1, 0x50, 0x00, 0x00, 0x00, 0x00, 0x00, 0xb0, 0x27, 0x10, 0x00,
    0x00, 0x00, 0x00, 0xb0, 0x00, 0x30, 0x04, 0xfb, 0xbb, 0xbb, 0xfb, 0xbb, 0xb8, 0x04, 0xc0, 0x00,
    0x00, 0xa0, 0x00, 0x00, 0x04, 0xfb, 0xbf, 0x20, 0x91, 0x06, 0x10, 0x04, 0xc0, 0x0b, 0x30, 0x74,
    0x07, 0x00, 0x04, 0xc0, 0x0b, 0x20, 0x46, 0x52, 0x00, 0x05, 0xb0, 0x0c, 0x20, 0x1a, 0x60, 0x00,
    0x07, 0x80, 0x0d, 0x10, 0x0f, 0x10, 0x05, 0x0a, 0x47, 0xbc, 0x00, 0x76, 0x60, 0x0c, 0x0c, 0x00,
    0x00, 0x17, 0x10, 0xa2, 0x3a, 0x64, 0x00, 0x02, 0x60, 0x00, 0x1a, 0xd5, 0x00, 0x00, 0x00, 0x00,
    0x00, 0x00, 0x00, 0x00, 0x00, 0x00, 0x00, 0x00, 0x00, 0x00, 0x00, 0x00, 0x00, 0x60, 0x00, 0x00,
    0x00, 0x00, 0x00, 0x06, 0x00, 0x00, 0x00, 0x03, 0xfb, 0xbb, 0xcb, 0xbb, 0xb1, 0x00, 0x4b, 0x00,
    0x00, 0x00, 0x0c, 0x10, 0x04, 0xb0, 0x00, 0x00, 0x00, 0xc1, 0x00, 0x4b, 0x00, 0x00, 0x00, 0x0c,
    0x10, 0x05, 0xfb, 0xbb, 0xbb, 0xbb, 0xf1, 0x00, 0x69, 0x00, 0x00, 0x00, 0x0c, 0x10, 0x08, 0x60,
    0x00, 0x00, 0x00, 0x10, 0x00, 0xb3, 0x00, 0x00, 0x00, 0x00, 0x00, 0x1c, 0x00, 0x00, 0x00, 0x00,
    0x00, 0x07, 0x40, 0x00, 0x00, 0x00, 0x00, 0x02, 0x80, 0x00, 0x00, 0x00, 0x00, 0x00, 0x10, 0x00,
    0x00, 0x00, 0x00, 0x00, 0x00, 0x00, 0x00, 0x01, 0x10, 0x00, 0x02, 0x30, 0x55, 0x66, 0x51, 0x35,
    0x66, 0x50, 0x0f, 0x10, 0x00, 0x0f, 0x10, 0x00, 0x00, 0xf4, 0x44, 0x30, 0xf0, 0x00, 0x00, 0x0f,
    0x22, 0x2b, 0x0f, 0x11, 0x11, 0x10, 0xf0, 0x00, 0xb0, 0xfd, 0xdf, 0xdd, 0x0f, 0x00, 0x0b, 0x0f,
    0x00, 0xb0, 0x00, 0xfb, 0xbb, 0xa1, 0xf0, 0x0b, 0x00, 0x1e, 0x00, 0x00, 0x1e, 0x00, 0xb0, 0x03,
    0xc0, 0x00, 0x03, 0xc0, 0x0b, 0x00, 0x59, 0x00, 0x00, 0x58, 0x00, 0xb0, 0x09, 0x40, 0x00, 0x09,
    0x20, 0x0b, 0x00, 0x70, 0x00, 0x01, 0x70, 0x00, 0xb0, 0x00, 0x00, 0x00, 0x00, 0x01, 0x35, 0x61,
    0x00, 0x56, 0x66, 0x6e, 0x53, 0x10, 0x00, 0x00, 0x00, 0x00, 0xb0, 0x00, 0x00, 0x00, 0x00, 0x00,
    0x0b, 0x00, 0x00, 0x00, 0x1b, 0xbb, 0xbb, 0xfb, 0xbb, 0xbb, 0x00, 0x00, 0x00, 0x0b, 0x00, 0x00,
    0x00, 0x00, 0x00, 0x00, 0xb0, 0x00, 0x00, 0x0b, 0xbb, 0xbb, 0xbf, 0xbb, 0xbb, 0xb9, 0x00, 0x00,
    0x00, 0xb0, 0x00, 0x00, 0x00, 0x00, 0x00, 0x0b, 0x00, 0x00, 0x00, 0x00, 0x00, 0x00, 0xb0, 0x00,
    0x00, 0x00, 0x00, 0x00, 0x0b, 0x00, 0x00, 0x00, 0x00, 0x0b, 0xcc, 0x90, 0x00, 0x00, 0x00, 0x00,
    0x00, 0x00, 0x00, 0x00, 0x00, 0x00, 0x0b, 0x00, 0x00, 0x00, 0x00, 0x00, 0x00, 0x0b, 0x05, 0xdd,
    0xdd, 0xfd, 0xd8, 0x00, 0x0b, 0x00, 0x00, 0x00, 0xb0, 0x00, 0x5b, 0xbf, 0xbb, 0x10, 0x00, 0xb0,
    0x00, 0x00, 0x0b, 0x00, 0x00, 0x00, 0xb0, 0x00, 0x00, 0x0b, 0x00, 0x00, 0x00, 0xb0, 0x00, 0x00,
    0x0b, 0x15, 0x00, 0x00, 0xb0, 0x00, 0x03, 0x6f, 0x51, 0x00, 0x00, 0xb0, 0x00, 0x34, 0x0b, 0x00,
    0x00, 0x00, 0xb0, 0x00, 0x00, 0x0b, 0x00, 0x00, 0x00, 0xb0, 0x00, 0x00, 0x0b, 0x00, 0x00, 0x00,
    0xb0, 0x00, 0x00, 0x0b, 0x00, 0x00, 0x00, 0xb0, 0x00, 0x09, 0xc9, 0x00, 0x05, 0xbb, 0xa0, 0x00,
    0x00, 0x00, 0x00, 0x00, 0x00, 0x00, 0x00, 0x00, 0xb0, 0x00, 0x00, 0x05, 0x00, 0x00, 0x00, 0xb0,
    0x00, 0x00, 0x05, 0x20, 0x00, 0x00, 0xb0, 0x03, 0xe7, 0x77, 0x77, 0x74, 0x6b, 0xfb, 0x84, 0xc0,
    0x00, 0x00, 0x00, 0x00, 0xb0, 0x04, 0xc0, 0x00, 0x00, 0x00, 0x00, 0xb0, 0x04, 0xc0, 0x00, 0x00,
    0x00, 0x00, 0xb0, 0x25, 0xc0, 0x00, 0x00, 0x00, 0x04, 0xf6, 0x25, 0xb0, 0x00, 0x00, 0x00, 0x42,
    0xb0, 0x07, 0x90, 0x00, 0x00, 0x00, 0x00, 0xb0, 0x09, 0x60, 0x00, 0x00, 0x00, 0x00, 0xb0, 0x0c,
    0x10, 0x00, 0x00, 0x00, 0x00, 0xb0, 0x29, 0x00, 0x00, 0x00, 0x00, 0x5b, 0xc0, 0x71, 0x00, 0x00,
    0x00, 0x00, 0x00, 0x00, 0x00, 0x00, 0x00, 0x00, 0x00, 0x00, 0x0b, 0x00, 0x00, 0x00, 0x00, 0x00,
    0x00, 0xb0, 0x2b, 0xbb, 0xbb, 0xbb, 0x00, 0x0b, 0x00, 0x00, 0x00, 0x00, 0xe3, 0xbb, 0xfb, 0x90,
    0x00, 0x00, 0x0e, 0x00, 0x0b, 0x00, 0x00, 0x00, 0x00, 0xe0, 0x00, 0xb0, 0x00, 0x00, 0x00, 0x0e,
    0x00, 0x0b, 0x00, 0x9b, 0xbb, 0xbb, 0xf0, 0x25, 0xf6, 0x40, 0x00, 0x00, 0x0e, 0x25, 0x1b, 0x00,
    0x00, 0x00, 0x00, 0xe0, 0x00, 0xb0, 0x00, 0x00, 0x00, 0x0e, 0x00, 0x0b, 0x00, 0x00, 0x00, 0x00,
    0xe0, 0x00, 0xb0, 0x3b, 0xbb, 0xbb, 0xbf, 0x09, 0xb9, 0x00, 0x00, 0x00, 0x00, 0xe0, 0x00, 0x0b,
    0x00, 0x00, 0xb0, 0x30, 0x00, 0x00, 0x00, 0xb0, 0x00, 0x0b, 0x03, 0x50, 0x00, 0x00, 0x0b, 0x00,
    0x00, 0xb0, 0x04, 0x20, 0x03, 0xbb, 0xfb, 0x70, 0x0b, 0x00, 0x00, 0x10, 0x00, 0x0b, 0x01, 0x66,
    0xf8, 0x66, 0x62, 0x00, 0x00, 0xb0, 0x00, 0x07, 0x50, 0x02, 0x00, 0x00, 0x0b, 0x13, 0x00, 0x48,
    0x06, 0x10, 0x00, 0x36, 0xf5, 0x10, 0x01, 0xb2, 0x50, 0x00, 0x24, 0x0b, 0x00, 0x00, 0x0c, 0x80,
    0x00, 0x00, 0x00, 0xb0, 0x00, 0x01, 0xd6, 0x00, 0x00, 0x00, 0x0b, 0x00, 0x03, 0x71, 0xc0, 0x05,
    0x10, 0x00, 0xb0, 0x17, 0x50, 0x06, 0x80, 0x70, 0x09, 0xb9, 0x01, 0x10, 0x00, 0x07, 0xc7, 0x00,
    0x00, 0x0b, 0x00, 0x00, 0x06, 0x00, 0x00, 0x00, 0x0b, 0x00, 0x00, 0x06, 0x00, 0x00, 0x00, 0x0b,
    0x00, 0x44, 0x67, 0x44, 0x40, 0x1b, 0xbf, 0xb7, 0xf3, 0x33, 0x33, 0xd2, 0x00, 0x0b, 0x00, 0xf0,
    0x00, 0x00, 0xd2, 0x00, 0x0b, 0x00, 0xf0, 0x00, 0x00, 0xd2, 0x00, 0x0b, 0x13, 0xf0, 0x00, 0x00,
    0xd2, 0x02, 0x6f, 0x51, 0xfb, 0xbb, 0xbb, 0xf2, 0x25, 0x1b, 0x00, 0xf0, 0x00, 0x00, 0xd2, 0x00,
    0x0b, 0x00, 0xf0, 0x00, 0x00, 0xd2, 0x00, 0x0b, 0x00, 0xf0, 0x00, 0x00, 0xd2, 0x00, 0x0b, 0x00,
    0xfb, 0xbb, 0xbb, 0xf2, 0x0a, 0xc9, 0x00, 0xf0, 0x00, 0x00, 0xd2, 0x00, 0xb0, 0x00, 0x00, 0x00,
    0x00, 0x00, 0x00, 0xb0, 0x0b, 0x01, 0x00, 0x0b, 0x00, 0x00, 0xb0, 0x0b, 0x06, 0x00, 0x1a, 0x00,
    0x9b, 0xfb, 0x6b, 0x04, 0x20, 0x29, 0x00, 0x00, 0xb0, 0x0b, 0x00, 0x60, 0x36, 0x00, 0x00, 0xb0,
    0x0b, 0x00, 0x60, 0x54, 0x00, 0x00, 0xb0, 0x2b, 0x00, 0x00, 0x71, 0x00, 0x15, 0xf6, 0x1b, 0x00,
    0x00, 0xb0, 0x00, 0x51, 0xb0, 0x0b, 0x03, 0x50, 0x77, 0x00, 0x00, 0xb0, 0x0c, 0x64, 0x05, 0x26,
    0x20, 0x00, 0xb0, 0x3e, 0x10, 0x07, 0x00, 0x70, 0x00, 0xb0, 0x00, 0x00, 0x81, 0x00, 0x52, 0x4b,
    0xc0, 0x00, 0x08, 0x20, 0x00, 0x00, 0x00, 0x00, 0x00, 0x00, 0x00, 0x00, 0x00, 0x00, 0x0b, 0x00,
    0x00, 0x00, 0x00, 0x00, 0x00, 0x0b, 0x00, 0xfc, 0xbb, 0xbb, 0xe0, 0x00, 0x0b, 0x00, 0x16, 0x00,
    0x06, 0x20, 0x1b, 0xbf, 0xb7, 0x03, 0x51, 0x62, 0x00, 0x00, 0x0b, 0x00, 0x00, 0x7c, 0x20, 0x00,
    0x00, 0x0b, 0x02, 0x66, 0x21, 0x56, 0x30, 0x00, 0x0e, 0x74, 0x00, 0x07, 0x00, 0x32, 0x06, 0x8f,
    0x01, 0xbb, 0xbf, 0xbb, 0x80, 0x02, 0x0b, 0x00, 0x00, 0x07, 0x00, 0x00, 0x00, 0x0b, 0x00, 0x00,
    0x07, 0x00, 0x00, 0x00, 0x0b, 0x09, 0xbb, 0xbf, 0xbb, 0xb4, 0x00, 0x0b, 0x00, 0x00, 0x07, 0x00,
    0x00, 0x07, 0xb9, 0x00, 0x00, 0x07, 0x00, 0x00, 0x00, 0xb0, 0x00, 0x00, 0xb0, 0x00, 0x00, 0x0b,
    0x00, 0x00, 0x0b, 0x00, 0x00, 0x00, 0xb0, 0x06, 0x77, 0xf7, 0x77, 0x19, 0xbf, 0xb9, 0x00, 0x0b,
    0x00, 0x00, 0x00, 0xb0, 0x11, 0x11, 0xc1, 0x11, 0x10, 0x0b, 0x09, 0xdd, 0xde, 0xdf, 0xdc, 0x00,
    0xb1, 0x30, 0x00, 0x00, 0xb0, 0x01, 0x5f, 0x55, 0xbb, 0xbb, 0xbf, 0xba, 0x51, 0xb0, 0x00, 0x10,
    0x00, 0xb0, 0x00, 0x0b, 0x00, 0x06, 0x00, 0x0b, 0x00, 0x00, 0xb0, 0x00, 0x16, 0x00, 0xb0, 0x00,
    0x0b, 0x00, 0x00, 0x10, 0x0b, 0x00, 0x4b, 0xc0, 0x00, 0x00, 0xbb, 0xc0, 0x00, 0x00, 0x00, 0x00,
    0x00, 0x00, 0x00, 0x00, 0xb0, 0x00, 0x00, 0xb0, 0x00, 0x00, 0x00, 0xb0, 0x00, 0x00, 0xb0, 0x00,
    0x00, 0x00, 0xb0, 0x06, 0x77, 0xf7, 0x77, 0x10, 0x7b, 0xfb, 0x70, 0x00, 0xb0, 0x00, 0x00, 0x00,
    0xb0, 0x00, 0x00, 0xb0, 0x00, 0x00, 0x00, 0xb0, 0x5b, 0xbb, 0xfb, 0xbb, 0xb0, 0x00, 0xc4, 0x42,
    0x22, 0xa2, 0x22, 0x20, 0x47, 0xf2, 0x00, 0x00, 0xb0, 0x00, 0x00, 0x00, 0xb0, 0x2b, 0xbb, 0xfb,
    0xbb, 0x40, 0x00, 0xb0, 0x00, 0x00, 0xb0, 0x00, 0x00, 0x00, 0xb0, 0x00, 0x00, 0xb0, 0x00, 0x00,
    0x00, 0xb0, 0x00, 0x00, 0xb0, 0x00, 0x00, 0x6b, 0xc2, 0xdd, 0xdd, 0xfd, 0xdd, 0xd1, 0x00, 0xb0,
    0x00, 0x00, 0x70, 0x00, 0x00, 0x0b, 0x00, 0x00, 0x05, 0x20, 0x00, 0x00, 0xb0, 0x09, 0x77, 0x78,
    0x77, 0x8a, 0xbf, 0xb8, 0x60, 0x04, 0x00, 0x06, 0x00, 0xb0, 0x05, 0x03, 0x30, 0x00, 0x50, 0x0b,
    0x00, 0x00, 0x70, 0x00, 0x00, 0x00, 0xb0, 0x3b, 0xdf, 0xbb, 0xed, 0xb0, 0x0d, 0x55, 0x06, 0x00,
    0x06, 0x00, 0x66, 0xf1, 0x02, 0xa0, 0x00, 0x70, 0x00, 0x0b, 0x00, 0x01, 0x65, 0x43, 0x00, 0x00,
    0xb0, 0x00, 0x00, 0x5d, 0x30, 0x00, 0x0b, 0x00, 0x01, 0x65, 0x05, 0x60, 0x5b, 0xc0, 0x16, 0x61,
    0x00, 0x01, 0x50, 0x00, 0x00, 0x00, 0x00, 0x00, 0x00, 0x00, 0x00, 0x00, 0x00, 0x00, 0x00, 0x00,
    0x00, 0xb0, 0x00, 0x08, 0x00, 0x00, 0x00, 0x00, 0xb0, 0x00, 0x4f, 0xbb, 0xf2, 0x00, 0x00, 0xb0,
    0x00, 0x80, 0x01, 0x80, 0x00, 0x36, 0xf6, 0x3b, 0x54, 0x4b, 0x54, 0x00, 0x00, 0xb0, 0x6e, 0xbb,
    0xfc, 0xbc, 0x00, 0x00, 0xb0, 0x0b, 0x00, 0x51, 0x07, 0x00, 0x00, 0xb0, 0x0b, 0x00, 0x60, 0x07,
    0x00, 0x01, 0xf6, 0x0b, 0x00, 0x60, 0x07, 0x00, 0x56, 0xc0, 0xcf, 0xdd, 0xfe, 0xdf, 0xd1, 0x00,
    0xb0, 0x00, 0x05, 0x47, 0x00, 0x00, 0x00, 0xb0, 0x00, 0x36, 0x04, 0x40, 0x00, 0x00, 0xb0, 0x05,
    0x50, 0x00, 0x45, 0x00, 0x1b, 0xd1, 0x73, 0x00, 0x00, 0x02, 0x71, 0x00, 0xb0, 0x00, 0x00, 0x00,
    0x00, 0x00, 0x00, 0xb0, 0x1f, 0xcb, 0xbb, 0xbb, 0xb0, 0x00, 0xb0, 0x1f, 0x10, 0x00, 0x00, 0xb0,
    0x45, 0xf5, 0x5f, 0x55, 0x55, 0x55, 0xb0, 0x00, 0xb0, 0x1f, 0xcb, 0xbf, 0xbb, 0x80, 0x00, 0xb0,
    0x1f, 0x10, 0x0b, 0x00, 0x00, 0x00, 0xb0, 0x2f, 0xbb, 0xbf, 0xbb, 0xb3, 0x25, 0xf5, 0x5e, 0x00,
    0x0b, 0x00, 0x00, 0x20, 0xb0, 0x3d, 0x3b, 0xbf, 0xbb, 0x90, 0x00, 0xb0, 0x4a, 0x45, 0x44, 0x44,
    0xb0, 0x00, 0xb0, 0x66, 0x42, 0x00, 0x00, 0xb0, 0x00, 0xb0, 0x82, 0x42, 0x00, 0x00, 0xb0, 0x4b,
    0xc0, 0x70, 0x4d, 0xbb, 0xbb, 0xd0, 0x00, 0xb0, 0x00, 0x02, 0x40, 0x00, 0x00, 0x0b, 0x00, 0x33,
    0x3a, 0x33, 0x31, 0x00, 0xb0, 0x04, 0x54, 0x44, 0x54, 0x27, 0xbf, 0xb8, 0x06, 0x10, 0x08, 0x00,
    0x00, 0xb0, 0x00, 0x05, 0x04, 0x30, 0x00, 0x0b, 0x06, 0xbb, 0xbb, 0xfb, 0xba, 0x00, 0xb1, 0x20,
    0x05, 0x10, 0x00, 0x01, 0x5f, 0x59, 0xbc, 0xfb, 0xbd, 0xcb, 0x52, 0xb0, 0x00, 0x61, 0x00, 0x60,
    0x00, 0x0b, 0x00, 0x68, 0x10, 0x16, 0x00, 0x00, 0xb0, 0x00, 0x16, 0x9b, 0x00, 0x00, 0x0b, 0x00,
    0x03, 0x65, 0x48, 0x30, 0x2b, 0xd0, 0x26, 0x30, 0x00, 0x05, 0x30, 0x00, 0x00, 0x00, 0x00, 0x00,
    0x00, 0x00, 0xb0, 0x00, 0x00, 0x60, 0x00, 0x00, 0x00, 0xb0, 0x01, 0x11, 0x73, 0x11, 0x10, 0x00,
    0xb0, 0x0d, 0x66, 0x66, 0x66, 0xd0, 0x8b, 0xfb, 0x8b, 0x01, 0x02, 0x20, 0xb0, 0x00, 0xb0, 0x05,
    0x15, 0x00, 0x62, 0x30, 0x00, 0xb0, 0x01, 0x60, 0x00, 0x07, 0x10, 0x00, 0xb4, 0x03, 0x00, 0x00,
    0x00, 0x10, 0x05, 0xf2, 0x0b, 0xee, 0xfe, 0xee, 0x10, 0x62, 0xb0, 0x00, 0x00, 0xb0, 0x00, 0x00,
    0x00, 0xb0, 0x00, 0x00, 0xb0, 0x00, 0x00, 0x00, 0xb0, 0x00, 0x00, 0xb0, 0x00, 0x00, 0x00, 0xb0,
    0x00, 0x00, 0xb0, 0x00, 0x00, 0x4b, 0xd0, 0xdd, 0xdd, 0xfd, 0xdd, 0xd0, 0x00, 0x00, 0x00, 0x00,
    0x00, 0x00, 0x00, 0x00, 0xb0, 0x00, 0x0b, 0x00, 0xb0, 0x00, 0x00, 0xb0, 0x00, 0x0b, 0x00, 0xb0,
    0x00, 0x00, 0xb0, 0x27, 0x7f, 0x77, 0xf7, 0x70, 0x8b, 0xfb, 0x80, 0x0b, 0x00, 0xb0, 0x00, 0x00,
    0xb0, 0x00, 0x0b, 0x00, 0xb0, 0x00, 0x00, 0xb0, 0x02, 0x23, 0x22, 0x32, 0x20, 0x00, 0xb0, 0x0e,
    0xbb, 0xbf, 0xbb, 0xe0, 0x00, 0xf6, 0x4e, 0x00, 0x0b, 0x00, 0xe0, 0x56, 0xd0, 0x0e, 0x00, 0x0b,
    0x00, 0xe0, 0x00, 0xb0, 0x0f, 0xbb, 0xbf, 0xbb, 0xf0, 0x00, 0xb0, 0x0e, 0x00, 0x0b, 0x00, 0xe0,
    0x00, 0xb0, 0x0f, 0xbb, 0xbf, 0xbb, 0xf0, 0x5b, 0xd0, 0x0f, 0x33, 0x33, 0x33, 0xf0, 0x00, 0x00,
    0x00, 0x00, 0x00, 0x00, 0x00, 0x00, 0xb0, 0x00, 0x00, 0x00, 0x00, 0x00, 0x00, 0xb0, 0x0b, 0xbb,
    0xbb, 0xbe, 0x00, 0x00, 0xb0, 0x0b, 0xbb, 0xbb, 0xbe, 0x00, 0x45, 0xf5, 0x4b, 0x00, 0x00, 0x0b,
    0x00, 0x00, 0xb0, 0x0b, 0xbb, 0xbb, 0xbe, 0x00, 0x00, 0xb0, 0x00, 0x00, 0x00, 0x00, 0x00, 0x00,
    0xb3, 0xcd, 0xdd, 0xfd, 0xdd, 0xb0, 0x17, 0xf8, 0x20, 0x00, 0xf0, 0x00, 0x00, 0x63, 0xb0, 0x02,
    0x30, 0xf0, 0x00, 0x00, 0x00, 0xb0, 0x06, 0x10, 0xfb, 0xbb, 0x20, 0x00, 0xb0, 0x07, 0x50, 0xf0,
    0x00, 0x00, 0x00, 0xb0, 0x24, 0x76, 0xf0, 0x00, 0x00, 0x4b, 0xc0, 0x70, 0x05, 0xec, 0xbb, 0xb3,
    0x00, 0x00, 0x00, 0x00, 0x00, 0x00, 0x00, 0x00, 0x00, 0x00, 0x00, 0x00, 0x00, 0x00, 0x00, 0xb0,
    0x00, 0x03, 0xb0, 0x00, 0x00, 0x00, 0xb0, 0x08, 0x82, 0xb2, 0xbb, 0xb0, 0x00, 0xb0, 0x0f, 0x00,
    0xb0, 0x00, 0xf0, 0x47, 0xf7, 0x5e, 0x00, 0xb0, 0x00, 0xf0, 0x00, 0xb0, 0x0f, 0xb6, 0xb1, 0xbb,
    0xf0, 0x00, 0xb0, 0x0e, 0x00, 0xb0, 0x00, 0xf0, 0x00, 0xb0, 0x2f, 0xbb, 0xfb, 0xbb, 0xb0, 0x00,
    0xf5, 0x20, 0x00, 0xb0, 0x00, 0x00, 0x46, 0xc0, 0x4f, 0xff, 0xff, 0xff, 0x90, 0x00, 0xb0, 0x02,
    0x81, 0x11, 0x3f, 0x50, 0x00, 0xb0, 0x00, 0x16, 0x26, 0xd5, 0x00, 0x00, 0xb0, 0x00, 0x05, 0xed,
    0x40, 0x00, 0x2b, 0xc0, 0x57, 0x74, 0x00, 0x25, 0x53, 0x00, 0xb0, 0x00, 0x00, 0x00, 0x00, 0x00,
    0x00, 0xb0, 0x6f, 0xdb, 0xbb, 0xbf, 0xb4, 0x24, 0xf4, 0x24, 0xdb, 0xbb, 0xbf, 0x00, 0x23, 0xf3,
    0x14, 0x20, 0x00, 0x0f, 0x00, 0x00, 0xb0, 0x04, 0xdb, 0xbb, 0xbf, 0x00, 0x00, 0xb0, 0x04, 0x20,
    0x00, 0x0f, 0x00, 0x00, 0xd5, 0x48, 0x76, 0x66, 0x5f, 0x52, 0x47, 0xf1, 0x8b, 0xbe, 0x9c, 0xbd,
    0xd0, 0x00, 0xb0, 0x31, 0x06, 0x07, 0x00, 0x70, 0x00, 0xb0, 0x06, 0x45, 0x06, 0x15, 0x30, 0x00,
    0xb0, 0x00, 0xd4, 0x00, 0xa6, 0x00, 0x00, 0xb0, 0x17, 0x14, 0x04, 0x87, 0x00, 0x2b, 0xd2, 0x71,
    0x02, 0x73, 0x01, 0x73, 0x00, 0xb0, 0x00, 0x06, 0x00, 0x60, 0x00, 0x00, 0xb0, 0x3b, 0xbf, 0xbb,
    0xfb, 0xb0, 0x00, 0xb0, 0x00, 0x06, 0x00, 0x60, 0x00, 0x11, 0xc1, 0x16, 0xbd, 0xbb, 0xda, 0x00,
    0x00, 0xb0, 0x06, 0x00, 0x00, 0x06, 0x00, 0x00, 0xb0, 0x08, 0xbb, 0xbb, 0xbb, 0x00, 0x00, 0xb1,
    0x36, 0x11, 0x11, 0x16, 0x00, 0x04, 0xf4, 0x08, 0xff, 0xff, 0xfd, 0x00, 0x42, 0xb0, 0x00, 0x00,
    0x60, 0x00, 0x00, 0x00, 0xb0, 0xbb, 0xbf, 0xfc, 0xbb, 0x60, 0x00, 0xb0, 0x00, 0x07, 0x17, 0x00,
    0x00, 0x00, 0xb0, 0x01, 0x72, 0x01, 0x73, 0x00, 0x5b, 0xc1, 0x76, 0x10, 0x00, 0x03, 0x60, 0x00,
    0x00, 0x00, 0x00, 0x00, 0x00, 0x00, 0x00, 0xb0, 0x00, 0x01, 0x35, 0x66, 0x10, 0x00, 0xb0, 0x16,
    0x76, 0xf2, 0x11, 0x00, 0x00, 0xb0, 0x00, 0x60, 0xb0, 0x50, 0x00, 0x56, 0xf6, 0x50, 0x40, 0xb0,
    0x50, 0x00, 0x00, 0xb0, 0x7b, 0xbe, 0xff, 0xdb, 0xb0, 0x00, 0xb0, 0x00, 0x16, 0xb4, 0x40, 0x00,
    0x00, 0xb5, 0x22, 0x70, 0xb0, 0x46, 0x00, 0x05, 0xf3, 0x67, 0x22, 0x82, 0x24, 0x82, 0x72, 0xb0,
    0x1e, 0xbb, 0xfb, 0xbe, 0x40, 0x00, 0xb0, 0x0e, 0x00, 0xb0, 0x0b, 0x40, 0x00, 0xb0, 0x0f, 0xbb,
    0xfb, 0xbf, 0x40, 0x00, 0xb0, 0x0f, 0xbb, 0xfb, 0xbf, 0x40, 0x4b, 0xc0, 0x0f, 0x22, 0x22, 0x2d,
    0x40, 0x00, 0x00, 0x00, 0x00, 0x00, 0x00, 0x00, 0x00, 0xb0, 0x00, 0x00, 0x00, 0x00, 0x00, 0x00,
    0xb0, 0x00, 0x4c, 0xbb, 0xe0, 0x00, 0x00, 0xb0, 0x00, 0x42, 0x00, 0xb0, 0x00, 0x35, 0xf5, 0x20,
    0x26, 0x55, 0x90, 0x00, 0x00, 0xb0, 0x0b, 0xbb, 0x87, 0xbb, 0xa0, 0x00, 0xb0, 0x0b, 0x00, 0xb4,
    0x00, 0xb0, 0x00, 0xb2, 0x3b, 0x00, 0xb4, 0x00, 0xb0, 0x04, 0xf4, 0x0c, 0xbb, 0x98, 0xbb, 0xa0,
    0x43, 0xb0, 0x00, 0x00, 0x13, 0x00, 0x00, 0x00, 0xb0, 0x4b, 0xbb, 0xff, 0xbb, 0xb2, 0x00, 0xb0,
    0x00, 0x26, 0x23, 0x61, 0x00, 0x00, 0xb0, 0x46, 0x40, 0x13, 0x05, 0x61, 0x0b, 0xd0, 0x20, 0x00,
    0x13, 0x00, 0x00, 0x00, 0xb0, 0x00, 0x00, 0x60, 0x00, 0x00, 0x00, 0xb0, 0x0b, 0xbb, 0xdd, 0xbb,
    0xb0, 0x00, 0xb0, 0x0b, 0x30, 0x01, 0x00, 0xb0, 0x47, 0xf7, 0x32, 0xcb, 0xbd, 0xbe, 0x30, 0x00,
    0xb0, 0x06, 0x21, 0x65, 0x27, 0x00, 0x00, 0xb0, 0x33, 0x4b, 0x10, 0xc2, 0x00, 0x00, 0xb1, 0x22,
    0xa4, 0x00, 0x35, 0x00, 0x03, 0xf6, 0x15, 0x6b, 0xbb, 0x75, 0x50, 0x43, 0xb0, 0x35, 0x22, 0x22,
    0x22, 0x40, 0x00, 0xb0, 0x08, 0xbb, 0xfc, 0xbb, 0x70, 0x00, 0xb0, 0x00, 0x50, 0x51, 0x33, 0x00,
    0x00, 0xb0, 0x17, 0x10, 0x51, 0x07, 0x40, 0x0b, 0xd0, 0x00, 0x0b, 0xc0, 0x00, 0x20, 0x00, 0x00,
    0x00, 0x00, 0x00, 0x00, 0x00, 0x00, 0x00, 0x00, 0xb0, 0x00, 0x00, 0x00, 0x00, 0x00, 0x00, 0xb0,
    0x00, 0x00, 0x00, 0x00, 0x00, 0x00, 0xb0, 0x00, 0x00, 0x00, 0x4b, 0xbb, 0xbb, 0xfb, 0xbb, 0xbb,
    0x70, 0x00, 0x00, 0x00, 0xb0, 0x00, 0x00, 0x00, 0x00, 0x00, 0x00, 0xb0, 0x00, 0x00, 0x00, 0x0b,
    0xef, 0xee, 0xfe, 0xee, 0xf1, 0x00, 0x00, 0x03, 0x30, 0x00, 0x00, 0x80, 0x00, 0x00, 0x00, 0x62,
    0x00, 0x07, 0x20, 0x00, 0x00, 0x00, 0x06, 0x20, 0x63, 0x00, 0x00, 0x00, 0x00, 0x00, 0x6d, 0x30,
    0x00, 0x00, 0x00, 0x00, 0x16, 0x61, 0x66, 0x10, 0x00, 0x02, 0x66, 0x51, 0x00, 0x00, 0x46, 0x62,
    0x24, 0x10, 0x00, 0x00, 0x00, 0x00, 0x00, 0x00, 0x00, 0x30, 0x00, 0x04, 0x00, 0x00, 0x00, 0x00,
    0x06, 0x00, 0x00, 0x60, 0x00, 0x00, 0x03, 0x35, 0x53, 0x33, 0x06, 0x00, 0x00, 0x00, 0x44, 0xf4,
    0x44, 0x43, 0xfb, 0xbd, 0xf0, 0x00, 0x0f, 0x00, 0x00, 0x66, 0x00, 0x51, 0x00, 0x00, 0xfb, 0xbf,
    0x16, 0x60, 0x06, 0x00, 0x00, 0x0f, 0x00, 0xd5, 0x15, 0x10, 0x60, 0x00, 0x01, 0xe0, 0x0e, 0x00,
    0x15, 0x33, 0x00, 0x00, 0x2c, 0x00, 0xe0, 0x00, 0x67, 0x00, 0x00, 0x04, 0x90, 0x0e, 0x00, 0x07,
    0x80, 0x00, 0x00, 0x94, 0x01, 0xd0, 0x02, 0x67, 0x10, 0x00, 0x1a, 0x00, 0x2c, 0x04, 0x60, 0x08,
    0x10, 0x09, 0x20, 0xad, 0x77, 0x40, 0x00, 0x17, 0x20, 0x10, 0x00, 0x00, 0x00, 0x00, 0x00, 0x00,
    0x00, 0x04, 0x00, 0x00, 0x13, 0x00, 0x00, 0x00, 0x05, 0x20, 0x00, 0x42, 0x00, 0x00, 0x06, 0x66,
    0x86, 0x60, 0x50, 0x00, 0x00, 0x00, 0x00, 0x00, 0x00, 0xdb, 0xbd, 0xf0, 0x00, 0x70, 0x07, 0x01,
    0x80, 0x04, 0x20, 0x04, 0x30, 0x02, 0x55, 0x70, 0x06, 0x00, 0x16, 0x00, 0x04, 0x16, 0x51, 0x06,
    0x00, 0x00, 0x63, 0x34, 0x01, 0x15, 0x25, 0x00, 0x00, 0x06, 0x90, 0x00, 0x06, 0x70, 0x00, 0x00,
    0x04, 0xb1, 0x00, 0x05, 0x90, 0x00, 0x00, 0x26, 0x17, 0x00, 0x17, 0x71, 0x00, 0x02, 0x70, 0x04,
    0x12, 0x70, 0x08, 0x10, 0x17, 0x00, 0x00, 0x46, 0x00, 0x00, 0x72, 0x03, 0x03, 0x30, 0x30, 0x23,
    0x00, 0x00, 0x02, 0x43, 0x33, 0x30, 0x51, 0x00, 0x00, 0x01, 0x44, 0x45, 0x10, 0x60, 0x00, 0x00,
    0x29, 0x9f, 0xe9, 0x94, 0xdb, 0xbe, 0xc0, 0x00, 0x28, 0x86, 0x01, 0xa0, 0x06, 0x00, 0x03, 0x53,
    0x31, 0x66, 0x50, 0x06, 0x00, 0x13, 0x03, 0x10, 0x05, 0x14, 0x06, 0x00, 0x0b, 0xcf, 0xbb, 0x80,
    0x06, 0x42, 0x00, 0x00, 0x51, 0x03, 0x30, 0x05, 0x70, 0x00, 0x01, 0xa1, 0x07, 0x00, 0x04, 0x90,
    0x00, 0x00, 0x16, 0xd2, 0x00, 0x16, 0x53, 0x00, 0x00, 0x47, 0x16, 0x12, 0x70, 0x06, 0x20, 0x16,
    0x20, 0x00, 0x46, 0x00, 0x00, 0x61, 0x00, 0x00, 0x00, 0x40, 0x00, 0x00, 0x00, 0x00, 0x00, 0x00,
    0x52, 0x00, 0x00, 0x00, 0x00, 0x00, 0x00, 0x04, 0x00, 0x00, 0x00, 0x2b, 0xbf, 0xbb, 0xbb, 0xbb,
    0xfb, 0xb3, 0x00, 0x06, 0x00, 0x00, 0x01, 0x60, 0x00, 0x00, 0x01, 0x60, 0x00, 0x06, 0x10, 0x00,
    0x00, 0x00, 0x62, 0x00, 0x26, 0x00, 0x00, 0x00, 0x00, 0x08, 0x00, 0x80, 0x00, 0x00, 0x00, 0x00,
    0x01, 0x88, 0x10, 0x00, 0x00, 0x00, 0x00, 0x01, 0xaa, 0x10, 0x00, 0x00, 0x00, 0x00, 0x38, 0x11,
    0x83, 0x00, 0x00, 0x00, 0x37, 0x40, 0x00, 0x05, 0x72, 0x00, 0x18, 0x40, 0x00, 0x00, 0x00, 0x05,
    0x72, 0x00, 0x0b, 0x00, 0x00, 0x01, 0x46, 0x1f, 0x50, 0xb0, 0x52, 0xc6, 0x52, 0x00, 0xf4, 0x2b,
    0x07, 0x1b, 0x00, 0x00, 0x0f, 0x13, 0xb3, 0x11, 0xb0, 0x00, 0x00, 0xf6, 0x6f, 0x66, 0x3d, 0x22,
    0x22, 0x1f, 0x01, 0xf0, 0x01, 0xfd, 0xdf, 0xd6, 0xf0, 0x6e, 0x70, 0x2b, 0x00, 0xb0, 0x0f, 0x16,
    0xb1, 0x72, 0xa0, 0x0b, 0x00, 0xf8, 0x0b, 0x02, 0x3a, 0x00, 0xb0, 0x0f, 0x10, 0xb0, 0x04, 0x70,
    0x0b, 0x00, 0xf0, 0x05, 0x00, 0x64, 0x00, 0xb0, 0x0f, 0xbb, 0xbb, 0xbb, 0x10, 0x0b, 0x00, 0x00,
    0x00, 0x00, 0x60, 0x00, 0xb0, 0x00, 0x00, 0x06, 0x00, 0x00, 0x00, 0x03, 0x50, 0x00, 0x02, 0x50,
    0x04, 0xfb, 0xa6, 0x10, 0x0b, 0xbb, 0xec, 0xb5, 0xe0, 0x00, 0x00, 0x00, 0x60, 0x07, 0x04, 0xc0,
    0x00, 0x00, 0x00, 0x51, 0x17, 0x04, 0xd0, 0x00, 0x00, 0x3d, 0xdf, 0xfe, 0xd7, 0xfd, 0xdf, 0xd7,
    0x00, 0x02, 0x40, 0x04, 0xc0, 0x0b, 0x00, 0x2b, 0xbe, 0xfb, 0xb7, 0xc0, 0x0b, 0x00, 0x00, 0x22,
    0x42, 0x06, 0xa0, 0x0b, 0x00, 0x02, 0x42, 0x46, 0x18, 0x80, 0x0b, 0x00, 0x08, 0x02, 0x41, 0x6a,
    0x30, 0x0b, 0x00, 0x12, 0x02, 0x40, 0x1b, 0x00, 0x0b, 0x00, 0x00, 0x4c, 0x30, 0x63, 0x00, 0x0b,
    0x00, 0x00, 0x00, 0x00, 0x00, 0x00, 0x00, 0x00, 0x00, 0x00, 0x00, 0x23, 0x00, 0x00, 0x00, 0x00,
    0x00, 0x00, 0x07, 0x00, 0x00, 0x00, 0x03, 0x33, 0x33, 0x36, 0x33, 0x33, 0x30, 0x0b, 0xbb, 0xbf,
    0xbb, 0xbb, 0xbb, 0xb1, 0x00, 0x00, 0x0c, 0x00, 0x00, 0x00, 0x00, 0x00, 0x00, 0x2a, 0x00, 0x00,
    0x00, 0x00, 0x00, 0x00, 0x4f, 0xbb, 0xbb, 0xbf, 0x00, 0x00, 0x00, 0x74, 0x00, 0x00, 0x1e, 0x00,
    0x00, 0x00, 0xb0, 0x00, 0x00, 0x2c, 0x00, 0x00, 0x03, 0x80, 0x00, 0x00, 0x4b, 0x00, 0x00, 0x0a,
    0x10, 0x00, 0x00, 0x68, 0x00, 0x00, 0x83, 0x00, 0x00, 0x00, 0xa5, 0x00, 0x28, 0x20, 0x00, 0x08,
    0xbb, 0xc1, 0x00, 0x00, 0x00, 0x00, 0x00, 0x00, 0x00, 0x00, 0x08, 0xff, 0xff, 0xff, 0xff, 0xff,
    0x60, 0x00, 0x00, 0x00, 0xb0, 0x00, 0x00, 0x00, 0x00, 0x00, 0x00, 0xb0, 0x00, 0x00, 0x00, 0x00,
    0x00, 0x00, 0xb0, 0x00, 0x00, 0x00, 0x3f, 0xff, 0xff, 0xff, 0xff, 0xff, 0xf3, 0x00, 0x00, 0x03,
    0x86, 0x00, 0x00, 0x00, 0x00, 0x00, 0x07, 0x46, 0x00, 0x00, 0x00, 0x00, 0x00, 0x0b, 0x06, 0x00,
    0x00, 0x00, 0x00, 0x00, 0x56, 0x06, 0x00, 0x00, 0x10, 0x00, 0x01, 0x90, 0x06, 0x00, 0x00, 0xb0,
    0x00, 0x19, 0x10, 0x06, 0x00, 0x00, 0xc0, 0x05, 0x70, 0x00, 0x07, 0xbb, 0xbc, 0x90, 0x12, 0x00,
    0x00, 0x00, 0x00, 0x00, 0x00, 0x3b, 0xbb, 0xbb, 0xbb, 0xbb, 0x4b, 0x00, 0x00, 0x00, 0x0f, 0x4b,
    0x00, 0x00, 0x00, 0x0f, 0x4b, 0x00, 0x00, 0x00, 0x0f, 0x4b, 0x00, 0x00, 0x00, 0x0f, 0x4f, 0xbb,
    0xbb, 0xbb, 0xbf, 0x4b, 0x00, 0x00, 0x00, 0x0f, 0x4b, 0x00, 0x00, 0x00, 0x0f, 0x4b, 0x00, 0x00,
    0x00, 0x0f, 0x4b, 0x00, 0x00, 0x00, 0x0f, 0x4f, 0xbb, 0xbb, 0xbb, 0xbf, 0x4b, 0x00, 0x00, 0x00,
    0x0f, 0x00, 0x00, 0x00, 0x00, 0x00, 0xb0, 0x0f, 0xbb, 0xb1, 0x00, 0x00, 0x0b, 0x00, 0xf0, 0x0b,
    0x20, 0x00, 0x00, 0xb0, 0x0f, 0x00, 0xb2, 0xab, 0xbb, 0xbf, 0xb8, 0xf0, 0x0b, 0x20, 0x00, 0x00,
    0xb0, 0x0f, 0xbb, 0xf2, 0x07, 0x00, 0x0b, 0x00, 0xf0, 0x0b, 0x20, 0x34, 0x00, 0xb0, 0x0f, 0x00,
    0xb2, 0x00, 0x70, 0x0b, 0x00, 0xf0, 0x0b, 0x20, 0x02, 0x40, 0xb0, 0x0f, 0x00, 0xb2, 0x00, 0x00,
    0x0b, 0x00, 0xfb, 0xbb, 0x10, 0x00, 0x00, 0xb0, 0x0d, 0x00, 0x00, 0x00, 0x00, 0x0b, 0x00, 0x00,
    0x00, 0x00, 0x09, 0xbb, 0x80, 0x00, 0x00, 0xcb, 0xbb, 0xbb, 0xbb, 0xbb, 0x00, 0x0c, 0x00, 0x00,
    0x00, 0x00, 0xb0, 0x00, 0xcb, 0xbb, 0xbb, 0xbb, 0xbb, 0x00, 0x0c, 0x00, 0x00, 0x00, 0x00, 0xb0,
    0x00, 0xbd, 0xbb, 0xdb, 0xbb, 0xba, 0x00, 0x02, 0x60, 0x0b, 0x00, 0x00, 0x00, 0x01, 0xfb, 0xbb,
    0xfb, 0xbb, 0xbb, 0x03, 0x70, 0x00, 0x0b, 0x00, 0x00, 0x00, 0x10, 0x8b, 0xbb, 0xfb, 0xbb, 0xb8,
    0x00, 0x00, 0x00, 0x0b, 0x00, 0x00, 0x00, 0x00, 0x00, 0x00, 0xb0, 0x00, 0x00, 0x08, 0xff, 0xff,
    0xff, 0xff, 0xff, 0xfc, 0x00, 0xbb, 0xbb, 0xbb, 0xbb, 0xbb, 0x00, 0x00, 0xb0, 0x00, 0x00, 0x00,
    0x0b, 0x00, 0x00, 0xbb, 0xbb, 0xbb, 0xbb, 0xbb, 0x00, 0x00, 0xb1, 0x11, 0x11, 0x11, 0x1b, 0x00,
    0x00, 0x23, 0x33, 0x33, 0x33, 0x32, 0x00, 0x2c, 0xcc, 0xcc, 0xef, 0xcc, 0xcc, 0xc8, 0x00, 0x02,
    0x00, 0x2b, 0x00, 0x00, 0x00, 0x00, 0x07, 0x00, 0x2b, 0x00, 0x00, 0x00, 0x00, 0x0d, 0x00, 0x2f,
    0xbb, 0xbb, 0x80, 0x00, 0x45, 0x70, 0x2b, 0x00, 0x00, 0x00, 0x01, 0x70, 0x69, 0x4b, 0x00, 0x00,
    0x00, 0x18, 0x10, 0x03, 0x9f, 0xcb, 0xbb, 0xb8, 0x11, 0x00, 0x00, 0x00, 0x00, 0x00, 0x00, 0x00,
    0xbb, 0xbb, 0xbb, 0xbb, 0xbb, 0x00, 0x00, 0xb0, 0x00, 0x00, 0x00, 0x0b, 0x00, 0x00, 0xbb, 0xbb,
    0xbb, 0xbb, 0xbb, 0x00, 0x00, 0xb0, 0x00, 0x00, 0x00, 0x0b, 0x00, 0x00, 0xb0, 0x00, 0x00, 0x00,
    0x0b, 0x00, 0x00, 0x8b, 0xbb, 0xbb, 0xbb, 0xb8, 0x00, 0x00, 0x00, 0x08, 0x00, 0x80, 0x00, 0x00,
    0x01, 0x60, 0x0b, 0x00, 0xb0, 0x07, 0x10, 0x00, 0x25, 0x0b, 0x00, 0xb0, 0x61, 0x00, 0x00, 0x02,
    0x0b, 0x00, 0xb2, 0x00, 0x00, 0x7b, 0xbb, 0xbf, 0xbb, 0xfb, 0xbb, 0xb5, 0x24, 0x44, 0x44, 0x44,
    0x44, 0x44, 0x42, 0x00, 0x00, 0x00, 0x00, 0x0b, 0x00, 0x00, 0x1f, 0xbe, 0x37, 0xbb, 0xbf, 0xbb,
    0xb4, 0x1d, 0x0b, 0x30, 0x00, 0x0b, 0x00, 0x00, 0x1d, 0x0b, 0x32, 0xbb, 0xbf, 0xbb, 0xb1, 0x1d,
    0x0b, 0x30, 0x00, 0x0b, 0x00, 0x00, 0x1d, 0x0c, 0x3f, 0xff, 0xff, 0xff, 0xf8, 0x1e, 0x1d, 0x30,
    0xbb, 0xbb, 0xbf, 0x30, 0x1d, 0x0b, 0x30, 0xe0, 0x00, 0x0b, 0x40, 0x1d, 0x0b, 0x30, 0xfb, 0xbb,
    0xbf, 0x40, 0x1f, 0x5c, 0x30, 0xe0, 0x00, 0x0b, 0x40, 0x1d, 0x00, 0x00, 0xfb, 0xbb, 0xbf, 0x40,
    0x03, 0x00, 0x00, 0xe0, 0x00, 0x0b, 0x40, 0x00, 0x00, 0x00, 0xe0, 0x00, 0x9e, 0x30, 0x00, 0x00,
    0x00, 0x00, 0x00, 0x00, 0x00, 0x00, 0x07, 0x00, 0x00, 0x12, 0x46, 0x60, 0x2b, 0xff, 0xbb, 0xb2,
    0xf8, 0x52, 0x00, 0x01, 0x70, 0x50, 0x00, 0x60, 0x00, 0x00, 0x0c, 0xcb, 0xfb, 0xb3, 0xfa, 0xaf,
    0xa6, 0x01, 0x00, 0x70, 0x02, 0x40, 0x0b, 0x00, 0x02, 0x45, 0xd6, 0x66, 0x20, 0x0b, 0x00, 0x14,
    0x31, 0x70, 0x07, 0x00, 0x0b, 0x00, 0x00, 0x00, 0x40, 0x02, 0x00, 0x05, 0x00, 0x00, 0x6b, 0xbb,
    0xbb, 0xbb, 0xbc, 0x00, 0x00, 0x61, 0x00, 0x00, 0x00, 0x0a, 0x00, 0x00, 0x7c, 0xbb, 0xbb, 0xbb,
    0xbf, 0x00, 0x00, 0x61, 0x00, 0x00, 0x00, 0x0a, 0x00, 0x00, 0x7c, 0xbb, 0xbb, 0xbb, 0xbf, 0x00,
    0x00, 0x00, 0x00, 0x00, 0x00, 0x00, 0x00, 0x00, 0xbb, 0xbb, 0xbb, 0xbb, 0xbc, 0x00, 0x00, 0xbb,
    0xbb, 0xbb, 0xbb, 0xbc, 0x00, 0x00, 0xb2, 0x22, 0x22, 0x22, 0x2b, 0x00, 0x00, 0xae, 0xfe, 0xee,
    0xef, 0xeb, 0x00, 0x01, 0x22, 0xe2, 0x22, 0x2e, 0x22, 0x20, 0x01, 0x22, 0xe2, 0x22, 0x2e, 0x22,
    0x20, 0x4b, 0xbb, 0xfb, 0xbb, 0xbf, 0xbb, 0xb5, 0x14, 0x46, 0xa4, 0x64, 0x4a, 0x64, 0x41, 0x02,
    0x65, 0x50, 0xb0, 0x07, 0x46, 0x40, 0x34, 0x00, 0x25, 0xb2, 0x61, 0x00, 0x23, 0x00, 0x46, 0x51,
    0xb0, 0x36, 0x64, 0x00, 0x01, 0x20, 0x0b, 0xd0, 0x00, 0x03, 0x00, 0x00, 0x00, 0xb0, 0x00, 0xb0,
    0x00, 0x00, 0x00, 0x0b, 0x00, 0x0b, 0x00, 0x00, 0x00, 0x00, 0xb0, 0x00, 0xb0, 0x00, 0x00, 0xfb,
    0xbf, 0xbb, 0xbf, 0xbb, 0xe3, 0x0f, 0x00, 0xb0, 0x00, 0xb0, 0x0b, 0x30, 0xf0, 0x0b, 0x00, 0x0b,
    0x00, 0xb3, 0x0f, 0x00, 0xb0, 0x00, 0xb0, 0x0b, 0x30, 0xfb, 0xbf, 0xbb, 0xbf, 0xbb, 0xf3, 0x0f,
    0x00, 0xb0, 0x00, 0xb0, 0x0b, 0x30, 0xf0, 0x0b, 0x00, 0x0b, 0x00, 0xb3, 0x0f, 0x00, 0xb0, 0x00,
    0xb0, 0x0b, 0x30, 0xfb, 0xbf, 0xbb, 0xbf, 0xbb, 0xf3, 0x0f, 0x33, 0x33, 0x33, 0x33, 0x3e, 0x30,
    0x0a, 0xbb, 0xbb, 0xbf, 0xbb, 0xbb, 0xb5, 0x00, 0x00, 0x00, 0x0b, 0x00, 0x00, 0x00, 0x00, 0xcb,
    0xbb, 0xbf, 0xbb, 0xbe, 0x00, 0x00, 0xb0, 0x00, 0x0b, 0x00, 0x0b, 0x00, 0x00, 0xdb, 0xbb, 0xbf,
    0xbb, 0xbe, 0x00, 0x00, 0xb0, 0x00, 0x0b, 0x00, 0x0b, 0x00, 0x00, 0xb0, 0x00, 0x19, 0x00, 0x0b,
    0x00, 0x00, 0xab, 0xbb, 0xff, 0xbb, 0xbb, 0x00, 0x00, 0x06, 0x10, 0x80, 0x00, 0x00, 0x00, 0x00,
    0x00, 0x9b, 0x10, 0x00, 0x00, 0x00, 0x00, 0x36, 0x66, 0xa7, 0x41, 0x00, 0x00, 0x06, 0x30, 0x00,
    0x03, 0x79, 0xbb, 0xb8, 0x00, 0x00, 0x00, 0x00, 0x00, 0x00, 0x00, 0x00, 0x4c, 0xbb, 0xbb, 0xbb,
    0xbb, 0x00, 0x00, 0x4c, 0xbb, 0xbb, 0xbb, 0xbb, 0x00, 0x00, 0x44, 0x00, 0x00, 0x00, 0x0b, 0x00,
    0x00, 0x4c, 0xbb, 0xbb, 0xbb, 0xbb, 0x00, 0x12, 0x22, 0x22, 0x22, 0x22, 0x22, 0x22, 0x24, 0xf3,
    0x33, 0xf3, 0x33, 0x33, 0x32, 0x01, 0xfb, 0xbb, 0xf4, 0xca, 0xaa, 0xc0, 0x01, 0xd0, 0x00, 0xe0,
    0x51, 0x00, 0x60, 0x01, 0xfb, 0xbb, 0xf0, 0x06, 0x06, 0x10, 0x01, 0xd0, 0x00, 0xe0, 0x03, 0xa3,
    0x00, 0x25, 0xf6, 0x66, 0xf4, 0x07, 0x76, 0x00, 0x12, 0x00, 0x00, 0xe4, 0x61, 0x01, 0x66, 0x00,
    0x1f, 0xbb, 0xbb, 0xbb, 0xf4, 0x00, 0x1c, 0x00, 0x00, 0x00, 0xb4, 0x00, 0x1c, 0x00, 0x00, 0x00,
    0xb4, 0x00, 0x1f, 0xbb, 0xbb, 0xbb, 0xf5, 0x00, 0x1c, 0x00, 0x00, 0x00, 0xb4, 0x00, 0x2b, 0x00,
    0x00, 0x00, 0xb4, 0x00, 0x4a, 0x00, 0x00, 0x00, 0xb4, 0x00, 0x7f, 0xbb, 0xbb, 0xbb, 0xf4, 0x00,
    0xa3, 0x00, 0x00, 0x00, 0xb4, 0x01, 0xb0, 0x00, 0x00, 0x00, 0xb4, 0x09, 0x30, 0x00, 0x00, 0x00,
    0xb4, 0x64, 0x00, 0x00, 0x06, 0xbb, 0xe2, 0x00, 0x00, 0x00, 0x00, 0x00, 0x00, 0x00, 0x00, 0x02,
    0x10, 0x00, 0x00, 0x00, 0x00, 0x00, 0x06, 0x00, 0x00, 0x00, 0x00, 0x0b, 0xbb, 0xcf, 0xbb, 0xbb,
    0xbb, 0xb0, 0x00, 0x00, 0x61, 0x00, 0x00, 0x00, 0x00, 0x00, 0x01, 0x60, 0x00, 0x00, 0x00, 0x00,
    0x00, 0x0a, 0xcb, 0xbb, 0xbb, 0xd5, 0x00, 0x00, 0x74, 0x40, 0x00, 0x00, 0x15, 0x00, 0x07, 0x22,
    0xeb, 0xbb, 0xbb, 0xd6, 0x00, 0x11, 0x02, 0x40, 0x00, 0x00, 0x15, 0x00, 0x00, 0x02, 0xeb, 0xbb,
    0xbb, 0xd6, 0x00, 0x00, 0x02, 0x40, 0x00, 0x00, 0x15, 0x00, 0x00, 0x02, 0x40, 0x00, 0x00, 0x15,
    0x00, 0x00, 0x02, 0x40, 0x00, 0x7b, 0xb3, 0x00, 0x00, 0x0b, 0x00, 0x00, 0x00, 0x00, 0x00, 0x00,
    0xb0, 0x00, 0x2f, 0xbb, 0xbf, 0x6b, 0xbf, 0xbb, 0xb2, 0xb0, 0x00, 0xd0, 0x11, 0xc1, 0x11, 0x2b,
    0x00, 0x0d, 0x0c, 0x78, 0x77, 0xb2, 0xfb, 0xbb, 0xf0, 0xb0, 0x00, 0x0b, 0x2b, 0x00, 0x0d, 0x0d,
    0xbb, 0xbb, 0xb2, 0xb0, 0x00, 0xd0, 0xc3, 0x33, 0x3b, 0x3e, 0x44, 0x4f, 0x0a, 0xbf, 0xbb, 0x94,
    0xd4, 0x44, 0xf0, 0x00, 0xb0, 0x00, 0x76, 0x00, 0x0d, 0x9b, 0xbf, 0xbb, 0xbc, 0x10, 0x00, 0xd0,
    0x00, 0xb0, 0x04, 0x70, 0x00, 0x0d, 0x00, 0x0b, 0x01, 0x80, 0x00, 0x6b, 0xc0, 0x00, 0x00, 0x00,
    0x00, 0x00, 0x00, 0x02, 0xc0, 0x0b, 0x30, 0x00, 0x00, 0x00, 0x02, 0xc0, 0x0b, 0x30, 0xfb, 0xbb,
    0xf2, 0x4d, 0xfb, 0xbf, 0xe4, 0xf0, 0x00, 0xd2, 0x02, 0xc0, 0x0b, 0x30, 0xf0, 0x00, 0xd2, 0x02,
    0xfb, 0xbf, 0x30, 0xf9, 0x99, 0xf2, 0x02, 0xc0, 0x0b, 0x30, 0xf0, 0x00, 0xd2, 0x02, 0xfb, 0xbf,
    0x30, 0xf0, 0x00, 0xd2, 0x02, 0xc0, 0x0b, 0x30, 0xf7, 0x77, 0xf2, 0x02, 0xc0, 0x0b, 0x31, 0xd0,
    0x00, 0xd2, 0x9f, 0xfe, 0xef, 0xf9, 0xb0, 0x00, 0xd2, 0x00, 0x41, 0x31, 0x05, 0x70, 0x00, 0xd2,
    0x02, 0x60, 0x07, 0x19, 0x20, 0x00, 0xd2, 0x27, 0x00, 0x00, 0x19, 0x00, 0x6b, 0xe1, 0x00, 0x00,
    0x00, 0x00, 0x00, 0x00, 0x00, 0x00, 0x00, 0x00, 0xb0, 0x00, 0x00, 0x00, 0x00, 0x00, 0x00, 0xb0,
    0x00, 0x00, 0x00, 0x00, 0x00, 0x00, 0xb0, 0x00, 0x00, 0x00, 0x07, 0xbb, 0xbb, 0xfb, 0xbb, 0xbb,
    0x00, 0x00, 0x00, 0x00, 0xb0, 0x00, 0x00, 0x00, 0x00, 0x00, 0x00, 0xb0, 0x00, 0x00, 0x00, 0x6b,
    0xbb, 0xbc, 0xfe, 0xbb, 0xbb, 0xa0, 0x00, 0x00, 0x07, 0xc6, 0x10, 0x00, 0x00, 0x00, 0x00, 0x62,
    0xb0, 0x71, 0x00, 0x00, 0x00, 0x06, 0x20, 0xb0, 0x07, 0x10, 0x00, 0x01, 0x72, 0x00, 0xb0, 0x00,
    0x63, 0x00, 0x56, 0x00, 0x00, 0xb0, 0x00, 0x04, 0x70, 0x00, 0x00, 0x00, 0xb0, 0x00, 0x00, 0x00,
    0x00, 0x00, 0x00, 0xb0, 0x00, 0x00, 0x00, 0x00, 0x00, 0x00, 0xb0, 0x00, 0x00, 0x00, 0x00, 0x00,
    0x00, 0xb0, 0x00, 0x00, 0x00, 0x6b, 0xbb, 0xbe, 0xfd, 0xbb, 0xbb, 0x90, 0x00, 0x00, 0x07, 0xb4,
    0x20, 0x00, 0x00, 0x00, 0x00, 0x52, 0xb0, 0x60, 0x00, 0x00, 0x00, 0x01, 0x60, 0xb0, 0x34, 0x00,
    0x00, 0x00, 0x06, 0x00, 0xb0, 0x04, 0x20, 0x00, 0x00, 0x71, 0x00, 0xb0, 0x00, 0x62, 0x00, 0x17,
    0x5b, 0xbb, 0xfb, 0xbb, 0x76, 0x40, 0x40, 0x00, 0x00, 0xb0, 0x00, 0x00, 0x32, 0x00, 0x00, 0x00,
    0xb0, 0x00, 0x00, 0x00, 0x00, 0x00, 0x00, 0xb0, 0x00, 0x00, 0x00, 0x00, 0x0b, 0x00, 0x00, 0x00,
    0x00, 0x00, 0x00, 0x0b, 0x00, 0x3f, 0xbb, 0xcf, 0x00, 0x00, 0x0b, 0x00, 0x3c, 0x00, 0x0e, 0x00,
    0x4b, 0xbf, 0xbb, 0x6c, 0x00, 0x0e, 0x00, 0x00, 0x1f, 0x00, 0x3c, 0x00, 0x0e, 0x00, 0x00, 0x5f,
    0x00, 0x3c, 0x00, 0x0e, 0x00, 0x00, 0x6c, 0x71, 0x3b, 0x00, 0x0e, 0x00, 0x04, 0x3b, 0x18, 0x5a,
    0x00, 0x0e, 0x00, 0x07, 0x0b, 0x01, 0x68, 0x00, 0x0e, 0x00, 0x61, 0x0b, 0x00, 0x85, 0x00, 0x0e,
    0x04, 0x00, 0x0b, 0x00, 0xb1, 0x00, 0x0e, 0x0b, 0x00, 0x0b, 0x02, 0x80, 0x00, 0x0e, 0x0b, 0x00,
    0x0b, 0x07, 0x10, 0x00, 0x0d, 0xc8, 0x00, 0x00, 0x00, 0xb0, 0x00, 0x00, 0x00, 0x00, 0x00, 0x0b,
    0x00, 0x00, 0x00, 0x7b, 0xbb, 0xbb, 0xfb, 0xbb, 0xbb, 0x50, 0x00, 0x00, 0x0b, 0x00, 0x00, 0x00,
    0x0b, 0xbb, 0xbb, 0xfb, 0xbb, 0xb0, 0x00, 0xb0, 0x00, 0x0b, 0x00, 0x0b, 0x00, 0x0b, 0x00, 0x00,
    0xb0, 0x00, 0xb0, 0x00, 0xeb, 0xbb, 0xbf, 0xbb, 0xbe, 0x00, 0x00, 0x00, 0x06, 0xf5, 0x00, 0x00,
    0x00, 0x00, 0x06, 0x2b, 0x45, 0x00, 0x00, 0x00, 0x27, 0x10, 0xb0, 0x27, 0x20, 0x02, 0x65, 0x00,
    0x0b, 0x00, 0x05, 0x62, 0x30, 0x00, 0x00, 0xb0, 0x00, 0x00, 0x40, 0x00, 0x0b, 0x00, 0x00, 0x00,
    0x14, 0x60, 0x00, 0x0b, 0x02, 0xa6, 0x66, 0x52, 0x00, 0x15, 0x5f, 0x57, 0xd0, 0x00, 0x00, 0x00,
    0x01, 0x2f, 0x14, 0xd0, 0x00, 0x00, 0x00, 0x00, 0x5f, 0x23, 0xfb, 0xbb, 0xbb, 0xa0, 0x00, 0x6b,
    0x74, 0xc5, 0x00, 0x00, 0x60, 0x01, 0x5b, 0x37, 0xc3, 0x20, 0x04, 0x20, 0x06, 0x1b, 0x05, 0xb0,
    0x60, 0x07, 0x00, 0x16, 0x0b, 0x06, 0x90, 0x51, 0x53, 0x00, 0x41, 0x0b, 0x08, 0x60, 0x0a, 0x60,
    0x00, 0x00, 0x0b, 0x0a, 0x20, 0x38, 0x50, 0x00, 0x00, 0x0b, 0x09, 0x16, 0x40, 0x46, 0x00, 0x00,
    0x0b, 0x43, 0x31, 0x00, 0x02, 0x71, 0x00, 0x0b, 0x00, 0x00, 0x00, 0x46, 0x20, 0x00, 0x0b, 0x00,
    0x1a, 0x66, 0x20, 0x00, 0x00, 0x0b, 0x00, 0x3c, 0x00, 0x00, 0x00, 0x2b, 0xbf, 0xbb, 0x4c, 0x00,
    0x00, 0x00, 0x00, 0x1f, 0x00, 0x3c, 0x00, 0x00, 0x00, 0x00, 0x5f, 0x40, 0x3f, 0xdd, 0xfd, 0xd4,
    0x00, 0x6b, 0x62, 0x3c, 0x00, 0xb0, 0x00, 0x02, 0x4b, 0x07, 0x4b, 0x00, 0xb0, 0x00, 0x07, 0x0b,
    0x00, 0x5a, 0x00, 0xb0, 0x00, 0x44, 0x0b, 0x00, 0x78, 0x00, 0xb0, 0x00, 0x10, 0x0b, 0x00, 0x93,
    0x00, 0xb0, 0x00, 0x00, 0x0b, 0x00, 0xb0, 0x00, 0xb0, 0x00, 0x00, 0x0b, 0x04, 0x40, 0x00, 0xb0,
    0x00, 0x00, 0xcb, 0xbb, 0xfb, 0xbb, 0xbd, 0x00, 0x00, 0xb0, 0x00, 0xb0, 0x00, 0x0b, 0x00, 0x00,
    0xcb, 0xbb, 0xfb, 0xbb, 0xbd, 0x00, 0x00, 0xb0, 0x00, 0xb0, 0x00, 0x0b, 0x00, 0x00, 0xb0, 0x00,
    0xb0, 0x00, 0x0b, 0x00, 0x00, 0xab, 0xbb, 0xfb, 0xbb, 0xba, 0x00, 0x00, 0x00, 0x00, 0xb0, 0x00,
    0x00, 0x00, 0x6b, 0xbb, 0xbf, 0xff, 0xbb, 0xbb, 0x90, 0x00, 0x00, 0x36, 0xb2, 0x60, 0x00, 0x00,
    0x00, 0x04, 0x50, 0xb0, 0x17, 0x20, 0x00, 0x02, 0x72, 0x00, 0xb0, 0x00, 0x46, 0x20, 0x44, 0x00,
    0x00, 0xb0, 0x00, 0x00, 0x50, 0x00, 0x0b, 0x00, 0x00, 0x00, 0x00, 0x00, 0x00, 0x0b, 0x00, 0x1b,
    0xbb, 0xbb, 0xb0, 0x00, 0x0b, 0x00, 0x00, 0x00, 0x00, 0x00, 0x3b, 0xbf, 0xba, 0x00, 0x00, 0x00,
    0x00, 0x00, 0x2f, 0x00, 0x33, 0x33, 0x33, 0x31, 0x00, 0x6e, 0x61, 0xbb, 0xbf, 0xcb, 0xb3, 0x01,
    0x7b, 0x44, 0x00, 0x06, 0x00, 0x00, 0x07, 0x1b, 0x03, 0x04, 0x06, 0x03, 0x00, 0x45, 0x0b, 0x00,
    0x08, 0x06, 0x01, 0x40, 0x30, 0x0b, 0x00, 0x52, 0x06, 0x00, 0x40, 0x00, 0x0b, 0x02, 0x70, 0x06,
    0x00, 0x21, 0x00, 0x0b, 0x02, 0x00, 0x06, 0x00, 0x01, 0x00, 0x0b, 0x00, 0x04, 0xbc, 0x00, 0x00,
    0x00, 0x00, 0x00, 0x00, 0x00, 0x00, 0x00, 0x00, 0x00, 0x00, 0x00, 0x00, 0x00, 0x00, 0x00, 0x0b,
    0x00, 0x00, 0xb0, 0x20, 0x00, 0x00, 0x0b, 0x00, 0x00, 0xb0, 0x62, 0x00, 0x00, 0x0b, 0x00, 0x00,
    0xb0, 0x03, 0x10, 0x0b, 0xbf, 0xb6, 0x02, 0xf7, 0x77, 0x40, 0x00, 0x2f, 0x00, 0x75, 0xb1, 0x00,
    0x00, 0x00, 0x6d, 0x50, 0x00, 0x73, 0x00, 0x00, 0x00, 0x7b, 0x43, 0x02, 0x9b, 0x66, 0x50, 0x06,
    0x1b, 0x00, 0x54, 0x39, 0x00, 0x32, 0x26, 0x0b, 0x00, 0x00, 0x0a, 0x03, 0x60, 0x10, 0x0b, 0x00,
    0x00, 0x07, 0x85, 0x00, 0x00, 0x0b, 0x00, 0x00, 0x28, 0xb0, 0x0b, 0x00, 0x0b, 0x00, 0x46, 0x40,
    0x74, 0x2a, 0x00, 0x0b, 0x03, 0x20, 0x00, 0x08, 0xc5, 0x00, 0x0b, 0x00, 0x00, 0x60, 0x00, 0x00,
    0x00, 0x0b, 0x00, 0x00, 0x24, 0x00, 0x00, 0x00, 0x0b, 0x04, 0x66, 0x66, 0x66, 0x60, 0x0b, 0xbf,
    0xb6, 0x02, 0x00, 0x30, 0x00, 0x00, 0x1f, 0x00, 0x16, 0x00, 0x44, 0x00, 0x00, 0x5f, 0x20, 0x70,
    0x00, 0x05, 0x20, 0x00, 0x7b, 0x75, 0x25, 0x00, 0x51, 0x60, 0x02, 0x5b, 0x22, 0x06, 0x00, 0x70,
    0x00, 0x07, 0x0b, 0x00, 0x02, 0x53, 0x40, 0x00, 0x35, 0x0b, 0x00, 0x00, 0x59, 0x00, 0x00, 0x00,
    0x0b, 0x00, 0x01, 0x77, 0x20, 0x00, 0x00, 0x0b, 0x00, 0x27, 0x10, 0x55, 0x00, 0x00, 0x0b, 0x05,
    0x50, 0x00, 0x02, 0x71, 0x00, 0x0b, 0x00, 0x51, 0x00, 0x00, 0x60, 0x00, 0x0b, 0x00, 0x07, 0x00,
    0x06, 0x20, 0x00, 0x0b, 0x00, 0x04, 0x00, 0x17, 0x00, 0x0b, 0xbf, 0xb8, 0xbb, 0xbf, 0xdc, 0xb2,
    0x00, 0x1f, 0x00, 0x00, 0x0b, 0x00, 0x00, 0x00, 0x6f, 0x30, 0x00, 0x0b, 0x00, 0x00, 0x00, 0x7b,
    0x60, 0xab, 0xbf, 0xbb, 0x80, 0x03, 0x5b, 0x10, 0x00, 0x0b, 0x00, 0x00, 0x08, 0x0b, 0x00, 0x00,
    0x0b, 0x00, 0x00, 0x25, 0x0b, 0x0b, 0xbb, 0xbf, 0xbb, 0xb6, 0x00, 0x0b, 0x00, 0x00, 0x0b, 0x00,
    0x00, 0x00, 0x0b, 0x00, 0x00, 0x0b, 0x00, 0x00, 0x00, 0x0b, 0x00, 0x00, 0x0b, 0x00, 0x00, 0x00,
    0x0b, 0x00, 0x00, 0x06, 0x00, 0x00, 0x00, 0x0b, 0x00, 0x00, 0x04, 0x30, 0x00, 0x00, 0x0b, 0x00,
    0x44, 0x47, 0x74, 0x43, 0x1b, 0xcf, 0xb6, 0x00, 0x53, 0x00, 0x00, 0x00, 0x5f, 0x00, 0x01, 0x70,
    0x02, 0x00, 0x00, 0x6d, 0x50, 0x07, 0x10, 0x25, 0x00, 0x00, 0x6b, 0x52, 0x69, 0x67, 0xa0, 0x00,
    0x05, 0x2b, 0x01, 0x00, 0x17, 0x00, 0x70, 0x07, 0x0b, 0x00, 0x03, 0x60, 0x06, 0x20, 0x42, 0x0b,
    0x00, 0x64, 0x00, 0x54, 0x00, 0x00, 0x0b, 0x00, 0x00, 0x06, 0x85, 0x00, 0x00, 0x0b, 0x00, 0x03,
    0x71, 0x03, 0x60, 0x00, 0x0b, 0x03, 0x74, 0x00, 0x00, 0x34, 0x00, 0x00, 0x00, 0x00, 0x00, 0x00,
    0x00, 0x00, 0x0b, 0x00, 0x00, 0x00, 0x00, 0x00, 0x00, 0x0b, 0x04, 0xfb, 0xbb, 0xbe, 0x40, 0x12,
    0x2d, 0x25, 0xc0, 0x00, 0x0b, 0x40, 0x12, 0x3f, 0x25, 0xfb, 0xbb, 0xbf, 0x40, 0x00, 0x5f, 0x04,
    0xc0, 0x00, 0x0b, 0x40, 0x00, 0x6d, 0x54, 0xc0, 0x00, 0x0b, 0x40, 0x00, 0x6b, 0x66, 0xfb, 0xdc,
    0xbe, 0x40, 0x05, 0x1b, 0x06, 0xc0, 0x25, 0x00, 0x10, 0x06, 0x0b, 0x04, 0xc0, 0x07, 0x04, 0x60,
    0x41, 0x0b, 0x04, 0xc0, 0x04, 0xa3, 0x00, 0x00, 0x0b, 0x04, 0xc0, 0x00, 0x71, 0x00, 0x00, 0x0b,
    0x04, 0xc0, 0x35, 0x07, 0x30, 0x00, 0x0b, 0x07, 0xf6, 0x40, 0x00, 0x54, 0x00, 0x0b, 0x00, 0x01,
    0x50, 0x00, 0x00, 0x00, 0x0b, 0x00, 0x08, 0x66, 0x64, 0x00, 0x00, 0x0b, 0x00, 0x1b, 0x00, 0x07,
    0x00, 0x4b, 0xbf, 0xb9, 0x74, 0x30, 0x25, 0x00, 0x00, 0x3f, 0x05, 0x30, 0x62, 0x70, 0x00, 0x00,
    0x6f, 0x20, 0x00, 0x0e, 0x20, 0x00, 0x00, 0x6b, 0x72, 0x01, 0x71, 0x65, 0x00, 0x03, 0x3b, 0x03,
    0x57, 0x00, 0x02, 0x63, 0x07, 0x0b, 0x06, 0xfb, 0xbb, 0xbe, 0x30, 0x43, 0x0b, 0x00, 0xf0, 0x00,
    0x0b, 0x30, 0x20, 0x0b, 0x00, 0xf0, 0x00, 0x0b, 0x30, 0x00, 0x0b, 0x00, 0xf0, 0x00, 0x0b, 0x30,
    0x00, 0x0b, 0x00, 0xfb, 0xbb, 0xbf, 0x30, 0x00, 0x00, 0x00, 0x10, 0x00, 0x00, 0x00, 0x00, 0x00,
    0x00, 0x00, 0x00, 0x00, 0x00, 0x00, 0xb0, 0x00, 0x06, 0x00, 0x60, 0x00, 0x00, 0xb0, 0x1b, 0xbf,
    0xbb, 0xfb, 0xb2, 0x00, 0xb0, 0x00, 0x06, 0x00, 0x60, 0x00, 0x34, 0xf4, 0x25, 0xbd, 0xbb, 0xda,
    0x00, 0x00, 0xf2, 0x06, 0x00, 0x00, 0x06, 0x00, 0x02, 0xf9, 0x06, 0xbb, 0xbb, 0xbb, 0x00, 0x06,
    0xc5, 0x66, 0x11, 0x11, 0x16, 0x00, 0x07, 0xb0, 0x06, 0xff, 0xff, 0xfd, 0x00, 0x53, 0xb0, 0x00,
    0x00, 0x60, 0x00, 0x00, 0x60, 0xb0, 0xbb, 0xbe, 0xfc, 0xbb, 0x60, 0x00, 0xb0, 0x00, 0x07, 0x07,
    0x00, 0x00, 0x00, 0xb0, 0x01, 0x72, 0x02, 0x71, 0x00, 0x00, 0xb1, 0x76, 0x10, 0x00, 0x16, 0x61,
    0x00, 0x0b, 0x00, 0x05, 0x00, 0x0b, 0x00, 0x00, 0x0b, 0x00, 0x05, 0x00, 0x0b, 0x00, 0x00, 0x0b,
    0x05, 0xbf, 0xcb, 0xbf, 0xb7, 0x14, 0x4f, 0x44, 0x16, 0x21, 0x1d, 0x11, 0x00, 0x2e, 0x0a, 0xcc,
    0xcf, 0xcf, 0xcb, 0x00, 0x5f, 0x00, 0x00, 0x0b, 0x00, 0x00, 0x00, 0x6f, 0x40, 0xeb, 0xbf, 0xbb,
    0xc5, 0x01, 0x5b, 0x92, 0xb0, 0x0b, 0x00, 0x25, 0x06, 0x0b, 0x21, 0xeb, 0xbf, 0xbb, 0xc5, 0x16,
    0x0b, 0x00, 0xb0, 0x0b, 0x00, 0x25, 0x40, 0x0b, 0x00, 0xee, 0xef, 0xee, 0xe4, 0x00, 0x0b, 0x00,
    0x05, 0x10, 0x06, 0x30, 0x00, 0x0b, 0x05, 0x51, 0x00, 0x00, 0x36, 0x00, 0x00, 0x00, 0x40, 0x00,
    0x00, 0x00, 0x05, 0x00, 0x00, 0x60, 0x00, 0x00, 0x00, 0x03, 0x81, 0x01, 0x50, 0x00, 0x00, 0x00,
    0x00, 0x16, 0x08, 0xcb, 0xbb, 0xbc, 0xf0, 0x00, 0x00, 0x07, 0x00, 0x40, 0x05, 0x80, 0x00, 0x00,
    0x43, 0x00, 0xb0, 0x09, 0x10, 0x00, 0x00, 0x50, 0x00, 0xf0, 0x16, 0x00, 0x00, 0x04, 0x00, 0x02,
    0xd1, 0x00, 0x00, 0x00, 0x35, 0x00, 0x05, 0x45, 0x00, 0x00, 0x00, 0x70, 0x00, 0x07, 0x06, 0x00,
    0x00, 0x07, 0x10, 0x00, 0x62, 0x01, 0x60, 0x00, 0x23, 0x00, 0x06, 0x40, 0x00, 0x36, 0x00, 0x00,
    0x02, 0x72, 0x00, 0x00, 0x02, 0x71, 0x00, 0x03, 0x00, 0x00, 0x00, 0x00, 0x00, 0x00, 0x00, 0x00,
    0x00, 0x06, 0x00, 0x00, 0x01, 0xbb, 0xbb, 0xbf, 0x70, 0x70, 0x00, 0x00, 0x00, 0x11, 0x10, 0x60,
    0x43, 0x00, 0x00, 0x00, 0x0e, 0x9d, 0x16, 0x07, 0xbb, 0xbc, 0xf0, 0x00, 0xb0, 0x81, 0x61, 0x70,
    0x60, 0x48, 0x00, 0x0b, 0xbb, 0x16, 0x71, 0x0b, 0x07, 0x20, 0x14, 0x44, 0x44, 0x94, 0x00, 0xf0,
    0x20, 0x03, 0xbb, 0xbb, 0xbf, 0x70, 0x0f, 0x00, 0x00, 0x03, 0xfb, 0xc0, 0x60, 0x02, 0xc4, 0x00,
    0x00, 0x45, 0x0b, 0x06, 0x00, 0x74, 0x80, 0x00, 0x04, 0xfb, 0xe0, 0x60, 0x1a, 0x05, 0x40, 0x00,
    0x34, 0x00, 0x06, 0x09, 0x20, 0x08, 0x20, 0x00, 0x00, 0x8b, 0x67, 0x30, 0x00, 0x07, 0x20, 0x00,
    0x00, 0x00, 0x00, 0x00, 0x00, 0x00, 0x00, 0x00, 0x00, 0x1f, 0x00, 0x00, 0x00, 0x00, 0x00, 0x00,
    0x1f, 0x00, 0x00, 0x00, 0x00, 0x00, 0x00, 0x1f, 0x00, 0x00, 0x00, 0x00, 0x07, 0x00, 0x1f, 0x00,
    0x00, 0x00, 0x00, 0x0b, 0x00, 0x1f, 0x00, 0x00, 0x00, 0x00, 0x0b, 0x00, 0x1f, 0xbb, 0xbb, 0xb0,
    0x00, 0x0b, 0x00, 0x1f, 0x00, 0x00, 0x00, 0x00, 0x0b, 0x00, 0x1f, 0x00, 0x00, 0x00, 0x00, 0x0b,
    0x00, 0x1f, 0x00, 0x00, 0x00, 0x00, 0x0b, 0x00, 0x1f, 0x00, 0x00, 0x00, 0x00, 0x0b, 0x00, 0x1f,
    0x00, 0x00, 0x00, 0x1b, 0xbf, 0xbb, 0xcf, 0xbb, 0xbb, 0xb5, 0x04, 0x44, 0x44, 0x44, 0x44, 0x44,
    0x42, 0x08, 0xdd, 0xdd, 0xdf, 0xdd, 0xdd, 0xd2, 0x00, 0x00, 0x00, 0x0e, 0x00, 0x00, 0x00, 0x00,
    0x00, 0x00, 0x0e, 0x00, 0x00, 0x00, 0x00, 0x02, 0x00, 0x0e, 0x00, 0x00, 0x00, 0x00, 0x0b, 0x00,
    0x0e, 0x00, 0x00, 0x00, 0x00, 0x0b, 0x00, 0x0f, 0xbb, 0xbb, 0x90, 0x00, 0x0b, 0x00, 0x0e, 0x00,
    0x00, 0x00, 0x00, 0x0b, 0x00, 0x0e, 0x00, 0x00, 0x00, 0x00, 0x0b, 0x00, 0x0e, 0x00, 0x00, 0x00,
    0x00, 0x0b, 0x00, 0x0e, 0x00, 0x00, 0x00, 0x1b, 0xbf, 0xbb, 0xbf, 0xbb, 0xbb, 0xb8, 0x03, 0x33,
    0x33, 0x33, 0x33, 0x33, 0x32, 0x00, 0x00, 0xd0, 0x00, 0xb0, 0x00, 0x00, 0x00, 0x00, 0xd0, 0x00,
    0xb0, 0x00, 0x00, 0x00, 0x00, 0xd0, 0x00, 0xb0, 0x00, 0x00, 0x00, 0xa0, 0xd0, 0x00, 0xb0, 0x00,
    0x40, 0x00, 0xb0, 0xd0, 0x00, 0xb0, 0x18, 0x20, 0x00, 0xb0, 0xfb, 0xb4, 0xb4, 0x71, 0x00, 0x00,
    0xb0, 0xd0, 0x00, 0xf4, 0x00, 0x00, 0x00, 0xb0, 0xd0, 0x00, 0xb0, 0x00, 0x00, 0x00, 0xb0, 0xd0,
    0x00, 0xb0, 0x00, 0x00, 0x00, 0xb0, 0xd0, 0x00, 0xb0, 0x00, 0x05, 0x00, 0xb0, 0xd0, 0x00, 0xb0,
    0x00, 0x1b, 0x00, 0xb1, 0xd6, 0x63, 0xb1, 0x00, 0x39, 0x18, 0xb6, 0x30, 0x00, 0x5b, 0xbb, 0xb3,
    0x00, 0x00, 0x00, 0x00, 0x00, 0x00, 0x00, 0x00, 0x00, 0x00, 0xb0, 0x00, 0x00, 0x00, 0x00, 0x60,
    0x0b, 0x00, 0x00, 0x00, 0x00, 0x0b, 0x00, 0xfb, 0xbb, 0xb2, 0x00, 0x00, 0xb0, 0x0b, 0x00, 0x00,
    0x00, 0x14, 0x4e, 0x44, 0xe4, 0x44, 0x44, 0x32, 0xbb, 0xbb, 0xbf, 0xcb, 0xbb, 0xb8, 0x00, 0x00,
    0x30, 0xb0, 0x00, 0x32, 0x00, 0x00, 0x62, 0x0b, 0x00, 0x08, 0x00, 0x00, 0x53, 0x00, 0xb0, 0x08,
    0x10, 0x00, 0x43, 0x00, 0x0b, 0x18, 0x20, 0x00, 0x00, 0x00, 0x00, 0x57, 0x10, 0x00, 0x00, 0x00,
    0x26, 0x72, 0x00, 0x00, 0x00, 0x27, 0x74, 0x00, 0x00, 0x00, 0x00, 0x00, 0x00, 0x02, 0x20, 0x00,
    0x00, 0x00, 0x00, 0x00, 0x07, 0x00, 0x00, 0x00, 0x00, 0x00, 0x00, 0x2d, 0xbb, 0xbb, 0xbb, 0xbb,
    0xb0, 0x00, 0x70, 0x00, 0x00, 0x00, 0x00, 0x00, 0x07, 0x1c, 0xbb, 0xbb, 0xbb, 0xb9, 0x00, 0x12,
    0x06, 0x02, 0x62, 0x00, 0x06, 0x00, 0x00, 0x15, 0x00, 0x05, 0x30, 0x06, 0x00, 0x3b, 0xee, 0xbb,
    0xbb, 0xbb, 0xcf, 0xb4, 0x00, 0x51, 0x05, 0x30, 0x00, 0x25, 0x00, 0x00, 0x60, 0x00, 0x36, 0x10,
    0x34, 0x00, 0x00, 0xcb, 0xbb, 0xbb, 0xbb, 0xfe, 0xb0, 0x00, 0x00, 0x00, 0x00, 0x00, 0x71, 0x00,
    0x00, 0x00, 0x00, 0x00, 0xab, 0x90, 0x00, 0x00, 0x00, 0x00, 0x00, 0x00, 0x00, 0x00, 0x00, 0x00,
    0x00, 0x00, 0x04, 0x20, 0x00, 0x00, 0x01, 0x46, 0x66, 0x20, 0x00, 0x36, 0x66, 0x5d, 0x00, 0x00,
    0x00, 0x00, 0x00, 0x00, 0xb0, 0x00, 0x00, 0x00, 0x00, 0x00, 0x0d, 0x46, 0x66, 0x61, 0x03, 0x66,
    0x66, 0xf2, 0x00, 0x00, 0x00, 0x00, 0x00, 0x0b, 0x00, 0x00, 0x00, 0x00, 0x00, 0x00, 0xb0, 0x24,
    0x66, 0x62, 0x25, 0x66, 0x6f, 0x64, 0x20, 0x00, 0x02, 0x10, 0x00, 0xb0, 0x00, 0x00, 0x00, 0x00,
    0x00, 0x0b, 0x00, 0x00, 0x00, 0x90, 0x00, 0x00, 0xc0, 0x00, 0x00, 0x2a, 0x00, 0x00, 0x0a, 0xcb,
    0xbb, 0xbd, 0x40, 0x00, 0x03, 0x20, 0x00, 0x00, 0x00, 0x00, 0x00, 0x06, 0x00, 0x00, 0x00, 0x00,
    0x00, 0x00, 0x2c, 0xbb, 0xbb, 0xbb, 0xbb, 0xb0, 0x00, 0x71, 0x33, 0x33, 0x33, 0x33, 0x00, 0x06,
    0x21, 0x22, 0x22, 0x22, 0x22, 0x00, 0x23, 0x9b, 0xbb, 0xbb, 0xbb, 0x90, 0x00, 0x00, 0x00, 0x00,
    0x00, 0x00, 0x60, 0x00, 0x00, 0x00, 0x00, 0x00, 0x00, 0x70, 0x00, 0x00, 0x00, 0x00, 0x00, 0x00,
    0x70, 0x00, 0x00, 0x00, 0x00, 0x00, 0x00, 0x61, 0x00, 0x00, 0x00, 0x00, 0x00, 0x00, 0x35, 0x03,
    0x00, 0x00, 0x00, 0x00, 0x00, 0x09, 0x15, 0x00, 0x00, 0x00, 0x00, 0x00, 0x05, 0xc2, 0x00, 0x00,
    0x00, 0x0b, 0x00, 0x00, 0x00, 0x00, 0x00, 0x00, 0x0b, 0x00, 0x00, 0x00, 0x00, 0x00, 0x00, 0x0b,
    0x00, 0x00, 0x00, 0x00, 0x00, 0x00, 0x0c, 0x00, 0x03, 0x40, 0x0b, 0xbb, 0xdf, 0x0f, 0x00, 0x17,
    0x00, 0x00, 0x00, 0x5a, 0x0f, 0x20, 0x70, 0x00, 0x00, 0x00, 0xb3, 0x0b, 0x75, 0x10, 0x00, 0x00,
    0x04, 0xa0, 0x0b, 0x16, 0x00, 0x00, 0x00, 0x1b, 0x10, 0x0b, 0x03, 0x50, 0x00, 0x00, 0x93, 0x00,
    0x0b, 0x00, 0x35, 0x00, 0x19, 0x20, 0x00, 0x0b, 0x00, 0x03, 0x71, 0x00, 0x00, 0x00, 0x0b, 0x00,
    0x00, 0x12, 0x00, 0x00, 0x4b, 0xc9, 0x00, 0x00, 0x00, 0x00, 0x00, 0x00, 0x00, 0x00, 0x00, 0x00,
    0x00, 0x00, 0x00, 0xb0, 0x13, 0x00, 0x00, 0x00, 0x00, 0x00, 0xb0, 0x04, 0x60, 0x00, 0x00, 0x00,
    0x00, 0xb0, 0x00, 0x13, 0x00, 0x6b, 0xbb, 0xbb, 0xfe, 0xbb, 0xbb, 0xa0, 0x01, 0x00, 0x00, 0xb6,
    0x00, 0x03, 0x00, 0x02, 0x60, 0x00, 0xb6, 0x10, 0x35, 0x00, 0x00, 0x16, 0x00, 0xb1, 0x64, 0x40,
    0x00, 0x00, 0x02, 0x10, 0xc0, 0x85, 0x00, 0x00, 0x00, 0x00, 0x27, 0xe0, 0x07, 0x00, 0x00, 0x00,
    0x16, 0x50, 0xb0, 0x01, 0x70, 0x00, 0x06, 0x61, 0x00, 0xb0, 0x00, 0x27, 0x10, 0x32, 0x00, 0x00,
    0xb0, 0x00, 0x01, 0x62, 0x00, 0x03, 0xbb, 0xc0, 0x00, 0x00, 0x00, 0x02, 0x00, 0x00, 0x00, 0x00,
    0x00, 0x00, 0x01, 0x73, 0x00, 0xcb, 0xbb, 0xc0, 0x00, 0x00, 0x04, 0x10, 0x60, 0x00, 0x60, 0x00,
    0x00, 0x00, 0x00, 0x60, 0x00, 0x60, 0x00, 0x05, 0x20, 0x04, 0x30, 0x00, 0x74, 0x41, 0x00, 0x43,
    0x44, 0x00, 0x00, 0x01, 0x10, 0x00, 0x00, 0x1d, 0xcb, 0xbb, 0xbe, 0x20, 0x00, 0x00, 0x01, 0x50,
    0x00, 0x07, 0x00, 0x00, 0x07, 0x00, 0x51, 0x00, 0x62, 0x00, 0x00, 0x25, 0x00, 0x06, 0x16, 0x30,
    0x00, 0x00, 0x70, 0x00, 0x03, 0xe4, 0x00, 0x00, 0x03, 0x40, 0x04, 0x75, 0x04, 0x62, 0x00, 0x04,
    0x01, 0x63, 0x00, 0x00, 0x04, 0x62, 0x06, 0x20, 0x00, 0x00, 0xb0, 0x00, 0x00, 0x05, 0x60, 0x00,
    0x0b, 0x00, 0x00, 0x00, 0x01, 0x00, 0x00, 0xb0, 0x00, 0x00, 0x00, 0x00, 0xbb, 0xbf, 0xbb, 0xb4,
    0x33, 0x00, 0x00, 0x00, 0xb0, 0x00, 0x00, 0x36, 0x00, 0x00, 0x0b, 0x00, 0x00, 0x00, 0x00, 0x7b,
    0xbb, 0xfb, 0xbb, 0xb0, 0x00, 0x02, 0x22, 0x5a, 0x22, 0x22, 0x00, 0x05, 0x00, 0x07, 0x00, 0x00,
    0x00, 0x05, 0x20, 0x04, 0x30, 0x06, 0x00, 0x01, 0x60, 0x01, 0x60, 0x00, 0x25, 0x00, 0x71, 0x00,
    0x83, 0x56, 0x66, 0x71, 0x15, 0x00, 0x26, 0x31, 0x00, 0x00, 0x60, 0x00, 0x00, 0x00, 0x00, 0x00,
    0x00, 0x04, 0x30, 0x00, 0x03, 0x30, 0x00, 0x00, 0x00, 0x47, 0x00, 0x00, 0x71, 0x00, 0x00, 0x00,
    0x00, 0x22, 0x22, 0x36, 0x22, 0x20, 0x00, 0x00, 0x9c, 0xcc, 0xfc, 0xcc, 0xc2, 0x22, 0x00, 0x00,
    0x00, 0xb0, 0x00, 0x00, 0x04, 0x71, 0x00, 0x00, 0xb0, 0x00, 0x00, 0x00, 0x00, 0x00, 0x00, 0xb0,
    0x00, 0x00, 0x00, 0x00, 0x2b, 0xbb, 0xfb, 0xbb, 0x80, 0x00, 0x05, 0x00, 0x00, 0xb0, 0x00, 0x00,
    0x00, 0x25, 0x00, 0x00, 0xb0, 0x00, 0x00, 0x00, 0x70, 0x00, 0x00, 0xb0, 0x00, 0x00, 0x04, 0x40,
    0x00, 0x00, 0xb0, 0x00, 0x00, 0x07, 0x02, 0xdd, 0xdd, 0xfd, 0xdd, 0xd6, 0x00, 0x00, 0x00, 0x00,
    0x00, 0x00, 0x00, 0x04, 0x40, 0x00, 0x0b, 0x04, 0x00, 0x00, 0x00, 0x46, 0x00, 0x0b, 0x02, 0x50,
    0x00, 0x00, 0x00, 0x00, 0x0b, 0x01, 0x44, 0x10, 0x00, 0x00, 0x66, 0x6f, 0x75, 0x32, 0x00, 0x27,
    0x20, 0x00, 0x08, 0x20, 0x00, 0x00, 0x00, 0x50, 0x00, 0x06, 0x52, 0x45, 0x60, 0x00, 0x00, 0x66,
    0x69, 0xd4, 0x21, 0x10, 0x00, 0x02, 0x00, 0x00, 0xa0, 0x05, 0x30, 0x00, 0x34, 0x00, 0x00, 0xa0,
    0x53, 0x00, 0x00, 0x70, 0x00, 0x00, 0x7b, 0x20, 0x50, 0x02, 0x50, 0x00, 0x16, 0x7a, 0x00, 0xc0,
    0x07, 0x00, 0x37, 0x61, 0x06, 0x50, 0xc0, 0x03, 0x00, 0x20, 0x00, 0x00, 0x7c, 0x80, 0x06, 0x20,
    0x00, 0x00, 0x00, 0x00, 0xb0, 0x07, 0x2b, 0xbb, 0xbe, 0x02, 0x0b, 0x00, 0x03, 0xb0, 0x00, 0xb0,
    0xb0, 0xb0, 0x00, 0x0b, 0x0b, 0x0b, 0x0b, 0x0b, 0x32, 0x00, 0xb0, 0xb0, 0xb0, 0xb0, 0xb0, 0x56,
    0x0b, 0x0b, 0x0b, 0x0b, 0x0b, 0x00, 0x10, 0xb0, 0xb0, 0xb0, 0xb0, 0xb0, 0x00, 0x0b, 0x0b, 0x0b,
    0x0b, 0x0b, 0x00, 0x40, 0xb0, 0xb0, 0xb0, 0xb0, 0xb0, 0x06, 0x08, 0x29, 0x08, 0x0b, 0x0b, 0x04,
    0x30, 0x07, 0x44, 0x00, 0x00, 0xb0, 0x70, 0x03, 0x90, 0x46, 0x00, 0x0b, 0x13, 0x04, 0x60, 0x00,
    0x42, 0x6b, 0xc0, 0x00, 0x00, 0x00, 0x00, 0x00, 0x00, 0x03, 0x00, 0x03, 0x20, 0x00, 0x00, 0xb0,
    0x17, 0x00, 0x06, 0x00, 0x00, 0x0b, 0x00, 0x23, 0x11, 0x51, 0x14, 0x20, 0xb0, 0x00, 0x05, 0x55,
    0xa6, 0x42, 0x0b, 0x11, 0x00, 0x00, 0x06, 0x04, 0x20, 0xb0, 0x63, 0x04, 0x30, 0x60, 0x42, 0x0b,
    0x00, 0x30, 0x07, 0x25, 0x04, 0x20, 0xb0, 0x00, 0x00, 0x0c, 0x10, 0x42, 0x0b, 0x00, 0x32, 0x00,
    0xa4, 0x04, 0x20, 0xb0, 0x07, 0x00, 0x34, 0x70, 0x42, 0x0b, 0x03, 0x40, 0x07, 0x02, 0x40, 0x00,
    0xb0, 0x80, 0x06, 0x20, 0x00, 0x00, 0x0b, 0x02, 0x02, 0x30, 0x00, 0x00, 0x6b, 0x90, 0x03, 0x30,
    0x00, 0x50, 0x00, 0x00, 0x00, 0x00, 0x57, 0x02, 0x50, 0x00, 0x00, 0x00, 0x00, 0x01, 0x0a, 0xcb,
    0xbb, 0xbb, 0xb0, 0x00, 0x00, 0x25, 0x00, 0x00, 0x00, 0x00, 0x00, 0x00, 0x84, 0xcb, 0xbb, 0xbd,
    0x40, 0x16, 0x50, 0x16, 0x01, 0x60, 0x03, 0x30, 0x00, 0x11, 0x06, 0x00, 0x15, 0x04, 0x30, 0x00,
    0x01, 0xbf, 0xbb, 0xbb, 0xbf, 0xd4, 0x00, 0x23, 0x06, 0x03, 0x30, 0x06, 0x10, 0x00, 0x60, 0x06,
    0x00, 0x43, 0x07, 0x00, 0x00, 0x60, 0x2f, 0xbb, 0xbb, 0xbf, 0xa0, 0x05, 0x20, 0x00, 0x00, 0x00,
    0x08, 0x00, 0x05, 0x00, 0x00, 0x00, 0x4b, 0xb5, 0x00, 0x06, 0x20, 0x11, 0x00, 0xb0, 0x00, 0x40,
    0x06, 0x30, 0x70, 0x0b, 0x00, 0x53, 0x00, 0x01, 0x01, 0x60, 0xb0, 0x34, 0x00, 0x00, 0x00, 0x02,
    0x0b, 0x02, 0x00, 0x54, 0x00, 0x0c, 0xcc, 0xfc, 0xcf, 0x40, 0x45, 0x00, 0xf2, 0x22, 0x22, 0xd4,
    0x00, 0x20, 0x0f, 0x00, 0x00, 0x0b, 0x40, 0x00, 0x00, 0xfb, 0xbb, 0xbb, 0xf4, 0x00, 0x14, 0x0f,
    0x00, 0x00, 0x0b, 0x40, 0x06, 0x10, 0xfb, 0xbb, 0xbb, 0xf4, 0x01, 0x60, 0x0f, 0x00, 0x00, 0x0b,
    0x40, 0x70, 0x00, 0xf0, 0x00, 0x00, 0xb4, 0x14, 0x00, 0x0f, 0x00, 0x05, 0xbe, 0x20, 0x05, 0x10,
    0x00, 0x00, 0x00, 0x00, 0x00, 0x17, 0x2b, 0xbb, 0xbb, 0xbb, 0xba, 0x00, 0x02, 0xb0, 0x00, 0x00,
    0x00, 0xa0, 0x00, 0x06, 0x05, 0x30, 0x35, 0x05, 0x34, 0x00, 0x03, 0x50, 0x00, 0x36, 0x00, 0x37,
    0x03, 0x50, 0x07, 0x00, 0x52, 0x00, 0x00, 0x00, 0x00, 0xb0, 0x00, 0x00, 0x00, 0x09, 0xbb, 0xff,
    0xeb, 0xb8, 0x00, 0x32, 0x00, 0x16, 0xb7, 0x00, 0x00, 0x06, 0x00, 0x07, 0x1b, 0x25, 0x00, 0x03,
    0x40, 0x07, 0x10, 0xb0, 0x44, 0x00, 0x70, 0x27, 0x10, 0x0b, 0x00, 0x46, 0x13, 0x00, 0x00, 0x00,
    0xb0, 0x00, 0x10, 0x05, 0x10, 0x00, 0x00, 0xb0, 0x00, 0x00, 0x00, 0x63, 0x9b, 0xbb, 0xfb, 0xbb,
    0xa0, 0x00, 0x01, 0x00, 0x00, 0xb0, 0x00, 0x00, 0x00, 0x00, 0x5b, 0xbb, 0xfb, 0xbb, 0x60, 0x32,
    0x00, 0x00, 0x00, 0xb0, 0x00, 0x00, 0x04, 0x35, 0xff, 0xff, 0xff, 0xff, 0xf4, 0x00, 0x10, 0x3c,
    0xcc, 0xcc, 0xcf, 0x20, 0x00, 0x00, 0x3c, 0x00, 0x00, 0x0d, 0x20, 0x00, 0x25, 0x3f, 0xbb, 0xbb,
    0xbf, 0x20, 0x00, 0x70, 0x3c, 0x00, 0x00, 0x0d, 0x20, 0x01, 0x60, 0x3f, 0xbb, 0xbb, 0xbf, 0x20,
    0x06, 0x10, 0x3c, 0x00, 0x00, 0x0d, 0x20, 0x06, 0x00, 0x3c, 0x00, 0x05, 0xbd, 0x10, 0x04, 0x00,
    0x00, 0x00, 0x00, 0x00, 0x00, 0x01, 0x72, 0x0c, 0xbb, 0xbb, 0xbb, 0x00, 0x00, 0x02, 0x04, 0x00,
    0x00, 0x0b, 0x00, 0x00, 0x00, 0x0c, 0xbb, 0xbb, 0xbb, 0x00, 0x44, 0x00, 0x04, 0x00, 0x00, 0x0b,
    0x00, 0x04, 0x90, 0x0c, 0xbb, 0xbb, 0xbb, 0x00, 0x00, 0x00, 0x00, 0x00, 0x00, 0x00, 0x00, 0x00,
    0x02, 0x8b, 0xbb, 0xbb, 0xbb, 0x20, 0x00, 0x15, 0xb0, 0xb0, 0x0b, 0x03, 0x30, 0x00, 0x60, 0xb0,
    0xb0, 0x0b, 0x03, 0x30, 0x01, 0x60, 0xb0, 0xb0, 0x0b, 0x03, 0x30, 0x07, 0x10, 0xb0, 0xb0, 0x0b,
    0x03, 0x30, 0x26, 0x1f, 0xff, 0xff, 0xff, 0xff, 0xf5, 0x00, 0x00, 0x00, 0x00, 0x00, 0x00, 0x00,
    0x03, 0x10, 0x00, 0x00, 0x00, 0x00, 0x00, 0x00, 0x63, 0x0e, 0xbb, 0xbb, 0xbb, 0xb0, 0x00, 0x03,
    0x0b, 0x00, 0x00, 0x00, 0xb0, 0x00, 0x00, 0x0e, 0xbb, 0xbb, 0xbb, 0xb0, 0x16, 0x20, 0x0b, 0x00,
    0x00, 0x00, 0xb0, 0x01, 0x72, 0x0e, 0xbb, 0xbb, 0xbb, 0xb0, 0x00, 0x00, 0x00, 0x05, 0x05, 0x00,
    0x00, 0x00, 0x01, 0x20, 0x0b, 0x0b, 0x00, 0x30, 0x00, 0x15, 0x16, 0x0b, 0x0b, 0x00, 0x70, 0x00,
    0x61, 0x06, 0x1b, 0x0b, 0x06, 0x10, 0x00, 0x70, 0x01, 0x5b, 0x0b, 0x16, 0x00, 0x04, 0x30, 0x00,
    0x0b, 0x0b, 0x00, 0x00, 0x07, 0x08, 0xff, 0xff, 0xff, 0xff, 0xf4, 0x00, 0x00, 0x00, 0x00, 0x00,
    0x00, 0x00, 0x04, 0x00, 0x00, 0x00, 0xb0, 0x00, 0x00, 0x01, 0x73, 0x0d, 0xbb, 0xfb, 0xbd, 0x30,
    0x00, 0x04, 0x0b, 0x00, 0xb0, 0x06, 0x30, 0x00, 0x00, 0x0d, 0xbb, 0xfb, 0xbd, 0x30, 0x32, 0x00,
    0x00, 0x00, 0xb0, 0x00, 0x00, 0x04, 0x61, 0x55, 0x55, 0x95, 0x55, 0x52, 0x00, 0x00, 0x06, 0xbb,
    0xbb, 0xbb, 0x00, 0x00, 0x00, 0x08, 0x10, 0x00, 0x0b, 0x00, 0x00, 0x02, 0x08, 0x10, 0xa1, 0x0b,
    0x00, 0x00, 0x43, 0x08, 0x10, 0xb0, 0x0b, 0x00, 0x00, 0x70, 0x07, 0x11, 0xb0, 0x0a, 0x00, 0x06,
    0x20, 0x00, 0x19, 0x35, 0x61, 0x00, 0x06, 0x00, 0x37, 0x61, 0x00, 0x16, 0x50, 0x00, 0x00, 0x10,
    0x00, 0x00, 0x00, 0x00, 0x03, 0x00, 0x00, 0x00, 0x00, 0x00, 0x00, 0x01, 0x72, 0x3f, 0xbb, 0xbb,
    0xbb, 0xb9, 0x00, 0x04, 0x3c, 0x00, 0x07, 0x00, 0x00, 0x00, 0x00, 0x3c, 0x2b, 0xcf, 0xbb, 0xb0,
    0x24, 0x00, 0x3c, 0x32, 0x00, 0x00, 0xb0, 0x02, 0x71, 0x3c, 0x3c, 0xbb, 0xbb, 0xe0, 0x00, 0x00,
    0x4b, 0x32, 0x00, 0x00, 0xb0, 0x00, 0x01, 0x6a, 0x3d, 0xdf, 0xdd, 0xe0, 0x00, 0x16, 0x77, 0x00,
    0x0b, 0x00, 0x00, 0x00, 0x61, 0xb3, 0x06, 0x0b, 0x04, 0x40, 0x01, 0x60, 0xc0, 0x61, 0x0b, 0x00,
    0x63, 0x07, 0x16, 0x51, 0x40, 0x0b, 0x00, 0x04, 0x03, 0x05, 0x00, 0x04, 0xbd, 0x00, 0x00, 0x00,
    0x00, 0x00, 0x00, 0x00, 0x00, 0x00, 0x04, 0x10, 0x00, 0x00, 0x00, 0x00, 0x00, 0x00, 0x64, 0x03,
    0xeb, 0xbb, 0xbd, 0x00, 0x00, 0x03, 0x03, 0xfb, 0xb0, 0x0b, 0x00, 0x00, 0x00, 0x03, 0xc0, 0xb0,
    0x0b, 0x00, 0x37, 0x10, 0xbe, 0xfb, 0xfb, 0xbf, 0xb5, 0x01, 0x70, 0xc2, 0x22, 0x22, 0x22, 0x26,
    0x00, 0x00, 0xb3, 0xbb, 0xbb, 0xbe, 0x06, 0x00, 0x00, 0x04, 0xb0, 0x00, 0x0a, 0x00, 0x00, 0x15,
    0x04, 0xfb, 0xbb, 0xbf, 0x00, 0x00, 0x60, 0x04, 0xb0, 0x00, 0x0a, 0x00, 0x01, 0x60, 0x04, 0xfb,
    0xbb, 0xbf, 0x00, 0x07, 0x00, 0x04, 0xb0, 0x00, 0x0a, 0x00, 0x03, 0x00, 0x04, 0xb0, 0x08, 0xbc,
    0x00, 0x00, 0x00, 0x00, 0x00, 0x00, 0x00, 0x00, 0x01, 0x00, 0x00, 0x00, 0x30, 0x00, 0x00, 0x02,
    0x70, 0x00, 0x00, 0x80, 0x00, 0x00, 0x00, 0x17, 0x5b, 0xbb, 0xdb, 0xbb, 0xb0, 0x00, 0x00, 0x00,
    0x60, 0x01, 0x60, 0x00, 0x00, 0x00, 0x05, 0x42, 0x30, 0x27, 0x10, 0x17, 0x30, 0x74, 0x17, 0x02,
    0x01, 0x70, 0x00, 0x51, 0x02, 0xa4, 0x58, 0xb0, 0x00, 0x00, 0x00, 0x2c, 0x44, 0x70, 0x35, 0x00,
    0x00, 0x03, 0x00, 0x17, 0x51, 0x02, 0x20, 0x00, 0x25, 0x04, 0x80, 0x06, 0x06, 0x30, 0x00, 0x73,
    0x75, 0x50, 0x03, 0x91, 0x00, 0x02, 0x60, 0x01, 0x50, 0x00, 0x53, 0x00, 0x07, 0x00, 0x03, 0x97,
    0x61, 0x04, 0x61, 0x01, 0x00, 0x04, 0x30, 0x00, 0x00, 0x00, 0x06, 0x00, 0x00, 0xb0, 0x06, 0x20,
    0x00, 0x02, 0x75, 0xbb, 0xfb, 0xbf, 0xeb, 0xb2, 0x00, 0x21, 0x00, 0xb0, 0x06, 0x20, 0x00, 0x00,
    0x01, 0x22, 0x62, 0x24, 0x32, 0x20, 0x00, 0x05, 0xbb, 0xbf, 0xbf, 0xbb, 0xb2, 0x47, 0x20, 0x00,
    0x05, 0x0b, 0x00, 0x00, 0x00, 0x30, 0xbb, 0xdf, 0xbf, 0xbb, 0xf0, 0x00, 0x00, 0xb0, 0x41, 0x0a,
    0x00, 0xe0, 0x00, 0x40, 0xb0, 0x74, 0x2d, 0x10, 0xe0, 0x00, 0x60, 0xb1, 0x55, 0x72, 0x70, 0xe0,
    0x06, 0x10, 0xb6, 0x02, 0x70, 0x11, 0xe0, 0x17, 0x00, 0xb0, 0x01, 0x00, 0x00, 0xe0, 0x31, 0x00,
    0xb0, 0x00, 0x01, 0xbb, 0xc0, 0x04, 0x20, 0x00, 0x00, 0x60, 0x00, 0x00, 0x00, 0x63, 0x00, 0x00,
    0xdb, 0xbb, 0x80, 0x00, 0x04, 0x00, 0x00, 0x60, 0x00, 0x00, 0x00, 0x00, 0x4f, 0xff, 0xff, 0xff,
    0xf1, 0x14, 0x00, 0x4c, 0x00, 0x30, 0x00, 0x70, 0x03, 0x71, 0x4c, 0x46, 0x96, 0x50, 0x10, 0x00,
    0x01, 0x4c, 0x00, 0x40, 0x00, 0x50, 0x00, 0x00, 0x4b, 0x00, 0x9b, 0xbb, 0x30, 0x00, 0x03, 0x69,
    0x00, 0x20, 0x00, 0x00, 0x00, 0x52, 0x87, 0x36, 0x15, 0x03, 0x00, 0x00, 0x70, 0xb3, 0x8b, 0x04,
    0x01, 0x60, 0x05, 0x21, 0xb7, 0x5b, 0x00, 0x0b, 0x52, 0x05, 0x07, 0x35, 0x09, 0xcb, 0xba, 0x00,
    0x00, 0x01, 0x00, 0x00, 0x00, 0x00, 0x00, 0x05, 0xee, 0xee, 0xef, 0xee, 0xee, 0xe2, 0x00, 0x00,
    0x00, 0x0b, 0x00, 0x00, 0x00, 0x00, 0x00, 0x00, 0x0b, 0x00, 0x00, 0x00, 0x00, 0x00, 0x20, 0x3d,
    0x00, 0x01, 0x20, 0x00, 0x04, 0x10, 0x3e, 0x00, 0x06, 0x10, 0x00, 0x06, 0x00, 0x5c, 0x00, 0x25,
    0x00, 0x00, 0x52, 0x00, 0x98, 0x10, 0x70, 0x00, 0x00, 0x10, 0x01, 0xb1, 0x60, 0x10, 0x00, 0x00,
    0x00, 0x07, 0x40, 0x61, 0x00, 0x00, 0x00, 0x00, 0x48, 0x00, 0x07, 0x10, 0x00, 0x00, 0x05, 0x70,
    0x00, 0x00, 0x73, 0x00, 0x05, 0x83, 0x00, 0x00, 0x00, 0x04, 0x72, 0x02, 0x00, 0x00, 0x00, 0x00,
    0x00, 0x00, 0x00, 0x00, 0x00, 0x51, 0x00, 0x00, 0x00, 0x00, 0x00, 0x00, 0x51, 0x00, 0x00, 0x00,
    0x00, 0x00, 0x00, 0x7c, 0xbb, 0xbb, 0xa0, 0x00, 0x00, 0x00, 0x51, 0x00, 0x00, 0x00, 0x00, 0x8b,
    0xbb, 0xfc, 0xbb, 0xb8, 0x00, 0x00, 0xb2, 0x22, 0x22, 0x22, 0x2b, 0x00, 0x00, 0xb0, 0x00, 0x00,
    0x00, 0x0b, 0x00, 0x00, 0xb0, 0x00, 0x00, 0x00, 0x0b, 0x00, 0x00, 0xbb, 0xbb, 0xbb, 0xbb, 0xbb,
    0x00, 0x00, 0x00, 0x00, 0x00, 0x00, 0x00, 0x00, 0x00, 0x51, 0x14, 0x00, 0x40, 0x06, 0x00, 0x02,
    0x50, 0x09, 0x00, 0x60, 0x03, 0x60, 0x15, 0x00, 0x0a, 0x00, 0x43, 0x00, 0x52, 0x10, 0x00, 0x00,
    0x00, 0x00, 0x00, 0x00, 0x00, 0x0b, 0x00, 0x00, 0xb0, 0x00, 0x00, 0x00, 0x0b, 0x00, 0x00, 0xb0,
    0x00, 0x00, 0x1b, 0xbf, 0xba, 0xbb, 0xfb, 0xbf, 0x00, 0x00, 0x0b, 0x00, 0x11, 0xc1, 0x1f, 0x00,
    0x00, 0x0b, 0x00, 0x01, 0xa0, 0x0e, 0x00, 0x00, 0x2f, 0x65, 0x58, 0x70, 0x0f, 0x00, 0x26, 0x4c,
    0x00, 0x0a, 0xa1, 0x0e, 0x00, 0x00, 0x0b, 0x00, 0x1a, 0x06, 0x2d, 0x13, 0x00, 0x0b, 0x01, 0x81,
    0x00, 0x0b, 0x3b, 0x03, 0x75, 0x02, 0x00, 0x00, 0x04, 0xd6, 0x00, 0x40, 0x03, 0x00, 0x30, 0x05,
    0x00, 0x03, 0x30, 0x09, 0x00, 0x70, 0x02, 0x50, 0x25, 0x00, 0x0a, 0x00, 0x23, 0x00, 0x62, 0x00,
    0x00, 0x00, 0x00, 0x00, 0x00, 0x00, 0x00, 0x01, 0x00, 0x00, 0x00, 0x00, 0x00, 0x00, 0x06, 0x00,
    0x00, 0x0b, 0x13, 0x00, 0x00, 0x1f, 0xbb, 0xc0, 0x0b, 0x06, 0x20, 0x00, 0x61, 0x00, 0x60, 0x0b,
    0x00, 0x50, 0x01, 0x66, 0x43, 0x5b, 0xbf, 0xbb, 0xb2, 0x07, 0x00, 0x4e, 0x00, 0x0f, 0x00, 0x00,
    0x32, 0x61, 0x44, 0x00, 0x3b, 0x40, 0x00, 0x00, 0x08, 0x70, 0x00, 0x92, 0x80, 0x00, 0x00, 0x27,
    0x00, 0x04, 0x70, 0x35, 0x00, 0x06, 0x60, 0x00, 0x47, 0x00, 0x05, 0x50, 0x12, 0x00, 0x01, 0x40,
    0x00, 0x00, 0x20, 0x00, 0x40, 0x04, 0x00, 0x40, 0x06, 0x00, 0x04, 0x20, 0x09, 0x00, 0x60, 0x01,
    0x60, 0x24, 0x00, 0x09, 0x00, 0x40, 0x00, 0x42, 0x00, 0x00, 0x00, 0x00, 0x00, 0x00, 0x00, 0x0f,
    0xbb, 0xe3, 0xbb, 0xfb, 0xbd, 0xb0, 0x0e, 0x00, 0xb3, 0x01, 0x60, 0x03, 0x70, 0x0e, 0x00, 0xb3,
    0x07, 0x10, 0x06, 0x50, 0x0f, 0x55, 0xf5, 0x61, 0x03, 0x56, 0x00, 0x0e, 0x00, 0xb3, 0xbb, 0xbb,
    0xbb, 0x00, 0x0e, 0x00, 0xb3, 0xb0, 0x00, 0x0b, 0x00, 0x0e, 0x00, 0xb3, 0xb0, 0x00, 0x0b, 0x00,
    0x0f, 0x77, 0xd3, 0xb0, 0x00, 0x0b, 0x00, 0x08, 0x00, 0x00, 0xbb, 0xbb, 0xcb, 0x00, 0x00, 0x70,
    0x04, 0x01, 0x40, 0x44, 0x00, 0x06, 0x10, 0x06, 0x00, 0x60, 0x05, 0x30, 0x43, 0x00, 0x05, 0x00,
    0x50, 0x00, 0x71, 0x00, 0x00, 0x00, 0x00, 0x10, 0x00, 0x00, 0x00, 0x0b, 0x00, 0x00, 0x61, 0x00,
    0x00, 0x00, 0x0b, 0x00, 0xbb, 0xfb, 0xbb, 0x40, 0x01, 0x0b, 0x02, 0xb0, 0x00, 0x01, 0x50, 0x0b,
    0x0b, 0x32, 0xeb, 0xbb, 0xbb, 0x50, 0x0b, 0x0b, 0x50, 0xb0, 0x00, 0x01, 0x50, 0x46, 0x1b, 0x50,
    0xeb, 0xbb, 0xbb, 0x50, 0x40, 0x2a, 0x00, 0xb0, 0x00, 0x01, 0x50, 0x00, 0x39, 0x00, 0xdb, 0xbb,
    0xbb, 0x50, 0x00, 0x68, 0x00, 0x00, 0x50, 0x00, 0x00, 0x00, 0x97, 0x32, 0x04, 0x16, 0x01, 0x30,
    0x01, 0x90, 0x45, 0x06, 0x00, 0x02, 0x60, 0x08, 0x20, 0x05, 0x06, 0x00, 0x1b, 0x15, 0x64, 0x00,
    0x00, 0x0b, 0xbb, 0xc8, 0x00, 0x00, 0x00, 0x00, 0x00, 0x00, 0x00, 0x00, 0x00, 0x00, 0x00, 0x00,
    0xb0, 0x00, 0x00, 0x00, 0x4c, 0x00, 0x00, 0xb0, 0x00, 0x00, 0x00, 0x4c, 0x00, 0x00, 0xb0, 0x00,
    0x00, 0x00, 0x4c, 0x00, 0x00, 0xb0, 0x00, 0x00, 0x00, 0x4f, 0xdd, 0xdd, 0xfd, 0xdd, 0xd4, 0x00,
    0x4c, 0x00, 0x00, 0x00, 0x00, 0x00, 0x00, 0x4c, 0x00, 0x00, 0x00, 0x00, 0x00, 0x00, 0x6f, 0xbb,
    0xbb, 0xbb, 0x90, 0x00, 0x00, 0x68, 0x00, 0x00, 0x00, 0x60, 0x00, 0x00, 0x95, 0x00, 0x00, 0x00,
    0x60, 0x00, 0x00, 0xc1, 0x00, 0x00, 0x00, 0x60, 0x00, 0x06, 0x60, 0x00, 0x00, 0x00, 0x60, 0x00,
    0x17, 0x00, 0x00, 0x00, 0x00, 0x60, 0x00, 0x00, 0xe1, 0x0b, 0x01, 0x34, 0x66, 0x64, 0x00, 0x0e,
    0x10, 0xb1, 0xf4, 0x10, 0x00, 0x00, 0x00, 0xe1, 0x0b, 0x1f, 0x10, 0x00, 0x00, 0x00, 0x0e, 0x10,
    0xb1, 0xf1, 0x00, 0x00, 0x00, 0x00, 0xfd, 0xcf, 0xdf, 0xcc, 0xbb, 0xb8, 0x00, 0x0e, 0x10, 0x01,
    0xf1, 0x60, 0x01, 0x50, 0x00, 0xe0, 0x00, 0x1f, 0x16, 0x00, 0x51, 0x00, 0x0f, 0xbb, 0xb5, 0xf0,
    0x51, 0x07, 0x00, 0x00, 0xe0, 0x03, 0x5f, 0x01, 0x64, 0x30, 0x00, 0x2c, 0x00, 0x35, 0xd0, 0x07,
    0x70, 0x00, 0x05, 0x80, 0x03, 0x4b, 0x00, 0x87, 0x00, 0x00, 0x92, 0x00, 0x34, 0x82, 0x71, 0x26,
    0x00, 0x07, 0x00, 0x03, 0x54, 0x50, 0x00, 0x27, 0x10, 0x06, 0xee, 0xee, 0xee, 0xef, 0xee, 0x80,
    0x00, 0x01, 0x00, 0x00, 0x0b, 0x00, 0x00, 0x00, 0x24, 0x00, 0x00, 0x0b, 0x00, 0x00, 0x00, 0x61,
    0x00, 0x00, 0x0b, 0x00, 0x00, 0x00, 0x60, 0x00, 0x00, 0x0b, 0x00, 0x00, 0x00, 0xdb, 0xbb, 0xbb,
    0xff, 0xbb, 0xb3, 0x00, 0x00, 0x00, 0x05, 0x4b, 0x00, 0x00, 0x00, 0x00, 0x00, 0x64, 0x0b, 0x00,
    0x00, 0x00, 0x00, 0x17, 0x20, 0x0b, 0x00, 0x00, 0x00, 0x05, 0x60, 0x00, 0x0b, 0x00, 0x00, 0x05,
    0x72, 0x00, 0x00, 0x0b, 0x00, 0x00, 0x12, 0x00, 0x00, 0x4c, 0xca, 0x00, 0x00, 0x00, 0x00, 0x00,
    0x00, 0x00, 0x00, 0x00, 0x00, 0x00, 0x00, 0x00, 0x00, 0x00, 0x00, 0x00, 0x00, 0x0b, 0x00, 0x00,
    0xb0, 0x20, 0x00, 0x00, 0x00, 0xb0, 0x00, 0x0b, 0x03, 0x50, 0x00, 0x72, 0x0b, 0x00, 0x00, 0xb0,
    0x05, 0x20, 0x00, 0x81, 0xb0, 0x00, 0x0b, 0x00, 0x01, 0x00, 0x02, 0x3b, 0x7b, 0xbd, 0xfb, 0xbb,
    0xb1, 0x00, 0x00, 0xb0, 0x00, 0x7b, 0x00, 0x00, 0x00, 0x00, 0x2c, 0x00, 0x05, 0xc0, 0x00, 0x00,
    0x00, 0x27, 0xb0, 0x00, 0x89, 0x00, 0x00, 0x00, 0x27, 0x0b, 0x00, 0x0b, 0x61, 0x00, 0x00, 0x17,
    0x00, 0xb0, 0x04, 0x71, 0x60, 0x00, 0x00, 0x00, 0x0b, 0x01, 0xa0, 0x06, 0x20, 0x00, 0x00, 0x00,
    0xb0, 0x82, 0x00, 0x07, 0x10, 0x00, 0x00, 0x0b, 0x72, 0x00, 0x00, 0x07, 0x20, 0x00, 0x00, 0x00,
    0x11, 0x11, 0x11, 0x19, 0xff, 0xfa, 0x7c, 0xcc, 0xec, 0xcc, 0x00, 0xb0, 0x00, 0x00, 0x06, 0x00,
    0x00, 0x0b, 0x00, 0x00, 0x07, 0x20, 0x00, 0x00, 0xb0, 0x00, 0x00, 0xc4, 0x10, 0x04, 0xbf, 0xb4,
    0x00, 0x67, 0x17, 0x00, 0x00, 0xb0, 0x00, 0x35, 0x60, 0x17, 0x00, 0x0b, 0x00, 0x36, 0x06, 0x00,
    0x34, 0x00, 0xb0, 0x05, 0x00, 0x60, 0x00, 0x30, 0x0b, 0x24, 0x00, 0x06, 0x00, 0x00, 0x15, 0xc5,
    0x00, 0x00, 0x60, 0x00, 0x03, 0x10, 0x00, 0x00, 0x06, 0x00, 0x00, 0x00, 0x00, 0x00, 0x00, 0x60,
    0x00, 0x00, 0x0f, 0xff, 0xfa, 0xdb, 0xbb, 0xbe, 0x00, 0x00, 0x0b, 0x00, 0xb0, 0x00, 0x0b, 0x00,
    0x00, 0x0b, 0x00, 0xb0, 0x0b, 0x0b, 0x00, 0x00, 0x0b, 0x00, 0xb0, 0x0b, 0x0b, 0x00, 0x09, 0xbf,
    0xb4, 0xb0, 0x0b, 0x0b, 0x00, 0x00, 0x0b, 0x00, 0xb0, 0x0b, 0x0b, 0x00, 0x00, 0x0b, 0x00, 0xb0,
    0x1a, 0x0b, 0x00, 0x00, 0x0b, 0x00, 0x90, 0x49, 0x29, 0x00, 0x00, 0x0b, 0x13, 0x00, 0x94, 0x20,
    0x10, 0x04, 0x6b, 0x51, 0x02, 0x92, 0x20, 0x33, 0x02, 0x00, 0x00, 0x2a, 0x12, 0x30, 0x52, 0x00,
    0x00, 0x05, 0x70, 0x00, 0xab, 0xa0, 0x00, 0x00, 0x01, 0x00, 0x00, 0x00, 0x00, 0xae, 0xfe, 0xab,
    0xbb, 0xfb, 0xbb, 0xb0, 0x00, 0xb0, 0x0b, 0x00, 0xb0, 0x00, 0xb0, 0x00, 0xb0, 0x0b, 0x00, 0xb0,
    0x00, 0xb0, 0x00, 0xb0, 0x0b, 0xbb, 0xfb, 0xbb, 0xb0, 0x24, 0xf4, 0x2b, 0x00, 0xb0, 0x00, 0xb0,
    0x00, 0xb0, 0x0b, 0xbb, 0xfb, 0xbb, 0xb0, 0x00, 0xb0, 0x00, 0x00, 0xb0, 0x00, 0x00, 0x00, 0xb0,
    0x00, 0x00, 0xb0, 0x00, 0x00, 0x00, 0xb0, 0x5b, 0xbb, 0xfb, 0xbb, 0x60, 0x26, 0xc6, 0x20, 0x00,
    0xb0, 0x00, 0x00, 0x31, 0x00, 0x00, 0x00, 0xb0, 0x00, 0x00, 0x00, 0x06, 0xff, 0xff, 0xff, 0xff,
    0xf0, 0x00, 0x23, 0x00, 0xb0, 0x00, 0x00, 0x00, 0x06, 0x10, 0x0b, 0x00, 0x00, 0x00, 0x00, 0x70,
    0x00, 0xb0, 0x00, 0x00, 0x00, 0x4d, 0xbb, 0xbf, 0xbb, 0xbb, 0xb1, 0x07, 0x00, 0x00, 0xb0, 0x00,
    0x00, 0x06, 0x20, 0x00, 0x0b, 0x00, 0x00, 0x00, 0x00, 0x00, 0x00, 0xb0, 0x00, 0x00, 0x00, 0x6b,
    0xbb, 0xbf, 0xbb, 0xbb, 0x70, 0x00, 0x00, 0x00, 0xb0, 0x00, 0x00, 0x00, 0x00, 0x00, 0x0b, 0x00,
    0x00, 0x00, 0x00, 0x00, 0x00, 0xb0, 0x00, 0x00, 0x00, 0x00, 0x00, 0x0b, 0x00, 0x00, 0x00, 0xee,
    0xee, 0xee, 0xfe, 0xee, 0xee, 0xa0, 0x00, 0xff, 0xff, 0xff, 0xff, 0xff, 0x40, 0x0f, 0x00, 0x00,
    0xb0, 0x00, 0xb3, 0x00, 0xf0, 0x00, 0x0b, 0x00, 0x0b, 0x30, 0x0f, 0xbb, 0xbb, 0xfb, 0xbb, 0xf3,
    0x00, 0xf0, 0x00, 0x0b, 0x00, 0x0b, 0x30, 0x0f, 0x00, 0x00, 0xb0, 0x00, 0xb3, 0x00, 0xe0, 0x00,
    0x0b, 0x00, 0x0b, 0x30, 0x2f, 0xbb, 0xbb, 0xfb, 0xbb, 0xf3, 0x04, 0xa0, 0x00, 0x0b, 0x00, 0x0b,
    0x30, 0x85, 0x00, 0x00, 0xb0, 0x00, 0xb3, 0x0b, 0x00, 0x00, 0x0b, 0x00, 0x0b, 0x37, 0x30, 0x00,
    0x00, 0xb0, 0x9b, 0xd2, 0x00, 0x00, 0x00, 0x00, 0x00, 0x00, 0x00, 0x00, 0x00, 0x0b, 0x00, 0x00,
    0x00, 0x00, 0x00, 0x00, 0xb0, 0x00, 0x00, 0x00, 0x4f, 0xbb, 0xbf, 0xbb, 0xbb, 0xb3, 0x04, 0xb0,
    0x00, 0xb0, 0x00, 0x0b, 0x40, 0x4b, 0x00, 0x0b, 0x00, 0x00, 0xb4, 0x04, 0xfb, 0xbb, 0xfb, 0xbb,
    0xbf, 0x40, 0x4b, 0x00, 0x0b, 0x00, 0x00, 0xb4, 0x04, 0xb0, 0x00, 0xb0, 0x00, 0x0b, 0x40, 0x5f,
    0xbb, 0xbf, 0xbb, 0xbb, 0xe4, 0x04, 0xa0, 0x00, 0xb0, 0x00, 0x00, 0x01, 0x00, 0x00, 0x0b, 0x00,
    0x00, 0x00, 0x70, 0x00, 0x00, 0xb1, 0x00, 0x00, 0x17, 0x00, 0x00, 0x06, 0xdb, 0xbb, 0xbc, 0x20,
    0x00, 0x00, 0x00, 0x00, 0x24, 0x00, 0x00, 0x2f, 0xbf, 0xbe, 0x00, 0x70, 0x00, 0x00, 0x2d, 0x0b,
    0x0e, 0x07, 0xab, 0xbb, 0x80, 0x2d, 0x0b, 0x0e, 0x46, 0x60, 0x04, 0x30, 0x2d, 0x0b, 0x0e, 0x50,
    0x43, 0x35, 0x00, 0x2f, 0xbf, 0xbf, 0x00, 0x08, 0x80, 0x00, 0x2d, 0x0b, 0x0e, 0x00, 0x55, 0x54,
    0x00, 0x2d, 0x0b, 0x0e, 0x59, 0x42, 0x25, 0x82, 0x2d, 0x0b, 0x0e, 0x7c, 0x44, 0x44, 0xe1, 0x2f,
    0xbf, 0xbe, 0x4b, 0x00, 0x00, 0xe0, 0x2f, 0x22, 0x22, 0x4b, 0x00, 0x00, 0xe0, 0x17, 0x00, 0x00,
    0x4b, 0x00, 0x00, 0xe0, 0x00, 0x00, 0x00, 0x4f, 0xbb, 0xbb, 0xf0, 0x00, 0x00, 0x00, 0x01, 0x00,
    0x00, 0x00, 0x00, 0x00, 0x00, 0x03, 0x00, 0x21, 0x00, 0x05, 0xbb, 0xbf, 0x34, 0x22, 0x60, 0x00,
    0x01, 0x60, 0x07, 0x00, 0x96, 0x00, 0x40, 0x00, 0x17, 0x71, 0x00, 0x17, 0x45, 0x00, 0x00, 0x06,
    0x9b, 0xbb, 0xb7, 0x81, 0x00, 0x02, 0x71, 0x00, 0x00, 0x00, 0x06, 0x40, 0x35, 0x0b, 0xbb, 0xbb,
    0xbb, 0x80, 0x22, 0x00, 0x06, 0x00, 0x00, 0x00, 0x60, 0x00, 0x00, 0x06, 0x00, 0x00, 0x00, 0x60,
    0x00, 0x00, 0x0a, 0xbb, 0xbb, 0xbb, 0x80, 0x00, 0x00, 0x00, 0x60, 0x00, 0x07, 0x00, 0x00, 0x00,
    0x00, 0x24, 0x00, 0x44, 0x00, 0x00, 0x2b, 0xbb, 0xbb, 0xbb, 0xfb, 0xbb, 0xb2, 0x00, 0x00, 0x00,
    0x00, 0x00, 0x00, 0x00, 0x00, 0x50, 0x00, 0x06, 0x00, 0x00, 0x00, 0x06, 0x00, 0x01, 0x50, 0x00,
    0x00, 0xfb, 0xeb, 0xb0, 0x7c, 0xbb, 0xbf, 0x0f, 0x00, 0x0d, 0x06, 0x00, 0x00, 0xd0, 0xf0, 0x00,
    0xd3, 0x30, 0x00, 0x0d, 0x0f, 0x00, 0x0d, 0x21, 0x30, 0x00, 0xd0, 0xfb, 0xbb, 0xf0, 0x07, 0x10,
    0x1d, 0x0f, 0x00, 0x0d, 0x00, 0x17, 0x01, 0xc0, 0xf0, 0x00, 0xd0, 0x00, 0x43, 0x2b, 0x0f, 0x00,
    0x0d, 0x00, 0x00, 0x04, 0x90, 0xf0, 0x00, 0xd0, 0x00, 0x00, 0x67, 0x0f, 0xbb, 0xbb, 0x00, 0x00,
    0x09, 0x50, 0xf0, 0x00, 0x00, 0x04, 0xaa, 0xb1, 0x00, 0x00, 0x00, 0x51, 0x00, 0x00, 0x00, 0x00,
    0x0b, 0xbb, 0xfb, 0xbb, 0xf2, 0x00, 0x00, 0x06, 0x00, 0x40, 0x00, 0xb2, 0x00, 0x00, 0x06, 0x00,
    0x24, 0x00, 0xb2, 0x00, 0x2b, 0xbf, 0xbb, 0xbb, 0xbb, 0xfe, 0xb4, 0x00, 0x15, 0x00, 0x30, 0x00,
    0xb2, 0x00, 0x00, 0x61, 0x00, 0x34, 0x00, 0xb2, 0x00, 0x05, 0x40, 0x00, 0x01, 0x05, 0x91, 0x00,
    0x00, 0xab, 0xbb, 0xbb, 0xbb, 0xb7, 0x00, 0x00, 0xb0, 0x0b, 0x00, 0xb0, 0x06, 0x00, 0x00, 0xb0,
    0x0b, 0x00, 0xb0, 0x06, 0x00, 0x00, 0xb0, 0x0b, 0x00, 0xb0, 0x06, 0x00, 0x8f, 0xff, 0xff, 0xff,
    0xff, 0xff, 0xf5, 0xfb, 0xbb, 0xbb, 0xbb, 0xbe, 0xf0, 0x00, 0x00, 0x00, 0x0e, 0xf0, 0x00, 0x00,
    0x00, 0x0e, 0xfb, 0xbb, 0xbb, 0xbb, 0xbf, 0xf0, 0x00, 0x00, 0x00, 0x0e, 0xf0, 0x00, 0x00, 0x00,
    0x0e, 0xf0, 0x00, 0x00, 0x00, 0x0e, 0xfb, 0xbb, 0xbb, 0xbb, 0xbf, 0xf0, 0x00, 0x00, 0x00, 0x0e,
    0xf0, 0x00, 0x00, 0x00, 0x0e, 0xfb, 0xbb, 0xbb, 0xbb, 0xbf, 0xf0, 0x00, 0x00, 0x00, 0x0e, 0x00,
    0x0b, 0x00, 0x00, 0x00, 0x00, 0x00, 0x00, 0x0b, 0x00, 0x4e, 0xbb, 0xbb, 0xf1, 0x00, 0x0b, 0x00,
    0x4b, 0x00, 0x00, 0xe1, 0x25, 0x5f, 0x55, 0x4b, 0x00, 0x00, 0xe1, 0x00, 0x1f, 0x00, 0x4f, 0xbb,
    0xbb, 0xf1, 0x00, 0x5f, 0x00, 0x4b, 0x00, 0x00, 0xe1, 0x00, 0x6d, 0x80, 0x4b, 0x00, 0x00, 0xe1,
    0x04, 0x3b, 0x29, 0x4b, 0x00, 0x00, 0xe1, 0x07, 0x0b, 0x02, 0x4f, 0xbb, 0xbb, 0xf1, 0x52, 0x0b,
    0x00, 0x4b, 0x00, 0x00, 0xe1, 0x00, 0x0b, 0x00, 0x4b, 0x00, 0x00, 0xe1, 0x00, 0x0b, 0x00, 0x4f,
    0xbb, 0xbb, 0xf1, 0x00, 0x0b, 0x00, 0x4b, 0x00, 0x00, 0xe1, 0x00, 0x01, 0x00, 0x00, 0x00, 0x00,
    0x00, 0x00, 0x60, 0x00, 0x00, 0x00, 0x00, 0x00, 0x00, 0x70, 0x00, 0x01, 0xa6, 0x66, 0xa0, 0x01,
    0xff, 0xff, 0xf5, 0xb0, 0x00, 0xd0, 0x06, 0x10, 0xb0, 0x02, 0xb0, 0x00, 0xd0, 0x16, 0x00, 0xb0,
    0x02, 0xb0, 0x00, 0xd0, 0x01, 0x00, 0xb0, 0x02, 0xb0, 0x00, 0xd0, 0x2b, 0xbc, 0xfb, 0xba, 0xb0,
    0x00, 0xd0, 0x00, 0x02, 0x90, 0x02, 0xb0, 0x00, 0xd0, 0x00, 0x06, 0xb0, 0x02, 0xb0, 0x00, 0xd0,
    0x00, 0x09, 0x27, 0x02, 0xb0, 0x00, 0xd0, 0x00, 0x29, 0x01, 0x72, 0xb0, 0x00, 0xd0, 0x00, 0x91,
    0x00, 0x25, 0xfb, 0xbb, 0xf0, 0x08, 0x20, 0x00, 0x02, 0xb0, 0x00, 0xb0, 0x11, 0x00, 0x00, 0x00,
    0x00, 0x00, 0x00, 0x0b, 0xde, 0xb7, 0x6b, 0xbb, 0xbf, 0x00, 0x00, 0x61, 0x00, 0x01, 0x00, 0x06,
    0x00, 0x00, 0x70, 0x00, 0x06, 0x00, 0x06, 0x00, 0x00, 0x60, 0x00, 0x06, 0x00, 0x06, 0x00, 0x05,
    0xc6, 0x81, 0x15, 0x00, 0x06, 0x00, 0x09, 0x30, 0x61, 0x4f, 0xbb, 0xcf, 0xd3, 0x27, 0x30, 0x61,
    0x00, 0x00, 0x00, 0x42, 0x03, 0x30, 0x61, 0x00, 0x00, 0x00, 0x61, 0x03, 0x30, 0x62, 0x55, 0x55,
    0x53, 0x70, 0x03, 0xfb, 0xd1, 0x00, 0x00, 0x00, 0x70, 0x03, 0x30, 0x00, 0x00, 0x00, 0x00, 0x80,
    0x01, 0x10, 0x00, 0x00, 0x05, 0xbb, 0x30, 0x1b, 0xcc, 0xb9, 0xbb, 0xbf, 0xbb, 0xb4, 0x00, 0x51,
    0x00, 0x00, 0x0b, 0x00, 0x00, 0x00, 0x70, 0x02, 0xcb, 0xbf, 0xbb, 0xe0, 0x00, 0x70, 0x02, 0x40,
    0x0b, 0x00, 0xb0, 0x03, 0xfb, 0xb4, 0xcb, 0xbf, 0xbb, 0xe0, 0x08, 0x50, 0x44, 0x40, 0x0b, 0x00,
    0xb0, 0x27, 0x50, 0x44, 0x40, 0x1b, 0x00, 0xb0, 0x12, 0x50, 0x44, 0xbb, 0xef, 0xbb, 0xb0, 0x01,
    0x50, 0x42, 0x60, 0x74, 0x00, 0x00, 0x01, 0xfb, 0xc2, 0x18, 0xa0, 0x00, 0x00, 0x01, 0x50, 0x00,
    0x39, 0x65, 0x20, 0x00, 0x00, 0x10, 0x06, 0x50, 0x00, 0x46, 0x63, 0x00, 0x00, 0x00, 0x02, 0x40,
    0x00, 0x00, 0x0b, 0xee, 0xb6, 0x08, 0xbb, 0xd3, 0x00, 0x00, 0x60, 0x00, 0x16, 0x00, 0x81, 0x00,
    0x00, 0x70, 0x00, 0xf5, 0x48, 0x84, 0x81, 0x00, 0x60, 0x05, 0xfb, 0xbf, 0xbb, 0xf2, 0x04, 0xa4,
    0x54, 0xf0, 0x0b, 0x00, 0xc2, 0x08, 0x50, 0x61, 0xfb, 0xbf, 0xbb, 0xf2, 0x27, 0x50, 0x61, 0xf0,
    0x0b, 0x00, 0xc2, 0x02, 0x50, 0x61, 0xf3, 0x3e, 0x33, 0xf2, 0x02, 0x50, 0x62, 0xf3, 0x3e, 0x33,
    0xf2, 0x02, 0xfb, 0xc5, 0xa0, 0x0b, 0x00, 0xc2, 0x02, 0x50, 0x08, 0x40, 0x0b, 0x00, 0xc2, 0x00,
    0x10, 0x18, 0x00, 0x0b, 0x4b, 0xe1, 0x00, 0x00, 0x00, 0x00, 0x00, 0x00, 0x00, 0x00, 0x9b, 0xbb,
    0xbb, 0xbb, 0xbb, 0x00, 0x00, 0x00, 0x00, 0x00, 0x00, 0x00, 0x00, 0x00, 0x00, 0x00, 0x00, 0x00,
    0x00, 0x00, 0x03, 0x33, 0x33, 0x33, 0x33, 0x33, 0x30, 0x1b, 0xbb, 0xbb, 0xdf, 0xbb, 0xbb, 0xb1,
    0x00, 0x00, 0x00, 0x24, 0x00, 0x00, 0x00, 0x00, 0x03, 0x10, 0x24, 0x00, 0x30, 0x00, 0x00, 0x07,
    0x00, 0x24, 0x00, 0x52, 0x00, 0x00, 0x61, 0x00, 0x24, 0x00, 0x06, 0x00, 0x06, 0x30, 0x00, 0x24,
    0x00, 0x01, 0x50, 0x12, 0x00, 0x00, 0x24, 0x00, 0x00, 0x30, 0x00, 0x00, 0x7b, 0xb3, 0x00, 0x00,
    0x00, 0x00, 0x02, 0x54, 0x00, 0x0b, 0x00, 0x00, 0x05, 0x6f, 0x10, 0x00, 0x0b, 0x00, 0x00, 0x00,
    0x0b, 0x00, 0x03, 0x0b, 0x04, 0x00, 0x00, 0x0b, 0x00, 0x06, 0x0b, 0x03, 0x40, 0x5b, 0xcf, 0xbb,
    0x44, 0x0b, 0x00, 0x60, 0x00, 0x5f, 0x10, 0x60, 0x0b, 0x00, 0x42, 0x00, 0x6b, 0x71, 0x60, 0x0b,
    0x00, 0x03, 0x04, 0x3b, 0x05, 0x00, 0x0b, 0x01, 0x50, 0x07, 0x0b, 0x00, 0x00, 0x07, 0x07, 0x10,
    0x51, 0x0b, 0x00, 0x00, 0x00, 0x44, 0x00, 0x00, 0x0b, 0x00, 0x00, 0x05, 0x50, 0x00, 0x00, 0x0b,
    0x00, 0x02, 0x73, 0x00, 0x00, 0x00, 0x0b, 0x04, 0x65, 0x00, 0x00, 0x00, 0x00, 0x03, 0x63, 0x05,
    0x00, 0x00, 0x00, 0x05, 0x5e, 0x00, 0x06, 0x00, 0x00, 0x00, 0x00, 0x0b, 0x00, 0x0f, 0xff, 0xff,
    0xf2, 0x00, 0x0b, 0x00, 0x23, 0x0b, 0x00, 0x70, 0x3b, 0xbf, 0xbb, 0x60, 0x0b, 0x01, 0x30, 0x00,
    0x3f, 0x01, 0x61, 0x0b, 0x02, 0x00, 0x00, 0x6d, 0x60, 0x06, 0x0b, 0x06, 0x00, 0x02, 0x5b, 0x25,
    0x06, 0x0b, 0x02, 0x40, 0x06, 0x0b, 0x00, 0x32, 0x0b, 0x00, 0x60, 0x43, 0x0b, 0x00, 0x60, 0x0b,
    0x00, 0x60, 0x00, 0x0b, 0x00, 0x30, 0x0b, 0x00, 0x20, 0x00, 0x0b, 0x00, 0x00, 0x0b, 0x00, 0x00,
    0x00, 0x0b, 0x00, 0x03, 0xbd, 0x00, 0x00, 0x00, 0x14, 0x61, 0x00, 0x16, 0x00, 0x00, 0x06, 0x5d,
    0x00, 0x00, 0xfc, 0xbc, 0x50, 0x00, 0x0b, 0x00, 0x27, 0x10, 0x07, 0x10, 0x00, 0x0b, 0x01, 0x53,
    0x50, 0x72, 0x00, 0x3b, 0xbf, 0xb7, 0x00, 0x7c, 0x10, 0x00, 0x00, 0x4f, 0x01, 0x56, 0x40, 0x50,
    0x00, 0x00, 0x6c, 0x71, 0x10, 0x0e, 0xdb, 0xd5, 0x02, 0x5b, 0x23, 0x00, 0x72, 0x00, 0x71, 0x06,
    0x0b, 0x00, 0x37, 0x20, 0x02, 0x60, 0x34, 0x0b, 0x00, 0x30, 0x45, 0x18, 0x00, 0x00, 0x0b, 0x00,
    0x00, 0x04, 0xb1, 0x00, 0x00, 0x0b, 0x00, 0x01, 0x66, 0x00, 0x00, 0x00, 0x0b, 0x04, 0x65, 0x10,
    0x00, 0x00, 0x00, 0x04, 0x61, 0x20, 0x0b, 0x00, 0x02, 0x06, 0x6e, 0x00, 0x71, 0x0b, 0x00, 0x71,
    0x00, 0x0b, 0x00, 0x07, 0x0b, 0x04, 0x30, 0x00, 0x0b, 0x00, 0x02, 0x0b, 0x03, 0x00, 0x3b, 0xbf,
    0xb8, 0xbb, 0xbf, 0xbb, 0xf2, 0x00, 0x1f, 0x00, 0xe0, 0x00, 0x00, 0xc3, 0x00, 0x6e, 0x40, 0xe0,
    0x00, 0x00, 0xc3, 0x01, 0x6b, 0x42, 0xfb, 0xbb, 0xbb, 0xf3, 0x06, 0x1b, 0x02, 0xe0, 0x00, 0x00,
    0xc3, 0x25, 0x0b, 0x00, 0xfb, 0xbb, 0xbb, 0xf3, 0x00, 0x0b, 0x00, 0xe0, 0x00, 0x00, 0xc3, 0x00,
    0x0b, 0x00, 0xe0, 0x00, 0x00, 0xc3, 0x00, 0x0b, 0x00, 0xe0, 0x00, 0x7b, 0xd2, 0x00, 0x00, 0x00,
    0x00, 0x00, 0x00, 0x00, 0x00, 0x00, 0x04, 0x20, 0x00, 0x00, 0x00, 0x00, 0x00, 0x09, 0x00, 0x00,
    0x00, 0xdb, 0xbb, 0xbb, 0xfc, 0xbb, 0xbd, 0x0b, 0x00, 0x00, 0x00, 0x20, 0x00, 0xb0, 0xb0, 0x03,
    0x60, 0x02, 0x62, 0x0a, 0x03, 0x15, 0x30, 0x00, 0x00, 0x46, 0x00, 0x34, 0x00, 0x00, 0x00, 0x00,
    0x14, 0x00, 0x6e, 0xee, 0xef, 0xee, 0xee, 0x30, 0x00, 0x00, 0x00, 0xb0, 0x00, 0x00, 0x00, 0x00,
    0x00, 0x0b, 0x00, 0x00, 0x00, 0x00, 0x00, 0x00, 0xb0, 0x00, 0x00, 0x00, 0x00, 0x00, 0x0b, 0x00,
    0x00, 0x00, 0x8d, 0xdd, 0xdd, 0xfd, 0xdd, 0xdd, 0x50, 0x00, 0x00, 0x60, 0x00, 0x00, 0x00, 0x00,
    0x02, 0x40, 0x60, 0xed, 0xbb, 0xbf, 0x10, 0x02, 0x40, 0x60, 0x06, 0x00, 0x16, 0x00, 0x02, 0x40,
    0x60, 0x05, 0x20, 0x80, 0x00, 0x02, 0x40, 0x60, 0x00, 0x78, 0x20, 0x00, 0x02, 0x40, 0x60, 0x02,
    0x99, 0x20, 0x00, 0x01, 0x20, 0x62, 0x95, 0x00, 0x56, 0x20, 0x00, 0x00, 0x00, 0x43, 0x00, 0x00,
    0x51, 0x05, 0xbb, 0xbb, 0xbe, 0xbb, 0xbb, 0x70, 0x00, 0x02, 0x20, 0x00, 0x00, 0x50, 0x00, 0x00,
    0x00, 0x70, 0x00, 0x05, 0x20, 0x00, 0x00, 0x00, 0x50, 0x00, 0x06, 0x00, 0x00, 0x2b, 0xbb, 0xbb,
    0xbb, 0xdf, 0xbb, 0xb2, 0x00, 0x00, 0x00, 0x00, 0x00, 0x00, 0x00, 0x02, 0x50, 0x00, 0x15, 0x00,
    0x00, 0x00, 0xbc, 0xdb, 0xb7, 0xcd, 0xbb, 0xa0, 0x35, 0x07, 0x00, 0x60, 0x51, 0x00, 0x06, 0x00,
    0x40, 0x32, 0x00, 0x30, 0x00, 0x1d, 0xdd, 0xdf, 0xfd, 0xdd, 0xd0, 0x00, 0x00, 0x00, 0x33, 0x00,
    0x0b, 0x00, 0x0a, 0xbb, 0xbf, 0xeb, 0xbb, 0xe0, 0x00, 0x60, 0x00, 0x33, 0x00, 0x00, 0x00, 0x0e,
    0xbb, 0xbf, 0xeb, 0xbb, 0xd2, 0x00, 0x00, 0x05, 0x63, 0x00, 0x05, 0x20, 0x00, 0x06, 0x33, 0x30,
    0x00, 0x60, 0x00, 0x37, 0x10, 0x33, 0x00, 0x08, 0x00, 0x43, 0x00, 0x03, 0x31, 0xbb, 0x50, 0x00,
    0x00, 0x00, 0x00, 0x00, 0x00, 0x00, 0x00, 0x70, 0x00, 0x06, 0x00, 0x00, 0x00, 0x05, 0xed, 0xbb,
    0x8e, 0xec, 0xbb, 0xb0, 0x27, 0x07, 0x00, 0x80, 0x08, 0x00, 0x00, 0x40, 0x02, 0x10, 0x70, 0x02,
    0x20, 0x00, 0x00, 0xab, 0xbb, 0xfb, 0xbb, 0xbb, 0x00, 0x00, 0x00, 0x00, 0x60, 0x00, 0x00, 0x00,
    0x14, 0x44, 0x44, 0x94, 0x44, 0x44, 0x41, 0x3b, 0xbb, 0xbb, 0xbb, 0xbf, 0xbb, 0xb2, 0x00, 0x00,
    0x00, 0x00, 0x0b, 0x00, 0x00, 0x4b, 0xbf, 0xbb, 0xbb, 0xbf, 0xbb, 0xa0, 0x00, 0x02, 0x71, 0x00,
    0x0b, 0x00, 0x00, 0x00, 0x00, 0x17, 0x00, 0x0b, 0x00, 0x00, 0x00, 0x00, 0x00, 0x0b, 0xbc, 0x00,
    0x00, 0x00, 0x01, 0x00, 0x00, 0x10, 0x00, 0x00, 0x00, 0x52, 0x00, 0x02, 0x50, 0x00, 0x00, 0x00,
    0xde, 0xbb, 0xbc, 0xcf, 0xbb, 0xb8, 0x03, 0x52, 0x30, 0x26, 0x05, 0x20, 0x00, 0x08, 0x00, 0x40,
    0x70, 0x00, 0x50, 0x00, 0x12, 0xeb, 0xbb, 0xbb, 0xbb, 0xbb, 0xf0, 0x00, 0xb0, 0x33, 0x33, 0x33,
    0x20, 0xf0, 0x00, 0xb0, 0x22, 0x22, 0x22, 0x10, 0xf0, 0x00, 0xb0, 0x7b, 0xbb, 0xba, 0x00, 0xf0,
    0x00, 0xb0, 0x60, 0x00, 0x06, 0x00, 0xf0, 0x00, 0xb0, 0x60, 0x00, 0x06, 0x00, 0xf0, 0x00, 0xb0,
    0x9b, 0xbb, 0xbb, 0x00, 0xf0, 0x00, 0xb0, 0x60, 0x00, 0x00, 0x00, 0xf0, 0x00, 0xb0, 0x00, 0x00,
    0x04, 0xbb, 0xc0, 0x00, 0x00, 0x00, 0x00, 0x00, 0x00, 0x00, 0x07, 0x00, 0x00, 0x43, 0x00, 0x00,
    0x01, 0xee, 0xbb, 0x4f, 0xbd, 0xbb, 0x00, 0x71, 0x16, 0x06, 0x40, 0x26, 0x00, 0x43, 0x10, 0x30,
    0x30, 0x00, 0x40, 0x00, 0x06, 0x12, 0xbb, 0xbb, 0xbb, 0xc2, 0x05, 0x04, 0x00, 0x00, 0x00, 0x03,
    0x30, 0xb0, 0x1b, 0xbb, 0xbb, 0x60, 0x33, 0x0b, 0x02, 0xd0, 0x00, 0x18, 0x03, 0x30, 0xb0, 0x2f,
    0xbb, 0xbc, 0xc0, 0x33, 0x0b, 0x02, 0xd0, 0x00, 0x18, 0x03, 0x30, 0xb0, 0x2f, 0xbb, 0xbb, 0x80,
    0x33, 0x0b, 0x00, 0x00, 0x00, 0x00, 0x03, 0x30, 0xb0, 0x00, 0x00, 0x00, 0x3b, 0xc2, 0x00, 0x61,
    0x00, 0x02, 0x30, 0x00, 0x00, 0x01, 0xed, 0xcb, 0xbc, 0xbf, 0xbb, 0xb3, 0x08, 0x11, 0x60, 0x53,
    0x03, 0x40, 0x00, 0x22, 0x2b, 0xcb, 0xcb, 0xbb, 0xca, 0x00, 0x00, 0x34, 0x11, 0x11, 0x11, 0x1b,
    0x00, 0x00, 0x37, 0x44, 0x44, 0x44, 0x4c, 0x00, 0x00, 0x3c, 0xbb, 0xbb, 0xbb, 0xbd, 0x00, 0x00,
    0x36, 0x44, 0x44, 0x44, 0x4c, 0x00, 0x00, 0x2c, 0xef, 0xcc, 0xcf, 0xcb, 0x00, 0x00, 0x00, 0x34,
    0x00, 0x0b, 0x00, 0x00, 0x2b, 0xbb, 0xfc, 0xbb, 0xbf, 0xbb, 0xb5, 0x00, 0x05, 0x50, 0x00, 0x0b,
    0x00, 0x00, 0x05, 0x73, 0x00, 0x00, 0x0b, 0x00, 0x00, 0x00, 0x00, 0x00, 0x00, 0x00, 0x00, 0x00,
    0x06, 0x00, 0x00, 0x06, 0x00, 0x00, 0x00, 0xbe, 0xcb, 0x73, 0xfc, 0xbb, 0xb1, 0x62, 0x15, 0x00,
    0x70, 0x25, 0x00, 0x04, 0x00, 0x30, 0x42, 0x00, 0x30, 0x00, 0x0c, 0xbb, 0xbc, 0xfb, 0xbb, 0xb8,
    0x00, 0xb0, 0x00, 0x00, 0x00, 0x00, 0x70, 0x08, 0xdb, 0xbb, 0xbb, 0xbc, 0x05, 0x00, 0x07, 0x22,
    0x22, 0x22, 0x70, 0x00, 0x00, 0x83, 0x33, 0x33, 0x33, 0x00, 0x00, 0x0d, 0xbb, 0xbb, 0xbb, 0xb7,
    0x00, 0x00, 0x60, 0x00, 0x00, 0x00, 0x60, 0x00, 0x06, 0x00, 0x00, 0x00, 0x06, 0x00, 0x00, 0xcb,
    0xbb, 0xbb, 0xbb, 0xb0, 0x00, 0x00, 0x00, 0x00, 0x00, 0x00, 0x00, 0x00, 0x00, 0x00, 0xb0, 0x00,
    0x00, 0x00, 0x04, 0x20, 0x00, 0xb0, 0x00, 0x07, 0x00, 0x00, 0x70, 0x00, 0xb0, 0x00, 0x43, 0x00,
    0x00, 0x25, 0x00, 0xb0, 0x00, 0x70, 0x00, 0x00, 0x05, 0x00, 0xb0, 0x05, 0x10, 0x00, 0x00, 0x00,
    0x00, 0xb0, 0x00, 0x00, 0x00, 0x7b, 0xbb, 0xbf, 0xff, 0xbb, 0xbb, 0xa0, 0x00, 0x00, 0x15, 0xb4,
    0x20, 0x00, 0x00, 0x00, 0x01, 0x70, 0xb0, 0x61, 0x00, 0x00, 0x00, 0x17, 0x00, 0xb0, 0x07, 0x10,
    0x00, 0x01, 0x71, 0x00, 0xb0, 0x00, 0x72, 0x00, 0x56, 0x00, 0x00, 0xb0, 0x00, 0x05, 0x60, 0x10,
    0x00, 0x00, 0xb0, 0x00, 0x00, 0x10, 0x00, 0x00, 0x00, 0x00, 0x00, 0x20, 0x00, 0x23, 0x45, 0x86,
    0x66, 0x64, 0x00, 0x14, 0x32, 0x45, 0x00, 0x00, 0x00, 0x00, 0x00, 0x45, 0x00, 0x04, 0x40, 0x00,
    0x00, 0x53, 0x01, 0x27, 0x30, 0x00, 0x00, 0x6d, 0xbb, 0xee, 0x10, 0x10, 0x00, 0x00, 0x02, 0x63,
    0x01, 0x28, 0x60, 0x00, 0xcf, 0xfd, 0xef, 0xed, 0xbe, 0x30, 0x29, 0x54, 0x32, 0xc0, 0x10, 0x06,
    0x10, 0x01, 0x70, 0x0b, 0x01, 0x61, 0x00, 0x01, 0x70, 0x00, 0xb0, 0x00, 0x62, 0x02, 0x80, 0x00,
    0x0b, 0x00, 0x00, 0x61, 0x10, 0x00, 0xbb, 0x90, 0x00, 0x00, 0x00, 0x00, 0x00, 0x00, 0xb0, 0x00,
    0x00, 0x0b, 0xbb, 0xbb, 0xbf, 0xbb, 0xbb, 0xb0, 0x00, 0x00, 0x00, 0xb0, 0x00, 0x00, 0x00, 0x00,
    0x00, 0x0b, 0x00, 0x00, 0x00, 0xee, 0xee, 0xee, 0xfe, 0xee, 0xef, 0x0b, 0x00, 0x02, 0x70, 0x00,
    0x00, 0xb0, 0x90, 0x4a, 0xa6, 0x67, 0x60, 0x0a, 0x00, 0x18, 0x20, 0x57, 0x23, 0x10, 0x00, 0x00,
    0x16, 0x85, 0x44, 0x6d, 0x30, 0x02, 0xff, 0xdc, 0xbf, 0x98, 0x68, 0x20, 0x00, 0x04, 0x00, 0x90,
    0x36, 0x12, 0x00, 0x17, 0x20, 0x09, 0x00, 0x06, 0x40, 0x46, 0x00, 0xab, 0xb0, 0x00, 0x02, 0x00,
    0x00, 0x00, 0x00, 0x00, 0x00, 0x00, 0x00, 0x40, 0x00, 0x00, 0x04, 0x00, 0x00, 0x02, 0xeb, 0xbb,
    0xb5, 0x65, 0x23, 0x31, 0x07, 0xdc, 0xbb, 0xa1, 0xc1, 0x05, 0x20, 0x00, 0x51, 0x60, 0x63, 0x16,
    0x07, 0x00, 0x0c, 0xfc, 0xbb, 0xf8, 0x04, 0x93, 0x00, 0x02, 0x32, 0x61, 0x50, 0x05, 0xa3, 0x00,
    0x05, 0xfe, 0xef, 0xf5, 0x73, 0x05, 0x72, 0x00, 0x00, 0x46, 0x12, 0x64, 0x00, 0x01, 0x00, 0x39,
    0x65, 0x97, 0x23, 0x81, 0x00, 0x01, 0xaf, 0xff, 0xef, 0xdc, 0xcc, 0x10, 0x03, 0xa4, 0x51, 0x08,
    0x04, 0x30, 0x30, 0x00, 0x56, 0x10, 0x08, 0x00, 0x36, 0x40, 0x06, 0x20, 0x1b, 0xb7, 0x00, 0x00,
    0x30, 0x00, 0x06, 0x00, 0x00, 0x00, 0x00, 0x00, 0x00, 0x33, 0x08, 0xef, 0xee, 0xfa, 0x00, 0x00,
    0x70, 0x00, 0x0b, 0x00, 0x43, 0x00, 0x04, 0x30, 0x30, 0x0b, 0x00, 0x60, 0x00, 0x16, 0x02, 0x60,
    0x0d, 0x00, 0x60, 0x00, 0x68, 0x8b, 0x00, 0x1d, 0x01, 0xfb, 0xb0, 0x00, 0x43, 0x00, 0x36, 0x50,
    0x01, 0x60, 0x03, 0x50, 0x41, 0x52, 0x60, 0x06, 0x20, 0x3c, 0x66, 0x20, 0x70, 0x24, 0x07, 0x00,
    0x22, 0x00, 0x00, 0x70, 0x06, 0x81, 0x00, 0x00, 0x15, 0x65, 0x40, 0x06, 0xb0, 0x00, 0x37, 0x51,
    0x07, 0x00, 0x73, 0x28, 0x00, 0x00, 0x00, 0x23, 0x47, 0x10, 0x01, 0x81, 0x00, 0x00, 0x00, 0x10,
    0x00, 0x00, 0x00, 0x00, 0x06, 0x00, 0x00, 0xb0, 0x51, 0x00, 0x00, 0x34, 0x00, 0x00, 0xb0, 0x06,
    0x20, 0x00, 0x70, 0x00, 0x00, 0xb0, 0x24, 0x40, 0x03, 0x40, 0x61, 0x66, 0xf6, 0x42, 0x00, 0x07,
    0x26, 0x40, 0x00, 0xa1, 0x00, 0x00, 0x38, 0x48, 0x00, 0x00, 0x85, 0x56, 0x61, 0x00, 0x61, 0x02,
    0x66, 0xd8, 0x10, 0x00, 0x04, 0x31, 0x40, 0x00, 0x47, 0x00, 0x62, 0x3b, 0x65, 0x20, 0x00, 0x1a,
    0x05, 0x30, 0x00, 0x00, 0x00, 0x00, 0x0b, 0x73, 0x00, 0x00, 0x46, 0x61, 0x00, 0x4d, 0x50, 0x04,
    0x26, 0x30, 0x01, 0x57, 0x30, 0xa1, 0x1b, 0x00, 0x00, 0x03, 0x10, 0x00, 0x2a, 0xc6, 0x00, 0x05,
    0x00, 0x00, 0x00, 0x00, 0x00, 0x00, 0x07, 0x00, 0xbb, 0xbb, 0xbf, 0x00, 0x00, 0x52, 0x00, 0x00,
    0x00, 0x44, 0x00, 0x01, 0x60, 0x22, 0x00, 0x06, 0x50, 0x00, 0x07, 0x12, 0x70, 0x01, 0x79, 0x62,
    0x00, 0x39, 0x58, 0x20, 0x56, 0x10, 0x05, 0x71, 0x00, 0x25, 0x05, 0x10, 0x00, 0x00, 0x00, 0x01,
    0x70, 0x00, 0xff, 0xff, 0xff, 0xb0, 0x1b, 0x66, 0x61, 0x00, 0x06, 0x00, 0x00, 0x13, 0x00, 0x00,
    0x00, 0x06, 0x00, 0x00, 0x00, 0x03, 0x62, 0x00, 0x06, 0x00, 0x00, 0x26, 0x52, 0x00, 0x00, 0x06,
    0x00, 0x00, 0x00, 0x00, 0x0b, 0xee, 0xef, 0xee, 0xe5, 0x00, 0x14, 0x00, 0x00, 0x0b, 0x00, 0x00,
    0x00, 0x61, 0x00, 0x00, 0x0b, 0x00, 0x00, 0x01, 0x60, 0x06, 0xbb, 0xbf, 0xbb, 0xb2, 0x06, 0x10,
    0x30, 0x00, 0x0b, 0x00, 0x00, 0x26, 0x23, 0x60, 0x00, 0x0b, 0x00, 0x00, 0x75, 0x38, 0x02, 0xbb,
    0xbf, 0xbb, 0xb0, 0x00, 0x52, 0x00, 0x33, 0x33, 0x33, 0x30, 0x03, 0x40, 0x00, 0x00, 0x00, 0x00,
    0x00, 0x38, 0x67, 0x72, 0xfb, 0xbb, 0xbb, 0xf0, 0x34, 0x10, 0x00, 0xf0, 0x00, 0x00, 0xf0, 0x00,
    0x00, 0x21, 0xf0, 0x00, 0x00, 0xf0, 0x46, 0x65, 0x30, 0xf0, 0x00, 0x00, 0xf0, 0x00, 0x00, 0x00,
    0xfb, 0xbb, 0xbb, 0xf0, 0x00, 0x00, 0x00, 0x10, 0x00, 0x00, 0x00, 0x00, 0x00, 0x00, 0x00, 0x20,
    0x00, 0x00, 0x00, 0x07, 0x00, 0x00, 0x70, 0x00, 0x00, 0x00, 0x34, 0x00, 0x06, 0xdb, 0xbb, 0xd1,
    0x00, 0x70, 0x00, 0x2a, 0x00, 0x00, 0x70, 0x04, 0x30, 0x41, 0x82, 0x60, 0x06, 0x10, 0x16, 0x01,
    0x74, 0x10, 0x44, 0x62, 0x00, 0x38, 0x6c, 0x10, 0x00, 0x3b, 0x60, 0x00, 0x00, 0x44, 0x00, 0x37,
    0x40, 0x27, 0x30, 0x02, 0x60, 0x10, 0x30, 0x00, 0x00, 0x45, 0x1a, 0x66, 0x50, 0x4e, 0xbb, 0xbb,
    0xe0, 0x13, 0x00, 0x00, 0x4b, 0x00, 0x00, 0xe0, 0x00, 0x24, 0x52, 0x4b, 0x00, 0x00, 0xe0, 0x26,
    0x41, 0x00, 0x4f, 0xbb, 0xbb, 0xf0, 0x00, 0x00, 0x00, 0x4b, 0x00, 0x00, 0xe0, 0x00, 0x01, 0x00,
    0x00, 0x10, 0x00, 0x00, 0x00, 0x07, 0x10, 0x00, 0x24, 0x00, 0x00, 0x00, 0x26, 0x00, 0x00, 0x06,
    0x00, 0x00, 0x00, 0x70, 0x02, 0xff, 0xff, 0xff, 0xf2, 0x03, 0x40, 0x22, 0x03, 0x50, 0x00, 0x00,
    0x17, 0x00, 0x70, 0x17, 0x00, 0x34, 0x00, 0x27, 0x7c, 0x21, 0x81, 0x00, 0x18, 0x10, 0x00, 0x35,
    0x01, 0x76, 0x66, 0x54, 0x80, 0x01, 0x70, 0x00, 0x06, 0x00, 0x60, 0x10, 0x1d, 0x76, 0x60, 0x06,
    0x00, 0x60, 0x00, 0x12, 0x00, 0x00, 0x06, 0x00, 0x60, 0x00, 0x00, 0x03, 0x60, 0x25, 0x00, 0x60,
    0x11, 0x26, 0x64, 0x10, 0x70, 0x00, 0x60, 0x43, 0x00, 0x00, 0x27, 0x20, 0x00, 0xbb, 0xc1, 0x00,
    0x00, 0x10, 0x00, 0x00, 0x00, 0x00, 0x00, 0x06, 0x00, 0x00, 0x00, 0xb0, 0x00, 0x00, 0x33, 0x00,
    0xb3, 0x10, 0xb0, 0x40, 0x00, 0x70, 0x00, 0xb1, 0x60, 0xb0, 0x70, 0x03, 0x40, 0x30, 0xb0, 0x70,
    0xb3, 0x40, 0x07, 0x00, 0x60, 0xb0, 0x10, 0xb1, 0x00, 0x3a, 0xaf, 0x10, 0xba, 0xbc, 0xfb, 0xb6,
    0x11, 0x34, 0x00, 0xb0, 0x06, 0xf4, 0x00, 0x01, 0x60, 0x00, 0xb0, 0x25, 0xb5, 0x30, 0x18, 0x56,
    0x61, 0xb0, 0x70, 0xb0, 0x71, 0x16, 0x20, 0x00, 0xb6, 0x10, 0xb0, 0x01, 0x00, 0x01, 0x32, 0xb0,
    0x00, 0xb0, 0x00, 0x15, 0x55, 0x30, 0xeb, 0xbb, 0xdb, 0xb4, 0x00, 0x05, 0x00, 0x00, 0x33, 0x00,
    0x00, 0x00, 0x24, 0x00, 0x00, 0x33, 0x01, 0x60, 0x00, 0x60, 0x00, 0xbb, 0xee, 0xb9, 0x00, 0x02,
    0x50, 0x21, 0x00, 0x33, 0x53, 0x00, 0x06, 0x00, 0x70, 0x00, 0x38, 0x40, 0x00, 0x14, 0x4a, 0x2b,
    0xff, 0xff, 0xff, 0xf4, 0x05, 0x46, 0x00, 0x17, 0x20, 0x00, 0x00, 0x00, 0x70, 0x05, 0x9f, 0xbb,
    0xbe, 0x30, 0x0b, 0x64, 0x31, 0x3c, 0x00, 0x0b, 0x30, 0x02, 0x00, 0x00, 0x3f, 0xbb, 0xbf, 0x30,
    0x00, 0x01, 0x41, 0x3c, 0x00, 0x0b, 0x30, 0x16, 0x65, 0x20, 0x3c, 0x00, 0x0b, 0x30, 0x00, 0x00,
    0x00, 0x3f, 0xbb, 0xbf, 0x30, 0x00, 0x00, 0x00, 0x01, 0x00, 0x00, 0x00, 0x00, 0x06, 0x00, 0x00,
    0x24, 0x00, 0x00, 0x00, 0x25, 0x00, 0x00, 0x24, 0x00, 0x00, 0x00, 0x70, 0x00, 0x9b, 0xdf, 0xbb,
    0x30, 0x03, 0x40, 0x20, 0x00, 0x24, 0x00, 0x00, 0x0a, 0x55, 0x65, 0xef, 0xff, 0xee, 0xe0, 0x45,
    0x17, 0x00, 0x06, 0x46, 0x04, 0x20, 0x00, 0x43, 0x00, 0x71, 0x26, 0x00, 0x00, 0x01, 0x97, 0x50,
    0x05, 0x06, 0x00, 0x00, 0x2f, 0x61, 0x09, 0xbb, 0xbf, 0xbb, 0xb0, 0x11, 0x00, 0x10, 0x00, 0x53,
    0x00, 0x00, 0x01, 0x56, 0x40, 0x02, 0x72, 0x71, 0x00, 0x26, 0x10, 0x00, 0x46, 0x00, 0x07, 0x20,
    0x00, 0x00, 0x06, 0x30, 0x00, 0x00, 0x60, 0x00, 0x03, 0x00, 0x00, 0x03, 0x00, 0x00, 0x02, 0x60,
    0x00, 0x00, 0x42, 0x00, 0x00, 0x71, 0x03, 0xfb, 0xbb, 0xdb, 0xd0, 0x16, 0x03, 0x3c, 0x00, 0x00,
    0x0b, 0x07, 0x13, 0x43, 0xfb, 0xbb, 0xbb, 0xd3, 0xa4, 0xa0, 0x3c, 0x11, 0x11, 0x11, 0x00, 0x52,
    0x04, 0xff, 0xff, 0xff, 0xf0, 0x25, 0x00, 0x5f, 0x10, 0xb3, 0x2b, 0x1d, 0x65, 0x36, 0xe1, 0x0b,
    0x32, 0xb1, 0x10, 0x00, 0x9a, 0xdb, 0xfe, 0xdf, 0x00, 0x15, 0x4b, 0x61, 0x0b, 0x32, 0xb1, 0x76,
    0x12, 0x86, 0x10, 0xb3, 0x2b, 0x00, 0x00, 0x31, 0x61, 0x07, 0x26, 0xd0, 0x00, 0x00, 0x00, 0x00,
    0x00, 0x00, 0x00, 0x02, 0x00, 0x00, 0x20, 0x00, 0x00, 0x00, 0x07, 0x00, 0x00, 0x34, 0x00, 0x00,
    0x00, 0x52, 0x0e, 0xbb, 0xbe, 0xbb, 0xc4, 0x00, 0x60, 0x0b, 0x00, 0x00, 0x00, 0x34, 0x06, 0x10,
    0x64, 0x67, 0xbd, 0xeb, 0xc1, 0x4b, 0x58, 0x10, 0x90, 0x06, 0x10, 0x00, 0x00, 0x15, 0x06, 0x84,
    0xbf, 0xbb, 0x90, 0x00, 0x70, 0x45, 0x64, 0x20, 0x00, 0x60, 0x0b, 0x86, 0x30, 0x64, 0x20, 0x00,
    0x60, 0x35, 0x00, 0x00, 0x66, 0xdb, 0xbb, 0xc0, 0x00, 0x04, 0x40, 0x64, 0x20, 0x00, 0x60, 0x26,
    0x62, 0x00, 0x64, 0x20, 0x00, 0x60, 0x00, 0x00, 0x00, 0x66, 0xdb, 0xbb, 0xd0, 0x00, 0x00, 0x00,
    0x00, 0x00, 0x00, 0x00, 0xbb, 0xbb, 0xbb, 0xbb, 0xbb, 0xbf, 0xb0, 0x00, 0x00, 0x00, 0x00, 0x0e,
    0xb0, 0x10, 0x25, 0x10, 0x05, 0x0e, 0xb0, 0x70, 0x61, 0x70, 0x43, 0x0e, 0xb0, 0x16, 0x70, 0x25,
    0x70, 0x0e, 0xb0, 0x05, 0x80, 0x05, 0x80, 0x0e, 0xb0, 0x06, 0x80, 0x03, 0xb0, 0x0e, 0xb0, 0x07,
    0x25, 0x06, 0x44, 0x0e, 0xb0, 0x61, 0x03, 0x43, 0x07, 0x0e, 0xb4, 0x30, 0x03, 0x50, 0x00, 0x0e,
    0xb0, 0x00, 0x01, 0x00, 0x00, 0x0e, 0xb0, 0x00, 0x00, 0x00, 0x2b, 0xbb, 0x03, 0xcb, 0xbd, 0xbb,
    0xdb, 0xbb, 0x60, 0x03, 0x30, 0x06, 0x00, 0x60, 0x00, 0x60, 0x01, 0x55, 0x55, 0x95, 0x55, 0x55,
    0x30, 0x0b, 0xbb, 0xbb, 0xfb, 0xbb, 0xbb, 0xa0, 0x00, 0x00, 0x00, 0x60, 0x00, 0x00, 0x00, 0x00,
    0x0f, 0xff, 0xff, 0xff, 0xf0, 0x00, 0x00, 0x0f, 0xbb, 0xbb, 0xbb, 0xf0, 0x00, 0x00, 0x07, 0x11,
    0x11, 0x11, 0x70, 0x00, 0x00, 0x0a, 0x44, 0x44, 0x44, 0x90, 0x00, 0x00, 0x0f, 0xbb, 0xbb, 0xbb,
    0xf0, 0x00, 0x00, 0x06, 0x00, 0x00, 0x00, 0x60, 0x00, 0x2e, 0xef, 0xee, 0xee, 0xee, 0xfe, 0xe2,
    0x00, 0x01, 0x36, 0x50, 0x00, 0x00, 0x00, 0x49, 0x9f, 0x52, 0x2b, 0xbf, 0xbb, 0xf1, 0x01, 0x4b,
    0x05, 0x51, 0x0d, 0x00, 0xf1, 0x9b, 0xcf, 0xdf, 0x66, 0x0d, 0x60, 0xf1, 0x00, 0x2f, 0x50, 0x05,
    0x2d, 0x42, 0xf1, 0x02, 0x6b, 0x16, 0x10, 0x5d, 0x05, 0xf1, 0x55, 0x0b, 0x00, 0x40, 0x0e, 0x00,
    0xf1, 0x1e, 0xef, 0xee, 0xe0, 0x5f, 0x02, 0xf1, 0x0f, 0x0b, 0x00, 0xf4, 0x5d, 0x28, 0xf1, 0x0f,
    0xbf, 0xbb, 0xf7, 0x0d, 0x70, 0xf1, 0x0f, 0x0b, 0x00, 0xf0, 0x0d, 0x00, 0xf1, 0x0f, 0xbf, 0xbb,
    0xf0, 0x0d, 0x00, 0xf1, 0x0f, 0x33, 0x33, 0xf4, 0xab, 0x3b, 0xd0, 0x00, 0x00, 0x00, 0x03, 0x00,
    0x03, 0x00, 0xaf, 0xbb, 0xf9, 0x07, 0x10, 0x07, 0x00, 0x0f, 0x00, 0xf0, 0x01, 0x60, 0x61, 0x00,
    0x0f, 0x00, 0xf0, 0x57, 0x7a, 0xa7, 0x40, 0x0f, 0xbb, 0xf0, 0x00, 0x06, 0x00, 0x00, 0x0f, 0x00,
    0xf0, 0x00, 0x06, 0x00, 0x00, 0x0f, 0x00, 0xf0, 0x00, 0x06, 0x00, 0x00, 0x0f, 0xbb, 0xf5, 0xbb,
    0xdf, 0xbb, 0xb0, 0x0f, 0x00, 0xf0, 0x00, 0x58, 0x00, 0x00, 0x0f, 0x00, 0xf0, 0x00, 0x72, 0x50,
    0x00, 0x4f, 0x65, 0xf6, 0x24, 0x30, 0x61, 0x00, 0x10, 0x00, 0xf0, 0x26, 0x00, 0x07, 0x10, 0x00,
    0x00, 0xf4, 0x60, 0x00, 0x01, 0x71, 0x00, 0x00, 0x00, 0x00, 0x00, 0x00, 0x00, 0x00, 0x00, 0x0f,
    0x00, 0xb0, 0x03, 0x00, 0x9b, 0xbb, 0xf0, 0x0b, 0x27, 0x50, 0x00, 0x00, 0x0f, 0x00, 0xf5, 0x00,
    0x00, 0x00, 0x13, 0xf0, 0x0b, 0x00, 0x07, 0x17, 0x66, 0x3f, 0x00, 0xb6, 0x66, 0xb0, 0x00, 0x00,
    0x20, 0x00, 0x00, 0x00, 0x00, 0x3e, 0xbb, 0xbb, 0xbb, 0xf4, 0x00, 0x03, 0xc0, 0x00, 0x00, 0x0b,
    0x40, 0x00, 0x3f, 0xbb, 0xbb, 0xbb, 0xf4, 0x00, 0x03, 0xc0, 0x00, 0x00, 0x0b, 0x40, 0x00, 0x3f,
    0xbb, 0xbb, 0xbb, 0xf5, 0x00, 0x03, 0xc0, 0x00, 0x00, 0x0b, 0x40, 0x00, 0x3c, 0x00, 0x00, 0x1b,
    0xe3, 0x00, 0x00, 0x00, 0x00, 0x00, 0x00, 0x00, 0x00, 0x00, 0x00, 0x0b, 0x00, 0x00, 0x00, 0xfc,
    0xf4, 0x00, 0xb0, 0xbb, 0xbf, 0x0e, 0x0b, 0x40, 0x0c, 0x0b, 0x00, 0xe0, 0xe0, 0xb4, 0x45, 0xf5,
    0xe0, 0x0e, 0x0f, 0xcf, 0x40, 0x0b, 0x0b, 0x00, 0xe0, 0xe0, 0xb4, 0x00, 0xb0, 0xb0, 0x0e, 0x0f,
    0x0b, 0x46, 0x8e, 0x6f, 0x00, 0xe0, 0xfb, 0xf4, 0x06, 0x32, 0xb0, 0x0e, 0x0e, 0x0b, 0x40, 0x70,
    0x7b, 0x00, 0xe2, 0xc0, 0xb4, 0x15, 0x08, 0xc0, 0x0e, 0x48, 0x0b, 0x47, 0x57, 0x9f, 0x4c, 0xa7,
    0x40, 0xb4, 0x52, 0x02, 0xf0, 0x00, 0x70, 0x7e, 0x30, 0x00, 0x0b, 0x00, 0x00, 0x00, 0x00, 0x05,
    0x00, 0x00, 0x00, 0x00, 0x00, 0x60, 0x00, 0x00, 0x0c, 0xbb, 0xcf, 0xbb, 0xbb, 0xb0, 0xf0, 0x00,
    0x00, 0x00, 0x0e, 0x0f, 0x00, 0x00, 0x00, 0x00, 0xe0, 0xfb, 0xbb, 0xbb, 0xbb, 0xbf, 0x0f, 0x00,
    0x00, 0x00, 0x00, 0xe0, 0xf0, 0x00, 0x00, 0x00, 0x0e, 0x0f, 0xbb, 0xbb, 0xbb, 0xbb, 0xf0, 0xf0,
    0x00, 0x00, 0x00, 0x0e, 0x0f, 0x00, 0x00, 0x00, 0x00, 0xe0, 0xfb, 0xbb, 0xbb, 0xbb, 0xbf, 0x0f,
    0x00, 0x00, 0x00, 0x00, 0xe0, 0x00, 0x02, 0x00, 0x00, 0x30, 0x00, 0x00, 0x00, 0x32, 0x00, 0x00,
    0x24, 0x00, 0x00, 0x0f, 0x96, 0xf2, 0x00, 0x05, 0x00, 0x00, 0x0e, 0x10, 0xb5, 0xbb, 0xbb, 0xbb,
    0xb0, 0x0e, 0x42, 0xb3, 0x00, 0x00, 0x00, 0x00, 0x0e, 0x12, 0xb3, 0x08, 0x44, 0x48, 0x00, 0xbf,
    0xcb, 0xf4, 0x06, 0x00, 0x06, 0x00, 0x0e, 0x20, 0xb3, 0x06, 0x00, 0x06, 0x00, 0x0e, 0x33, 0xb3,
    0x06, 0x00, 0x06, 0x00, 0x0e, 0x05, 0xb3, 0x06, 0x00, 0x06, 0x00, 0x2b, 0x00, 0xb3, 0x06, 0x00,
    0x06, 0x12, 0x56, 0x00, 0xb3, 0x34, 0x00, 0x06, 0x33, 0x91, 0x0b, 0xe3, 0x70, 0x00, 0x0c, 0xc1,
    0x10, 0x00, 0x00, 0x00, 0x00, 0x00, 0x00, 0x00, 0x00, 0x00, 0x00, 0x00, 0x00, 0x00, 0x00, 0x00,
    0x70, 0x00, 0x00, 0x00, 0x00, 0x00, 0x03, 0xeb, 0xbb, 0xf0, 0x00, 0x00, 0x00, 0x17, 0x00, 0x03,
    0x70, 0x00, 0x00, 0x01, 0x80, 0x00, 0x2b, 0x00, 0x00, 0x00, 0x28, 0xfd, 0xdd, 0xff, 0xdd, 0xde,
    0x00, 0x50, 0xe0, 0x00, 0xb0, 0x00, 0x0e, 0x00, 0x00, 0xe0, 0x00, 0xb0, 0x00, 0x0e, 0x00, 0x00,
    0xfb, 0xbb, 0xfb, 0xbb, 0xbf, 0x00, 0x00, 0xf3, 0x33, 0x33, 0x33, 0x3f, 0x00, 0x00, 0xe0, 0x00,
    0x00, 0x00, 0x00, 0x00, 0x00, 0xe0, 0x00, 0x00, 0x00, 0x00, 0x25, 0x00, 0xe1, 0x00, 0x00, 0x00,
    0x00, 0x52, 0x00, 0x7d, 0xbb, 0xbb, 0xbb, 0xbb, 0x90, 0x00, 0x00, 0x90, 0x00, 0x0b, 0x00, 0x00,
    0x00, 0x00, 0x90, 0x00, 0x0b, 0x00, 0x00, 0x0b, 0xbb, 0xfb, 0xbb, 0xbf, 0xbb, 0xb2, 0x00, 0x00,
    0x90, 0x00, 0x0b, 0x00, 0x00, 0x00, 0x00, 0x60, 0x30, 0x08, 0x00, 0x00, 0x00, 0x00, 0x00, 0x42,
    0x00, 0x00, 0x00, 0x00, 0x00, 0x60, 0x07, 0x00, 0x00, 0x00, 0x00, 0x40, 0xb0, 0x04, 0x20, 0x05,
    0x00, 0x00, 0x60, 0xb0, 0x00, 0x20, 0x03, 0x40, 0x05, 0x20, 0xb0, 0x00, 0x00, 0x00, 0x70, 0x07,
    0x00, 0xb0, 0x00, 0x00, 0x70, 0x51, 0x22, 0x00, 0xc0, 0x00, 0x00, 0x70, 0x13, 0x00, 0x00, 0xac,
    0xbb, 0xbb, 0x70, 0x00, 0x00, 0x00, 0xb0, 0x00, 0x0b, 0x00, 0x00, 0x00, 0x00, 0xb0, 0x00, 0x0b,
    0x00, 0x00, 0x1b, 0xbb, 0xfb, 0xbb, 0xbf, 0xbb, 0xb0, 0x00, 0x00, 0xb0, 0x90, 0x0b, 0x00, 0x00,
    0x00, 0x00, 0x50, 0xb0, 0x05, 0x00, 0x00, 0x00, 0xbb, 0xbb, 0xfb, 0xbb, 0xbc, 0x00, 0x00, 0xb0,
    0x00, 0xb0, 0x00, 0x0b, 0x00, 0x00, 0xb0, 0x00, 0xb0, 0x00, 0x0b, 0x00, 0x4f, 0xff, 0xff, 0xff,
    0xff, 0xff, 0xf4, 0x01, 0x11, 0x16, 0x59, 0x11, 0x11, 0x10, 0x00, 0x00, 0x36, 0x02, 0x60, 0x00,
    0x00, 0x00, 0x16, 0x50, 0x00, 0x37, 0x10, 0x00, 0x46, 0x51, 0x00, 0x00, 0x01, 0x77, 0x51, 0x00,
    0x00, 0x00, 0x00, 0x00, 0x00, 0x22, 0x00, 0x00, 0x15, 0x00, 0x03, 0x30, 0x00, 0x0b, 0xbb, 0xdf,
    0xbb, 0xbf, 0xeb, 0xb9, 0x00, 0x00, 0x15, 0x00, 0x03, 0x30, 0x00, 0x02, 0x30, 0x14, 0x00, 0x08,
    0x30, 0x00, 0x00, 0x75, 0x71, 0x00, 0x0b, 0x17, 0x20, 0x00, 0x5f, 0x10, 0x00, 0x0b, 0x00, 0x50,
    0x16, 0x25, 0x68, 0xbb, 0xdf, 0xbb, 0xb9, 0x00, 0x03, 0xc0, 0x00, 0x4d, 0x00, 0x00, 0x00, 0x18,
    0xb0, 0x00, 0x7a, 0x00, 0x00, 0x03, 0x71, 0xb0, 0x00, 0xb5, 0x20, 0x00, 0x14, 0x01, 0xa0, 0x06,
    0x50, 0x70, 0x00, 0x00, 0x03, 0x80, 0x57, 0x00, 0x27, 0x00, 0x02, 0x69, 0x26, 0x50, 0x00, 0x02,
    0x80, 0x00, 0x00, 0x00, 0x00, 0x00, 0x00, 0x00, 0x00, 0x00, 0xb0, 0x00, 0x0b, 0x00, 0x00, 0x3b,
    0xbb, 0xfb, 0xbb, 0xbf, 0xbb, 0xb3, 0x00, 0x00, 0xb0, 0x01, 0x0b, 0x00, 0x00, 0x02, 0x30, 0x50,
    0x07, 0x05, 0x00, 0x00, 0x00, 0x46, 0x00, 0x5c, 0xbb, 0xbf, 0x30, 0x00, 0x02, 0x14, 0x66, 0x00,
    0x35, 0x00, 0x26, 0x10, 0x24, 0x02, 0x76, 0x40, 0x00, 0x00, 0x61, 0x00, 0x04, 0x78, 0x50, 0x00,
    0x00, 0x01, 0x16, 0x63, 0x00, 0x16, 0x72, 0x00, 0x06, 0x13, 0xeb, 0xbb, 0xbe, 0x41, 0x00, 0x61,
    0x02, 0xb0, 0x00, 0x0b, 0x30, 0x04, 0x40, 0x02, 0xb0, 0x00, 0x0b, 0x30, 0x06, 0x00, 0x02, 0xfb,
    0xbb, 0xbf, 0x30, 0x00, 0x00, 0xb0, 0x00, 0x06, 0x00, 0x00, 0x3b, 0xbb, 0xfb, 0xbb, 0xbf, 0xbb,
    0xb3, 0x00, 0x00, 0xb0, 0x00, 0x06, 0x00, 0x00, 0x00, 0x00, 0x32, 0x00, 0x50, 0x00, 0x00, 0x00,
    0xb0, 0x54, 0x00, 0xb6, 0x66, 0x60, 0x00, 0xb0, 0x54, 0x04, 0x33, 0x10, 0x00, 0x00, 0xb0, 0x54,
    0x08, 0x00, 0x70, 0x00, 0x00, 0x90, 0x54, 0x11, 0x00, 0x35, 0x00, 0x00, 0x00, 0x21, 0x00, 0x00,
    0x02, 0x00, 0x00, 0x7b, 0xbd, 0xbb, 0xdb, 0xbd, 0x10, 0x00, 0x60, 0x06, 0x00, 0x61, 0x05, 0x10,
    0x00, 0x60, 0x06, 0x00, 0x61, 0x05, 0x10, 0x4e, 0xfe, 0xef, 0xee, 0xfe, 0xef, 0xf4, 0x00, 0x00,
    0x30, 0x00, 0x04, 0x00, 0x00, 0x1b, 0xbc, 0xeb, 0xbb, 0xcf, 0xbb, 0xb1, 0x00, 0x00, 0x30, 0x00,
    0x08, 0x32, 0x00, 0x05, 0x0b, 0xcb, 0xbb, 0xbf, 0xbc, 0xb3, 0x07, 0x0b, 0x00, 0x00, 0x05, 0x00,
    0x00, 0x07, 0x0b, 0x95, 0xb5, 0x55, 0x02, 0x20, 0x0f, 0xbf, 0xe0, 0xb0, 0x05, 0x06, 0x00, 0x03,
    0x0b, 0xf5, 0x95, 0xb5, 0x06, 0x00, 0x8f, 0xdf, 0xe0, 0x00, 0xb3, 0x44, 0x00, 0x0c, 0x19, 0xf4,
    0xd4, 0x51, 0xb0, 0x00, 0x0c, 0x37, 0xfb, 0xfb, 0xb4, 0x90, 0x40, 0x3a, 0x52, 0xf3, 0x33, 0x56,
    0x51, 0xc0, 0x73, 0x60, 0x10, 0x02, 0x60, 0x1a, 0xb0, 0x00, 0x03, 0x30, 0x00, 0x00, 0x00, 0x00,
    0x00, 0x36, 0x00, 0xab, 0xbb, 0xbb, 0xb0, 0x04, 0x50, 0x00, 0x00, 0x00, 0x00, 0x00, 0x03, 0x00,
    0x50, 0x00, 0x00, 0x00, 0x00, 0x00, 0x04, 0x31, 0x22, 0x22, 0x22, 0x21, 0x00, 0x3c, 0x08, 0xcc,
    0xcc, 0xfd, 0xc3, 0x02, 0x6c, 0x00, 0x00, 0x00, 0x42, 0x00, 0x26, 0x0c, 0x00, 0x00, 0x00, 0x42,
    0x00, 0x00, 0x0c, 0x00, 0x00, 0x00, 0x42, 0x00, 0x00, 0x0c, 0x00, 0x00, 0x00, 0x42, 0x00, 0x00,
    0x0c, 0x00, 0x00, 0x00, 0x42, 0x00, 0x00, 0x0c, 0x00, 0x00, 0x00, 0x42, 0x00, 0x00, 0x0c, 0x00,
    0x00, 0xbb, 0xc1, 0x00, 0x00, 0x00, 0x00, 0xb0, 0x00, 0x00, 0x00, 0x00, 0x00, 0x0b, 0x00, 0x00,
    0x00, 0x2b, 0xbb, 0xbb, 0xfb, 0xbb, 0xbb, 0x10, 0x00, 0x00, 0x0b, 0x00, 0x00, 0x00, 0x05, 0xbb,
    0xbb, 0xfb, 0xbb, 0xb5, 0x00, 0x00, 0x00, 0x0b, 0x00, 0x00, 0x00, 0x8b, 0xbb, 0xbf, 0xfb, 0xbb,
    0xbb, 0x60, 0x00, 0x05, 0x43, 0x30, 0x00, 0x30, 0x00, 0x2b, 0x20, 0x07, 0x00, 0x53, 0x03, 0x75,
    0xb0, 0x00, 0x17, 0x62, 0x00, 0x30, 0x0b, 0x00, 0x00, 0x27, 0x00, 0x00, 0x00, 0xb0, 0x14, 0x40,
    0x17, 0x40, 0x00, 0x2f, 0x66, 0x10, 0x00, 0x02, 0x40, 0x01, 0x10, 0x00, 0x00, 0x00, 0x00, 0x00,
    0x50, 0x00, 0x00, 0x0b, 0x00, 0x00, 0x00, 0x16, 0x00, 0x00, 0x0b, 0x00, 0x00, 0x00, 0x03, 0x00,
    0xb6, 0x6f, 0x66, 0x65, 0x5b, 0xbb, 0xf0, 0xf2, 0x2d, 0x22, 0x36, 0x00, 0x00, 0x50, 0xf0, 0x0b,
    0x00, 0x61, 0x00, 0x05, 0x11, 0xf0, 0x0b, 0x00, 0x20, 0x00, 0x2d, 0x43, 0xff, 0xcf, 0xcc, 0xe0,
    0x01, 0x7f, 0x61, 0xe6, 0x00, 0x02, 0x50, 0x07, 0x1b, 0x72, 0xc2, 0x50, 0x07, 0x00, 0x11, 0x0b,
    0x14, 0x90, 0x52, 0x63, 0x00, 0x00, 0x0b, 0x07, 0x50, 0x0c, 0x50, 0x00, 0x00, 0x0b, 0x0a, 0x02,
    0x72, 0x64, 0x00, 0x00, 0x0b, 0x25, 0x75, 0x00, 0x02, 0x62, 0x00, 0x00, 0x60, 0x00, 0x16, 0x00,
    0x00, 0x05, 0x50, 0x60, 0x00, 0x16, 0x00, 0x00, 0x00, 0x71, 0x68, 0xbb, 0xcf, 0xbb, 0xb0, 0x00,
    0x01, 0x80, 0x00, 0x16, 0x00, 0x00, 0x02, 0x65, 0x60, 0x00, 0x16, 0x00, 0x00, 0x24, 0x00, 0x63,
    0xbb, 0xcf, 0xbb, 0x80, 0x00, 0x00, 0x31, 0x74, 0x33, 0x33, 0x20, 0x00, 0x00, 0x00, 0x25, 0x00,
    0x00, 0x00, 0x2b, 0xbb, 0xbb, 0xff, 0xbb, 0xbb, 0xb2, 0x00, 0x00, 0x37, 0x16, 0x10, 0x05, 0x00,
    0x00, 0x48, 0x70, 0x00, 0x75, 0x61, 0x00, 0x16, 0x22, 0x40, 0x00, 0x18, 0x30, 0x00, 0x00, 0x05,
    0x96, 0x66, 0x00, 0x47, 0x40, 0x00, 0x06, 0x20, 0x00, 0x00, 0x00, 0x21, 0x0f, 0xff, 0xff, 0xff,
    0xff, 0xff, 0xf5, 0x00, 0x00, 0x0b, 0x00, 0xb0, 0x00, 0x00, 0x00, 0x00, 0x0b, 0x00, 0xb0, 0x00,
    0x00, 0x03, 0xcb, 0xbf, 0xbb, 0xfb, 0xbb, 0xb0, 0x04, 0xb0, 0x0b, 0x00, 0xb0, 0x00, 0xe0, 0x04,
    0xb0, 0x19, 0x00, 0xb0, 0x00, 0xe0, 0x04, 0xb0, 0x83, 0x00, 0xb0, 0x00, 0xe0, 0x04, 0xb6, 0x50,
    0x00, 0x6b, 0xbb, 0xf0, 0x04, 0xb1, 0x00, 0x00, 0x00, 0x00, 0xe0, 0x04, 0xb0, 0x00, 0x00, 0x00,
    0x00, 0xe0, 0x04, 0xfb, 0xbb, 0xbb, 0xbb, 0xbb, 0xf0, 0x04, 0xb0, 0x00, 0x00, 0x00, 0x00, 0xe0,
    0x0a, 0xbb, 0xbf, 0xbb, 0xfb, 0xbb, 0xb0, 0x00, 0x00, 0x06, 0x00, 0x60, 0x00, 0x00, 0x02, 0xcb,
    0xbf, 0xbb, 0xfb, 0xbc, 0x30, 0x02, 0x40, 0x06, 0x00, 0x60, 0x03, 0x30, 0x02, 0x40, 0x06, 0x00,
    0x60, 0x03, 0x30, 0x02, 0xee, 0xef, 0xee, 0xfe, 0xee, 0x30, 0x00, 0x00, 0x06, 0x00, 0x00, 0x00,
    0x00, 0x1b, 0xbb, 0xfe, 0xbb, 0xbc, 0xeb, 0xb1, 0x00, 0x02, 0x50, 0x00, 0x07, 0x10, 0x00, 0x00,
    0x1b, 0x31, 0x00, 0x73, 0x00, 0x00, 0x00, 0x00, 0x36, 0xbd, 0x72, 0x00, 0x00, 0x04, 0x66, 0x66,
    0x10, 0x15, 0x76, 0x20, 0x02, 0x00, 0x00, 0x00, 0x00, 0x00, 0x20, 0x00, 0xeb, 0xbb, 0xbb, 0xbb,
    0xb0, 0x00, 0x0b, 0x00, 0x00, 0x00, 0x0b, 0x00, 0x00, 0xb0, 0x00, 0x80, 0x00, 0xb0, 0x00, 0x0b,
    0x00, 0x0b, 0x00, 0x0b, 0x00, 0x00, 0xb0, 0x01, 0xa0, 0x00, 0xb0, 0x00, 0x0b, 0x00, 0x29, 0x00,
    0x0b, 0x00, 0x00, 0xb0, 0x04, 0x70, 0x00, 0xb0, 0x00, 0x0b, 0x00, 0x83, 0x60, 0x0b, 0x00, 0x00,
    0x30, 0x0b, 0x06, 0x00, 0x30, 0x00, 0x00, 0x07, 0x50, 0x60, 0x00, 0x05, 0x00, 0x07, 0x60, 0x06,
    0x00, 0x00, 0x74, 0x77, 0x20, 0x00, 0x9b, 0xbb, 0xc4, 0x20, 0x00, 0x00, 0x00, 0x00, 0x00, 0x00,
    0x00, 0x31, 0x00, 0x00, 0x00, 0x00, 0x00, 0x00, 0x07, 0x00, 0x1c, 0xbb, 0xbb, 0xb0, 0x00, 0x01,
    0x20, 0x14, 0x00, 0x00, 0xb0, 0x0b, 0xbb, 0xdf, 0x14, 0x0b, 0x00, 0xb0, 0x00, 0x00, 0x95, 0x14,
    0x0b, 0x00, 0xb0, 0x00, 0x04, 0x90, 0x14, 0x0b, 0x00, 0xb0, 0x00, 0x2f, 0x10, 0x14, 0x0b, 0x00,
    0xb0, 0x02, 0x9c, 0x72, 0x14, 0x0b, 0x00, 0xb0, 0x16, 0x0b, 0x06, 0x13, 0x2c, 0x20, 0x90, 0x00,
    0x0b, 0x00, 0x00, 0x68, 0x30, 0x00, 0x00, 0x0b, 0x00, 0x01, 0xa4, 0x30, 0x06, 0x00, 0x0b, 0x00,
    0x09, 0x24, 0x30, 0x07, 0x00, 0x0b, 0x01, 0x81, 0x02, 0xcb, 0xc5, 0x00, 0x00, 0x00, 0x00, 0x00,
    0x00, 0x00, 0x00, 0x0b, 0x00, 0x52, 0x00, 0x00, 0x0b, 0x00, 0xb0, 0x08, 0x00, 0x00, 0x00, 0xb0,
    0x0b, 0x02, 0xbe, 0xcb, 0xb6, 0x0b, 0x00, 0xb0, 0x70, 0x07, 0x20, 0x00, 0x90, 0x0a, 0x13, 0x00,
    0x08, 0x10, 0x00, 0x00, 0x00, 0x00, 0x00, 0x00, 0x00, 0x07, 0xbb, 0xbb, 0xbb, 0xbb, 0x00, 0x00,
    0x60, 0x00, 0x50, 0x00, 0xb0, 0x00, 0x06, 0x00, 0x0b, 0x00, 0x0b, 0x00, 0x00, 0x60, 0x02, 0x81,
    0x00, 0xb0, 0x00, 0x04, 0x00, 0x71, 0x60, 0x08, 0x00, 0x00, 0x01, 0x72, 0x06, 0x00, 0x00, 0x60,
    0x36, 0x61, 0x00, 0xab, 0xbb, 0xc4, 0x33, 0x00, 0x00, 0x00, 0x00, 0x00, 0x00, 0x00, 0x00, 0x60,
    0x00, 0x00, 0x00, 0x00, 0x06, 0xdb, 0xbb, 0xa0, 0x00, 0x00, 0x44, 0x00, 0x03, 0x30, 0x00, 0x07,
    0xfd, 0xdd, 0xff, 0xdd, 0xf5, 0x67, 0xb0, 0x00, 0xb0, 0x00, 0xb4, 0x03, 0xb0, 0x00, 0xb0, 0x00,
    0xb4, 0x03, 0xfb, 0xbb, 0xfb, 0xbb, 0xf4, 0x04, 0xb0, 0x00, 0xb0, 0x00, 0xb4, 0x05, 0x90, 0x00,
    0xb0, 0x00, 0xb4, 0x09, 0xfb, 0xbb, 0xfb, 0xbb, 0xf5, 0x0a, 0x20, 0x00, 0xb0, 0x00, 0xb4, 0x1a,
    0x00, 0x00, 0xb0, 0x00, 0xb4, 0x82, 0x00, 0x00, 0xb0, 0x8b, 0xe3, 0x00, 0x00, 0x00, 0x00, 0x00,
    0x00, 0x00, 0x50, 0x00, 0x00, 0x00, 0x00, 0x00, 0x0d, 0xbd, 0x02, 0xbf, 0xcb, 0xbf, 0x05, 0x10,
    0x60, 0x00, 0x60, 0x01, 0xd1, 0xa2, 0x37, 0x30, 0x15, 0x00, 0x3a, 0x7f, 0x1c, 0x1c, 0x47, 0x09,
    0xbc, 0x50, 0xe1, 0xb0, 0xb6, 0x30, 0x60, 0x00, 0x0f, 0x7f, 0x6f, 0x45, 0x0b, 0x00, 0x00, 0xe1,
    0xb0, 0xb4, 0xeb, 0xfb, 0xb4, 0x0f, 0x0c, 0x0b, 0x82, 0x0b, 0x00, 0x01, 0xf4, 0xf4, 0xfd, 0xbb,
    0xfb, 0xb9, 0x3b, 0x0b, 0x0b, 0x40, 0x0b, 0x00, 0x07, 0x50, 0xb0, 0xb4, 0x00, 0xb0, 0x00, 0x80,
    0x04, 0x8d, 0x30, 0x0b, 0x00, 0x00, 0x00, 0x00, 0x00, 0x00, 0x00, 0x00, 0x00, 0x00, 0x00, 0x00,
    0x00, 0x00, 0x00, 0x00, 0x80, 0x00, 0x00, 0x0b, 0x00, 0x00, 0x01, 0xdb, 0xd1, 0x00, 0x0b, 0x00,
    0x00, 0x06, 0x20, 0x50, 0x00, 0x0b, 0x00, 0x00, 0x1b, 0x22, 0x84, 0x0a, 0x6f, 0x66, 0x90, 0x7f,
    0xcf, 0xdf, 0x3b, 0x0b, 0x00, 0xb0, 0x2e, 0x1b, 0x0b, 0x3b, 0x0b, 0x00, 0xb0, 0x0f, 0xcf, 0xbf,
    0x3b, 0x0b, 0x00, 0xb0, 0x0e, 0x1b, 0x0b, 0x3c, 0x3e, 0x33, 0xb0, 0x0f, 0x0b, 0x0b, 0x34, 0x4f,
    0x44, 0x30, 0x1f, 0xbf, 0xbf, 0x30, 0x0b, 0x03, 0x00, 0x3b, 0x0b, 0x0b, 0x30, 0x0b, 0x05, 0x20,
    0x66, 0x0b, 0x0b, 0x43, 0x4e, 0x55, 0xb0, 0x90, 0x0b, 0x7e, 0x32, 0x10, 0x00, 0x34, 0x00, 0x00,
    0x00, 0x00, 0x00, 0x00, 0x01, 0x00, 0x00, 0x00, 0x71, 0x00, 0x00, 0x00, 0x00, 0x00, 0x00, 0x07,
    0x00, 0x00, 0x00, 0x1b, 0xbb, 0xbb, 0xbb, 0xbb, 0xbb, 0xb3, 0x00, 0x00, 0x00, 0x00, 0x00, 0x00,
    0x00, 0x00, 0x0b, 0xbb, 0xbb, 0xbb, 0xb0, 0x00, 0x00, 0x00, 0x00, 0x00, 0x00, 0x00, 0x00, 0x00,
    0x0b, 0xbb, 0xbb, 0xbb, 0xb0, 0x00, 0x00, 0x00, 0x00, 0x00, 0x00, 0x00, 0x00, 0x00, 0x1b, 0xbb,
    0xbb, 0xbb, 0xb1, 0x00, 0x00, 0x24, 0x00, 0x00, 0x00, 0x42, 0x00, 0x00, 0x24, 0x00, 0x00, 0x00,
    0x42, 0x00, 0x00, 0x24, 0x00, 0x00, 0x00, 0x42, 0x00, 0x00, 0x2f, 0xbb, 0xbb, 0xbb, 0xf2, 0x00,
    0x00, 0x00, 0x00, 0x00, 0x00, 0x00, 0x00, 0x00, 0x42, 0x06, 0x00, 0x24, 0x00, 0x00, 0x2b, 0xfd,
    0xbf, 0xb4, 0xab, 0xbd, 0xc2, 0x00, 0xa4, 0x46, 0x45, 0x91, 0x07, 0x00, 0x0a, 0xeb, 0xb0, 0x63,
    0x07, 0x53, 0x00, 0x14, 0x63, 0x80, 0x70, 0x08, 0xb0, 0x00, 0x03, 0x31, 0x4c, 0x94, 0x61, 0x17,
    0x50, 0x04, 0x44, 0x44, 0x59, 0x44, 0x44, 0x40, 0x03, 0x33, 0x33, 0x33, 0x33, 0x33, 0x20, 0x00,
    0x1b, 0xbb, 0xbb, 0xbb, 0xb1, 0x00, 0x00, 0x05, 0x55, 0x55, 0x55, 0x50, 0x00, 0x00, 0x2b, 0xbb,
    0xbb, 0xbb, 0xb1, 0x00, 0x00, 0x24, 0x00, 0x00, 0x00, 0x41, 0x00, 0x00, 0x2e, 0xbb, 0xbb, 0xbb,
    0xf1, 0x00, 0x00, 0x00, 0x00, 0x00, 0x00, 0x00, 0x00, 0x00, 0x40, 0x00, 0x00, 0x0b, 0x00, 0x00,
    0x00, 0x17, 0x10, 0x00, 0x0b, 0x00, 0x00, 0x00, 0x01, 0x50, 0x00, 0x0b, 0x00, 0x00, 0x00, 0x00,
    0x00, 0x00, 0x0b, 0x00, 0x00, 0x25, 0x59, 0x00, 0x00, 0x0b, 0x00, 0x00, 0x12, 0x2f, 0x08, 0xbb,
    0xbf, 0xbb, 0xb7, 0x00, 0x0e, 0x00, 0x00, 0x0b, 0x00, 0x00, 0x00, 0x0e, 0x00, 0x00, 0x0b, 0x00,
    0x00, 0x00, 0x0e, 0x00, 0x00, 0x0b, 0x00, 0x00, 0x00, 0x0e, 0x00, 0x00, 0x0b, 0x00, 0x00, 0x00,
    0x0e, 0x34, 0x00, 0x0b, 0x00, 0x00, 0x00, 0x2f, 0x40, 0x00, 0x0b, 0x00, 0x00, 0x00, 0x42, 0x00,
    0x00, 0x0b, 0x00, 0x00, 0x00, 0x40, 0x00, 0x00, 0x0c, 0x00, 0x00, 0x00, 0x38, 0x00, 0x00, 0x0c,
    0x00, 0x00, 0x00, 0x01, 0x60, 0x00, 0x0b, 0x00, 0x00, 0x00, 0x00, 0x00, 0x00, 0x1b, 0x00, 0x00,
    0x00, 0x00, 0x00, 0x00, 0x1a, 0x00, 0x00, 0x6b, 0xbf, 0x20, 0x00, 0x2c, 0x00, 0x00, 0x00, 0x0e,
    0x20, 0x00, 0x4d, 0x00, 0x00, 0x00, 0x0e, 0x20, 0x00, 0x78, 0x20, 0x00, 0x00, 0x0e, 0x20, 0x00,
    0x91, 0x60, 0x00, 0x00, 0x0e, 0x20, 0x00, 0xa0, 0x60, 0x00, 0x00, 0x0e, 0x36, 0x24, 0x60, 0x25,
    0x00, 0x00, 0x1f, 0x70, 0x0a, 0x00, 0x06, 0x10, 0x00, 0x52, 0x00, 0x73, 0x00, 0x00, 0x72, 0x00,
    0x00, 0x02, 0x20, 0x00, 0x00, 0x03, 0x00, 0x71, 0x04, 0x00, 0x60, 0x01, 0x50, 0x00, 0x18, 0x26,
    0x10, 0x16, 0x04, 0x20, 0x00, 0x00, 0x12, 0x40, 0x05, 0x16, 0x00, 0x00, 0x00, 0x00, 0x60, 0x00,
    0x06, 0x00, 0x3b, 0xbf, 0x00, 0x70, 0x00, 0x15, 0x00, 0x00, 0x0c, 0x00, 0x24, 0x00, 0x61, 0x00,
    0x00, 0x0c, 0x00, 0x07, 0x01, 0x70, 0x00, 0x00, 0x0c, 0x00, 0x03, 0x57, 0x10, 0x00, 0x00, 0x0c,
    0x00, 0x00, 0xa6, 0x00, 0x00, 0x00, 0x0c, 0x02, 0x04, 0x57, 0x20, 0x00, 0x00, 0x1e, 0x74, 0x64,
    0x00, 0x75, 0x00, 0x00, 0x5b, 0x46, 0x10, 0x00, 0x03, 0x83, 0x00, 0x20, 0x00, 0x00, 0x00, 0x00,
    0x00, 0x00, 0x73, 0x02, 0xbb, 0xbb, 0xbb, 0x20, 0x00, 0x06, 0x30, 0x00, 0x00, 0x0b, 0x30, 0x00,
    0x00, 0x10, 0x00, 0x00, 0x0b, 0x30, 0x12, 0x24, 0x00, 0x00, 0x00, 0x0b, 0x30, 0x24, 0x4f, 0x00,
    0x00, 0x00, 0x0b, 0x30, 0x00, 0x0e, 0x00, 0xfb, 0xbb, 0xbf, 0x30, 0x00, 0x0e, 0x00, 0xe0, 0x00,
    0x06, 0x10, 0x00, 0x0e, 0x00, 0xe0, 0x00, 0x00, 0x00, 0x00, 0x0e, 0x00, 0xe0, 0x00, 0x00, 0x00,
    0x00, 0x0e, 0x33, 0xe0, 0x00, 0x00, 0x24, 0x00, 0x4f, 0x40, 0xf0, 0x00, 0x00, 0x43, 0x00, 0x51,
    0x00, 0xbc, 0xbb, 0xbb, 0xb0, 0x00, 0x00, 0x00, 0x04, 0x00, 0x00, 0x00, 0x00, 0x52, 0x00, 0x42,
    0x00, 0x00, 0x00, 0x00, 0x06, 0x10, 0x73, 0x33, 0x33, 0x30, 0x00, 0x00, 0x20, 0xcb, 0xbf, 0xbb,
    0xb1, 0x00, 0x00, 0x05, 0x20, 0x0b, 0x00, 0x00, 0x5b, 0xbf, 0x06, 0x00, 0x0b, 0x00, 0x00, 0x00,
    0x0e, 0x00, 0x00, 0x0b, 0x00, 0x00, 0x00, 0x0e, 0x1b, 0xbb, 0xbf, 0xbb, 0xb6, 0x00, 0x0e, 0x00,
    0x00, 0x0b, 0x00, 0x00, 0x00, 0x0e, 0x00, 0x00, 0x0b, 0x00, 0x00, 0x00, 0x0e, 0x33, 0x00, 0x0b,
    0x00, 0x00, 0x00, 0x2f, 0x30, 0x00, 0x0b, 0x00, 0x00, 0x00, 0x11, 0x00, 0x00, 0x0b, 0x00, 0x00,
    0x00, 0x10, 0x00, 0x00, 0x00, 0x00, 0x00, 0x00, 0x65, 0x00, 0x0d, 0xbb, 0xf1, 0x00, 0x00, 0x04,
    0x60, 0x06, 0x00, 0x51, 0x00, 0x00, 0x00, 0x10, 0x06, 0x00, 0x51, 0x00, 0x14, 0x48, 0x00, 0x62,
    0x00, 0x46, 0x43, 0x01, 0x1f, 0x03, 0x30, 0x00, 0x01, 0x11, 0x00, 0x0f, 0x00, 0xdb, 0xbb, 0xbb,
    0xd0, 0x00, 0x0f, 0x00, 0x43, 0x00, 0x01, 0x70, 0x00, 0x0f, 0x00, 0x07, 0x00, 0x08, 0x10, 0x00,
    0x0f, 0x00, 0x02, 0x60, 0x63, 0x00, 0x00, 0x0f, 0x16, 0x00, 0x2d, 0x50, 0x00, 0x00, 0x3f, 0x60,
    0x03, 0x83, 0x64, 0x00, 0x00, 0x51, 0x01, 0x75, 0x00, 0x03, 0x65, 0x00, 0x20, 0x00, 0x00, 0x30,
    0x00, 0x00, 0x00, 0x45, 0x00, 0x00, 0x23, 0x00, 0x00, 0x00, 0x03, 0x33, 0x33, 0x36, 0x33, 0x31,
    0x00, 0x00, 0x0a, 0xbf, 0xbb, 0xbb, 0xb2, 0x00, 0x00, 0x00, 0x0a, 0x00, 0x00, 0x00, 0x25, 0x5f,
    0x00, 0x0a, 0x00, 0x00, 0x00, 0x00, 0x0e, 0x00, 0x0f, 0xbb, 0xbf, 0x40, 0x00, 0x0e, 0x00, 0x09,
    0x00, 0x0c, 0x30, 0x00, 0x0e, 0x00, 0x28, 0x00, 0x0c, 0x20, 0x00, 0x0e, 0x00, 0x54, 0x00, 0x0d,
    0x10, 0x00, 0x0f, 0x61, 0x90, 0x00, 0x0e, 0x00, 0x00, 0x7a, 0x04, 0x50, 0x00, 0x2d, 0x00, 0x00,
    0x00, 0x17, 0x00, 0x5b, 0xd7, 0x00, 0x00, 0x00, 0x00, 0x00, 0x00, 0x00, 0x00, 0x01, 0x20, 0x00,
    0x00, 0x00, 0x00, 0x00, 0x00, 0x81, 0x08, 0xfb, 0xbb, 0xbd, 0x40, 0x00, 0x17, 0x00, 0x25, 0x00,
    0x07, 0x00, 0x00, 0x01, 0x00, 0x04, 0x42, 0x71, 0x00, 0x00, 0x00, 0x00, 0x00, 0x8b, 0x00, 0x00,
    0x4b, 0xbf, 0x01, 0x67, 0x22, 0x65, 0x10, 0x00, 0x0e, 0x05, 0x10, 0x24, 0x01, 0x62, 0x00, 0x0e,
    0x01, 0xbb, 0xdf, 0xbb, 0x40, 0x00, 0x0e, 0x00, 0x00, 0x24, 0x00, 0x00, 0x00, 0x0e, 0x00, 0x00,
    0x24, 0x00, 0x00, 0x00, 0x0e, 0x09, 0xbb, 0xdf, 0xbb, 0xb2, 0x00, 0x2f, 0x60, 0x00, 0x24, 0x00,
    0x00, 0x00, 0x52, 0x00, 0x00, 0x24, 0x00, 0x00, 0x00, 0x50, 0x00, 0x00, 0x02, 0xa4, 0x20, 0x00,
    0x18, 0x10, 0x00, 0x01, 0xa0, 0x71, 0x00, 0x01, 0x40, 0x00, 0x01, 0xb0, 0x13, 0x00, 0x00, 0x0a,
    0xbb, 0xbb, 0xfb, 0xbb, 0x13, 0x35, 0x00, 0x00, 0x00, 0xb0, 0x00, 0x02, 0x2f, 0x00, 0x00, 0x00,
    0xb0, 0x00, 0x00, 0x0e, 0x07, 0xdf, 0xd7, 0xb0, 0x00, 0x00, 0x0e, 0x00, 0x0b, 0x00, 0xa1, 0x00,
    0x00, 0x0e, 0x00, 0x0b, 0x00, 0x84, 0x00, 0x00, 0x0e, 0x00, 0x0b, 0x00, 0x56, 0x00, 0x00, 0x0e,
    0x53, 0x1f, 0x64, 0x1a, 0x05, 0x00, 0x5f, 0x15, 0x51, 0x00, 0x0a, 0x26, 0x00, 0x20, 0x00, 0x00,
    0x00, 0x02, 0xc7, 0x00, 0x00, 0x00, 0x00, 0x10, 0x00, 0x00, 0x01, 0x80, 0x00, 0x00, 0x52, 0x00,
    0x00, 0x00, 0x3b, 0x11, 0x11, 0x16, 0x11, 0x10, 0x00, 0x04, 0x6f, 0xff, 0xff, 0xff, 0xf0, 0x00,
    0x00, 0x00, 0x06, 0x20, 0x00, 0x00, 0x12, 0x24, 0x00, 0x44, 0x00, 0x21, 0x00, 0x24, 0x4f, 0x04,
    0x50, 0x02, 0x70, 0x00, 0x00, 0x0f, 0x04, 0xcb, 0xaf, 0x10, 0x00, 0x00, 0x0f, 0x00, 0x00, 0x71,
    0x01, 0x60, 0x00, 0x0f, 0x00, 0x27, 0x10, 0x07, 0x00, 0x00, 0x0f, 0x06, 0x50, 0x01, 0x71, 0x00,
    0x00, 0x0f, 0x00, 0x00, 0x2a, 0x50, 0x00, 0x00, 0x0f, 0x71, 0x06, 0x50, 0x36, 0x00, 0x00, 0x8b,
    0x15, 0x61, 0x00, 0x02, 0x70, 0x00, 0x00, 0x21, 0x00, 0x00, 0x00, 0x00, 0x01, 0x71, 0x08, 0xbb,
    0xfb, 0xbb, 0xb0, 0x00, 0x17, 0x10, 0x01, 0x60, 0x00, 0x00, 0x00, 0x00, 0x04, 0xbf, 0xeb, 0xba,
    0x00, 0x13, 0x34, 0x00, 0x06, 0x00, 0x06, 0x00, 0x13, 0x3f, 0x00, 0x07, 0x00, 0x06, 0x00, 0x00,
    0x0e, 0x2d, 0xef, 0xdd, 0xdf, 0xd7, 0x00, 0x0e, 0x02, 0x22, 0x22, 0x22, 0x21, 0x00, 0x0e, 0x02,
    0xcb, 0xbb, 0xbb, 0x30, 0x00, 0x0e, 0x02, 0x40, 0x00, 0x02, 0x40, 0x00, 0x0e, 0x47, 0x40, 0x00,
    0x02, 0x40, 0x00, 0x2f, 0x62, 0x40, 0x00, 0x02, 0x40, 0x00, 0x23, 0x02, 0xfb, 0xbb, 0xbd, 0x40,
    0x00, 0x00, 0x00, 0x00, 0x00, 0x00, 0x00, 0x00, 0x00, 0x00, 0x00, 0x00, 0x00, 0x00, 0x01, 0x81,
    0x00, 0xbb, 0xbb, 0xbc, 0x50, 0x00, 0x08, 0x20, 0x60, 0x00, 0x01, 0x50, 0x00, 0x00, 0x20, 0x60,
    0x00, 0x01, 0x50, 0x00, 0x00, 0x00, 0x9b, 0xbb, 0xbb, 0x40, 0x14, 0x4f, 0x00, 0x11, 0x11, 0x11,
    0x10, 0x00, 0x0e, 0x03, 0xcc, 0xcf, 0xcc, 0xa0, 0x00, 0x0e, 0x00, 0x00, 0x15, 0x00, 0x00, 0x00,
    0x0e, 0x02, 0xbb, 0xff, 0xbb, 0xbb, 0x00, 0x0e, 0x00, 0x00, 0x66, 0x00, 0x00, 0x00, 0x0e, 0x46,
    0x00, 0x64, 0x30, 0x00, 0x00, 0x2f, 0x30, 0x07, 0x10, 0x54, 0x00, 0x00, 0x10, 0x03, 0x61, 0x00,
    0x03, 0x61, 0x01, 0x30, 0x00, 0x00, 0x0b, 0x00, 0x00, 0x00, 0x54, 0x05, 0xbb, 0xbf, 0xbb, 0xb4,
    0x00, 0x04, 0x30, 0x00, 0x0b, 0x00, 0x00, 0x00, 0x00, 0x01, 0xbb, 0xbf, 0xbb, 0xb0, 0x12, 0x24,
    0x00, 0x00, 0x0c, 0x00, 0x00, 0x13, 0x3f, 0x04, 0x55, 0x56, 0x55, 0x54, 0x00, 0x0f, 0x01, 0xbb,
    0xbb, 0xbf, 0x40, 0x00, 0x0f, 0x01, 0xd0, 0x00, 0x0b, 0x40, 0x00, 0x0f, 0x01, 0xfb, 0xbb, 0xbf,
    0x40, 0x00, 0x0f, 0x01, 0xd0, 0x00, 0x0b, 0x40, 0x00, 0x0f, 0x55, 0xfb, 0xbb, 0xbf, 0x50, 0x00,
    0x4f, 0x31, 0xd0, 0x00, 0x0b, 0x40, 0x00, 0x51, 0x01, 0xd0, 0x00, 0xbe, 0x30, 0x01, 0x10, 0x00,
    0x00, 0x24, 0x00, 0x00, 0x00, 0x81, 0x00, 0x00, 0x24, 0x00, 0x00, 0x00, 0x08, 0x12, 0xbb, 0xef,
    0xbb, 0x40, 0x00, 0x00, 0x20, 0x00, 0x24, 0x00, 0x00, 0x00, 0x00, 0x04, 0x55, 0x58, 0x55, 0x90,
    0x5b, 0xbf, 0x00, 0x32, 0x06, 0x02, 0x50, 0x00, 0x0f, 0x02, 0x14, 0x46, 0x03, 0x00, 0x00, 0x0f,
    0x00, 0x43, 0x06, 0x00, 0x00, 0x00, 0x0f, 0x0b, 0xbb, 0xcf, 0xbb, 0xb2, 0x00, 0x0f, 0x00, 0x00,
    0x52, 0x00, 0x00, 0x00, 0x0f, 0x71, 0x03, 0x61, 0x71, 0x00, 0x00, 0x6f, 0x00, 0x66, 0x00, 0x06,
    0x30, 0x00, 0x20, 0x07, 0x20, 0x00, 0x00, 0x51, 0x00, 0x20, 0x00, 0x00, 0x00, 0x00, 0x00, 0x00,
    0x55, 0x05, 0xfb, 0xbd, 0xbb, 0xf4, 0x00, 0x03, 0x45, 0xc0, 0x0b, 0x00, 0xb4, 0x00, 0x00, 0x05,
    0xca, 0xbf, 0xb8, 0xb4, 0x01, 0x12, 0x05, 0xc0, 0x0b, 0x00, 0xb4, 0x15, 0x5f, 0x05, 0xc0, 0x0b,
    0x00, 0xb4, 0x00, 0x0f, 0x05, 0xfd, 0xdf, 0xdd, 0xd4, 0x00, 0x0f, 0x06, 0xbc, 0xbb, 0xb4, 0xb4,
    0x00, 0x0f, 0x07, 0xa7, 0x00, 0x06, 0xb4, 0x00, 0x0f, 0x09, 0x77, 0x00, 0x06, 0xb4, 0x00, 0x0f,
    0x5b, 0x3e, 0xbb, 0xb6, 0xb4, 0x00, 0x4f, 0x2b, 0x04, 0x00, 0x00, 0xb4, 0x00, 0x30, 0x63, 0x00,
    0x00, 0x1c, 0xe3, 0x00, 0x00, 0x00, 0x00, 0x00, 0x00, 0x00, 0x00, 0x00, 0x00, 0x00, 0x30, 0x00,
    0x00, 0x0b, 0xbb, 0xbe, 0x00, 0x60, 0x00, 0x00, 0x0b, 0x09, 0x0b, 0x00, 0xfb, 0xbd, 0xb0, 0x0b,
    0x0b, 0x0b, 0x04, 0x20, 0x06, 0x00, 0x0b, 0x0b, 0x0b, 0x06, 0x00, 0x06, 0x00, 0x0b, 0x0b, 0x0b,
    0x2b, 0x00, 0x15, 0x00, 0x0b, 0x0b, 0x0b, 0x34, 0x20, 0x51, 0x00, 0x0b, 0x0b, 0x0b, 0x00, 0x60,
    0x60, 0x00, 0x0b, 0x0b, 0x0b, 0x00, 0x53, 0x50, 0x00, 0x08, 0x29, 0x08, 0x00, 0x0d, 0x00, 0x00,
    0x00, 0x73, 0x60, 0x00, 0x56, 0x50, 0x00, 0x02, 0x90, 0x27, 0x05, 0x40, 0x44, 0x00, 0x28, 0x00,
    0x03, 0x62, 0x00, 0x04, 0x70, 0x10, 0x00, 0x00, 0x00, 0x00, 0x00, 0x10, 0x00, 0x00, 0x00, 0x0b,
    0x00, 0x00, 0x00, 0x0b, 0xbb, 0xbb, 0x0b, 0x00, 0x02, 0x40, 0x0b, 0x02, 0x0b, 0x0b, 0x00, 0x07,
    0x00, 0x0b, 0x0b, 0x0b, 0x0b, 0x00, 0x71, 0x00, 0x0b, 0x0b, 0x0b, 0x0b, 0x07, 0x20, 0x00, 0x0b,
    0x0b, 0x0b, 0x0b, 0x11, 0x00, 0x00, 0x0b, 0x0b, 0x0f, 0xbf, 0xbf, 0xbb, 0xb3, 0x0b, 0x0b, 0x0b,
    0x0b, 0x05, 0x10, 0x00, 0x0b, 0x1a, 0x0b, 0x0b, 0x01, 0x50, 0x00, 0x08, 0x47, 0x08, 0x0b, 0x00,
    0x60, 0x00, 0x00, 0x83, 0x50, 0x0b, 0x00, 0x15, 0x00, 0x02, 0x80, 0x31, 0x0b, 0x03, 0x24, 0x40,
    0x38, 0x00, 0x01, 0x1f, 0x73, 0x00, 0x41, 0x00, 0x00, 0x00, 0x11, 0x00, 0x00, 0x00, 0x00, 0x0b,
    0x00, 0x00, 0x00, 0x00, 0x00, 0x00, 0xb0, 0x04, 0xbc, 0xfb, 0xbf, 0x3b, 0xbf, 0xbb, 0x30, 0x39,
    0x00, 0x60, 0x00, 0xb0, 0x00, 0x08, 0x30, 0x07, 0x23, 0x3e, 0x33, 0x22, 0x90, 0x00, 0x84, 0x77,
    0xb7, 0x77, 0x81, 0x09, 0xb4, 0x06, 0x05, 0x00, 0x18, 0x44, 0x44, 0x70, 0xb0, 0x7b, 0xb6, 0xb0,
    0x00, 0x0b, 0x0e, 0x05, 0x00, 0x0b, 0x00, 0x00, 0xb0, 0xf0, 0x50, 0x00, 0xb0, 0x00, 0x0b, 0x1b,
    0x75, 0x00, 0x0d, 0xbb, 0xbb, 0xa3, 0x66, 0xb1, 0x00, 0x00, 0x00, 0x00, 0x71, 0x04, 0xac, 0xbb,
    0xbb, 0xbb, 0xa2, 0x00, 0x00, 0x00, 0x00, 0x00, 0x00, 0x00, 0xbb, 0xbb, 0xbb, 0xbb, 0xbd, 0x00,
    0x00, 0xb0, 0x00, 0x00, 0x00, 0x0b, 0x00, 0x00, 0xb0, 0x00, 0x00, 0x00, 0x0b, 0x00, 0x00, 0xb2,
    0x22, 0x22, 0x22, 0x2b, 0x00, 0x00, 0xad, 0xdd, 0xff, 0xdd, 0xdb, 0x00, 0x00, 0x01, 0x00, 0x3b,
    0x00, 0x00, 0x00, 0x00, 0x07, 0x00, 0x3b, 0x00, 0x00, 0x00, 0x00, 0x08, 0x00, 0x3f, 0xbb, 0xbb,
    0x70, 0x00, 0x1c, 0x10, 0x3b, 0x00, 0x00, 0x00, 0x00, 0x72, 0x80, 0x3b, 0x00, 0x00, 0x00, 0x02,
    0x60, 0x3a, 0x7c, 0x00, 0x00, 0x00, 0x28, 0x00, 0x01, 0x7f, 0xbb, 0xbb, 0xb9, 0x10, 0x00, 0x00,
    0x00, 0x00, 0x00, 0x00, 0x00, 0x00, 0x50, 0x00, 0x00, 0x00, 0x00, 0x00, 0x06, 0x00, 0x00, 0x00,
    0x00, 0xbb, 0xbf, 0xcb, 0xbb, 0xbb, 0xb7, 0x00, 0x00, 0x60, 0x01, 0x00, 0x00, 0x00, 0x00, 0x51,
    0x00, 0x60, 0x00, 0x00, 0x00, 0x15, 0x00, 0x06, 0x00, 0x00, 0x00, 0x0b, 0xbb, 0xbb, 0xfb, 0xbb,
    0xa0, 0x00, 0x10, 0x00, 0x06, 0x00, 0x00, 0x00, 0x00, 0x00, 0x00, 0x60, 0x00, 0x00, 0x0b, 0xbb,
    0xbb, 0xbf, 0xbb, 0xbb, 0xb0, 0x00, 0x00, 0x00, 0x60, 0x00, 0x00, 0x00, 0x00, 0x00, 0x06, 0x00,
    0x00, 0x00, 0x00, 0x00, 0x00, 0x60, 0x00, 0x00, 0x00, 0x00, 0x05, 0x00, 0x00, 0x02, 0x30, 0x00,
    0x00, 0x06, 0x00, 0x00, 0x06, 0x10, 0x00, 0x0b, 0xff, 0xbb, 0x5b, 0xbf, 0xbb, 0xa0, 0x00, 0x60,
    0x00, 0x00, 0x06, 0x00, 0x00, 0x00, 0x63, 0x30, 0x00, 0x42, 0x00, 0x00, 0x04, 0x33, 0x30, 0xbb,
    0xfb, 0xbb, 0xb5, 0x08, 0x47, 0x74, 0x00, 0x70, 0x00, 0x00, 0x00, 0x03, 0x30, 0x03, 0xfb, 0xbc,
    0x80, 0x00, 0x03, 0x30, 0x00, 0x00, 0x07, 0x10, 0x01, 0x49, 0x96, 0x10, 0x10, 0x44, 0x00, 0x06,
    0x33, 0x30, 0x00, 0x65, 0x70, 0x00, 0x00, 0x03, 0x30, 0x00, 0x04, 0x70, 0x00, 0x00, 0x03, 0x30,
    0x00, 0x00, 0x26, 0x00, 0x00, 0x00, 0xb0, 0x00, 0xa0, 0x30, 0x00, 0x08, 0xbb, 0xfb, 0xb7, 0xa0,
    0x43, 0x00, 0x00, 0x00, 0xb0, 0x00, 0xa0, 0x02, 0x00, 0x5b, 0xbb, 0xfb, 0xbb, 0xfb, 0xbb, 0xa0,
    0x24, 0x47, 0x44, 0x44, 0xe4, 0x44, 0x40, 0x00, 0x07, 0x00, 0x00, 0x82, 0x02, 0x30, 0x5b, 0xff,
    0xbd, 0xbb, 0x73, 0x06, 0x00, 0x00, 0x70, 0x06, 0x00, 0x56, 0x06, 0x00, 0x04, 0xfb, 0xbf, 0xbb,
    0x28, 0x61, 0x00, 0x00, 0x00, 0x06, 0x00, 0x0b, 0x60, 0x00, 0x13, 0x45, 0x5c, 0x55, 0x0f, 0x20,
    0xa0, 0x23, 0x20, 0x06, 0x00, 0x65, 0x90, 0xc0, 0x00, 0x00, 0x06, 0x05, 0x40, 0x5c, 0x90, 0x00,
    0x00, 0x00, 0x00, 0x00, 0x00, 0x00, 0x00, 0x03, 0x00, 0x00, 0x00, 0x00, 0x00, 0x00, 0x01, 0x50,
    0x00, 0xeb, 0xbb, 0xbe, 0x10, 0x0b, 0xfd, 0xbb, 0x0b, 0x00, 0x00, 0xc1, 0x00, 0x07, 0x00, 0x00,
    0x95, 0x55, 0x59, 0x00, 0x00, 0x63, 0x20, 0xcf, 0xdd, 0xdd, 0xfc, 0x00, 0x33, 0x43, 0x00, 0xc0,
    0x00, 0x0f, 0x00, 0x0d, 0x7b, 0x96, 0x0f, 0xbb, 0xbb, 0xf0, 0x00, 0x00, 0x43, 0x00, 0xc0, 0x00,
    0x0f, 0x00, 0x00, 0x04, 0x30, 0x0c, 0x00, 0x00, 0xf0, 0x00, 0x14, 0xa9, 0x60, 0xfb, 0xbb, 0xbf,
    0x00, 0x06, 0x34, 0x30, 0x0c, 0x00, 0x01, 0xf3, 0x00, 0x00, 0x43, 0x1a, 0xf9, 0x98, 0x7f, 0x30,
    0x00, 0x04, 0x30, 0x00, 0x00, 0x00, 0xf0, 0x00, 0x00, 0x40, 0x00, 0x00, 0x23, 0x00, 0x00, 0x00,
    0x60, 0x00, 0x00, 0xb5, 0x00, 0x00, 0x2b, 0xfb, 0xb1, 0x06, 0x23, 0x71, 0x00, 0x00, 0x60, 0x00,
    0x63, 0x00, 0x17, 0x71, 0x04, 0x25, 0x07, 0x2b, 0xbb, 0xb7, 0x12, 0x06, 0x06, 0x00, 0x22, 0x40,
    0x00, 0x50, 0x07, 0x4a, 0x43, 0xc4, 0xf3, 0xb0, 0xb0, 0x03, 0x39, 0x33, 0xf4, 0xf3, 0xb0, 0xb0,
    0x00, 0x06, 0x03, 0xe3, 0xe3, 0xb0, 0xb0, 0x00, 0x3c, 0x63, 0xf3, 0xf3, 0xb0, 0xb0, 0x16, 0x36,
    0x03, 0xe3, 0xe3, 0xb0, 0xb0, 0x00, 0x06, 0x03, 0xb0, 0xb3, 0x00, 0xb0, 0x00, 0x06, 0x03, 0xb4,
    0xe2, 0x2b, 0xa0, 0x00, 0x00, 0x00, 0x00, 0x00, 0x00, 0x00, 0x02, 0x00, 0x00, 0x0b, 0x00, 0x00,
    0x00, 0x53, 0x00, 0x00, 0xb0, 0x00, 0x00, 0x00, 0x62, 0x00, 0x0b, 0x00, 0x00, 0x00, 0x00, 0x3b,
    0xbb, 0xfb, 0xbb, 0xf3, 0x00, 0x00, 0x00, 0x1a, 0x00, 0x0c, 0x29, 0xbe, 0x00, 0x04, 0x80, 0x00,
    0xd1, 0x00, 0xb0, 0x00, 0x83, 0x00, 0x0e, 0x00, 0x0b, 0x00, 0x0b, 0x00, 0x00, 0xe0, 0x00, 0xb0,
    0x08, 0x30, 0x00, 0x2c, 0x00, 0x0b, 0x07, 0x50, 0x00, 0x05, 0x90, 0x04, 0xf4, 0x20, 0x00, 0x7b,
    0xc3, 0x02, 0xa4, 0xb3, 0x00, 0x00, 0x00, 0x00, 0x91, 0x01, 0x9b, 0xba, 0xaa, 0xbb, 0xb0, 0x00,
    0x00, 0x00, 0x11, 0x10, 0x00, 0x04, 0x10, 0x00, 0x00, 0x00, 0xb0, 0x00, 0x01, 0x81, 0x00, 0x00,
    0x00, 0xb0, 0x00, 0x00, 0x18, 0x00, 0x00, 0x00, 0xb0, 0x00, 0x00, 0x02, 0x4b, 0xbb, 0xbb, 0xfb,
    0xb2, 0x00, 0x00, 0x01, 0x00, 0x00, 0xb0, 0x00, 0x3b, 0xb8, 0x02, 0x50, 0x00, 0xb0, 0x00, 0x00,
    0x0b, 0x00, 0x42, 0x00, 0xb0, 0x00, 0x00, 0x0b, 0x00, 0x05, 0x00, 0xb0, 0x00, 0x00, 0x0b, 0x00,
    0x00, 0x00, 0xb0, 0x00, 0x00, 0x0b, 0x00, 0x00, 0x00, 0xb0, 0x00, 0x00, 0x7f, 0x20, 0x04, 0xbb,
    0xa0, 0x00, 0x06, 0x31, 0x95, 0x10, 0x00, 0x00, 0x01, 0x25, 0x00, 0x06, 0xab, 0xbb, 0xbb, 0xb6,
    0x04, 0x40, 0x00, 0xbb, 0xbb, 0xbb, 0xa0, 0x00, 0x47, 0x10, 0x00, 0x00, 0x00, 0x00, 0x00, 0x01,
    0x20, 0x00, 0x00, 0x00, 0x00, 0x00, 0x00, 0x06, 0x66, 0x76, 0x66, 0x66, 0x2b, 0xb9, 0x00, 0x00,
    0x60, 0x00, 0x00, 0x00, 0x0b, 0x00, 0x05, 0x20, 0x41, 0x00, 0x00, 0x0b, 0x00, 0x07, 0x00, 0x07,
    0x00, 0x00, 0x0b, 0x00, 0x52, 0x00, 0x02, 0x50, 0x00, 0x0b, 0x05, 0xb6, 0x66, 0x66, 0x52, 0x00,
    0x5f, 0x12, 0x10, 0x00, 0x00, 0x01, 0x04, 0x82, 0xb4, 0x00, 0x00, 0x00, 0x00, 0x08, 0x00, 0x18,
    0xbb, 0xaa, 0xab, 0xcb, 0x00, 0x00, 0x00, 0x00, 0x11, 0x10, 0x00, 0x03, 0x10, 0x00, 0x02, 0x35,
    0x66, 0x50, 0x01, 0x71, 0x02, 0xf4, 0x31, 0x00, 0x00, 0x00, 0x07, 0x02, 0xd0, 0x00, 0x00, 0x00,
    0x00, 0x00, 0x02, 0xd0, 0x00, 0x00, 0x00, 0x00, 0x00, 0x02, 0xf4, 0x44, 0x64, 0x42, 0x3b, 0xb8,
    0x03, 0xc0, 0x00, 0xb0, 0x00, 0x00, 0x0b, 0x03, 0xb0, 0x00, 0xb0, 0x00, 0x00, 0x0b, 0x05, 0x80,
    0x00, 0xb0, 0x00, 0x00, 0x0b, 0x07, 0x40, 0x00, 0xb0, 0x00, 0x00, 0x0b, 0x0a, 0x00, 0x00, 0xb0,
    0x00, 0x00, 0x8f, 0x57, 0x00, 0x00, 0xb0, 0x00, 0x08, 0x73, 0xd6, 0x10, 0x00, 0x30, 0x11, 0x26,
    0x00, 0x16, 0xab, 0xbb, 0xbb, 0xb6, 0x01, 0x00, 0x00, 0x00, 0x01, 0x46, 0x20, 0x07, 0x10, 0x1f,
    0x99, 0x98, 0x51, 0x00, 0x00, 0x70, 0x1c, 0x00, 0x00, 0x00, 0x00, 0x00, 0x01, 0x1d, 0x11, 0x11,
    0x11, 0x00, 0x00, 0x00, 0x1f, 0x55, 0x55, 0x5a, 0x00, 0x8b, 0xb0, 0x2b, 0x22, 0x00, 0x25, 0x00,
    0x00, 0xb0, 0x49, 0x05, 0x41, 0x70, 0x00, 0x00, 0xb0, 0x75, 0x00, 0x4e, 0x00, 0x00, 0x00, 0xb0,
    0xa0, 0x03, 0x62, 0x70, 0x00, 0x00, 0xb3, 0x53, 0x74, 0x00, 0x18, 0x10, 0x03, 0xf3, 0x02, 0x00,
    0x00, 0x01, 0x10, 0x2a, 0x4b, 0x62, 0x00, 0x00, 0x00, 0x10, 0x70, 0x00, 0x6a, 0xbb, 0xbb, 0xbb,
    0xa1, 0x01, 0x00, 0x00, 0x00, 0x00, 0x00, 0x00, 0x53, 0x0b, 0xbb, 0xbc, 0xdb, 0xb4, 0x00, 0x52,
    0x00, 0x00, 0x60, 0x00, 0x00, 0x00, 0x10, 0x00, 0x26, 0x00, 0x00, 0x00, 0x00, 0x00, 0x19, 0x53,
    0x00, 0x09, 0xbe, 0x00, 0x07, 0x24, 0x25, 0x00, 0x00, 0xb0, 0x17, 0x12, 0x40, 0x25, 0x00, 0x0b,
    0x17, 0x00, 0x24, 0x00, 0x34, 0x00, 0xb0, 0x00, 0x02, 0x40, 0x00, 0x00, 0x0b, 0x00, 0x00, 0x24,
    0x00, 0x00, 0x04, 0xf2, 0x00, 0x02, 0x40, 0x00, 0x02, 0xa4, 0xb3, 0x00, 0x12, 0x00, 0x00, 0x91,
    0x01, 0x9b, 0xba, 0xaa, 0xbb, 0xa0, 0x00, 0x00, 0x00, 0x11, 0x10, 0x00, 0x00, 0x00, 0x00, 0x00,
    0x10, 0x00, 0x00, 0x03, 0x00, 0x00, 0x00, 0x61, 0x00, 0x00, 0x01, 0x70, 0x00, 0x00, 0x16, 0x00,
    0x00, 0x00, 0x17, 0x3b, 0xbb, 0xbb, 0xbc, 0xb8, 0x00, 0x01, 0x00, 0x00, 0x00, 0x07, 0x00, 0x00,
    0x00, 0x04, 0x00, 0x00, 0x16, 0x00, 0x1b, 0xb8, 0x01, 0x72, 0x00, 0x61, 0x00, 0x00, 0x0b, 0x00,
    0x05, 0x53, 0x50, 0x00, 0x00, 0x0b, 0x00, 0x00, 0x4e, 0x00, 0x00, 0x00, 0x0b, 0x00, 0x03, 0x71,
    0x81, 0x00, 0x00, 0x0b, 0x01, 0x75, 0x00, 0x08, 0x20, 0x00, 0x0b, 0x27, 0x10, 0x00, 0x00, 0x60,
    0x01, 0xbf, 0x60, 0x00, 0x00, 0x00, 0x00, 0x0b, 0x41, 0x7b, 0xbb, 0xaa, 0xbb, 0xb8, 0x00, 0x00,
    0x00, 0x01, 0x11, 0x00, 0x00, 0x00, 0x00, 0x00, 0x00, 0x00, 0x00, 0x00, 0x04, 0x20, 0x00, 0x0b,
    0x00, 0xb0, 0x00, 0x00, 0x81, 0x00, 0x0b, 0x00, 0xb0, 0x00, 0x00, 0x08, 0x00, 0x0b, 0x00, 0xb0,
    0x00, 0x00, 0x01, 0x2b, 0xbf, 0xbb, 0xfb, 0xb0, 0x00, 0x00, 0x00, 0x0b, 0x00, 0xb0, 0x00, 0x15,
    0x57, 0x00, 0x0b, 0x00, 0xb0, 0x00, 0x00, 0x0b, 0x3b, 0xcf, 0xbb, 0xfb, 0xb3, 0x00, 0x0b, 0x00,
    0x38, 0x00, 0xb0, 0x00, 0x00, 0x0b, 0x00, 0x64, 0x00, 0xb0, 0x00, 0x00, 0x0b, 0x01, 0xa0, 0x00,
    0xb0, 0x00, 0x00, 0x7f, 0x18, 0x10, 0x00, 0xb0, 0x00, 0x07, 0x73, 0xb5, 0x10, 0x00, 0x00, 0x11,
    0x26, 0x00, 0x17, 0xab, 0xbb, 0xbb, 0xa4, 0x02, 0x00, 0x00, 0x03, 0x00, 0x00, 0x00, 0x06, 0x30,
    0x00, 0x07, 0x00, 0x00, 0x00, 0x00, 0x53, 0xbb, 0xdf, 0xbb, 0xbb, 0x20, 0x00, 0x01, 0x00, 0x60,
    0x24, 0x00, 0x00, 0x00, 0x00, 0x01, 0x60, 0x25, 0x00, 0x00, 0x79, 0xd0, 0x0e, 0xcb, 0xdf, 0xbb,
    0x40, 0x00, 0xb0, 0x01, 0x00, 0x25, 0x00, 0x00, 0x00, 0xb0, 0x00, 0x00, 0x25, 0x00, 0x00, 0x00,
    0xb0, 0x7b, 0xbb, 0xdf, 0xbb, 0xb1, 0x00, 0xb0, 0x00, 0x00, 0x25, 0x00, 0x00, 0x03, 0xf2, 0x00,
    0x00, 0x25, 0x00, 0x00, 0x1a, 0x3b, 0x50, 0x00, 0x25, 0x00, 0x00, 0x81, 0x01, 0x8b, 0xba, 0xab,
    0xbb, 0xb4, 0x00, 0x00, 0x00, 0x01, 0x11, 0x00, 0x00, 0x00, 0x00, 0x00, 0x00, 0x00, 0x00, 0x00,
    0x03, 0x70, 0x03, 0xfb, 0xbb, 0xbe, 0x10, 0x00, 0x27, 0x03, 0xb0, 0x00, 0x0c, 0x10, 0x00, 0x03,
    0x13, 0xfb, 0xbb, 0xbf, 0x10, 0x00, 0x00, 0x03, 0xb0, 0x00, 0x0c, 0x10, 0x15, 0x5b, 0x03, 0xfb,
    0xbb, 0xbe, 0x10, 0x00, 0x0b, 0x03, 0xb0, 0x30, 0x01, 0x60, 0x00, 0x0b, 0x03, 0xb0, 0x17, 0x56,
    0x00, 0x00, 0x0b, 0x03, 0xb0, 0x01, 0x83, 0x00, 0x00, 0x0b, 0x05, 0xfa, 0x81, 0x05, 0x30, 0x00,
    0x6f, 0x18, 0x81, 0x00, 0x00, 0x30, 0x07, 0x95, 0xc5, 0x10, 0x00, 0x00, 0x11, 0x16, 0x00, 0x17,
    0xab, 0xbb, 0xbb, 0xb6, 0x04, 0x00, 0x01, 0x40, 0x00, 0x06, 0x00, 0x36, 0x00, 0x06, 0x10, 0x05,
    0x20, 0x00, 0x34, 0x00, 0x12, 0x01, 0x70, 0x00, 0x00, 0x01, 0xdd, 0xdf, 0xfe, 0xdb, 0x00, 0x00,
    0x00, 0x00, 0x60, 0x00, 0x04, 0x5a, 0x00, 0x00, 0x06, 0x00, 0x00, 0x00, 0xb0, 0xbb, 0xbb, 0xfb,
    0xbb, 0x80, 0x0b, 0x00, 0x00, 0x0a, 0x40, 0x00, 0x00, 0xb0, 0x00, 0x04, 0x34, 0x40, 0x00, 0x0b,
    0x00, 0x03, 0x60, 0x05, 0x40, 0x03, 0xf2, 0x16, 0x50, 0x00, 0x05, 0x32, 0xa4, 0xb4, 0x10, 0x00,
    0x00, 0x01, 0x81, 0x01, 0x9b, 0xba, 0xaa, 0xbb, 0xa0, 0x00, 0x00, 0x00, 0x11, 0x10, 0x00, 0x00,
    0x00, 0x01, 0x20, 0xb0, 0x00, 0x02, 0x60, 0x00, 0x61, 0x0b, 0x00, 0x00, 0x02, 0x60, 0x0d, 0xbb,
    0xfb, 0xbb, 0x30, 0x03, 0x04, 0x40, 0x0b, 0x00, 0x00, 0x00, 0x00, 0x30, 0x00, 0xb0, 0x00, 0x0a,
    0xb8, 0x00, 0x04, 0x14, 0x40, 0x00, 0x00, 0xb0, 0x00, 0x60, 0x06, 0x00, 0x00, 0x0b, 0x00, 0x06,
    0x00, 0x60, 0x00, 0x00, 0xb0, 0x03, 0x40, 0x06, 0x00, 0x70, 0x0b, 0x02, 0x70, 0x00, 0x60, 0x1b,
    0x00, 0xb3, 0x60, 0x00, 0x04, 0x77, 0x41, 0x9f, 0x81, 0x00, 0x00, 0x00, 0x00, 0x94, 0x06, 0xbb,
    0xba, 0xaa, 0xbb, 0xa0, 0x00, 0x00, 0x00, 0x11, 0x00, 0x00, 0x02, 0x40, 0x0b, 0xbb, 0xbb, 0xbf,
    0x80, 0x00, 0x44, 0x00, 0x26, 0x32, 0x64, 0x00, 0x00, 0x04, 0x01, 0x11, 0x5d, 0x51, 0x10, 0x00,
    0x00, 0x0b, 0xbb, 0xfc, 0xfb, 0xc0, 0x15, 0x54, 0x06, 0x00, 0x51, 0x00, 0x70, 0x00, 0x0b, 0x0e,
    0xbb, 0xfc, 0xbb, 0xc0, 0x00, 0x0b, 0x06, 0x00, 0x51, 0x00, 0x70, 0x00, 0x0b, 0x0e, 0xbb, 0xfc,
    0xbb, 0xc0, 0x00, 0x0b, 0x06, 0x00, 0x51, 0x00, 0x70, 0x00, 0x8f, 0x16, 0x00, 0x51, 0x8b, 0x80,
    0x05, 0x63, 0xa3, 0x00, 0x00, 0x00, 0x00, 0x18, 0x00, 0x19, 0xbb, 0xab, 0xbb, 0xc5, 0x00, 0x00,
    0x00, 0x00, 0x11, 0x00, 0x00, 0x01, 0x00, 0x00, 0x00, 0xb0, 0x00, 0x00, 0x05, 0x30, 0x00, 0x00,
    0xb0, 0x00, 0x00, 0x00, 0x62, 0x9b, 0xbb, 0xfb, 0xbb, 0xb3, 0x00, 0x05, 0x00, 0x00, 0xb0, 0x00,
    0x00, 0x00, 0x00, 0x0c, 0x55, 0xf5, 0x55, 0xb0, 0x4b, 0xb9, 0x0b, 0x00, 0xb0, 0x00, 0xb0, 0x00,
    0x0b, 0x0b, 0x00, 0xc2, 0x00, 0xb0, 0x00, 0x0b, 0x0b, 0xbb, 0xff, 0xfb, 0x80, 0x00, 0x0b, 0x00,
    0x05, 0xd0, 0x35, 0x00, 0x00, 0x0b, 0x00, 0x44, 0xb0, 0x03, 0x60, 0x00, 0x7f, 0x06, 0x30, 0xb0,
    0x00, 0x20, 0x07, 0x75, 0xd2, 0x00, 0xb0, 0x00, 0x00, 0x27, 0x00, 0x3b, 0xbb, 0xca, 0xbb, 0xb3,
    0x00, 0x00, 0x00, 0x01, 0x11, 0x00, 0x00, 0x00, 0x01, 0x40, 0x00, 0x00, 0x00, 0x00, 0x00, 0x00,
    0x70, 0x00, 0x0d, 0xbb, 0xf0, 0x08, 0xbb, 0xdb, 0xb8, 0x05, 0x01, 0x70, 0x00, 0x60, 0x00, 0x70,
    0x05, 0x06, 0x10, 0x00, 0x25, 0x01, 0x60, 0x05, 0x06, 0x00, 0x00, 0x05, 0x06, 0x10, 0x05, 0x52,
    0x00, 0x2b, 0xbb, 0xbd, 0xbb, 0x15, 0x18, 0x10, 0x00, 0x00, 0x00, 0x00, 0x05, 0x03, 0x90, 0x03,
    0xcb, 0xbb, 0xc5, 0x05, 0x00, 0xb0, 0x03, 0x30, 0x00, 0x25, 0x05, 0x00, 0xb0, 0x03, 0x30, 0x00,
    0x25, 0x05, 0x45, 0x40, 0x03, 0xeb, 0xbb, 0xd6, 0x05, 0x00, 0x00, 0x03, 0x30, 0x00, 0x25, 0x05,
    0x00, 0x00, 0x00, 0x00, 0x60, 0x01, 0x00, 0x00, 0x00, 0x00, 0x00, 0x60, 0x07, 0xbb, 0xbb, 0xf0,
    0x07, 0xbb, 0xfb, 0x91, 0xb0, 0x02, 0x60, 0x00, 0x00, 0x63, 0x40, 0xb0, 0x07, 0x00, 0x4b, 0xbb,
    0xff, 0xbb, 0xb0, 0x34, 0x00, 0x13, 0x35, 0x93, 0x33, 0xb0, 0x70, 0x00, 0x00, 0x36, 0x00, 0x00,
    0xb0, 0x38, 0x00, 0x17, 0xfb, 0xbb, 0xf4, 0xb0, 0x05, 0x70, 0x21, 0xf0, 0x00, 0xb4, 0xb0, 0x00,
    0xb0, 0x00, 0xfb, 0xbb, 0xf4, 0xb0, 0x00, 0xb0, 0x00, 0xf0, 0x00, 0xb4, 0xb0, 0x56, 0x60, 0x00,
    0xfb, 0xbb, 0xf4, 0xb0, 0x00, 0x00, 0x00, 0xf0, 0x00, 0xb4, 0xb0, 0x00, 0x00, 0x01, 0x11, 0x11,
    0x10, 0x00, 0x00, 0x00, 0x1b, 0xbf, 0xfb, 0xb3, 0xbb, 0xbb, 0xf2, 0x00, 0x0b, 0x50, 0x00, 0x00,
    0x00, 0xd2, 0x0d, 0xef, 0xfe, 0xe0, 0x00, 0x00, 0xd2, 0x0e, 0x3e, 0x83, 0xf0, 0x00, 0x00, 0xd2,
    0x0e, 0x1a, 0x50, 0xf2, 0xfb, 0xbb, 0xf2, 0x0e, 0x46, 0x50, 0xf2, 0xb0, 0x00, 0xd2, 0x0e, 0x91,
    0x3b, 0xf2, 0xb0, 0x00, 0x00, 0x0e, 0x00, 0x00, 0xf2, 0xb0, 0x00, 0x00, 0x0f, 0xbb, 0xbb, 0xf2,
    0xb0, 0x00, 0x00, 0x0e, 0x00, 0x00, 0xf2, 0xb0, 0x00, 0x06, 0x0f, 0xbb, 0xbb, 0xf2, 0xc0, 0x00,
    0x07, 0x0e, 0x00, 0x00, 0xf1, 0xdc, 0xbb, 0xc3, 0x00, 0x00, 0x00, 0x00, 0x23, 0x55, 0x00, 0x08,
    0xab, 0xbb, 0xa9, 0x75, 0x20, 0x00, 0x01, 0x10, 0x02, 0x10, 0x00, 0x03, 0x00, 0x01, 0x50, 0x01,
    0x70, 0x00, 0x34, 0x00, 0x00, 0x61, 0x00, 0x90, 0x00, 0x70, 0x00, 0x00, 0x14, 0x00, 0x60, 0x06,
    0x10, 0x00, 0x00, 0x00, 0x00, 0xb0, 0x01, 0x00, 0x00, 0x7b, 0xbb, 0xbd, 0xff, 0xbb, 0xbb, 0xa0,
    0x00, 0x00, 0x07, 0xb4, 0x30, 0x00, 0x00, 0x00, 0x00, 0x71, 0xb0, 0x53, 0x00, 0x00, 0x00, 0x27,
    0x10, 0xb0, 0x04, 0x50, 0x00, 0x05, 0x60, 0x00, 0xb0, 0x00, 0x17, 0x40, 0x52, 0x00, 0x00, 0xb0,
    0x00, 0x00, 0x30, 0x0d, 0xbb, 0xbb, 0xfb, 0xbb, 0xe0, 0x00, 0xb0, 0x00, 0x0b, 0x00, 0x0b, 0x00,
    0x0d, 0xbb, 0xbb, 0xfb, 0xbb, 0xe0, 0x00, 0xb0, 0x00, 0x0b, 0x00, 0x0b, 0x00, 0x0b, 0x00, 0x00,
    0xb0, 0x00, 0xb0, 0x00, 0xdb, 0xbb, 0xbf, 0xbb, 0xbe, 0x00, 0x00, 0x00, 0x00, 0xb0, 0x00, 0x00,
    0x00, 0x00, 0x00, 0x0b, 0x00, 0x00, 0x00, 0x0b, 0xbb, 0xbb, 0xfb, 0xbb, 0xbb, 0x00, 0x00, 0x00,
    0x0b, 0x00, 0x00, 0x00, 0x00, 0x00, 0x00, 0xb0, 0x00, 0x00, 0x0f, 0xff, 0xff, 0xff, 0xff, 0xff,
    0xfb, 0x00, 0x00, 0x01, 0x23, 0x46, 0x74, 0x00, 0x04, 0xbb, 0xba, 0xf7, 0x52, 0x00, 0x00, 0x12,
    0x22, 0x22, 0xe2, 0x22, 0x22, 0x20, 0x23, 0x33, 0x33, 0xe3, 0x33, 0x33, 0x30, 0x00, 0xab, 0xbb,
    0xfb, 0xbb, 0xbb, 0x00, 0x00, 0xb0, 0x00, 0xb0, 0x00, 0x0b, 0x00, 0x00, 0xdb, 0xbb, 0xfb, 0xbb,
    0xbe, 0x00, 0x00, 0xb0, 0x00, 0xb0, 0x00, 0x0b, 0x00, 0x00, 0xbb, 0xbb, 0xfb, 0xbb, 0xbc, 0x00,
    0x00, 0x00, 0x00, 0xb0, 0x00, 0x00, 0x00, 0x07, 0xbb, 0xbb, 0xfb, 0xbb, 0xbb, 0x20, 0x00, 0x00,
    0x00, 0xb0, 0x00, 0x00, 0x00, 0xaf, 0xff, 0xff, 0xff, 0xff, 0xff, 0xf0, 0x00, 0x7b, 0xbb, 0xbb,
    0xbb, 0xb7, 0x00, 0x00, 0x64, 0x44, 0x44, 0x44, 0x46, 0x00, 0x00, 0x7b, 0xbb, 0xbb, 0xbb, 0xb7,
    0x00, 0x14, 0x44, 0x44, 0x44, 0x44, 0x44, 0x41, 0x02, 0x33, 0x33, 0x33, 0x33, 0x33, 0x20, 0x00,
    0xad, 0xdd, 0xff, 0xdd, 0xdd, 0x00, 0x00, 0x73, 0x33, 0x76, 0x33, 0x38, 0x00, 0x00, 0x72, 0x22,
    0x55, 0x22, 0x27, 0x00, 0x00, 0x8b, 0xbb, 0xfe, 0xbb, 0xbb, 0x00, 0x01, 0x44, 0x44, 0x87, 0x44,
    0x44, 0x10, 0x00, 0x11, 0x11, 0x44, 0x11, 0x11, 0x00, 0x4f, 0xff, 0xff, 0xff, 0xff, 0xff, 0xf5,
    0x00, 0x60, 0x00, 0x00, 0x0b, 0x00, 0x00, 0x02, 0x50, 0x00, 0x00, 0x0b, 0x00, 0x00, 0x07, 0xbb,
    0xbb, 0x00, 0x0b, 0x00, 0x00, 0x32, 0x00, 0x00, 0x94, 0x4f, 0x44, 0x91, 0x09, 0xff, 0xf9, 0xe0,
    0x0b, 0x00, 0xc2, 0x00, 0x0b, 0x00, 0xe0, 0x0b, 0x00, 0xc2, 0x00, 0x0b, 0x00, 0xe0, 0x0b, 0x00,
    0xc2, 0x26, 0x6f, 0x66, 0xe0, 0x0b, 0x00, 0xc2, 0x00, 0x0b, 0x00, 0xfb, 0xbf, 0xbb, 0xf2, 0x00,
    0x0b, 0x00, 0x90, 0x0b, 0x00, 0x61, 0x00, 0x0b, 0x00, 0x00, 0x0b, 0x00, 0x00, 0x00, 0x0d, 0x65,
    0x00, 0x0b, 0x00, 0x00, 0x00, 0x79, 0x00, 0x00, 0x0b, 0x00, 0x00, 0x03, 0x20, 0x00, 0x00, 0x05,
    0x00, 0x00, 0x07, 0x00, 0x07, 0x00, 0x07, 0x00, 0x00, 0x0d, 0xbb, 0x73, 0x5b, 0xff, 0xbb, 0xb7,
    0x62, 0x00, 0x00, 0x30, 0x70, 0x60, 0x00, 0x33, 0x43, 0x10, 0x02, 0x50, 0xb0, 0x00, 0x00, 0xb0,
    0x8b, 0x87, 0x33, 0xe3, 0x30, 0x00, 0xb0, 0x00, 0xb0, 0x00, 0xb0, 0x00, 0x46, 0xf6, 0x40, 0xb0,
    0x00, 0xb0, 0x00, 0x00, 0xb0, 0x00, 0xbb, 0xbb, 0xfb, 0xb5, 0x00, 0xb0, 0x00, 0xb0, 0x00, 0xb0,
    0x00, 0x00, 0xb0, 0x00, 0xb0, 0x00, 0xb0, 0x00, 0x00, 0xd7, 0x4a, 0xf6, 0x00, 0x70, 0x00, 0x04,
    0xd1, 0x95, 0x06, 0xbb, 0xbb, 0xb8, 0x00, 0x00, 0x00, 0x00, 0x00, 0x00, 0x00, 0x00, 0x60, 0x00,
    0x20, 0x0b, 0x00, 0x12, 0x02, 0x50, 0x00, 0x71, 0x0b, 0x00, 0x71, 0x09, 0xbb, 0xba, 0x06, 0x0b,
    0x04, 0x30, 0x33, 0x00, 0x00, 0x02, 0x0b, 0x03, 0x00, 0x09, 0xef, 0xe9, 0xed, 0xdf, 0xdd, 0xf1,
    0x00, 0x0b, 0x00, 0xe0, 0x00, 0x00, 0xd1, 0x00, 0x0b, 0x00, 0xf5, 0x55, 0x55, 0xf1, 0x2b, 0xbf,
    0xbb, 0xf1, 0x11, 0x11, 0xe1, 0x00, 0x0b, 0x00, 0xe0, 0x00, 0x00, 0xd1, 0x00, 0x0b, 0x00, 0xfb,
    0xbb, 0xbb, 0xf1, 0x00, 0x0b, 0x02, 0xe0, 0x00, 0x00, 0xd1, 0x00, 0x2f, 0x72, 0xe0, 0x00, 0x00,
    0xd1, 0x00, 0x72, 0x00, 0xe0, 0x00, 0x8b, 0xd0, 0x00, 0x00, 0x00, 0x00, 0x00, 0x00, 0x00, 0x00,
    0x50, 0x00, 0x10, 0x0b, 0x00, 0x00, 0x25, 0x00, 0x05, 0x10, 0xb0, 0x50, 0x08, 0xbb, 0xbb, 0x06,
    0x0b, 0x13, 0x04, 0x21, 0x11, 0x02, 0x53, 0xe4, 0x30, 0x08, 0xff, 0xf9, 0xbc, 0xce, 0xce, 0x00,
    0x00, 0xb0, 0x0b, 0x00, 0x30, 0xb0, 0x00, 0x0b, 0x00, 0xb0, 0x0b, 0x0b, 0x00, 0xbb, 0xfb, 0xab,
    0x00, 0xb0, 0xb0, 0x00, 0x0b, 0x00, 0xb0, 0x0b, 0x0b, 0x00, 0x00, 0xb0, 0x0b, 0x03, 0x90, 0xb0,
    0x00, 0x0b, 0x01, 0x80, 0x85, 0x08, 0x00, 0x01, 0xe6, 0x40, 0x66, 0x36, 0x40, 0x00, 0x76, 0x02,
    0x73, 0x00, 0x03, 0x70, 0x00, 0x60, 0x00, 0x00, 0x40, 0xb0, 0x00, 0x01, 0x70, 0x00, 0x00, 0x40,
    0xb0, 0x00, 0x06, 0xa9, 0x97, 0x8b, 0xfb, 0xfb, 0xa0, 0x26, 0x00, 0x00, 0x00, 0x40, 0xb0, 0x00,
    0x13, 0x48, 0x42, 0x00, 0x40, 0xb0, 0x00, 0x00, 0x0b, 0x00, 0xee, 0xfe, 0xfe, 0xe3, 0x00, 0x0b,
    0x00, 0x00, 0x00, 0x00, 0x00, 0x2b, 0xbf, 0xba, 0x3d, 0x66, 0x68, 0x30, 0x00, 0x0b, 0x00, 0x3b,
    0x00, 0x04, 0x30, 0x00, 0x0b, 0x00, 0x3f, 0xbb, 0xbf, 0x30, 0x00, 0x0b, 0x01, 0x3b, 0x00, 0x04,
    0x30, 0x00, 0x1c, 0x63, 0x3b, 0x00, 0x04, 0x30, 0x00, 0x57, 0x00, 0x3f, 0xbb, 0xbf, 0x30, 0x00,
    0x00, 0x00, 0x01, 0x00, 0x00, 0x00, 0x01, 0x60, 0x00, 0x00, 0x0b, 0x00, 0x00, 0x06, 0x20, 0x1b,
    0xfc, 0xbf, 0xbb, 0x80, 0x0a, 0x55, 0x30, 0x60, 0x0b, 0x00, 0xb0, 0x53, 0x00, 0x02, 0x5b, 0xbf,
    0xbb, 0xf8, 0x45, 0x85, 0x37, 0x00, 0x0b, 0x00, 0xb0, 0x00, 0xb0, 0x2b, 0xbf, 0xbf, 0xbb, 0xb0,
    0x00, 0xb0, 0x00, 0x05, 0x0b, 0x00, 0x00, 0x7b, 0xfb, 0x84, 0x3a, 0x9f, 0x99, 0x40, 0x00, 0xb0,
    0x06, 0x60, 0x0b, 0x00, 0x00, 0x00, 0xb0, 0x02, 0xdb, 0xbf, 0xbb, 0x90, 0x00, 0xb0, 0x12, 0xd2,
    0x0b, 0x00, 0x00, 0x00, 0xf8, 0x47, 0x1b, 0x6c, 0x00, 0x00, 0x03, 0xb0, 0x62, 0x01, 0x7c, 0xcb,
    0xb2, 0x00, 0x00, 0x00, 0x00, 0x00, 0x00, 0x00, 0x00, 0x0b, 0x00, 0x00, 0x00, 0x50, 0x00, 0x00,
    0xb0, 0x00, 0x00, 0x71, 0x00, 0x00, 0x0b, 0x00, 0x01, 0x71, 0x00, 0x00, 0x00, 0xb0, 0x05, 0x60,
    0x00, 0x00, 0x00, 0x0b, 0x06, 0x20, 0x00, 0x00, 0x00, 0x00, 0xb0, 0x00, 0x00, 0x00, 0x00, 0xbb,
    0xbf, 0xbc, 0xfb, 0xbb, 0xbb, 0x70, 0x00, 0xb0, 0x07, 0x00, 0x00, 0x00, 0x00, 0x0b, 0x00, 0x26,
    0x00, 0x00, 0x00, 0x00, 0xb0, 0x00, 0x54, 0x00, 0x00, 0x00, 0x0b, 0x00, 0x00, 0x54, 0x00, 0x00,
    0x00, 0xb0, 0x14, 0x30, 0x47, 0x20, 0x00, 0x4f, 0x65, 0x10, 0x00, 0x05, 0x20, 0x01, 0x00, 0x00,
    0x00, 0x00, 0x00, 0x13, 0x00, 0x00, 0x00, 0x00, 0x00, 0x06, 0x10, 0xab, 0xbb, 0xbb, 0xbf, 0x00,
    0x50, 0x00, 0x00, 0x00, 0x0e, 0x80, 0x00, 0x00, 0x0a, 0x00, 0x0e, 0xb0, 0x00, 0x00, 0x0b, 0x00,
    0x0e, 0xb0, 0x9b, 0xbb, 0xcf, 0xbb, 0x1e, 0xb0, 0x00, 0x00, 0x6c, 0x00, 0x0e, 0xb0, 0x00, 0x04,
    0x3b, 0x00, 0x0e, 0xb0, 0x00, 0x54, 0x0b, 0x00, 0x0e, 0xb0, 0x16, 0x20, 0x0b, 0x00, 0x0e, 0xb0,
    0x50, 0x00, 0x0b, 0x00, 0x0e, 0xb0, 0x00, 0x0b, 0xb7, 0x00, 0x0e, 0xb0, 0x00, 0x00, 0x00, 0x06,
    0xcb, 0x00, 0x00, 0x00, 0x00, 0x00, 0x00, 0x12, 0x00, 0x00, 0x00, 0x00, 0x00, 0x06, 0x00, 0xab,
    0xbb, 0xbb, 0xbf, 0x01, 0x40, 0x00, 0x00, 0x00, 0x0e, 0x80, 0x00, 0x00, 0x00, 0x00, 0x0e, 0xb0,
    0x0f, 0xbb, 0xbb, 0x00, 0x0e, 0xb0, 0x0f, 0x00, 0x0b, 0x00, 0x0e, 0xb0, 0x0f, 0x00, 0x0b, 0x00,
    0x0e, 0xb0, 0x0f, 0x00, 0x0b, 0x00, 0x0e, 0xb0, 0x0f, 0x00, 0x0b, 0x00, 0x0e, 0xb0, 0x0f, 0xbb,
    0xbb, 0x00, 0x0e, 0xb0, 0x0c, 0x00, 0x00, 0x00, 0x0e, 0xb0, 0x00, 0x00, 0x00, 0x00, 0x0e, 0xb0,
    0x00, 0x00, 0x00, 0x5b, 0xbb, 0x00, 0x00, 0x00, 0x00, 0x00, 0x00, 0x03, 0x00, 0x00, 0x00, 0x00,
    0x00, 0x02, 0x50, 0xab, 0xbb, 0xbb, 0xbf, 0x00, 0x43, 0x00, 0x00, 0x00, 0x0d, 0x40, 0x00, 0x00,
    0xb0, 0x00, 0x0d, 0xb0, 0x00, 0x00, 0xb0, 0x00, 0x0d, 0xb0, 0x6b, 0xbd, 0xfb, 0xbb, 0x5d, 0xb0,
    0x00, 0x06, 0xd7, 0x00, 0x0d, 0xb0, 0x00, 0x34, 0xb2, 0x60, 0x0d, 0xb0, 0x02, 0x60, 0xb0, 0x35,
    0x0d, 0xb0, 0x37, 0x00, 0xb0, 0x05, 0x1d, 0xb0, 0x10, 0x00, 0xb0, 0x00, 0x0d, 0xb0, 0x00, 0x00,
    0xb0, 0x00, 0x0d, 0xb0, 0x00, 0x00, 0x00, 0x08, 0xbc, 0x00, 0x00, 0x00, 0x00, 0x00, 0x00, 0x13,
    0x00, 0x00, 0x00, 0x00, 0x00, 0x06, 0x10, 0xab, 0xbb, 0xbb, 0xbf, 0x00, 0x40, 0x00, 0x00, 0x00,
    0x0e, 0x80, 0x00, 0x00, 0x00, 0x00, 0x0e, 0xb0, 0x08, 0xbb, 0xbb, 0x80, 0x0e, 0xb0, 0x0b, 0x00,
    0x00, 0xb0, 0x0e, 0xb0, 0x0b, 0x00, 0x00, 0xb0, 0x0e, 0xb0, 0x0b, 0xbb, 0xbb, 0xb0, 0x0e, 0xb0,
    0x0b, 0x00, 0x00, 0xb0, 0x0e, 0xb0, 0x0b, 0x00, 0x00, 0xb0, 0x0e, 0xb0, 0x08, 0xbb, 0xbb, 0x80,
    0x0e, 0xb0, 0x00, 0x00, 0x00, 0x00, 0x0e, 0xb0, 0x00, 0x00, 0x00, 0x05, 0xbc, 0xcb, 0xbc, 0xc2,
    0xfb, 0xbb, 0xbf, 0xb0, 0x06, 0x32, 0xb0, 0x00, 0x0e, 0xb0, 0x07, 0x02, 0xb0, 0x00, 0x0e, 0xb0,
    0x43, 0x02, 0xfb, 0xbb, 0xbf, 0xb0, 0x28, 0x02, 0xb0, 0x00, 0x0e, 0xb0, 0x07, 0x42, 0xb0, 0x00,
    0x0e, 0xb0, 0x01, 0xa3, 0xa0, 0x00, 0x0e, 0xb0, 0x01, 0xb4, 0xfb, 0xbb, 0xbf, 0xb0, 0x48, 0x56,
    0x60, 0x00, 0x0e, 0xb0, 0x00, 0x0a, 0x20, 0x00, 0x0e, 0xb0, 0x00, 0x19, 0x00, 0x00, 0x0e, 0xb0,
    0x00, 0x71, 0x00, 0x08, 0xcc, 0x00, 0x00, 0x00, 0x04, 0x00, 0x00, 0x0b, 0xbb, 0xf0, 0x01, 0x60,
    0x00, 0x00, 0xb0, 0x15, 0x8b, 0xfd, 0xbb, 0xbb, 0x2b, 0x05, 0x00, 0x06, 0x00, 0x00, 0x00, 0xb0,
    0x60, 0x00, 0x60, 0xb0, 0x00, 0x0b, 0x06, 0x40, 0x51, 0x0b, 0x00, 0x00, 0xb0, 0x0b, 0x0f, 0xbb,
    0xfb, 0xbb, 0x0b, 0x00, 0xb0, 0x10, 0x0b, 0x00, 0x00, 0xb1, 0x3b, 0x00, 0x00, 0xb0, 0x00, 0x0b,
    0x13, 0x19, 0xbb, 0xbf, 0xbb, 0xb4, 0xb0, 0x00, 0x00, 0x00, 0xb0, 0x00, 0x0b, 0x00, 0x00, 0x00,
    0x0b, 0x00, 0x00, 0xb0, 0x00, 0x00, 0x00, 0xb0, 0x00, 0x00, 0x00, 0x00, 0x00, 0x00, 0x00, 0x00,
    0x00, 0x00, 0x00, 0x00, 0xb0, 0x00, 0x0d, 0xbb, 0xf0, 0x00, 0x0b, 0x00, 0x00, 0xb0, 0x25, 0x0b,
    0xbb, 0xfb, 0xb8, 0x0b, 0x07, 0x00, 0x00, 0x0b, 0x00, 0x00, 0xb3, 0x30, 0x00, 0x00, 0xb0, 0x00,
    0x0b, 0x08, 0x00, 0x00, 0x0b, 0x00, 0x00, 0xb0, 0x28, 0x7b, 0xbb, 0xfb, 0xbb, 0x6b, 0x00, 0xb0,
    0x40, 0x0b, 0x00, 0x50, 0xb0, 0x1c, 0x0b, 0x00, 0xb0, 0x0f, 0x0b, 0x7b, 0x50, 0xb0, 0x0b, 0x00,
    0xf0, 0xb0, 0x00, 0x0b, 0x00, 0xb0, 0x0f, 0x0b, 0x00, 0x00, 0xeb, 0xbf, 0xbb, 0xf0, 0xb0, 0x00,
    0x04, 0x44, 0x44, 0x4f, 0x00, 0x00, 0x00, 0x00, 0x05, 0x00, 0x00, 0x0d, 0xbb, 0xf0, 0x06, 0xfb,
    0xbe, 0x10, 0xb0, 0x26, 0x05, 0x91, 0x00, 0x70, 0x0b, 0x07, 0x05, 0x30, 0x63, 0x71, 0x00, 0xb2,
    0x50, 0x00, 0x16, 0xa5, 0x00, 0x0b, 0x08, 0x13, 0x66, 0x11, 0x26, 0x61, 0xb0, 0x29, 0x00, 0x00,
    0x60, 0x00, 0x0b, 0x00, 0xb4, 0xbb, 0xbf, 0xbb, 0x70, 0xb0, 0x0b, 0x04, 0x00, 0x60, 0x00, 0x0b,
    0x25, 0x21, 0x50, 0x06, 0x00, 0x00, 0xb0, 0x00, 0x8c, 0xbb, 0xfb, 0xbb, 0x1b, 0x00, 0x00, 0x00,
    0x06, 0x00, 0x00, 0xb0, 0x00, 0x00, 0x00, 0x60, 0x00, 0x00, 0xbb, 0xbe, 0x2f, 0xbb, 0xbb, 0xe3,
    0x0b, 0x00, 0x42, 0xd0, 0x00, 0x0b, 0x30, 0xb0, 0x41, 0x2f, 0xbb, 0xbb, 0xf3, 0x0b, 0x06, 0x02,
    0xd0, 0x00, 0x0b, 0x30, 0xb0, 0x63, 0x2d, 0x00, 0x00, 0xb3, 0x0b, 0x00, 0xa2, 0xfb, 0xdb, 0xbe,
    0x30, 0xb0, 0x0b, 0x2d, 0x05, 0x20, 0x02, 0x0b, 0x00, 0xc2, 0xd0, 0x06, 0x04, 0x50, 0xb2, 0xb5,
    0x2d, 0x00, 0x67, 0x30, 0x0b, 0x00, 0x02, 0xd0, 0x00, 0x80, 0x00, 0xb0, 0x00, 0x2d, 0x03, 0x52,
    0x71, 0x0b, 0x00, 0x06, 0xf6, 0x30, 0x01, 0x72, 0x00, 0x00, 0x00, 0x00, 0x40, 0x00, 0x0d, 0xbb,
    0xf0, 0x00, 0x4a, 0x10, 0x00, 0xb0, 0x53, 0x00, 0x54, 0x05, 0x30, 0x0b, 0x16, 0x02, 0x62, 0x00,
    0x03, 0x72, 0xb3, 0x50, 0x46, 0xdd, 0xfd, 0xd4, 0x2b, 0x07, 0x30, 0x00, 0x0b, 0x00, 0x00, 0xb0,
    0x19, 0x00, 0x00, 0xb0, 0x00, 0x0b, 0x00, 0xbb, 0xbb, 0xbf, 0xbb, 0xb6, 0xb0, 0x2c, 0x01, 0x00,
    0xb0, 0x20, 0x0b, 0x7b, 0x40, 0x70, 0x0b, 0x06, 0x20, 0xb0, 0x00, 0x43, 0x00, 0xb0, 0x07, 0x0b,
    0x00, 0x15, 0x00, 0x0b, 0x00, 0x14, 0xb0, 0x00, 0x01, 0xbb, 0xa0, 0x00, 0x00, 0x00, 0x00, 0x01,
    0x00, 0x00, 0x00, 0x00, 0x00, 0x00, 0x00, 0x40, 0x00, 0x0b, 0xbb, 0xf0, 0x00, 0x49, 0x00, 0x00,
    0xb0, 0x35, 0x00, 0x16, 0x15, 0x00, 0x0b, 0x06, 0x00, 0x17, 0x00, 0x34, 0x00, 0xb1, 0x70, 0x27,
    0xcb, 0xbb, 0x95, 0x0b, 0x06, 0x35, 0x00, 0x00, 0x00, 0x23, 0xb0, 0x1a, 0x02, 0x01, 0x30, 0x04,
    0x0b, 0x00, 0xb0, 0x60, 0x06, 0x01, 0x60, 0xb0, 0x1c, 0x03, 0x30, 0x60, 0x61, 0x0b, 0x4b, 0x40,
    0x06, 0x06, 0x06, 0x00, 0xb0, 0x00, 0x00, 0x10, 0x05, 0x10, 0x0b, 0x00, 0x09, 0xbb, 0xbb, 0xfb,
    0xb6, 0xb0, 0x00, 0x00, 0x00, 0x00, 0x00, 0x00, 0x00, 0x00, 0x00, 0x00, 0x40, 0x00, 0x0d, 0xbd,
    0x80, 0x00, 0x06, 0x00, 0x00, 0xb0, 0x63, 0x60, 0xac, 0xfb, 0xbb, 0x8b, 0x07, 0x01, 0x50, 0x61,
    0x00, 0x00, 0xb1, 0x50, 0x00, 0x2f, 0xbb, 0xbf, 0x0b, 0x08, 0x12, 0x27, 0xf0, 0x00, 0xf0, 0xb0,
    0x59, 0x6b, 0x0f, 0xbb, 0xbf, 0x0b, 0x01, 0xa0, 0xb0, 0xf0, 0x00, 0xf0, 0xb0, 0x1a, 0x0b, 0x0f,
    0xbb, 0xbf, 0x0b, 0x26, 0x20, 0xb0, 0xf0, 0x00, 0xf0, 0xb0, 0x00, 0x4f, 0x1f, 0x03, 0xbd, 0x0b,
    0x00, 0x17, 0x3b, 0x30, 0x00, 0x00, 0xb0, 0x05, 0x00, 0x2a, 0xcb, 0xbb, 0x80, 0x00, 0x00, 0x00,
    0x00, 0x00, 0x00, 0x00, 0x00, 0x00, 0x21, 0x00, 0x00, 0x0d, 0xbb, 0xf0, 0x1f, 0xbb, 0xf2, 0x00,
    0xb0, 0x25, 0x17, 0x00, 0x28, 0x00, 0x0b, 0x06, 0x09, 0xcb, 0xbf, 0xbb, 0x50, 0xb1, 0x60, 0x00,
    0x00, 0x00, 0x04, 0x0b, 0x07, 0x22, 0xbb, 0xbb, 0xbb, 0x70, 0xb0, 0x19, 0x00, 0x00, 0x00, 0x04,
    0x0b, 0x00, 0xb0, 0x00, 0x00, 0x00, 0x40, 0xb0, 0x0b, 0x5b, 0xdb, 0xbb, 0xb5, 0x0b, 0x27, 0x80,
    0x11, 0x72, 0x01, 0x00, 0xb0, 0x00, 0x6b, 0x00, 0x51, 0x25, 0x0b, 0x00, 0x35, 0xb0, 0x00, 0x0a,
    0x51, 0xb0, 0x02, 0x09, 0xcb, 0xbc, 0x70, 0x01, 0x00, 0x00, 0x00, 0x00, 0x00, 0x00, 0x8b, 0xbb,
    0xbb, 0xfb, 0xbb, 0xbb, 0xb0, 0x00, 0x00, 0x00, 0xb0, 0x00, 0x00, 0x00, 0x00, 0x00, 0x00, 0xb0,
    0x00, 0x00, 0x00, 0x0b, 0xbb, 0xbb, 0xfb, 0xbb, 0xbb, 0xf0, 0x0b, 0x00, 0x00, 0xb0, 0x10, 0x00,
    0xe0, 0x0b, 0x16, 0x30, 0xb0, 0x46, 0x10, 0xe0, 0x0b, 0x00, 0x33, 0xb0, 0x00, 0x50, 0xe0, 0x0b,
    0x22, 0x00, 0xb0, 0x30, 0x00, 0xe0, 0x0b, 0x05, 0x50, 0xb0, 0x26, 0x20, 0xe0, 0x0b, 0x00, 0x12,
    0xb0, 0x00, 0x40, 0xe0, 0x0b, 0x00, 0x00, 0xb0, 0x00, 0x00, 0xe0, 0x0b, 0x00, 0x00, 0xb0, 0x06,
    0xbc, 0xc0, 0x00, 0x00, 0x00, 0x00, 0x00, 0x00, 0x00, 0x6b, 0xbb, 0xbf, 0xbb, 0xbb, 0xa0, 0xab,
    0xbb, 0xbf, 0xbb, 0xbb, 0xb6, 0xb0, 0x00, 0x0b, 0x00, 0x00, 0x06, 0xb6, 0xbb, 0x5b, 0x0b, 0xbb,
    0x36, 0x50, 0x00, 0x0b, 0x00, 0x00, 0x03, 0x0b, 0xbb, 0x5a, 0x0b, 0xbb, 0x70, 0x00, 0x00, 0x00,
    0x00, 0x00, 0x00, 0x08, 0xbb, 0xbb, 0xbb, 0xbc, 0x40, 0x00, 0x00, 0x00, 0x00, 0x02, 0x40, 0x02,
    0xbb, 0xbb, 0xbb, 0xbe, 0x50, 0x00, 0x00, 0x00, 0x00, 0x02, 0x40, 0x2b, 0xbb, 0xbb, 0xbb, 0xbe,
    0x50, 0x6b, 0xbb, 0xbf, 0xbb, 0xbb, 0xa0, 0xab, 0xbb, 0xbf, 0xbb, 0xbb, 0xb6, 0xb0, 0x00, 0x0b,
    0x00, 0x00, 0x06, 0xb5, 0xbb, 0x4b, 0x0b, 0xbb, 0x56, 0x52, 0x22, 0x1b, 0x02, 0x22, 0x13, 0x03,
    0x44, 0x2a, 0x04, 0x44, 0x30, 0x08, 0xdd, 0xdf, 0xdd, 0xdd, 0x70, 0x05, 0x00, 0x0b, 0x00, 0x00,
    0x60, 0x05, 0x00, 0x0b, 0x00, 0x00, 0x60, 0x0a, 0xbb, 0xbf, 0xbb, 0xbb, 0xa0, 0x05, 0x00, 0x0b,
    0x00, 0x00, 0x60, 0x0b, 0xee, 0xef, 0xee, 0xee, 0xb0, 0x06, 0xbb, 0xbb, 0xfb, 0xbb, 0xba, 0x00,
    0x0a, 0xbb, 0xbb, 0xfb, 0xbb, 0xbb, 0xa0, 0x0b, 0x00, 0x00, 0xb0, 0x00, 0x00, 0x90, 0x0a, 0x46,
    0x63, 0xb0, 0x66, 0x62, 0x80, 0x01, 0xbb, 0xc6, 0xb0, 0xbb, 0xb7, 0x00, 0x00, 0x05, 0x52, 0x52,
    0x22, 0x22, 0x00, 0x00, 0x37, 0x33, 0x33, 0x33, 0x37, 0x00, 0x04, 0x7f, 0xbb, 0xbb, 0x80, 0x06,
    0x00, 0x13, 0x2b, 0x00, 0x00, 0x60, 0x16, 0x00, 0x00, 0x2f, 0xaa, 0xaa, 0x67, 0xc3, 0x11, 0x00,
    0x2c, 0x00, 0x00, 0x00, 0x00, 0x47, 0x00, 0x1c, 0xcb, 0xbb, 0xbb, 0xbb, 0xc2, 0x01, 0xbb, 0xbb,
    0xfd, 0xbb, 0xbb, 0x00, 0x0d, 0xbb, 0xbb, 0xfd, 0xbb, 0xbb, 0xc0, 0x0b, 0x36, 0x64, 0x42, 0x66,
    0x62, 0xb0, 0x06, 0x5b, 0xb8, 0x42, 0xab, 0xb4, 0x60, 0x00, 0x00, 0x30, 0x42, 0x00, 0x00, 0x00,
    0x00, 0x06, 0xfb, 0xbb, 0xbc, 0xf2, 0x00, 0x03, 0x64, 0x54, 0x23, 0x55, 0x10, 0x00, 0x25, 0x66,
    0x66, 0x96, 0x45, 0x55, 0x52, 0x00, 0x00, 0x00, 0x70, 0x00, 0x00, 0x00, 0x01, 0xbb, 0xbf, 0xeb,
    0xbb, 0xc7, 0x00, 0x00, 0x01, 0x64, 0x00, 0x00, 0x43, 0x00, 0x05, 0x65, 0x00, 0x00, 0x9b, 0xb0,
    0x00, 0x00, 0x00, 0x00, 0x00, 0x00, 0x00, 0x00, 0x0b, 0xbb, 0xbf, 0xeb, 0xbb, 0xb1, 0x8b, 0xbb,
    0xbf, 0xeb, 0xbb, 0xb8, 0x70, 0x00, 0x04, 0x20, 0x00, 0x06, 0x72, 0x66, 0x54, 0x26, 0x66, 0x36,
    0x18, 0xbb, 0x94, 0x2a, 0xbb, 0x91, 0x00, 0x00, 0x02, 0x10, 0x00, 0x00, 0xbb, 0xbb, 0xbf, 0xcb,
    0xbb, 0xbb, 0x02, 0x22, 0x29, 0x22, 0x22, 0x30, 0x0b, 0xbb, 0xfd, 0xbf, 0xbb, 0xe3, 0x06, 0x00,
    0x60, 0x06, 0x00, 0x43, 0x06, 0x00, 0x60, 0x06, 0x00, 0x43, 0x06, 0x00, 0x60, 0x06, 0x08, 0xc2,
    0x00, 0x00, 0x00, 0x00, 0x00, 0x00, 0x00, 0x0b, 0x00, 0x00, 0x50, 0x00, 0x00, 0x5b, 0xbf, 0xbb,
    0x51, 0xfb, 0xe0, 0x00, 0x00, 0x0b, 0x00, 0x05, 0x10, 0x50, 0x00, 0x3b, 0xbf, 0xbb, 0x55, 0x03,
    0x20, 0x00, 0x00, 0x0b, 0x00, 0x24, 0x7e, 0x7c, 0x20, 0xad, 0xdf, 0xdd, 0x80, 0x06, 0x0b, 0x20,
    0x0b, 0xaa, 0xaf, 0x5b, 0xbf, 0xbf, 0xe1, 0x0e, 0x00, 0x0f, 0x00, 0x06, 0x0b, 0x20, 0x0f, 0xbb,
    0xbf, 0x00, 0x06, 0x0b, 0x20, 0x0e, 0x00, 0x0f, 0x04, 0x5c, 0x5f, 0x20, 0x0f, 0xbb, 0xbf, 0x00,
    0x06, 0x00, 0x00, 0x0e, 0x00, 0x0f, 0x00, 0x06, 0x00, 0x00, 0x0e, 0x03, 0xbd, 0x06, 0xb6, 0x00,
    0x00, 0x1b, 0xbb, 0xbb, 0xcc, 0xbb, 0xbb, 0xb1, 0x00, 0x00, 0x00, 0x70, 0x00, 0x00, 0x00, 0x01,
    0x22, 0x22, 0x92, 0x22, 0x22, 0x10, 0x06, 0xcc, 0xfd, 0xdc, 0xef, 0xcc, 0x60, 0x06, 0x10, 0x51,
    0x00, 0x34, 0x01, 0x60, 0x06, 0x10, 0x6c, 0xbb, 0xe4, 0x01, 0x60, 0x06, 0x10, 0x51, 0x00, 0x34,
    0x01, 0x60, 0x06, 0x10, 0x51, 0x00, 0x34, 0x01, 0x60, 0x06, 0x10, 0x6c, 0xbb, 0xe4, 0x01, 0x60,
    0x06, 0x10, 0x51, 0x00, 0x34, 0x01, 0x60, 0x07, 0xcb, 0xfc, 0xbb, 0xef, 0xbc, 0x80, 0x06, 0x54,
    0x44, 0x44, 0x44, 0x45, 0x60, 0x00, 0x00, 0x00, 0x10, 0x00, 0x00, 0x00, 0x00, 0x00, 0x00, 0x52,
    0x00, 0x00, 0x00, 0x04, 0xbb, 0xbb, 0xcf, 0xbb, 0xbb, 0x50, 0x00, 0x01, 0x30, 0x00, 0x02, 0x30,
    0x00, 0x00, 0x00, 0x70, 0x00, 0x07, 0x00, 0x00, 0x00, 0x00, 0x51, 0x00, 0x16, 0x00, 0x00, 0x2b,
    0xbb, 0xbb, 0xbb, 0xdc, 0xbb, 0xb2, 0x00, 0x00, 0x00, 0x00, 0x00, 0x00, 0x00, 0x00, 0x1d, 0xbb,
    0xbb, 0xbb, 0xc3, 0x00, 0x00, 0x15, 0x00, 0x00, 0x00, 0x43, 0x00, 0x00, 0x1f, 0xbb, 0xbb, 0xbb,
    0xf3, 0x00, 0x00, 0x15, 0x00, 0x00, 0x00, 0x43, 0x00, 0x00, 0x15, 0x00, 0x00, 0x00, 0x43, 0x00,
    0x00, 0x1f, 0xbb, 0xbb, 0xbb, 0xf3, 0x00, 0x00, 0x00, 0x00, 0x00, 0x00, 0x00, 0x00, 0x0a, 0xbb,
    0xbb, 0xdd, 0xbb, 0xbb, 0xb0, 0x00, 0x00, 0x07, 0x10, 0x00, 0x00, 0x00, 0x3b, 0xbc, 0xfb, 0xbb,
    0xb4, 0x00, 0x04, 0x20, 0x00, 0x00, 0x01, 0x50, 0x00, 0x42, 0x00, 0x23, 0x00, 0x15, 0x00, 0x04,
    0x20, 0x03, 0x40, 0x01, 0x50, 0x00, 0x42, 0x00, 0x34, 0x00, 0x15, 0x00, 0x04, 0x20, 0x04, 0x30,
    0x01, 0x50, 0x00, 0x42, 0x00, 0x70, 0x10, 0x15, 0x00, 0x01, 0x00, 0x54, 0x06, 0x60, 0x10, 0x00,
    0x04, 0x73, 0x00, 0x01, 0x74, 0x00, 0x66, 0x20, 0x00, 0x00, 0x00, 0x35, 0x00, 0x00, 0x0b, 0xbb,
    0xed, 0xbb, 0xb0, 0x45, 0xc5, 0x50, 0x00, 0x70, 0x00, 0x00, 0x00, 0xb0, 0x05, 0xbb, 0xeb, 0xbb,
    0x00, 0x00, 0xb0, 0x05, 0x10, 0x00, 0x06, 0x00, 0x00, 0xb0, 0x05, 0x10, 0x60, 0x06, 0x00, 0x00,
    0xb0, 0x05, 0x10, 0x60, 0x06, 0x00, 0x00, 0xb0, 0x05, 0x10, 0x60, 0x06, 0x00, 0x00, 0xb2, 0x55,
    0x10, 0x60, 0x06, 0x00, 0x36, 0xb4, 0x05, 0x10, 0x60, 0x06, 0x00, 0x30, 0x00, 0x00, 0x02, 0x63,
    0x20, 0x00, 0x00, 0x00, 0x00, 0x36, 0x00, 0x65, 0x00, 0x00, 0x00, 0x36, 0x40, 0x00, 0x03, 0x70,
    0x00, 0x00, 0x00, 0x00, 0x00, 0x00, 0x00, 0x00, 0x00, 0x00, 0x01, 0x11, 0x11, 0x10, 0x0b, 0xbb,
    0xbe, 0x5a, 0xae, 0xca, 0xa5, 0x02, 0x10, 0x62, 0x00, 0x07, 0x00, 0x00, 0x00, 0x68, 0x30, 0x0c,
    0xbd, 0xbb, 0xb0, 0x00, 0x05, 0x60, 0x0b, 0x04, 0x00, 0xb0, 0x4d, 0xdf, 0xef, 0x4b, 0x0b, 0x00,
    0xb0, 0x00, 0x06, 0x06, 0x0b, 0x0b, 0x00, 0xb0, 0x00, 0x06, 0x06, 0x0b, 0x0b, 0x00, 0xb0, 0x00,
    0x06, 0x12, 0x0b, 0x0b, 0x00, 0xb0, 0x00, 0x06, 0x00, 0x0b, 0x0b, 0x00, 0xb0, 0x00, 0x06, 0x00,
    0x01, 0x66, 0x36, 0x10, 0x00, 0x06, 0x00, 0x04, 0x80, 0x02, 0x80, 0x07, 0xb8, 0x00, 0x74, 0x00,
    0x00, 0x33, 0x00, 0x00, 0xe0, 0x00, 0x00, 0x00, 0x00, 0x00, 0x08, 0x0e, 0x00, 0x0b, 0xbe, 0xeb,
    0xa0, 0x00, 0xb0, 0xf5, 0x30, 0x00, 0x60, 0x00, 0x00, 0x0b, 0x0e, 0x00, 0x07, 0xbf, 0xbb, 0x40,
    0x14, 0xe4, 0xf4, 0x40, 0x60, 0x21, 0x15, 0x03, 0xbb, 0xbf, 0xbb, 0x06, 0x05, 0x11, 0x50, 0x00,
    0x10, 0xb0, 0x10, 0x60, 0x51, 0x15, 0x00, 0x07, 0x0b, 0x06, 0x06, 0x06, 0x01, 0x50, 0x06, 0x20,
    0xb4, 0x30, 0x60, 0x60, 0x15, 0x01, 0x40, 0x07, 0x70, 0x06, 0x07, 0x01, 0x50, 0x00, 0x00, 0x71,
    0x00, 0x13, 0x53, 0x01, 0x00, 0x00, 0x72, 0x00, 0x01, 0x70, 0x46, 0x00, 0x05, 0x71, 0x00, 0x36,
    0x50, 0x00, 0x28, 0x00, 0x10, 0x00, 0x01, 0x00, 0x00, 0x00, 0x10, 0x0b, 0xbb, 0xbe, 0x2b, 0xbd,
    0xbb, 0xb0, 0x0b, 0x00, 0x0b, 0x00, 0x06, 0x00, 0x00, 0x0b, 0x66, 0x6d, 0x05, 0x68, 0x67, 0x20,
    0x0b, 0xbb, 0xbe, 0x06, 0x03, 0x14, 0x30, 0x00, 0x00, 0x00, 0x06, 0x05, 0x14, 0x30, 0xde, 0xef,
    0xee, 0xb6, 0x06, 0x04, 0x30, 0x00, 0x2d, 0x00, 0x06, 0x06, 0x04, 0x30, 0x02, 0x3f, 0xbb, 0x76,
    0x06, 0x04, 0x30, 0x06, 0x3d, 0x00, 0x00, 0x43, 0x63, 0x00, 0x06, 0x8e, 0x00, 0x03, 0x60, 0x05,
    0x40, 0x06, 0x1f, 0x61, 0x43, 0x00, 0x00, 0x30, 0x71, 0x00, 0x59, 0xbb, 0xbb, 0xbb, 0xb0, 0x10,
    0x00, 0x00, 0x00, 0x00, 0x00, 0x00, 0x00, 0x05, 0x00, 0x00, 0x00, 0x00, 0x00, 0x00, 0x03, 0x30,
    0x09, 0xbb, 0xfb, 0xb3, 0x0b, 0xcc, 0xdc, 0xa0, 0x01, 0x50, 0x00, 0x00, 0x61, 0x07, 0x03, 0x47,
    0x44, 0x60, 0x0a, 0xcc, 0xdd, 0x96, 0x10, 0x60, 0xb0, 0x06, 0x00, 0x05, 0x06, 0x10, 0xb0, 0xb0,
    0x06, 0x04, 0x72, 0x06, 0x10, 0xb0, 0xb0, 0x06, 0x53, 0x05, 0x16, 0x10, 0xb0, 0xb0, 0x06, 0x01,
    0x63, 0x06, 0x12, 0x90, 0xb0, 0x06, 0x56, 0x11, 0x56, 0x15, 0x60, 0xb0, 0x06, 0x00, 0x27, 0x00,
    0x0b, 0x42, 0x00, 0x16, 0x16, 0x50, 0x00, 0x75, 0x05, 0x40, 0x43, 0x61, 0x00, 0x47, 0x30, 0x00,
    0x42, 0x00, 0xfc, 0xbb, 0xbb, 0xbb, 0xcf, 0x00, 0x00, 0xe1, 0x00, 0x00, 0x00, 0x0d, 0x00, 0x00,
    0xe1, 0x40, 0x00, 0x51, 0x0d, 0x00, 0x00, 0xe1, 0x54, 0x00, 0x60, 0x0d, 0x00, 0x00, 0xe1, 0x06,
    0x23, 0x30, 0x0d, 0x00, 0x00, 0xf0, 0x00, 0x88, 0x00, 0x0d, 0x00, 0x00, 0xf0, 0x00, 0x6a, 0x00,
    0x0d, 0x00, 0x02, 0xc0, 0x02, 0x62, 0x70, 0x0d, 0x00, 0x04, 0xa0, 0x18, 0x00, 0x54, 0x0c, 0x00,
    0x09, 0x42, 0x81, 0x00, 0x08, 0x1b, 0x29, 0x0b, 0x03, 0x00, 0x00, 0x01, 0x07, 0x5b, 0x64, 0x00,
    0x00, 0x00, 0x00, 0x02, 0xc7, 0x00, 0x00, 0x00, 0x00, 0x00, 0x00, 0x00, 0x00, 0x03, 0x30, 0x00,
    0x01, 0x50, 0x00, 0x00, 0x00, 0x70, 0x00, 0x07, 0x10, 0x00, 0x2b, 0xbb, 0xbb, 0xdd, 0xde, 0xbb,
    0xb2, 0x00, 0x00, 0x00, 0x61, 0x00, 0x00, 0x00, 0x00, 0x4b, 0xbb, 0xfb, 0xbb, 0xb5, 0x00, 0x00,
    0x51, 0x00, 0x00, 0x00, 0x06, 0x00, 0x00, 0x51, 0x00, 0x00, 0x00, 0x06, 0x00, 0x00, 0x6c, 0xbb,
    0xbb, 0xbb, 0xb8, 0x00, 0x00, 0x51, 0x00, 0x00, 0x00, 0x06, 0x00, 0x00, 0x6c, 0xbb, 0xbb, 0xbb,
    0xb8, 0x00, 0x00, 0x51, 0x00, 0x00, 0x00, 0x06, 0x00, 0x00, 0x6c, 0xbb, 0xbb, 0xbb, 0xb9, 0x00,
    0x00, 0x51, 0x00, 0x00, 0x00, 0x06, 0x00, 0x00, 0x00, 0x00, 0x00, 0x0a, 0x00, 0x00, 0x0c, 0xbb,
    0xfb, 0xc0, 0x0a, 0x21, 0x00, 0x0b, 0x40, 0x53, 0xb0, 0x0a, 0x07, 0x00, 0x0b, 0x61, 0x55, 0xb0,
    0x0a, 0x01, 0x30, 0x0b, 0x21, 0x61, 0xb5, 0x5f, 0x65, 0x50, 0x09, 0xbb, 0xfb, 0x90, 0x0c, 0x40,
    0x00, 0x03, 0x33, 0x83, 0x30, 0x0a, 0x60, 0x00, 0x01, 0x22, 0x72, 0x10, 0x19, 0x60, 0x00, 0x18,
    0xab, 0xfd, 0xc0, 0x46, 0x61, 0x00, 0x17, 0x64, 0x32, 0x10, 0x82, 0x15, 0x00, 0x06, 0x16, 0x42,
    0x30, 0x90, 0x07, 0x00, 0x16, 0x0b, 0x41, 0x85, 0x40, 0x02, 0x60, 0x30, 0x08, 0x12, 0x17, 0x00,
    0x00, 0x45, 0x00, 0x25, 0x70, 0x00, 0x00, 0x00, 0x00, 0xf7, 0x30, 0x04, 0xbb, 0xbb, 0x00, 0x0a,
    0x11, 0x10, 0x00, 0x00, 0x70, 0x00, 0xfa, 0xaa, 0x01, 0xbb, 0xbd, 0x00, 0x09, 0x00, 0x00, 0x00,
    0x00, 0x70, 0x00, 0xfe, 0xee, 0xee, 0xee, 0xec, 0x00, 0x06, 0x00, 0x07, 0x00, 0x07, 0x00, 0x00,
    0xc0, 0x62, 0xb0, 0x63, 0xb0, 0x00, 0x0c, 0x00, 0x3b, 0x00, 0x3a, 0x10, 0x00, 0xc1, 0x61, 0xb0,
    0x62, 0x92, 0x00, 0x0c, 0x00, 0x3b, 0x00, 0x57, 0x40, 0x00, 0xe5, 0x86, 0xe6, 0x87, 0x49, 0x23,
    0x3a, 0x30, 0x0a, 0x30, 0x00, 0x9c, 0x10, 0x04, 0x00, 0xe0, 0x0e, 0x00, 0xd0, 0x0c, 0x00, 0xb0,
    0x0a, 0x00, 0x90, 0x00, 0x00, 0x10, 0x1e, 0x10, 0x00, 0x43, 0x03, 0x70, 0x0a, 0x00, 0x56, 0x00,
    0xa1, 0x00, 0xb0, 0x00, 0xb0, 0x00, 0xb0, 0x00, 0xb0, 0x00, 0x74, 0x00, 0x19, 0x00, 0x06, 0x40,
    0x00, 0x82, 0x00, 0x01, 0x34, 0x00, 0x08, 0x20, 0x00, 0xa0, 0x00, 0x64, 0x00, 0x1a, 0x00, 0x0b,
    0x00, 0x0b, 0x00, 0x0b, 0x00, 0x0b, 0x00, 0x47, 0x00, 0xa1, 0x04, 0x60, 0x28, 0x00, 0x10, 0x00,
    0x0d, 0xa0, 0x5e, 0x02, 0x92, 0x91, 0x10, 0x00, 0x62, 0xc6, 0x00, 0x00, 0x00, 0x00, 0x00, 0x62,
    0xc6, 0x02, 0x9b, 0xc9, 0x02, 0x91, 0x00, 0x78, 0x00, 0x00, 0x01, 0xb0, 0x00, 0x00, 0x47, 0x00,
    0x00, 0x28, 0x00, 0x00, 0x28, 0x00, 0x00, 0x08, 0x00, 0x00, 0x00, 0x60, 0x00, 0x00, 0x00, 0x00,
    0x00, 0x00, 0x10, 0x00, 0x00, 0x0c, 0x00, 0x00,
};

static const lv_font_fmt_txt_glyph_dsc_t glyph_dsc[] = {
    {.bitmap_index = 0, .adv_w = 0, .box_w = 0, .box_h = 0, .ofs_x = 0, .ofs_y = 0} /* id = 0 reserved */,
    {.bitmap_index = 0, .adv_w = 48, .box_w = 0, .box_h = 0, .ofs_x = 0, .ofs_y = 0},
    {.bitmap_index = 0, .adv_w = 48, .box_w = 2, .box_h = 11, .ofs_x = 1, .ofs_y = 0},
    {.bitmap_index = 11, .adv_w = 80, .box_w = 3, .box_h = 4, .ofs_x = 1, .ofs_y = 7},
    {.bitmap_index = 17, .adv_w = 112, .box_w = 7, .box_h = 11, .ofs_x = 0, .ofs_y = 0},
    {.bitmap_index = 56, .adv_w = 112, .box_w = 6, .box_h = 15, .ofs_x = 0, .ofs_y = -2},
    {.bitmap_index = 101, .adv_w = 192, .box_w = 12, .box_h = 11, .ofs_x = 0, .ofs_y = 0},
    {.bitmap_index = 167, .adv_w = 144, .box_w = 9, .box_h = 11, .ofs_x = 0, .ofs_y = 0},
    {.bitmap_index = 217, .adv_w = 48, .box_w = 1, .box_h = 4, .ofs_x = 1, .ofs_y = 7},
    {.bitmap_index = 219, .adv_w = 64, .box_w = 3, .box_h = 15, .ofs_x = 1, .ofs_y = -3},
    {.bitmap_index = 242, .adv_w = 64, .box_w = 3, .box_h = 15, .ofs_x = 0, .ofs_y = -3},
    {.bitmap_index = 265, .adv_w = 96, .box_w = 5, .box_h = 4, .ofs_x = 0, .ofs_y = 7},
    {.bitmap_index = 275, .adv_w = 112, .box_w = 7, .box_h = 9, .ofs_x = 0, .ofs_y = 1},
    {.bitmap_index = 307, .adv_w = 64, .box_w = 2, .box_h = 5, .ofs_x = 1, .ofs_y = -3},
    {.bitmap_index = 312, .adv_w = 80, .box_w = 4, .box_h = 1, .ofs_x = 0, .ofs_y = 4},
    {.bitmap_index = 314, .adv_w = 48, .box_w = 2, .box_h = 2, .ofs_x = 1, .ofs_y = 0},
    {.bitmap_index = 316, .adv_w = 96, .box_w = 6, .box_h = 14, .ofs_x = 0, .ofs_y = -3},
    {.bitmap_index = 358, .adv_w = 112, .box_w = 6, .box_h = 11, .ofs_x = 1, .ofs_y = 0},
    {.bitmap_index = 391, .adv_w = 112, .box_w = 6, .box_h = 11, .ofs_x = 0, .ofs_y = 0},
    {.bitmap_index = 424, .adv_w = 112, .box_w = 7, .box_h = 11, .ofs_x = 0, .ofs_y = 0},
    {.bitmap_index = 463, .adv_w = 112, .box_w = 6, .box_h = 11, .ofs_x = 0, .ofs_y = 0},
    {.bitmap_index = 496, .adv_w = 112, .box_w = 8, .box_h = 11, .ofs_x = 0, .ofs_y = 0},
    {.bitmap_index = 540, .adv_w = 112, .box_w = 7, .box_h = 11, .ofs_x = 0, .ofs_y = 0},
    {.bitmap_index = 579, .adv_w = 112, .box_w = 6, .box_h = 11, .ofs_x = 1, .ofs_y = 0},
    {.bitmap_index = 612, .adv_w = 112, .box_w = 7, .box_h = 11, .ofs_x = 0, .ofs_y = 0},
    {.bitmap_index = 651, .adv_w = 112, .box_w = 7, .box_h = 11, .ofs_x = 0, .ofs_y = 0},
    {.bitmap_index = 690, .adv_w = 112, .box_w = 6, .box_h = 11, .ofs_x = 0, .ofs_y = 0},
    {.bitmap_index = 723, .adv_w = 48, .box_w = 2, .box_h = 8, .ofs_x = 1, .ofs_y = 0},
    {.bitmap_index = 731, .adv_w = 64, .box_w = 2, .box_h = 11, .ofs_x = 1, .ofs_y = -3},
    {.bitmap_index = 742, .adv_w = 128, .box_w = 7, .box_h = 7, .ofs_x = 1, .ofs_y = 2},
    {.bitmap_index = 767, .adv_w = 112, .box_w = 7, .box_h = 4, .ofs_x = 0, .ofs_y = 3},
    {.bitmap_index = 781, .adv_w = 128, .box_w = 7, .box_h = 7, .ofs_x = 1, .ofs_y = 2},
    {.bitmap_index = 806, .adv_w = 112, .box_w = 5, .box_h = 11, .ofs_x = 1, .ofs_y = 0},
    {.bitmap_index = 834, .adv_w = 208, .box_w = 11, .box_h = 13, .ofs_x = 1, .ofs_y = -3},
    {.bitmap_index = 906, .adv_w = 128, .box_w = 8, .box_h = 11, .ofs_x = 0, .ofs_y = 0},
    {.bitmap_index = 950, .adv_w = 128, .box_w = 7, .box_h = 11, .ofs_x = 1, .ofs_y = 0},
    {.bitmap_index = 989, .adv_w = 144, .box_w = 8, .box_h = 11, .ofs_x = 1, .ofs_y = 0},
    {.bitmap_index = 1033, .adv_w = 144, .box_w = 7, .box_h = 11, .ofs_x = 1, .ofs_y = 0},
    {.bitmap_index = 1072, .adv_w = 128, .box_w = 6, .box_h = 11, .ofs_x = 1, .ofs_y = 0},
    {.bitmap_index = 1105, .adv_w = 112, .box_w = 6, .box_h = 11, .ofs_x = 1, .ofs_y = 0},
    {.bitmap_index = 1138, .adv_w = 160, .box_w = 8, .box_h = 11, .ofs_x = 1, .ofs_y = 0},
    {.bitmap_index = 1182, .adv_w = 144, .box_w = 7, .box_h = 11, .ofs_x = 1, .ofs_y = 0},
    {.bitmap_index = 1221, .adv_w = 48, .box_w = 1, .box_h = 11, .ofs_x = 1, .ofs_y = 0},
    {.bitmap_index = 1227, .adv_w = 112, .box_w = 6, .box_h = 11, .ofs_x = 0, .ofs_y = 0},
    {.bitmap_index = 1260, .adv_w = 128, .box_w = 7, .box_h = 11, .ofs_x = 1, .ofs_y = 0},
    {.bitmap_index = 1299, .adv_w = 112, .box_w = 6, .box_h = 11, .ofs_x = 1, .ofs_y = 0},
    {.bitmap_index = 1332, .adv_w = 160, .box_w = 8, .box_h = 11, .ofs_x = 1, .ofs_y = 0},
    {.bitmap_index = 1376, .adv_w = 144, .box_w = 7, .box_h = 11, .ofs_x = 1, .ofs_y = 0},
    {.bitmap_index = 1415, .adv_w = 176, .box_w = 9, .box_h = 11, .ofs_x = 1, .ofs_y = 0},
    {.bitmap_index = 1465, .adv_w = 144, .box_w = 7, .box_h = 11, .ofs_x = 1, .ofs_y = 0},
    {.bitmap_index = 1504, .adv_w = 176, .box_w = 9, .box_h = 14, .ofs_x = 1, .ofs_y = -3},
    {.bitmap_index = 1567, .adv_w = 128, .box_w = 7, .box_h = 11, .ofs_x = 1, .ofs_y = 0},
    {.bitmap_index = 1606, .adv_w = 128, .box_w = 8, .box_h = 11, .ofs_x = 0, .ofs_y = 0},
    {.bitmap_index = 1650, .adv_w = 128, .box_w = 9, .box_h = 11, .ofs_x = -1, .ofs_y = 0},
    {.bitmap_index = 1700, .adv_w = 144, .box_w = 7, .box_h = 11, .ofs_x = 1, .ofs_y = 0},
    {.bitmap_index = 1739, .adv_w = 112, .box_w = 8, .box_h = 11, .ofs_x = 0, .ofs_y = 0},
    {.bitmap_index = 1783, .adv_w = 192, .box_w = 12, .box_h = 11, .ofs_x = 0, .ofs_y = 0},
    {.bitmap_index = 1849, .adv_w = 112, .box_w = 7, .box_h = 11, .ofs_x = 0, .ofs_y = 0},
    {.bitmap_index = 1888, .adv_w = 112, .box_w = 7, .box_h = 11, .ofs_x = 0, .ofs_y = 0},
    {.bitmap_index = 1927, .adv_w = 128, .box_w = 7, .box_h = 11, .ofs_x = 1, .ofs_y = 0},
    {.bitmap_index = 1966, .adv_w = 64, .box_w = 3, .box_h = 14, .ofs_x = 1, .ofs_y = -3},
    {.bitmap_index = 1987, .adv_w = 96, .box_w = 6, .box_h = 14, .ofs_x = 0, .ofs_y = -3},
    {.bitmap_index = 2029, .adv_w = 64, .box_w = 3, .box_h = 14, .ofs_x = 0, .ofs_y = -3},
    {.bitmap_index = 2050, .adv_w = 112, .box_w = 6, .box_h = 6, .ofs_x = 1, .ofs_y = 5},
    {.bitmap_index = 2068, .adv_w = 128, .box_w = 8, .box_h = 1, .ofs_x = 0, .ofs_y = -2},
    {.bitmap_index = 2072, .adv_w = 128, .box_w = 3, .box_h = 4, .ofs_x = 2, .ofs_y = 9},
    {.bitmap_index = 2078, .adv_w = 128, .box_w = 6, .box_h = 8, .ofs_x = 1, .ofs_y = 0},
    {.bitmap_index = 2102, .adv_w = 144, .box_w = 7, .box_h = 12, .ofs_x = 1, .ofs_y = 0},
    {.bitmap_index = 2144, .adv_w = 112, .box_w = 6, .box_h = 8, .ofs_x = 1, .ofs_y = 0},
    {.bitmap_index = 2168, .adv_w = 144, .box_w = 7, .box_h = 12, .ofs_x = 1, .ofs_y = 0},
    {.bitmap_index = 2210, .adv_w = 112, .box_w = 6, .box_h = 8, .ofs_x = 1, .ofs_y = 0},
    {.bitmap_index = 2234, .adv_w = 64, .box_w = 4, .box_h = 12, .ofs_x = 0, .ofs_y = 0},
    {.bitmap_index = 2258, .adv_w = 128, .box_w = 7, .box_h = 12, .ofs_x = 1, .ofs_y = -4},
    {.bitmap_index = 2300, .adv_w = 128, .box_w = 6, .box_h = 12, .ofs_x = 1, .ofs_y = 0},
    {.bitmap_index = 2336, .adv_w = 48, .box_w = 2, .box_h = 11, .ofs_x = 1, .ofs_y = 0},
    {.bitmap_index = 2347, .adv_w = 48, .box_w = 4, .box_h = 15, .ofs_x = -1, .ofs_y = -4},
    {.bitmap_index = 2377, .adv_w = 112, .box_w = 6, .box_h = 12, .ofs_x = 1, .ofs_y = 0},
    {.bitmap_index = 2413, .adv_w = 48, .box_w = 2, .box_h = 12, .ofs_x = 1, .ofs_y = 0},
    {.bitmap_index = 2425, .adv_w = 208, .box_w = 11, .box_h = 8, .ofs_x = 1, .ofs_y = 0},
    {.bitmap_index = 2469, .adv_w = 128, .box_w = 6, .box_h = 8, .ofs_x = 1, .ofs_y = 0},
    {.bitmap_index = 2493, .adv_w = 144, .box_w = 7, .box_h = 8, .ofs_x = 1, .ofs_y = 0},
    {.bitmap_index = 2521, .adv_w = 144, .box_w = 7, .box_h = 12, .ofs_x = 1, .ofs_y = -4},
    {.bitmap_index = 2563, .adv_w = 144, .box_w = 7, .box_h = 12, .ofs_x = 1, .ofs_y = -4},
    {.bitmap_index = 2605, .adv_w = 80, .box_w = 4, .box_h = 8, .ofs_x = 1, .ofs_y = 0},
    {.bitmap_index = 2621, .adv_w = 96, .box_w = 6, .box_h = 8, .ofs_x = 0, .ofs_y = 0},
    {.bitmap_index = 2645, .adv_w = 64, .box_w = 5, .box_h = 11, .ofs_x = 0, .ofs_y = 0},
    {.bitmap_index = 2673, .adv_w = 128, .box_w = 6, .box_h = 8, .ofs_x = 1, .ofs_y = 0},
    {.bitmap_index = 2697, .adv_w = 112, .box_w = 7, .box_h = 8, .ofs_x = 0, .ofs_y = 0},
    {.bitmap_index = 2725, .adv_w = 160, .box_w = 10, .box_h = 8, .ofs_x = 0, .ofs_y = 0},
    {.bitmap_index = 2765, .adv_w = 96, .box_w = 6, .box_h = 8, .ofs_x = 0, .ofs_y = 0},
    {.bitmap_index = 2789, .adv_w = 112, .box_w = 7, .box_h = 12, .ofs_x = 0, .ofs_y = -4},
    {.bitmap_index = 2831, .adv_w = 112, .box_w = 6, .box_h = 8, .ofs_x = 1, .ofs_y = 0},
    {.bitmap_index = 2855, .adv_w = 80, .box_w = 4, .box_h = 14, .ofs_x = 1, .ofs_y = -3},
    {.bitmap_index = 2883, .adv_w = 48, .box_w = 1, .box_h = 17, .ofs_x = 1, .ofs_y = -4},
    {.bitmap_index = 2892, .adv_w = 80, .box_w = 4, .box_h = 14, .ofs_x = 0, .ofs_y = -3},
    {.bitmap_index = 2920, .adv_w = 112, .box_w = 7, .box_h = 2, .ofs_x = 0, .ofs_y = 4},
    {.bitmap_index = 2927, .adv_w = 224, .box_w = 3, .box_h = 3, .ofs_x = 6, .ofs_y = 4},
    {.bitmap_index = 2932, .adv_w = 192, .box_w = 12, .box_h = 1, .ofs_x = 0, .ofs_y = 4},
    {.bitmap_index = 2938, .adv_w = 224, .box_w = 2, .box_h = 4, .ofs_x = 11, .ofs_y = 9},
    {.bitmap_index = 2942, .adv_w = 224, .box_w = 2, .box_h = 5, .ofs_x = 1, .ofs_y = 8},
    {.bitmap_index = 2947, .adv_w = 224, .box_w = 5, .box_h = 4, .ofs_x = 9, .ofs_y = 9},
    {.bitmap_index = 2957, .adv_w = 224, .box_w = 5, .box_h = 5, .ofs_x = 0, .ofs_y = 8},
    {.bitmap_index = 2970, .adv_w = 240, .box_w = 13, .box_h = 3, .ofs_x = 1, .ofs_y = 4},
    {.bitmap_index = 2990, .adv_w = 224, .box_w = 5, .box_h = 4, .ofs_x = 0, .ofs_y = -1},
    {.bitmap_index = 3000, .adv_w = 224, .box_w = 5, .box_h = 5, .ofs_x = 0, .ofs_y = -1},
    {.bitmap_index = 3013, .adv_w = 224, .box_w = 7, .box_h = 14, .ofs_x = 7, .ofs_y = -2},
    {.bitmap_index = 3062, .adv_w = 224, .box_w = 7, .box_h = 14, .ofs_x = 0, .ofs_y = -2},
    {.bitmap_index = 3111, .adv_w = 224, .box_w = 13, .box_h = 1, .ofs_x = 1, .ofs_y = 5},
    {.bitmap_index = 3118, .adv_w = 224, .box_w = 14, .box_h = 11, .ofs_x = 0, .ofs_y = 0},
    {.bitmap_index = 3195, .adv_w = 224, .box_w = 14, .box_h = 13, .ofs_x = 0, .ofs_y = -1},
    {.bitmap_index = 3286, .adv_w = 224, .box_w = 14, .box_h = 12, .ofs_x = 0, .ofs_y = -1},
    {.bitmap_index = 3370, .adv_w = 224, .box_w = 14, .box_h = 12, .ofs_x = 0, .ofs_y = -1},
    {.bitmap_index = 3454, .adv_w = 224, .box_w = 12, .box_h = 14, .ofs_x = 1, .ofs_y = -2},
    {.bitmap_index = 3538, .adv_w = 224, .box_w = 14, .box_h = 12, .ofs_x = 0, .ofs_y = -1},
    {.bitmap_index = 3622, .adv_w = 224, .box_w = 12, .box_h = 14, .ofs_x = 1, .ofs_y = -2},
    {.bitmap_index = 3706, .adv_w = 224, .box_w = 14, .box_h = 13, .ofs_x = 0, .ofs_y = -1},
    {.bitmap_index = 3797, .adv_w = 224, .box_w = 12, .box_h = 13, .ofs_x = 1, .ofs_y = -1},
    {.bitmap_index = 3875, .adv_w = 224, .box_w = 14, .box_h = 13, .ofs_x = 0, .ofs_y = -1},
    {.bitmap_index = 3966, .adv_w = 224, .box_w = 14, .box_h = 14, .ofs_x = 0, .ofs_y = -2},
    {.bitmap_index = 4064, .adv_w = 224, .box_w = 14, .box_h = 10, .ofs_x = 0, .ofs_y = 0},
    {.bitmap_index = 4134, .adv_w = 224, .box_w = 14, .box_h = 12, .ofs_x = 0, .ofs_y = -1},
    {.bitmap_index = 4218, .adv_w = 224, .box_w = 14, .box_h = 12, .ofs_x = 0, .ofs_y = -1},
    {.bitmap_index = 4302, .adv_w = 224, .box_w = 14, .box_h = 12, .ofs_x = 0, .ofs_y = -1},
    {.bitmap_index = 4386, .adv_w = 224, .box_w = 12, .box_h = 13, .ofs_x = 1, .ofs_y = -1},
    {.bitmap_index = 4464, .adv_w = 224, .box_w = 14, .box_h = 13, .ofs_x = 0, .ofs_y = -1},
    {.bitmap_index = 4555, .adv_w = 224, .box_w = 14, .box_h = 14, .ofs_x = 0, .ofs_y = -2},
    {.bitmap_index = 4653, .adv_w = 224, .box_w = 14, .box_h = 14, .ofs_x = 0, .ofs_y = -2},
    {.bitmap_index = 4751, .adv_w = 224, .box_w = 13, .box_h = 13, .ofs_x = 1, .ofs_y = -2},
    {.bitmap_index = 4836, .adv_w = 224, .box_w = 13, .box_h = 15, .ofs_x = 0, .ofs_y = -2},
    {.bitmap_index = 4934, .adv_w = 224, .box_w = 14, .box_h = 14, .ofs_x = 0, .ofs_y = -1},
    {.bitmap_index = 5032, .adv_w = 224, .box_w = 15, .box_h = 13, .ofs_x = 0, .ofs_y = -1},
    {.bitmap_index = 5130, .adv_w = 224, .box_w = 13, .box_h = 13, .ofs_x = 1, .ofs_y = -1},
    {.bitmap_index = 5215, .adv_w = 224, .box_w = 14, .box_h = 14, .ofs_x = 0, .ofs_y = -1},
    {.bitmap_index = 5313, .adv_w = 224, .box_w = 14, .box_h = 13, .ofs_x = 0, .ofs_y = -1},
    {.bitmap_index = 5404, .adv_w = 224, .box_w = 14, .box_h = 13, .ofs_x = 0, .ofs_y = -1},
    {.bitmap_index = 5495, .adv_w = 224, .box_w = 14, .box_h = 13, .ofs_x = 0, .ofs_y = -1},
    {.bitmap_index = 5586, .adv_w = 224, .box_w = 14, .box_h = 13, .ofs_x = 0, .ofs_y = -1},
    {.bitmap_index = 5677, .adv_w = 224, .box_w = 14, .box_h = 13, .ofs_x = 0, .ofs_y = -1},
    {.bitmap_index = 5768, .adv_w = 224, .box_w = 14, .box_h = 13, .ofs_x = 0, .ofs_y = -1},
    {.bitmap_index = 5859, .adv_w = 224, .box_w = 13, .box_h = 14, .ofs_x = 0, .ofs_y = -2},
    {.bitmap_index = 5950, .adv_w = 224, .box_w = 14, .box_h = 13, .ofs_x = 0, .ofs_y = -1},
    {.bitmap_index = 6041, .adv_w = 224, .box_w = 14, .box_h = 13, .ofs_x = 0, .ofs_y = -1},
    {.bitmap_index = 6132, .adv_w = 224, .box_w = 14, .box_h = 14, .ofs_x = 0, .ofs_y = -2},
    {.bitmap_index = 6230, .adv_w = 224, .box_w = 14, .box_h = 14, .ofs_x = 0, .ofs_y = -2},
    {.bitmap_index = 6328, .adv_w = 224, .box_w = 14, .box_h = 13, .ofs_x = 0, .ofs_y = -1},
    {.bitmap_index = 6419, .adv_w = 224, .box_w = 14, .box_h = 14, .ofs_x = 0, .ofs_y = -2},
    {.bitmap_index = 6517, .adv_w = 224, .box_w = 14, .box_h = 14, .ofs_x = 0, .ofs_y = -2},
    {.bitmap_index = 6615, .adv_w = 224, .box_w = 14, .box_h = 13, .ofs_x = 0, .ofs_y = -1},
    {.bitmap_index = 6706, .adv_w = 224, .box_w = 14, .box_h = 13, .ofs_x = 0, .ofs_y = -1},
    {.bitmap_index = 6797, .adv_w = 224, .box_w = 14, .box_h = 14, .ofs_x = 0, .ofs_y = -1},
    {.bitmap_index = 6895, .adv_w = 224, .box_w = 14, .box_h = 14, .ofs_x = 0, .ofs_y = -2},
    {.bitmap_index = 6993, .adv_w = 224, .box_w = 13, .box_h = 14, .ofs_x = 1, .ofs_y = -2},
    {.bitmap_index = 7084, .adv_w = 224, .box_w = 12, .box_h = 13, .ofs_x = 1, .ofs_y = -1},
    {.bitmap_index = 7162, .adv_w = 224, .box_w = 14, .box_h = 13, .ofs_x = 0, .ofs_y = -2},
    {.bitmap_index = 7253, .adv_w = 224, .box_w = 14, .box_h = 13, .ofs_x = 0, .ofs_y = -2},
    {.bitmap_index = 7344, .adv_w = 224, .box_w = 14, .box_h = 14, .ofs_x = 0, .ofs_y = -2},
    {.bitmap_index = 7442, .adv_w = 224, .box_w = 14, .box_h = 13, .ofs_x = 0, .ofs_y = -1},
    {.bitmap_index = 7533, .adv_w = 224, .box_w = 14, .box_h = 13, .ofs_x = 0, .ofs_y = -1},
    {.bitmap_index = 7624, .adv_w = 224, .box_w = 14, .box_h = 14, .ofs_x = 0, .ofs_y = -2},
    {.bitmap_index = 7722, .adv_w = 224, .box_w = 12, .box_h = 13, .ofs_x = 1, .ofs_y = -1},
    {.bitmap_index = 7800, .adv_w = 224, .box_w = 13, .box_h = 13, .ofs_x = 1, .ofs_y = -1},
    {.bitmap_index = 7885, .adv_w = 224, .box_w = 14, .box_h = 14, .ofs_x = 0, .ofs_y = -2},
    {.bitmap_index = 7983, .adv_w = 224, .box_w = 14, .box_h = 13, .ofs_x = 0, .ofs_y = -2},
    {.bitmap_index = 8074, .adv_w = 224, .box_w = 12, .box_h = 13, .ofs_x = 1, .ofs_y = -1},
    {.bitmap_index = 8152, .adv_w = 224, .box_w = 13, .box_h = 14, .ofs_x = 0, .ofs_y = -2},
    {.bitmap_index = 8243, .adv_w = 224, .box_w = 13, .box_h = 14, .ofs_x = 0, .ofs_y = -2},
    {.bitmap_index = 8334, .adv_w = 224, .box_w = 13, .box_h = 15, .ofs_x = 0, .ofs_y = -2},
    {.bitmap_index = 8432, .adv_w = 224, .box_w = 13, .box_h = 14, .ofs_x = 0, .ofs_y = -2},
    {.bitmap_index = 8523, .adv_w = 224, .box_w = 14, .box_h = 15, .ofs_x = 0, .ofs_y = -2},
    {.bitmap_index = 8628, .adv_w = 224, .box_w = 13, .box_h = 14, .ofs_x = 0, .ofs_y = -2},
    {.bitmap_index = 8719, .adv_w = 224, .box_w = 14, .box_h = 14, .ofs_x = 0, .ofs_y = -2},
    {.bitmap_index = 8817, .adv_w = 224, .box_w = 14, .box_h = 13, .ofs_x = 0, .ofs_y = -1},
    {.bitmap_index = 8908, .adv_w = 224, .box_w = 14, .box_h = 14, .ofs_x = 0, .ofs_y = -2},
    {.bitmap_index = 9006, .adv_w = 224, .box_w = 14, .box_h = 14, .ofs_x = 0, .ofs_y = -2},
    {.bitmap_index = 9104, .adv_w = 224, .box_w = 14, .box_h = 13, .ofs_x = 0, .ofs_y = -1},
    {.bitmap_index = 9195, .adv_w = 224, .box_w = 14, .box_h = 13, .ofs_x = 0, .ofs_y = -1},
    {.bitmap_index = 9286, .adv_w = 224, .box_w = 13, .box_h = 11, .ofs_x = 1, .ofs_y = 0},
    {.bitmap_index = 9358, .adv_w = 224, .box_w = 13, .box_h = 12, .ofs_x = 1, .ofs_y = -1},
    {.bitmap_index = 9436, .adv_w = 224, .box_w = 14, .box_h = 13, .ofs_x = 0, .ofs_y = -1},
    {.bitmap_index = 9527, .adv_w = 224, .box_w = 14, .box_h = 13, .ofs_x = 0, .ofs_y = -1},
    {.bitmap_index = 9618, .adv_w = 224, .box_w = 14, .box_h = 13, .ofs_x = 0, .ofs_y = -1},
    {.bitmap_index = 9709, .adv_w = 224, .box_w = 13, .box_h = 14, .ofs_x = 1, .ofs_y = -2},
    {.bitmap_index = 9800, .adv_w = 224, .box_w = 11, .box_h = 14, .ofs_x = 2, .ofs_y = -2},
    {.bitmap_index = 9877, .adv_w = 224, .box_w = 14, .box_h = 13, .ofs_x = 0, .ofs_y = -1},
    {.bitmap_index = 9968, .adv_w = 224, .box_w = 14, .box_h = 15, .ofs_x = 0, .ofs_y = -2},
    {.bitmap_index = 10073, .adv_w = 224, .box_w = 14, .box_h = 12, .ofs_x = 0, .ofs_y = -1},
    {.bitmap_index = 10157, .adv_w = 224, .box_w = 14, .box_h = 13, .ofs_x = 0, .ofs_y = -2},
    {.bitmap_index = 10248, .adv_w = 224, .box_w = 14, .box_h = 12, .ofs_x = 0, .ofs_y = -1},
    {.bitmap_index = 10332, .adv_w = 224, .box_w = 14, .box_h = 12, .ofs_x = 0, .ofs_y = -1},
    {.bitmap_index = 10416, .adv_w = 224, .box_w = 14, .box_h = 14, .ofs_x = 0, .ofs_y = -2},
    {.bitmap_index = 10514, .adv_w = 224, .box_w = 14, .box_h = 12, .ofs_x = 0, .ofs_y = -1},
    {.bitmap_index = 10598, .adv_w = 224, .box_w = 14, .box_h = 13, .ofs_x = 0, .ofs_y = -2},
    {.bitmap_index = 10689, .adv_w = 224, .box_w = 14, .box_h = 12, .ofs_x = 0, .ofs_y = -1},
    {.bitmap_index = 10773, .adv_w = 224, .box_w = 13, .box_h = 14, .ofs_x = 1, .ofs_y = -2},
    {.bitmap_index = 10864, .adv_w = 224, .box_w = 14, .box_h = 13, .ofs_x = 0, .ofs_y = -1},
    {.bitmap_index = 10955, .adv_w = 224, .box_w = 12, .box_h = 13, .ofs_x = 1, .ofs_y = -2},
    {.bitmap_index = 11033, .adv_w = 224, .box_w = 12, .box_h = 12, .ofs_x = 1, .ofs_y = -1},
    {.bitmap_index = 11105, .adv_w = 224, .box_w = 13, .box_h = 14, .ofs_x = 0, .ofs_y = -2},
    {.bitmap_index = 11196, .adv_w = 224, .box_w = 14, .box_h = 13, .ofs_x = 0, .ofs_y = -1},
    {.bitmap_index = 11287, .adv_w = 224, .box_w = 12, .box_h = 13, .ofs_x = 1, .ofs_y = -1},
    {.bitmap_index = 11365, .adv_w = 224, .box_w = 14, .box_h = 13, .ofs_x = 0, .ofs_y = -2},
    {.bitmap_index = 11456, .adv_w = 224, .box_w = 14, .box_h = 13, .ofs_x = 0, .ofs_y = -1},
    {.bitmap_index = 11547, .adv_w = 224, .box_w = 13, .box_h = 14, .ofs_x = 0, .ofs_y = -2},
    {.bitmap_index = 11638, .adv_w = 224, .box_w = 14, .box_h = 13, .ofs_x = 0, .ofs_y = -1},
    {.bitmap_index = 11729, .adv_w = 224, .box_w = 13, .box_h = 13, .ofs_x = 0, .ofs_y = -2},
    {.bitmap_index = 11814, .adv_w = 224, .box_w = 14, .box_h = 13, .ofs_x = 0, .ofs_y = -1},
    {.bitmap_index = 11905, .adv_w = 224, .box_w = 14, .box_h = 13, .ofs_x = -1, .ofs_y = -1},
    {.bitmap_index = 11996, .adv_w = 224, .box_w = 14, .box_h = 12, .ofs_x = 0, .ofs_y = -1},
    {.bitmap_index = 12080, .adv_w = 224, .box_w = 12, .box_h = 13, .ofs_x = 1, .ofs_y = -1},
    {.bitmap_index = 12158, .adv_w = 224, .box_w = 12, .box_h = 12, .ofs_x = 1, .ofs_y = -1},
    {.bitmap_index = 12230, .adv_w = 224, .box_w = 12, .box_h = 12, .ofs_x = 1, .ofs_y = -1},
    {.bitmap_index = 12302, .adv_w = 224, .box_w = 12, .box_h = 12, .ofs_x = 1, .ofs_y = -1},
    {.bitmap_index = 12374, .adv_w = 224, .box_w = 12, .box_h = 12, .ofs_x = 1, .ofs_y = -1},
    {.bitmap_index = 12446, .adv_w = 224, .box_w = 14, .box_h = 13, .ofs_x = 0, .ofs_y = -1},
    {.bitmap_index = 12537, .adv_w = 224, .box_w = 14, .box_h = 13, .ofs_x = 0, .ofs_y = -1},
    {.bitmap_index = 12628, .adv_w = 224, .box_w = 15, .box_h = 13, .ofs_x = 0, .ofs_y = -1},
    {.bitmap_index = 12726, .adv_w = 224, .box_w = 14, .box_h = 14, .ofs_x = 0, .ofs_y = -2},
    {.bitmap_index = 12824, .adv_w = 224, .box_w = 14, .box_h = 13, .ofs_x = 0, .ofs_y = -1},
    {.bitmap_index = 12915, .adv_w = 224, .box_w = 14, .box_h = 13, .ofs_x = 0, .ofs_y = -1},
    {.bitmap_index = 13006, .adv_w = 224, .box_w = 14, .box_h = 15, .ofs_x = 0, .ofs_y = -2},
    {.bitmap_index = 13111, .adv_w = 224, .box_w = 14, .box_h = 15, .ofs_x = 0, .ofs_y = -2},
    {.bitmap_index = 13216, .adv_w = 224, .box_w = 14, .box_h = 13, .ofs_x = 0, .ofs_y = -1},
    {.bitmap_index = 13307, .adv_w = 224, .box_w = 13, .box_h = 13, .ofs_x = 0, .ofs_y = -1},
    {.bitmap_index = 13392, .adv_w = 224, .box_w = 13, .box_h = 14, .ofs_x = 1, .ofs_y = -1},
    {.bitmap_index = 13483, .adv_w = 224, .box_w = 14, .box_h = 13, .ofs_x = 0, .ofs_y = -1},
    {.bitmap_index = 13574, .adv_w = 224, .box_w = 14, .box_h = 12, .ofs_x = 0, .ofs_y = -1},
    {.bitmap_index = 13658, .adv_w = 224, .box_w = 14, .box_h = 14, .ofs_x = 0, .ofs_y = -2},
    {.bitmap_index = 13756, .adv_w = 224, .box_w = 14, .box_h = 14, .ofs_x = 0, .ofs_y = -2},
    {.bitmap_index = 13854, .adv_w = 224, .box_w = 14, .box_h = 14, .ofs_x = 0, .ofs_y = -2},
    {.bitmap_index = 13952, .adv_w = 224, .box_w = 14, .box_h = 14, .ofs_x = 0, .ofs_y = -2},
    {.bitmap_index = 14050, .adv_w = 224, .box_w = 14, .box_h = 14, .ofs_x = 0, .ofs_y = -2},
    {.bitmap_index = 14148, .adv_w = 224, .box_w = 14, .box_h = 14, .ofs_x = 0, .ofs_y = -2},
    {.bitmap_index = 14246, .adv_w = 224, .box_w = 14, .box_h = 13, .ofs_x = 0, .ofs_y = -1},
    {.bitmap_index = 14337, .adv_w = 224, .box_w = 12, .box_h = 14, .ofs_x = 1, .ofs_y = -2},
    {.bitmap_index = 14421, .adv_w = 224, .box_w = 14, .box_h = 13, .ofs_x = 0, .ofs_y = -1},
    {.bitmap_index = 14512, .adv_w = 224, .box_w = 14, .box_h = 14, .ofs_x = 0, .ofs_y = -2},
    {.bitmap_index = 14610, .adv_w = 224, .box_w = 14, .box_h = 13, .ofs_x = 0, .ofs_y = -1},
    {.bitmap_index = 14701, .adv_w = 224, .box_w = 14, .box_h = 14, .ofs_x = 0, .ofs_y = -1},
    {.bitmap_index = 14799, .adv_w = 224, .box_w = 13, .box_h = 13, .ofs_x = 0, .ofs_y = -1},
    {.bitmap_index = 14884, .adv_w = 224, .box_w = 13, .box_h = 13, .ofs_x = 0, .ofs_y = -1},
    {.bitmap_index = 14969, .adv_w = 224, .box_w = 14, .box_h = 14, .ofs_x = 0, .ofs_y = -2},
    {.bitmap_index = 15067, .adv_w = 224, .box_w = 14, .box_h = 13, .ofs_x = 0, .ofs_y = -1},
    {.bitmap_index = 15158, .adv_w = 224, .box_w = 14, .box_h = 14, .ofs_x = 0, .ofs_y = -2},
    {.bitmap_index = 15256, .adv_w = 224, .box_w = 13, .box_h = 12, .ofs_x = 0, .ofs_y = -1},
    {.bitmap_index = 15334, .adv_w = 224, .box_w = 13, .box_h = 12, .ofs_x = 0, .ofs_y = -1},
    {.bitmap_index = 15412, .adv_w = 224, .box_w = 12, .box_h = 14, .ofs_x = 0, .ofs_y = -2},
    {.bitmap_index = 15496, .adv_w = 224, .box_w = 13, .box_h = 12, .ofs_x = 0, .ofs_y = -1},
    {.bitmap_index = 15574, .adv_w = 224, .box_w = 14, .box_h = 13, .ofs_x = 0, .ofs_y = -1},
    {.bitmap_index = 15665, .adv_w = 224, .box_w = 13, .box_h = 12, .ofs_x = 1, .ofs_y = -1},
    {.bitmap_index = 15743, .adv_w = 224, .box_w = 14, .box_h = 14, .ofs_x = 0, .ofs_y = -1},
    {.bitmap_index = 15841, .adv_w = 224, .box_w = 13, .box_h = 13, .ofs_x = 1, .ofs_y = -1},
    {.bitmap_index = 15926, .adv_w = 224, .box_w = 12, .box_h = 13, .ofs_x = 1, .ofs_y = -1},
    {.bitmap_index = 16004, .adv_w = 224, .box_w = 14, .box_h = 13, .ofs_x = 0, .ofs_y = -1},
    {.bitmap_index = 16095, .adv_w = 224, .box_w = 14, .box_h = 12, .ofs_x = 0, .ofs_y = -1},
    {.bitmap_index = 16179, .adv_w = 224, .box_w = 14, .box_h = 13, .ofs_x = 0, .ofs_y = -1},
    {.bitmap_index = 16270, .adv_w = 224, .box_w = 14, .box_h = 14, .ofs_x = 0, .ofs_y = -2},
    {.bitmap_index = 16368, .adv_w = 224, .box_w = 14, .box_h = 14, .ofs_x = 0, .ofs_y = -2},
    {.bitmap_index = 16466, .adv_w = 224, .box_w = 14, .box_h = 14, .ofs_x = 0, .ofs_y = -1},
    {.bitmap_index = 16564, .adv_w = 224, .box_w = 14, .box_h = 13, .ofs_x = 0, .ofs_y = -1},
    {.bitmap_index = 16655, .adv_w = 224, .box_w = 14, .box_h = 14, .ofs_x = 0, .ofs_y = -2},
    {.bitmap_index = 16753, .adv_w = 224, .box_w = 14, .box_h = 14, .ofs_x = 0, .ofs_y = -2},
    {.bitmap_index = 16851, .adv_w = 224, .box_w = 14, .box_h = 12, .ofs_x = 0, .ofs_y = -1},
    {.bitmap_index = 16935, .adv_w = 224, .box_w = 14, .box_h = 13, .ofs_x = 0, .ofs_y = -1},
    {.bitmap_index = 17026, .adv_w = 224, .box_w = 13, .box_h = 14, .ofs_x = 1, .ofs_y = -2},
    {.bitmap_index = 17117, .adv_w = 224, .box_w = 14, .box_h = 13, .ofs_x = 0, .ofs_y = -2},
    {.bitmap_index = 17208, .adv_w = 224, .box_w = 12, .box_h = 13, .ofs_x = 1, .ofs_y = -1},
    {.bitmap_index = 17286, .adv_w = 224, .box_w = 13, .box_h = 13, .ofs_x = 1, .ofs_y = -2},
    {.bitmap_index = 17371, .adv_w = 224, .box_w = 13, .box_h = 14, .ofs_x = 0, .ofs_y = -2},
    {.bitmap_index = 17462, .adv_w = 224, .box_w = 14, .box_h = 12, .ofs_x = 0, .ofs_y = -1},
    {.bitmap_index = 17546, .adv_w = 224, .box_w = 13, .box_h = 13, .ofs_x = 1, .ofs_y = -1},
    {.bitmap_index = 17631, .adv_w = 224, .box_w = 14, .box_h = 13, .ofs_x = 0, .ofs_y = -1},
    {.bitmap_index = 17722, .adv_w = 224, .box_w = 14, .box_h = 13, .ofs_x = 0, .ofs_y = -1},
    {.bitmap_index = 17813, .adv_w = 224, .box_w = 14, .box_h = 13, .ofs_x = 0, .ofs_y = -1},
    {.bitmap_index = 17904, .adv_w = 224, .box_w = 14, .box_h = 13, .ofs_x = 0, .ofs_y = -1},
    {.bitmap_index = 17995, .adv_w = 224, .box_w = 13, .box_h = 14, .ofs_x = 1, .ofs_y = -1},
    {.bitmap_index = 18086, .adv_w = 224, .box_w = 14, .box_h = 13, .ofs_x = 0, .ofs_y = -1},
    {.bitmap_index = 18177, .adv_w = 224, .box_w = 14, .box_h = 14, .ofs_x = 0, .ofs_y = -2},
    {.bitmap_index = 18275, .adv_w = 224, .box_w = 13, .box_h = 15, .ofs_x = 0, .ofs_y = -2},
    {.bitmap_index = 18373, .adv_w = 224, .box_w = 13, .box_h = 13, .ofs_x = 0, .ofs_y = -1},
    {.bitmap_index = 18458, .adv_w = 224, .box_w = 13, .box_h = 14, .ofs_x = 1, .ofs_y = -2},
    {.bitmap_index = 18549, .adv_w = 224, .box_w = 14, .box_h = 14, .ofs_x = 0, .ofs_y = -2},
    {.bitmap_index = 18647, .adv_w = 224, .box_w = 14, .box_h = 14, .ofs_x = 0, .ofs_y = -2},
    {.bitmap_index = 18745, .adv_w = 224, .box_w = 13, .box_h = 13, .ofs_x = 0, .ofs_y = -1},
    {.bitmap_index = 18830, .adv_w = 224, .box_w = 15, .box_h = 13, .ofs_x = 0, .ofs_y = -1},
    {.bitmap_index = 18928, .adv_w = 224, .box_w = 14, .box_h = 13, .ofs_x = 0, .ofs_y = -1},
    {.bitmap_index = 19019, .adv_w = 224, .box_w = 14, .box_h = 14, .ofs_x = 0, .ofs_y = -2},
    {.bitmap_index = 19117, .adv_w = 224, .box_w = 14, .box_h = 13, .ofs_x = 0, .ofs_y = -1},
    {.bitmap_index = 19208, .adv_w = 224, .box_w = 13, .box_h = 14, .ofs_x = 0, .ofs_y = -2},
    {.bitmap_index = 19299, .adv_w = 224, .box_w = 14, .box_h = 13, .ofs_x = 0, .ofs_y = -1},
    {.bitmap_index = 19390, .adv_w = 224, .box_w = 13, .box_h = 14, .ofs_x = 0, .ofs_y = -2},
    {.bitmap_index = 19481, .adv_w = 224, .box_w = 14, .box_h = 14, .ofs_x = 0, .ofs_y = -1},
    {.bitmap_index = 19579, .adv_w = 224, .box_w = 14, .box_h = 13, .ofs_x = 0, .ofs_y = -1},
    {.bitmap_index = 19670, .adv_w = 224, .box_w = 13, .box_h = 14, .ofs_x = 0, .ofs_y = -2},
    {.bitmap_index = 19761, .adv_w = 224, .box_w = 14, .box_h = 14, .ofs_x = 0, .ofs_y = -2},
    {.bitmap_index = 19859, .adv_w = 224, .box_w = 14, .box_h = 14, .ofs_x = 0, .ofs_y = -2},
    {.bitmap_index = 19957, .adv_w = 224, .box_w = 14, .box_h = 14, .ofs_x = 0, .ofs_y = -2},
    {.bitmap_index = 20055, .adv_w = 224, .box_w = 14, .box_h = 14, .ofs_x = 0, .ofs_y = -1},
    {.bitmap_index = 20153, .adv_w = 224, .box_w = 14, .box_h = 13, .ofs_x = 0, .ofs_y = -1},
    {.bitmap_index = 20244, .adv_w = 224, .box_w = 14, .box_h = 14, .ofs_x = 0, .ofs_y = -2},
    {.bitmap_index = 20342, .adv_w = 224, .box_w = 14, .box_h = 14, .ofs_x = 0, .ofs_y = -2},
    {.bitmap_index = 20440, .adv_w = 224, .box_w = 14, .box_h = 13, .ofs_x = 0, .ofs_y = -1},
    {.bitmap_index = 20531, .adv_w = 224, .box_w = 14, .box_h = 14, .ofs_x = 0, .ofs_y = -2},
    {.bitmap_index = 20629, .adv_w = 224, .box_w = 14, .box_h = 14, .ofs_x = 0, .ofs_y = -2},
    {.bitmap_index = 20727, .adv_w = 224, .box_w = 15, .box_h = 14, .ofs_x = -1, .ofs_y = -2},
    {.bitmap_index = 20832, .adv_w = 224, .box_w = 14, .box_h = 13, .ofs_x = 0, .ofs_y = -1},
    {.bitmap_index = 20923, .adv_w = 224, .box_w = 14, .box_h = 13, .ofs_x = 0, .ofs_y = -1},
    {.bitmap_index = 21014, .adv_w = 224, .box_w = 14, .box_h = 13, .ofs_x = 0, .ofs_y = -1},
    {.bitmap_index = 21105, .adv_w = 224, .box_w = 13, .box_h = 13, .ofs_x = 1, .ofs_y = -1},
    {.bitmap_index = 21190, .adv_w = 224, .box_w = 14, .box_h = 14, .ofs_x = 0, .ofs_y = -2},
    {.bitmap_index = 21288, .adv_w = 224, .box_w = 14, .box_h = 14, .ofs_x = 0, .ofs_y = -2},
    {.bitmap_index = 21386, .adv_w = 224, .box_w = 14, .box_h = 13, .ofs_x = 0, .ofs_y = -2},
    {.bitmap_index = 21477, .adv_w = 224, .box_w = 10, .box_h = 12, .ofs_x = 2, .ofs_y = -1},
    {.bitmap_index = 21537, .adv_w = 224, .box_w = 13, .box_h = 13, .ofs_x = 1, .ofs_y = -1},
    {.bitmap_index = 21622, .adv_w = 224, .box_w = 13, .box_h = 12, .ofs_x = 0, .ofs_y = -1},
    {.bitmap_index = 21700, .adv_w = 224, .box_w = 14, .box_h = 13, .ofs_x = 0, .ofs_y = -2},
    {.bitmap_index = 21791, .adv_w = 224, .box_w = 14, .box_h = 12, .ofs_x = 0, .ofs_y = -1},
    {.bitmap_index = 21875, .adv_w = 224, .box_w = 14, .box_h = 14, .ofs_x = 0, .ofs_y = -2},
    {.bitmap_index = 21973, .adv_w = 224, .box_w = 14, .box_h = 14, .ofs_x = 0, .ofs_y = -2},
    {.bitmap_index = 22071, .adv_w = 224, .box_w = 14, .box_h = 12, .ofs_x = 0, .ofs_y = -1},
    {.bitmap_index = 22155, .adv_w = 224, .box_w = 13, .box_h = 13, .ofs_x = 0, .ofs_y = -1},
    {.bitmap_index = 22240, .adv_w = 224, .box_w = 14, .box_h = 13, .ofs_x = 0, .ofs_y = -2},
    {.bitmap_index = 22331, .adv_w = 224, .box_w = 14, .box_h = 12, .ofs_x = 0, .ofs_y = -1},
    {.bitmap_index = 22415, .adv_w = 224, .box_w = 12, .box_h = 13, .ofs_x = 0, .ofs_y = -2},
    {.bitmap_index = 22493, .adv_w = 224, .box_w = 14, .box_h = 13, .ofs_x = 0, .ofs_y = -1},
    {.bitmap_index = 22584, .adv_w = 224, .box_w = 13, .box_h = 14, .ofs_x = 0, .ofs_y = -2},
    {.bitmap_index = 22675, .adv_w = 224, .box_w = 14, .box_h = 14, .ofs_x = 0, .ofs_y = -2},
    {.bitmap_index = 22773, .adv_w = 224, .box_w = 14, .box_h = 13, .ofs_x = 0, .ofs_y = -1},
    {.bitmap_index = 22864, .adv_w = 224, .box_w = 14, .box_h = 13, .ofs_x = 0, .ofs_y = -1},
    {.bitmap_index = 22955, .adv_w = 224, .box_w = 14, .box_h = 13, .ofs_x = 0, .ofs_y = -1},
    {.bitmap_index = 23046, .adv_w = 224, .box_w = 13, .box_h = 13, .ofs_x = 1, .ofs_y = -1},
    {.bitmap_index = 23131, .adv_w = 224, .box_w = 14, .box_h = 13, .ofs_x = 0, .ofs_y = -1},
    {.bitmap_index = 23222, .adv_w = 224, .box_w = 14, .box_h = 13, .ofs_x = 0, .ofs_y = -1},
    {.bitmap_index = 23313, .adv_w = 224, .box_w = 14, .box_h = 12, .ofs_x = 0, .ofs_y = -1},
    {.bitmap_index = 23397, .adv_w = 224, .box_w = 14, .box_h = 14, .ofs_x = 0, .ofs_y = -2},
    {.bitmap_index = 23495, .adv_w = 224, .box_w = 14, .box_h = 14, .ofs_x = 0, .ofs_y = -1},
    {.bitmap_index = 23593, .adv_w = 224, .box_w = 14, .box_h = 13, .ofs_x = 0, .ofs_y = -1},
    {.bitmap_index = 23684, .adv_w = 224, .box_w = 14, .box_h = 13, .ofs_x = 0, .ofs_y = -1},
    {.bitmap_index = 23775, .adv_w = 224, .box_w = 14, .box_h = 14, .ofs_x = 0, .ofs_y = -2},
    {.bitmap_index = 23873, .adv_w = 224, .box_w = 14, .box_h = 13, .ofs_x = 0, .ofs_y = -1},
    {.bitmap_index = 23964, .adv_w = 224, .box_w = 14, .box_h = 14, .ofs_x = 0, .ofs_y = -2},
    {.bitmap_index = 24062, .adv_w = 224, .box_w = 14, .box_h = 14, .ofs_x = 0, .ofs_y = -1},
    {.bitmap_index = 24160, .adv_w = 224, .box_w = 14, .box_h = 13, .ofs_x = 0, .ofs_y = -1},
    {.bitmap_index = 24251, .adv_w = 224, .box_w = 14, .box_h = 14, .ofs_x = 0, .ofs_y = -2},
    {.bitmap_index = 24349, .adv_w = 224, .box_w = 15, .box_h = 14, .ofs_x = 0, .ofs_y = -2},
    {.bitmap_index = 24454, .adv_w = 224, .box_w = 14, .box_h = 13, .ofs_x = 0, .ofs_y = -1},
    {.bitmap_index = 24545, .adv_w = 224, .box_w = 14, .box_h = 12, .ofs_x = 0, .ofs_y = -1},
    {.bitmap_index = 24629, .adv_w = 224, .box_w = 14, .box_h = 14, .ofs_x = 0, .ofs_y = -2},
    {.bitmap_index = 24727, .adv_w = 224, .box_w = 13, .box_h = 13, .ofs_x = 0, .ofs_y = -1},
    {.bitmap_index = 24812, .adv_w = 224, .box_w = 14, .box_h = 14, .ofs_x = 0, .ofs_y = -2},
    {.bitmap_index = 24910, .adv_w = 224, .box_w = 13, .box_h = 13, .ofs_x = 1, .ofs_y = -1},
    {.bitmap_index = 24995, .adv_w = 224, .box_w = 14, .box_h = 13, .ofs_x = 0, .ofs_y = -1},
    {.bitmap_index = 25086, .adv_w = 224, .box_w = 14, .box_h = 14, .ofs_x = 0, .ofs_y = -2},
    {.bitmap_index = 25184, .adv_w = 224, .box_w = 14, .box_h = 13, .ofs_x = 0, .ofs_y = -1},
    {.bitmap_index = 25275, .adv_w = 224, .box_w = 14, .box_h = 13, .ofs_x = 0, .ofs_y = -1},
    {.bitmap_index = 25366, .adv_w = 224, .box_w = 13, .box_h = 14, .ofs_x = 0, .ofs_y = -2},
    {.bitmap_index = 25457, .adv_w = 224, .box_w = 14, .box_h = 14, .ofs_x = 0, .ofs_y = -2},
    {.bitmap_index = 25555, .adv_w = 224, .box_w = 14, .box_h = 13, .ofs_x = 0, .ofs_y = -1},
    {.bitmap_index = 25646, .adv_w = 224, .box_w = 13, .box_h = 14, .ofs_x = 0, .ofs_y = -2},
    {.bitmap_index = 25737, .adv_w = 224, .box_w = 13, .box_h = 13, .ofs_x = 0, .ofs_y = -1},
    {.bitmap_index = 25822, .adv_w = 224, .box_w = 14, .box_h = 13, .ofs_x = 0, .ofs_y = -1},
    {.bitmap_index = 25913, .adv_w = 224, .box_w = 13, .box_h = 13, .ofs_x = 0, .ofs_y = -1},
    {.bitmap_index = 25998, .adv_w = 224, .box_w = 13, .box_h = 13, .ofs_x = 0, .ofs_y = -1},
    {.bitmap_index = 26083, .adv_w = 224, .box_w = 14, .box_h = 13, .ofs_x = 0, .ofs_y = -1},
    {.bitmap_index = 26174, .adv_w = 224, .box_w = 14, .box_h = 14, .ofs_x = 0, .ofs_y = -2},
    {.bitmap_index = 26272, .adv_w = 224, .box_w = 14, .box_h = 14, .ofs_x = 0, .ofs_y = -2},
    {.bitmap_index = 26370, .adv_w = 224, .box_w = 14, .box_h = 14, .ofs_x = 0, .ofs_y = -2},
    {.bitmap_index = 26468, .adv_w = 224, .box_w = 14, .box_h = 14, .ofs_x = 0, .ofs_y = -2},
    {.bitmap_index = 26566, .adv_w = 224, .box_w = 14, .box_h = 14, .ofs_x = 0, .ofs_y = -2},
    {.bitmap_index = 26664, .adv_w = 224, .box_w = 14, .box_h = 14, .ofs_x = 0, .ofs_y = -2},
    {.bitmap_index = 26762, .adv_w = 224, .box_w = 14, .box_h = 13, .ofs_x = 0, .ofs_y = -1},
    {.bitmap_index = 26853, .adv_w = 224, .box_w = 14, .box_h = 14, .ofs_x = 0, .ofs_y = -2},
    {.bitmap_index = 26951, .adv_w = 224, .box_w = 14, .box_h = 13, .ofs_x = 0, .ofs_y = -2},
    {.bitmap_index = 27042, .adv_w = 224, .box_w = 14, .box_h = 14, .ofs_x = 0, .ofs_y = -2},
    {.bitmap_index = 27140, .adv_w = 224, .box_w = 14, .box_h = 14, .ofs_x = 0, .ofs_y = -2},
    {.bitmap_index = 27238, .adv_w = 224, .box_w = 14, .box_h = 14, .ofs_x = 0, .ofs_y = -1},
    {.bitmap_index = 27336, .adv_w = 224, .box_w = 14, .box_h = 13, .ofs_x = 0, .ofs_y = -1},
    {.bitmap_index = 27427, .adv_w = 224, .box_w = 14, .box_h = 15, .ofs_x = 0, .ofs_y = -2},
    {.bitmap_index = 27532, .adv_w = 224, .box_w = 14, .box_h = 13, .ofs_x = 0, .ofs_y = -1},
    {.bitmap_index = 27623, .adv_w = 224, .box_w = 15, .box_h = 13, .ofs_x = -1, .ofs_y = -1},
    {.bitmap_index = 27721, .adv_w = 224, .box_w = 14, .box_h = 13, .ofs_x = 0, .ofs_y = -2},
    {.bitmap_index = 27812, .adv_w = 224, .box_w = 15, .box_h = 14, .ofs_x = 0, .ofs_y = -1},
    {.bitmap_index = 27917, .adv_w = 224, .box_w = 13, .box_h = 13, .ofs_x = 0, .ofs_y = -1},
    {.bitmap_index = 28002, .adv_w = 224, .box_w = 14, .box_h = 13, .ofs_x = 0, .ofs_y = -2},
    {.bitmap_index = 28093, .adv_w = 224, .box_w = 14, .box_h = 12, .ofs_x = 0, .ofs_y = -1},
    {.bitmap_index = 28177, .adv_w = 224, .box_w = 13, .box_h = 13, .ofs_x = 1, .ofs_y = -1},
    {.bitmap_index = 28262, .adv_w = 224, .box_w = 13, .box_h = 13, .ofs_x = 0, .ofs_y = -2},
    {.bitmap_index = 28347, .adv_w = 224, .box_w = 13, .box_h = 13, .ofs_x = 1, .ofs_y = -1},
    {.bitmap_index = 28432, .adv_w = 224, .box_w = 14, .box_h = 14, .ofs_x = 0, .ofs_y = -2},
    {.bitmap_index = 28530, .adv_w = 224, .box_w = 14, .box_h = 13, .ofs_x = 0, .ofs_y = -1},
    {.bitmap_index = 28621, .adv_w = 224, .box_w = 13, .box_h = 14, .ofs_x = 0, .ofs_y = -1},
    {.bitmap_index = 28712, .adv_w = 224, .box_w = 14, .box_h = 13, .ofs_x = 0, .ofs_y = -1},
    {.bitmap_index = 28803, .adv_w = 224, .box_w = 10, .box_h = 12, .ofs_x = 2, .ofs_y = -1},
    {.bitmap_index = 28863, .adv_w = 224, .box_w = 14, .box_h = 14, .ofs_x = 0, .ofs_y = -2},
    {.bitmap_index = 28961, .adv_w = 224, .box_w = 14, .box_h = 14, .ofs_x = 0, .ofs_y = -2},
    {.bitmap_index = 29059, .adv_w = 224, .box_w = 14, .box_h = 12, .ofs_x = 0, .ofs_y = -1},
    {.bitmap_index = 29143, .adv_w = 224, .box_w = 14, .box_h = 12, .ofs_x = 0, .ofs_y = -1},
    {.bitmap_index = 29227, .adv_w = 224, .box_w = 14, .box_h = 14, .ofs_x = 0, .ofs_y = -2},
    {.bitmap_index = 29325, .adv_w = 224, .box_w = 14, .box_h = 12, .ofs_x = 0, .ofs_y = -1},
    {.bitmap_index = 29409, .adv_w = 224, .box_w = 14, .box_h = 13, .ofs_x = 0, .ofs_y = -1},
    {.bitmap_index = 29500, .adv_w = 224, .box_w = 14, .box_h = 13, .ofs_x = 0, .ofs_y = -1},
    {.bitmap_index = 29591, .adv_w = 224, .box_w = 14, .box_h = 13, .ofs_x = 0, .ofs_y = -1},
    {.bitmap_index = 29682, .adv_w = 224, .box_w = 14, .box_h = 14, .ofs_x = 0, .ofs_y = -2},
    {.bitmap_index = 29780, .adv_w = 224, .box_w = 13, .box_h = 13, .ofs_x = 1, .ofs_y = -1},
    {.bitmap_index = 29865, .adv_w = 224, .box_w = 14, .box_h = 13, .ofs_x = 0, .ofs_y = -1},
    {.bitmap_index = 29956, .adv_w = 224, .box_w = 13, .box_h = 14, .ofs_x = 0, .ofs_y = -1},
    {.bitmap_index = 30047, .adv_w = 224, .box_w = 14, .box_h = 14, .ofs_x = 0, .ofs_y = -1},
    {.bitmap_index = 30145, .adv_w = 224, .box_w = 14, .box_h = 14, .ofs_x = 0, .ofs_y = -1},
    {.bitmap_index = 30243, .adv_w = 224, .box_w = 13, .box_h = 14, .ofs_x = 0, .ofs_y = -1},
    {.bitmap_index = 30334, .adv_w = 224, .box_w = 14, .box_h = 14, .ofs_x = 0, .ofs_y = -2},
    {.bitmap_index = 30432, .adv_w = 224, .box_w = 13, .box_h = 14, .ofs_x = 1, .ofs_y = -2},
    {.bitmap_index = 30523, .adv_w = 224, .box_w = 14, .box_h = 13, .ofs_x = 0, .ofs_y = -1},
    {.bitmap_index = 30614, .adv_w = 224, .box_w = 13, .box_h = 13, .ofs_x = 1, .ofs_y = -1},
    {.bitmap_index = 30699, .adv_w = 224, .box_w = 13, .box_h = 14, .ofs_x = 1, .ofs_y = -2},
    {.bitmap_index = 30790, .adv_w = 224, .box_w = 14, .box_h = 13, .ofs_x = 0, .ofs_y = -1},
    {.bitmap_index = 30881, .adv_w = 224, .box_w = 14, .box_h = 14, .ofs_x = 0, .ofs_y = -2},
    {.bitmap_index = 30979, .adv_w = 224, .box_w = 14, .box_h = 13, .ofs_x = 0, .ofs_y = -1},
    {.bitmap_index = 31070, .adv_w = 224, .box_w = 14, .box_h = 13, .ofs_x = 0, .ofs_y = -1},
    {.bitmap_index = 31161, .adv_w = 224, .box_w = 14, .box_h = 14, .ofs_x = 0, .ofs_y = -2},
    {.bitmap_index = 31259, .adv_w = 224, .box_w = 14, .box_h = 14, .ofs_x = 0, .ofs_y = -1},
    {.bitmap_index = 31357, .adv_w = 224, .box_w = 14, .box_h = 15, .ofs_x = 0, .ofs_y = -2},
    {.bitmap_index = 31462, .adv_w = 224, .box_w = 14, .box_h = 12, .ofs_x = 0, .ofs_y = 0},
    {.bitmap_index = 31546, .adv_w = 224, .box_w = 14, .box_h = 14, .ofs_x = 0, .ofs_y = -2},
    {.bitmap_index = 31644, .adv_w = 224, .box_w = 14, .box_h = 13, .ofs_x = 0, .ofs_y = -1},
    {.bitmap_index = 31735, .adv_w = 224, .box_w = 13, .box_h = 14, .ofs_x = 0, .ofs_y = -2},
    {.bitmap_index = 31826, .adv_w = 224, .box_w = 14, .box_h = 14, .ofs_x = 0, .ofs_y = -2},
    {.bitmap_index = 31924, .adv_w = 224, .box_w = 12, .box_h = 12, .ofs_x = 1, .ofs_y = -1},
    {.bitmap_index = 31996, .adv_w = 224, .box_w = 14, .box_h = 12, .ofs_x = 0, .ofs_y = -1},
    {.bitmap_index = 32080, .adv_w = 224, .box_w = 14, .box_h = 13, .ofs_x = 0, .ofs_y = -1},
    {.bitmap_index = 32171, .adv_w = 224, .box_w = 14, .box_h = 14, .ofs_x = 0, .ofs_y = -2},
    {.bitmap_index = 32269, .adv_w = 224, .box_w = 13, .box_h = 14, .ofs_x = 0, .ofs_y = -2},
    {.bitmap_index = 32360, .adv_w = 224, .box_w = 13, .box_h = 13, .ofs_x = 0, .ofs_y = -1},
    {.bitmap_index = 32445, .adv_w = 224, .box_w = 11, .box_h = 13, .ofs_x = 1, .ofs_y = -1},
    {.bitmap_index = 32517, .adv_w = 224, .box_w = 14, .box_h = 14, .ofs_x = 0, .ofs_y = -2},
    {.bitmap_index = 32615, .adv_w = 224, .box_w = 14, .box_h = 14, .ofs_x = 0, .ofs_y = -1},
    {.bitmap_index = 32713, .adv_w = 224, .box_w = 14, .box_h = 13, .ofs_x = 0, .ofs_y = -1},
    {.bitmap_index = 32804, .adv_w = 224, .box_w = 14, .box_h = 14, .ofs_x = 0, .ofs_y = -2},
    {.bitmap_index = 32902, .adv_w = 224, .box_w = 14, .box_h = 14, .ofs_x = 0, .ofs_y = -2},
    {.bitmap_index = 33000, .adv_w = 224, .box_w = 14, .box_h = 13, .ofs_x = 0, .ofs_y = -1},
    {.bitmap_index = 33091, .adv_w = 224, .box_w = 14, .box_h = 13, .ofs_x = 0, .ofs_y = -1},
    {.bitmap_index = 33182, .adv_w = 224, .box_w = 14, .box_h = 13, .ofs_x = 0, .ofs_y = -1},
    {.bitmap_index = 33273, .adv_w = 224, .box_w = 14, .box_h = 13, .ofs_x = 0, .ofs_y = -1},
    {.bitmap_index = 33364, .adv_w = 224, .box_w = 13, .box_h = 14, .ofs_x = 1, .ofs_y = -2},
    {.bitmap_index = 33455, .adv_w = 224, .box_w = 14, .box_h = 13, .ofs_x = 0, .ofs_y = -1},
    {.bitmap_index = 33546, .adv_w = 224, .box_w = 14, .box_h = 14, .ofs_x = 0, .ofs_y = -2},
    {.bitmap_index = 33644, .adv_w = 224, .box_w = 14, .box_h = 12, .ofs_x = 0, .ofs_y = -1},
    {.bitmap_index = 33728, .adv_w = 224, .box_w = 14, .box_h = 13, .ofs_x = 0, .ofs_y = -2},
    {.bitmap_index = 33819, .adv_w = 224, .box_w = 13, .box_h = 13, .ofs_x = 1, .ofs_y = -2},
    {.bitmap_index = 33904, .adv_w = 224, .box_w = 14, .box_h = 13, .ofs_x = 0, .ofs_y = -1},
    {.bitmap_index = 33995, .adv_w = 224, .box_w = 13, .box_h = 15, .ofs_x = 1, .ofs_y = -2},
    {.bitmap_index = 34093, .adv_w = 224, .box_w = 12, .box_h = 14, .ofs_x = 1, .ofs_y = -2},
    {.bitmap_index = 34177, .adv_w = 224, .box_w = 13, .box_h = 14, .ofs_x = 0, .ofs_y = -2},
    {.bitmap_index = 34268, .adv_w = 224, .box_w = 14, .box_h = 15, .ofs_x = 0, .ofs_y = -2},
    {.bitmap_index = 34373, .adv_w = 224, .box_w = 14, .box_h = 14, .ofs_x = 0, .ofs_y = -2},
    {.bitmap_index = 34471, .adv_w = 224, .box_w = 14, .box_h = 14, .ofs_x = 0, .ofs_y = -2},
    {.bitmap_index = 34569, .adv_w = 224, .box_w = 14, .box_h = 13, .ofs_x = 0, .ofs_y = -1},
    {.bitmap_index = 34660, .adv_w = 224, .box_w = 14, .box_h = 14, .ofs_x = 0, .ofs_y = -2},
    {.bitmap_index = 34758, .adv_w = 224, .box_w = 14, .box_h = 12, .ofs_x = 0, .ofs_y = -1},
    {.bitmap_index = 34842, .adv_w = 224, .box_w = 14, .box_h = 13, .ofs_x = 0, .ofs_y = -1},
    {.bitmap_index = 34933, .adv_w = 224, .box_w = 14, .box_h = 13, .ofs_x = 0, .ofs_y = -1},
    {.bitmap_index = 35024, .adv_w = 224, .box_w = 14, .box_h = 13, .ofs_x = 0, .ofs_y = -1},
    {.bitmap_index = 35115, .adv_w = 224, .box_w = 14, .box_h = 14, .ofs_x = 0, .ofs_y = -2},
    {.bitmap_index = 35213, .adv_w = 224, .box_w = 14, .box_h = 13, .ofs_x = 0, .ofs_y = -1},
    {.bitmap_index = 35304, .adv_w = 224, .box_w = 14, .box_h = 13, .ofs_x = 0, .ofs_y = -1},
    {.bitmap_index = 35395, .adv_w = 224, .box_w = 14, .box_h = 15, .ofs_x = 0, .ofs_y = -2},
    {.bitmap_index = 35500, .adv_w = 224, .box_w = 14, .box_h = 13, .ofs_x = 0, .ofs_y = -2},
    {.bitmap_index = 35591, .adv_w = 224, .box_w = 14, .box_h = 13, .ofs_x = 0, .ofs_y = -1},
    {.bitmap_index = 35682, .adv_w = 224, .box_w = 14, .box_h = 13, .ofs_x = 0, .ofs_y = -1},
    {.bitmap_index = 35773, .adv_w = 224, .box_w = 14, .box_h = 13, .ofs_x = 0, .ofs_y = -1},
    {.bitmap_index = 35864, .adv_w = 224, .box_w = 14, .box_h = 14, .ofs_x = 0, .ofs_y = -2},
    {.bitmap_index = 35962, .adv_w = 224, .box_w = 14, .box_h = 14, .ofs_x = 0, .ofs_y = -2},
    {.bitmap_index = 36060, .adv_w = 224, .box_w = 14, .box_h = 14, .ofs_x = 0, .ofs_y = -2},
    {.bitmap_index = 36158, .adv_w = 224, .box_w = 13, .box_h = 14, .ofs_x = 0, .ofs_y = -2},
    {.bitmap_index = 36249, .adv_w = 224, .box_w = 14, .box_h = 13, .ofs_x = 0, .ofs_y = -2},
    {.bitmap_index = 36340, .adv_w = 224, .box_w = 13, .box_h = 13, .ofs_x = 1, .ofs_y = -1},
    {.bitmap_index = 36425, .adv_w = 224, .box_w = 14, .box_h = 13, .ofs_x = 0, .ofs_y = -1},
    {.bitmap_index = 36516, .adv_w = 224, .box_w = 14, .box_h = 14, .ofs_x = 0, .ofs_y = -2},
    {.bitmap_index = 36614, .adv_w = 224, .box_w = 15, .box_h = 13, .ofs_x = 0, .ofs_y = -1},
    {.bitmap_index = 36712, .adv_w = 224, .box_w = 14, .box_h = 14, .ofs_x = 0, .ofs_y = -2},
    {.bitmap_index = 36810, .adv_w = 224, .box_w = 13, .box_h = 14, .ofs_x = 0, .ofs_y = -2},
    {.bitmap_index = 36901, .adv_w = 224, .box_w = 14, .box_h = 13, .ofs_x = 0, .ofs_y = -1},
    {.bitmap_index = 36992, .adv_w = 224, .box_w = 14, .box_h = 13, .ofs_x = 0, .ofs_y = -2},
    {.bitmap_index = 37083, .adv_w = 224, .box_w = 14, .box_h = 13, .ofs_x = 0, .ofs_y = -1},
    {.bitmap_index = 37174, .adv_w = 224, .box_w = 14, .box_h = 13, .ofs_x = 0, .ofs_y = -1},
    {.bitmap_index = 37265, .adv_w = 224, .box_w = 13, .box_h = 14, .ofs_x = 0, .ofs_y = -2},
    {.bitmap_index = 37356, .adv_w = 224, .box_w = 14, .box_h = 15, .ofs_x = 0, .ofs_y = -2},
    {.bitmap_index = 37461, .adv_w = 224, .box_w = 14, .box_h = 14, .ofs_x = 0, .ofs_y = -1},
    {.bitmap_index = 37559, .adv_w = 224, .box_w = 14, .box_h = 14, .ofs_x = 0, .ofs_y = -2},
    {.bitmap_index = 37657, .adv_w = 224, .box_w = 14, .box_h = 13, .ofs_x = 0, .ofs_y = -1},
    {.bitmap_index = 37748, .adv_w = 224, .box_w = 13, .box_h = 14, .ofs_x = 0, .ofs_y = -2},
    {.bitmap_index = 37839, .adv_w = 224, .box_w = 13, .box_h = 14, .ofs_x = 1, .ofs_y = -2},
    {.bitmap_index = 37930, .adv_w = 224, .box_w = 14, .box_h = 13, .ofs_x = 0, .ofs_y = -2},
    {.bitmap_index = 38021, .adv_w = 224, .box_w = 14, .box_h = 14, .ofs_x = 0, .ofs_y = -2},
    {.bitmap_index = 38119, .adv_w = 224, .box_w = 14, .box_h = 13, .ofs_x = 0, .ofs_y = -1},
    {.bitmap_index = 38210, .adv_w = 224, .box_w = 14, .box_h = 13, .ofs_x = 0, .ofs_y = -1},
    {.bitmap_index = 38301, .adv_w = 224, .box_w = 14, .box_h = 13, .ofs_x = 0, .ofs_y = -1},
    {.bitmap_index = 38392, .adv_w = 224, .box_w = 14, .box_h = 13, .ofs_x = 0, .ofs_y = -1},
    {.bitmap_index = 38483, .adv_w = 224, .box_w = 13, .box_h = 12, .ofs_x = 1, .ofs_y = -1},
    {.bitmap_index = 38561, .adv_w = 224, .box_w = 14, .box_h = 13, .ofs_x = 0, .ofs_y = -1},
    {.bitmap_index = 38652, .adv_w = 224, .box_w = 14, .box_h = 12, .ofs_x = 0, .ofs_y = -1},
    {.bitmap_index = 38736, .adv_w = 224, .box_w = 14, .box_h = 13, .ofs_x = 0, .ofs_y = -1},
    {.bitmap_index = 38827, .adv_w = 224, .box_w = 14, .box_h = 14, .ofs_x = 0, .ofs_y = -2},
    {.bitmap_index = 38925, .adv_w = 224, .box_w = 14, .box_h = 14, .ofs_x = 0, .ofs_y = -2},
    {.bitmap_index = 39023, .adv_w = 224, .box_w = 13, .box_h = 13, .ofs_x = 0, .ofs_y = -1},
    {.bitmap_index = 39108, .adv_w = 224, .box_w = 14, .box_h = 14, .ofs_x = 0, .ofs_y = -2},
    {.bitmap_index = 39206, .adv_w = 224, .box_w = 14, .box_h = 14, .ofs_x = 0, .ofs_y = -2},
    {.bitmap_index = 39304, .adv_w = 224, .box_w = 13, .box_h = 14, .ofs_x = 1, .ofs_y = -2},
    {.bitmap_index = 39395, .adv_w = 224, .box_w = 12, .box_h = 14, .ofs_x = 1, .ofs_y = -2},
    {.bitmap_index = 39479, .adv_w = 224, .box_w = 12, .box_h = 14, .ofs_x = 1, .ofs_y = -2},
    {.bitmap_index = 39563, .adv_w = 224, .box_w = 12, .box_h = 14, .ofs_x = 1, .ofs_y = -2},
    {.bitmap_index = 39647, .adv_w = 224, .box_w = 12, .box_h = 13, .ofs_x = 1, .ofs_y = -1},
    {.bitmap_index = 39725, .adv_w = 224, .box_w = 12, .box_h = 12, .ofs_x = 1, .ofs_y = -1},
    {.bitmap_index = 39797, .adv_w = 224, .box_w = 13, .box_h = 14, .ofs_x = 1, .ofs_y = -2},
    {.bitmap_index = 39888, .adv_w = 224, .box_w = 13, .box_h = 13, .ofs_x = 1, .ofs_y = -1},
    {.bitmap_index = 39973, .adv_w = 224, .box_w = 13, .box_h = 13, .ofs_x = 1, .ofs_y = -1},
    {.bitmap_index = 40058, .adv_w = 224, .box_w = 13, .box_h = 12, .ofs_x = 1, .ofs_y = -1},
    {.bitmap_index = 40136, .adv_w = 224, .box_w = 13, .box_h = 14, .ofs_x = 1, .ofs_y = -2},
    {.bitmap_index = 40227, .adv_w = 224, .box_w = 13, .box_h = 13, .ofs_x = 1, .ofs_y = -1},
    {.bitmap_index = 40312, .adv_w = 224, .box_w = 13, .box_h = 14, .ofs_x = 1, .ofs_y = -2},
    {.bitmap_index = 40403, .adv_w = 224, .box_w = 13, .box_h = 14, .ofs_x = 1, .ofs_y = -2},
    {.bitmap_index = 40494, .adv_w = 224, .box_w = 14, .box_h = 13, .ofs_x = 0, .ofs_y = -2},
    {.bitmap_index = 40585, .adv_w = 224, .box_w = 12, .box_h = 12, .ofs_x = 1, .ofs_y = -1},
    {.bitmap_index = 40657, .adv_w = 224, .box_w = 12, .box_h = 12, .ofs_x = 1, .ofs_y = -1},
    {.bitmap_index = 40729, .adv_w = 224, .box_w = 14, .box_h = 12, .ofs_x = 0, .ofs_y = -1},
    {.bitmap_index = 40813, .adv_w = 224, .box_w = 14, .box_h = 13, .ofs_x = 0, .ofs_y = -2},
    {.bitmap_index = 40904, .adv_w = 224, .box_w = 12, .box_h = 13, .ofs_x = 1, .ofs_y = -2},
    {.bitmap_index = 40982, .adv_w = 224, .box_w = 14, .box_h = 13, .ofs_x = 0, .ofs_y = -1},
    {.bitmap_index = 41073, .adv_w = 224, .box_w = 14, .box_h = 12, .ofs_x = 0, .ofs_y = -1},
    {.bitmap_index = 41157, .adv_w = 224, .box_w = 14, .box_h = 15, .ofs_x = 0, .ofs_y = -2},
    {.bitmap_index = 41262, .adv_w = 224, .box_w = 13, .box_h = 12, .ofs_x = 0, .ofs_y = -1},
    {.bitmap_index = 41340, .adv_w = 224, .box_w = 14, .box_h = 13, .ofs_x = 0, .ofs_y = -2},
    {.bitmap_index = 41431, .adv_w = 224, .box_w = 14, .box_h = 13, .ofs_x = 0, .ofs_y = -1},
    {.bitmap_index = 41522, .adv_w = 224, .box_w = 15, .box_h = 14, .ofs_x = 0, .ofs_y = -2},
    {.bitmap_index = 41627, .adv_w = 224, .box_w = 14, .box_h = 13, .ofs_x = 0, .ofs_y = -2},
    {.bitmap_index = 41718, .adv_w = 224, .box_w = 14, .box_h = 13, .ofs_x = 0, .ofs_y = -1},
    {.bitmap_index = 41809, .adv_w = 224, .box_w = 14, .box_h = 13, .ofs_x = 0, .ofs_y = -2},
    {.bitmap_index = 41900, .adv_w = 224, .box_w = 14, .box_h = 13, .ofs_x = 0, .ofs_y = -1},
    {.bitmap_index = 41991, .adv_w = 224, .box_w = 14, .box_h = 13, .ofs_x = 0, .ofs_y = -1},
    {.bitmap_index = 42082, .adv_w = 224, .box_w = 13, .box_h = 13, .ofs_x = 1, .ofs_y = -1},
    {.bitmap_index = 42167, .adv_w = 224, .box_w = 3, .box_h = 11, .ofs_x = 2, .ofs_y = 0},
    {.bitmap_index = 42184, .adv_w = 224, .box_w = 4, .box_h = 14, .ofs_x = 10, .ofs_y = -2},
    {.bitmap_index = 42212, .adv_w = 224, .box_w = 4, .box_h = 14, .ofs_x = 0, .ofs_y = -2},
    {.bitmap_index = 42240, .adv_w = 224, .box_w = 3, .box_h = 5, .ofs_x = 1, .ofs_y = -2},
    {.bitmap_index = 42248, .adv_w = 224, .box_w = 2, .box_h = 9, .ofs_x = 3, .ofs_y = 0},
    {.bitmap_index = 42257, .adv_w = 224, .box_w = 7, .box_h = 11, .ofs_x = 0, .ofs_y = 0},
};

static const uint16_t unicode_list_1[] = {
    0x0, 0x1f5d, 0x1f61, 0x1f62, 0x1f65, 0x1f66, 0x1f6f, 0x2f4a, 0x2f4b, 0x2f53, 0x2f54, 0x4d49,
    0x4d52, 0x4d53, 0x4d54, 0x4d56, 0x4d5c, 0x4d5d, 0x4d65, 0x4d73, 0x4d76, 0x4d84, 0x4d99, 0x4dd5,
    0x4dd7, 0x4dda, 0x4ddd, 0x4df7, 0x4e0e, 0x4e13, 0x4e17, 0x4e2e, 0x4e39, 0x4e3f, 0x4e44, 0x4e63,
    0x4e7d, 0x4e96, 0x4e97, 0x4e9c, 0x4ea2, 0x4ea5, 0x4f26, 0x4f2a, 0x4f38, 0x4f98, 0x4fa5, 0x4ff1,
    0x5018, 0x508a, 0x5091, 0x5092, 0x50ae, 0x50b1, 0x50b6, 0x50bc, 0x50ce, 0x50d5, 0x50d6, 0x50f9,
    0x5104, 0x510f, 0x5136, 0x5143, 0x5144, 0x514f, 0x5150, 0x5160, 0x5169, 0x5179, 0x517f, 0x5180,
    0x5196, 0x51b2, 0x51e8, 0x51e9, 0x51ea, 0x51f1, 0x525f, 0x5260, 0x5282, 0x5283, 0x5290, 0x5298,
    0x529e, 0x52a0, 0x52a9, 0x52aa, 0x52ba, 0x52cb, 0x52cf, 0x52d4, 0x52e8, 0x531a, 0x531f, 0x5333,
    0x5338, 0x533b, 0x533c, 0x5340, 0x5355, 0x5356, 0x5357, 0x535a, 0x536f, 0x5375, 0x5378, 0x5393,
    0x53b1, 0x53c6, 0x53d5, 0x55b1, 0x5624, 0x5627, 0x5629, 0x5643, 0x5647, 0x5671, 0x5679, 0x5689,
    0x5717, 0x5728, 0x574f, 0x57b4, 0x5850, 0x5856, 0x585f, 0x5863, 0x5870, 0x5872, 0x5873, 0x587a,
    0x587d, 0x58cb, 0x5914, 0x5948, 0x5aa1, 0x5ad2, 0x5ad5, 0x5ae3, 0x5b02, 0x5b0f, 0x5b42, 0x5b4f,
    0x5b58, 0x5b5a, 0x5b7a, 0x5b89, 0x5b98, 0x5c72, 0x5d2e, 0x5d2f, 0x5d3b, 0x5d4b, 0x5d70, 0x5d81,
    0x5d9e, 0x5dbc, 0x5dbd, 0x5dbf, 0x5dc8, 0x5dd8, 0x5ddd, 0x5def, 0x5e43, 0x5e49, 0x5e58, 0x5e69,
    0x5e83, 0x5e9c, 0x5e9e, 0x5ef3, 0x5f0c, 0x5f20, 0x5f21, 0x5f4a, 0x5f84, 0x5fab, 0x5fb8, 0x6068,
    0x6159, 0x6180, 0x6189, 0x6194, 0x619c, 0x61b2, 0x61b4, 0x61c7, 0x6216, 0x6228, 0x6232, 0x624a,
    0x624b, 0x6252, 0x62ab, 0x62b7, 0x62ee, 0x62f0, 0x6318, 0x6319, 0x6365, 0x638d, 0x63c1, 0x63f6,
    0x6416, 0x642f, 0x6478, 0x6487, 0x6491, 0x64b9, 0x64d0, 0x64f6, 0x64f9, 0x6502, 0x6529, 0x652e,
    0x653f, 0x6568, 0x6578, 0x6587, 0x65bd, 0x65cb, 0x65fd, 0x663b, 0x663d, 0x6649, 0x6651, 0x6652,
    0x6666, 0x6668, 0x6673, 0x6675, 0x6683, 0x66a8, 0x66c8, 0x66d9, 0x66e5, 0x6750, 0x6751, 0x676a,
    0x6780, 0x6781, 0x6782, 0x6785, 0x696a, 0x6973, 0x6a6a, 0x6a95, 0x6aab, 0x6aac, 0x6aad, 0x6aae,
    0x6b18, 0x6b24, 0x6b5d, 0x6b7d, 0x6b8b, 0x6bea, 0x6c1e, 0x6c31, 0x6c8e, 0x6c94, 0x6c98, 0x6cc0,
    0x6cd1, 0x6d3a, 0x6d4e, 0x6d72, 0x6dc8, 0x6dcc, 0x6dd9, 0x6e1a, 0x6e23, 0x6e2a, 0x6e2d, 0x6fb6,
    0x7002, 0x7036, 0x707f, 0x70b0, 0x70cd, 0x7190, 0x7191, 0x71a2, 0x71ff, 0x72f8, 0x72f9, 0x734f,
    0x7468, 0x7471, 0x747e, 0x74ae, 0x75c4, 0x75cd, 0x7621, 0x7637, 0x7641, 0x772e, 0x774a, 0x77b5,
    0x77b7, 0x7883, 0x791b, 0x7939, 0x7944, 0x7956, 0x79c3, 0x7a1f, 0x7a75, 0x7a92, 0x7a9b, 0x7ac9,
    0x7ae0, 0x7aea, 0x7bbc, 0x7c44, 0x7c6b, 0x7d8a, 0x7df0, 0x7e08, 0x7e18, 0x7e1c, 0x7e25, 0x7e28,
    0x7e30, 0x7e33, 0x7e36, 0x7e5f, 0x7e72, 0x7e9a, 0x7eb7, 0x7f44, 0x7f9d, 0x8015, 0x8063, 0x8133,
    0x8173, 0x81bb, 0x81f8, 0x823a, 0x8300, 0x8386, 0x8426, 0x8518, 0x8795, 0x87b1, 0x87f4, 0x880e,
    0x88c8, 0x88ca, 0x890a, 0x890f, 0x8911, 0x891b, 0x892c, 0x892f, 0x8949, 0x8aaf, 0x8aea, 0x8aed,
    0x8af7, 0x8af9, 0x8b01, 0x8b07, 0x8b08, 0x8b1a, 0x8b1e, 0x8b2e, 0x8b36, 0x8b38, 0x8b40, 0x8b44,
    0x8b4c, 0x8c6e, 0x8c6f, 0x8cce, 0x8cfc, 0x8eaf, 0x8eb5, 0x8ec6, 0x8eda, 0x8edc, 0x8f02, 0x8f10,
    0x8f19, 0x8f1a, 0x8f1d, 0x8f21, 0x8f22, 0x8f24, 0x8f27, 0x8f49, 0x8f4a, 0x8f52, 0x8f63, 0x8f68,
    0x9031, 0x9046, 0x9096, 0x9110, 0x9115, 0x9116, 0x9118, 0x93e8, 0x9447, 0x9449, 0x944a, 0x9462,
    0x9477, 0x94c8, 0x9536, 0x9537, 0x953b, 0x953d, 0x957d, 0x957e, 0x958f, 0x9596, 0x9599, 0x95ad,
    0x95b2, 0x95d8, 0x95d9, 0x9631, 0x9633, 0x9640, 0x9642, 0x9647, 0x9649, 0x96a2, 0x96ab, 0x973c,
    0x97be, 0x97c2, 0x97cd, 0x97da, 0x97e1, 0x97e5, 0x9817, 0x98df, 0x9e21, 0x9e69, 0xfe4a, 0xfe51,
    0xfe52, 0xfe55, 0xfe63, 0xfe68,
};

static const lv_font_fmt_txt_cmap_t cmaps[] = {
    {   /* ASCII */
        .range_start = 32, .range_length = 95, .glyph_id_start = 1,
        .unicode_list = NULL, .glyph_id_ofs_list = NULL, .list_length = 0,
        .type = LV_FONT_FMT_TXT_CMAP_FORMAT0_TINY
    },
    {   /* 汉字 / 全角标点 */
        .range_start = 183, .range_length = 65128, .glyph_id_start = 96,
        .unicode_list = unicode_list_1, .glyph_id_ofs_list = NULL, .list_length = 448,
        .type = LV_FONT_FMT_TXT_CMAP_SPARSE_TINY
    }
};

static const lv_font_fmt_txt_dsc_t font_dsc = {
    .glyph_bitmap = glyph_bitmap,
    .glyph_dsc = glyph_dsc,
    .cmaps = cmaps,
    .kern_dsc = NULL,
    .kern_scale = 0,
    .cmap_num = 2,
    .bpp = 4,
    .kern_classes = 0,
    .bitmap_format = 0
};

const lv_font_t font_cn14 = {
    .get_glyph_dsc = lv_font_get_glyph_dsc_fmt_txt,
    .get_glyph_bitmap = lv_font_get_bitmap_fmt_txt,
    .line_height = 17,
    .base_line = 3,
    .subpx = LV_FONT_SUBPX_NONE,
    .underline_position = -1,
    .underline_thickness = 1,
    .dsc = &font_dsc,
    .fallback = &font_cn_extra
};
