/*******************************************************************************
 * 由 NotoSansSC-VF.ttf 栅格化生成（16 px / 4 bpp），工具：tools/gen_cn_font.py
 * Glyphs: 687   Bitmap: 71523 bytes
 ******************************************************************************/

#include "lvgl.h"

LV_FONT_DECLARE(font_cn_extra);

static LV_ATTRIBUTE_LARGE_CONST const uint8_t glyph_bitmap[] = {
    0x08, 0x00, 0x80, 0x08, 0x00, 0x80, 0x08, 0x00, 0x80, 0x08, 0x00, 0x80, 0x06, 0x00, 0x00, 0x05,
    0x02, 0xd0, 0x90, 0x99, 0x09, 0x90, 0x97, 0x06, 0x00, 0x07, 0x00, 0x80, 0x00, 0x25, 0x00, 0x80,
    0x00, 0x43, 0x01, 0x70, 0x08, 0xb9, 0x89, 0xa6, 0x00, 0x70, 0x04, 0x30, 0x00, 0x80, 0x06, 0x20,
    0x00, 0x80, 0x07, 0x00, 0x38, 0xc8, 0x8c, 0x84, 0x00, 0x80, 0x08, 0x00, 0x01, 0x60, 0x08, 0x00,
    0x03, 0x50, 0x08, 0x00, 0x05, 0x30, 0x17, 0x00, 0x00, 0x08, 0x00, 0x00, 0x00, 0x80, 0x00, 0x00,
    0x8b, 0x87, 0x00, 0x73, 0x00, 0x33, 0x09, 0x00, 0x00, 0x00, 0x90, 0x00, 0x00, 0x03, 0x90, 0x00,
    0x00, 0x03, 0xa4, 0x00, 0x00, 0x00, 0x69, 0x00, 0x00, 0x00, 0x56, 0x00, 0x00, 0x00, 0x90, 0x00,
    0x00, 0x09, 0x17, 0x00, 0x04, 0x70, 0x38, 0x99, 0x70, 0x00, 0x08, 0x00, 0x00, 0x00, 0x80, 0x00,
    0x19, 0x89, 0x10, 0x00, 0x08, 0x00, 0x07, 0x20, 0x27, 0x00, 0x03, 0x50, 0x00, 0x80, 0x00, 0x80,
    0x00, 0x80, 0x00, 0x08, 0x00, 0x08, 0x00, 0x53, 0x00, 0x00, 0x80, 0x00, 0x80, 0x17, 0x06, 0x85,
    0x05, 0x50, 0x55, 0x07, 0x14, 0x60, 0x64, 0x06, 0x76, 0x02, 0x60, 0x80, 0x00, 0x80, 0x00, 0x00,
    0x80, 0x08, 0x00, 0x08, 0x00, 0x00, 0x35, 0x00, 0x80, 0x00, 0x80, 0x00, 0x08, 0x00, 0x08, 0x00,
    0x08, 0x00, 0x05, 0x30, 0x00, 0x64, 0x04, 0x50, 0x01, 0x70, 0x00, 0x00, 0x88, 0x80, 0x00, 0x19,
    0x94, 0x00, 0x00, 0x00, 0x71, 0x09, 0x00, 0x00, 0x00, 0x80, 0x08, 0x00, 0x00, 0x00, 0x80, 0x54,
    0x00, 0x00, 0x00, 0x67, 0x50, 0x00, 0x00, 0x00, 0x8c, 0x00, 0x00, 0x20, 0x08, 0x27, 0x20, 0x01,
    0x80, 0x63, 0x00, 0x90, 0x05, 0x30, 0x90, 0x00, 0x37, 0x09, 0x00, 0x90, 0x00, 0x05, 0xd3, 0x00,
    0x56, 0x00, 0x06, 0xc7, 0x00, 0x06, 0x98, 0x95, 0x04, 0x90, 0x99, 0x97, 0x00, 0x20, 0x06, 0x05,
    0x10, 0x70, 0x25, 0x06, 0x20, 0x80, 0x08, 0x00, 0x80, 0x08, 0x00, 0x80, 0x08, 0x00, 0x53, 0x01,
    0x60, 0x07, 0x00, 0x42, 0x00, 0x70, 0x01, 0x20, 0x07, 0x00, 0x16, 0x00, 0x70, 0x06, 0x20, 0x26,
    0x00, 0x80, 0x08, 0x00, 0x80, 0x08, 0x00, 0x80, 0x08, 0x03, 0x50, 0x61, 0x07, 0x03, 0x40, 0x70,
    0x01, 0x00, 0x00, 0x90, 0x04, 0x5a, 0x64, 0x06, 0xf6, 0x00, 0x93, 0x90, 0x02, 0x02, 0x00, 0x00,
    0x00, 0x70, 0x00, 0x00, 0x00, 0x09, 0x00, 0x00, 0x00, 0x00, 0x90, 0x00, 0x00, 0x00, 0x09, 0x00,
    0x00, 0x18, 0x88, 0xc8, 0x88, 0x10, 0x00, 0x09, 0x00, 0x00, 0x00, 0x00, 0x90, 0x00, 0x00, 0x00,
    0x09, 0x00, 0x00, 0x00, 0x00, 0x20, 0x00, 0x00, 0x02, 0x20, 0x8e, 0x00, 0x80, 0x64, 0x05, 0x00,
    0x39, 0x99, 0x50, 0x05, 0x02, 0xd0, 0x00, 0x00, 0x06, 0x20, 0x00, 0x00, 0x80, 0x00, 0x00, 0x26,
    0x00, 0x00, 0x07, 0x10, 0x00, 0x00, 0x80, 0x00, 0x00, 0x35, 0x00, 0x00, 0x07, 0x10, 0x00, 0x00,
    0x80, 0x00, 0x00, 0x35, 0x00, 0x00, 0x08, 0x00, 0x00, 0x00, 0x80, 0x00, 0x00, 0x44, 0x00, 0x00,
    0x08, 0x00, 0x00, 0x01, 0x80, 0x00, 0x00, 0x53, 0x00, 0x00, 0x08, 0x00, 0x00, 0x00, 0x02, 0x98,
    0x92, 0x00, 0xa0, 0x00, 0xa0, 0x55, 0x00, 0x05, 0x59, 0x10, 0x00, 0x18, 0x90, 0x00, 0x00, 0x99,
    0x00, 0x00, 0x09, 0x90, 0x00, 0x00, 0x99, 0x00, 0x00, 0x09, 0x81, 0x00, 0x01, 0x85, 0x50, 0x00,
    0x55, 0x0a, 0x10, 0x1a, 0x00, 0x29, 0x89, 0x20, 0x05, 0xab, 0x00, 0x00, 0x12, 0x90, 0x00, 0x00,
    0x08, 0x00, 0x00, 0x00, 0x80, 0x00, 0x00, 0x08, 0x00, 0x00, 0x00, 0x80, 0x00, 0x00, 0x08, 0x00,
    0x00, 0x00, 0x80, 0x00, 0x00, 0x08, 0x00, 0x00, 0x00, 0x80, 0x00, 0x00, 0x08, 0x00, 0x04, 0x88,
    0xc8, 0x82, 0x02, 0x98, 0x97, 0x00, 0x17, 0x00, 0x05, 0x50, 0x00, 0x00, 0x00, 0x90, 0x00, 0x00,
    0x00, 0x90, 0x00, 0x00, 0x00, 0x90, 0x00, 0x00, 0x04, 0x50, 0x00, 0x00, 0x09, 0x00, 0x00, 0x00,
    0x63, 0x00, 0x00, 0x04, 0x60, 0x00, 0x00, 0x38, 0x00, 0x00, 0x03, 0x80, 0x00, 0x00, 0x2d, 0x88,
    0x88, 0x83, 0x03, 0x98, 0x98, 0x00, 0x70, 0x00, 0x38, 0x00, 0x00, 0x00, 0xa0, 0x00, 0x00, 0x19,
    0x00, 0x00, 0x29, 0x20, 0x04, 0xbe, 0x30, 0x00, 0x00, 0x2a, 0x10, 0x00, 0x00, 0x19, 0x00, 0x00,
    0x00, 0x90, 0x00, 0x00, 0x09, 0x65, 0x00, 0x06, 0x40, 0x58, 0x89, 0x60, 0x00, 0x00, 0x1a, 0x00,
    0x00, 0x00, 0x89, 0x00, 0x00, 0x02, 0x88, 0x00, 0x00, 0x0a, 0x18, 0x00, 0x00, 0x55, 0x08, 0x00,
    0x01, 0x90, 0x08, 0x00, 0x08, 0x20, 0x08, 0x00, 0x36, 0x00, 0x08, 0x00, 0x88, 0x88, 0x8f, 0x84,
    0x00, 0x00, 0x08, 0x00, 0x00, 0x00, 0x08, 0x00, 0x00, 0x00, 0x08, 0x00, 0x00, 0xb8, 0x88, 0x82,
    0x00, 0x80, 0x00, 0x00, 0x01, 0x80, 0x00, 0x00, 0x02, 0x60, 0x00, 0x00, 0x03, 0x89, 0x99, 0x20,
    0x01, 0x60, 0x01, 0xb2, 0x00, 0x00, 0x00, 0x29, 0x00, 0x00, 0x00, 0x0a, 0x00, 0x00, 0x00, 0x09,
    0x00, 0x00, 0x00, 0x18, 0x19, 0x10, 0x00, 0x92, 0x02, 0x88, 0x89, 0x20, 0x00, 0x79, 0x99, 0x20,
    0x83, 0x00, 0x12, 0x27, 0x00, 0x00, 0x07, 0x20, 0x00, 0x00, 0x90, 0x67, 0x83, 0x0a, 0x82, 0x00,
    0x82, 0xb1, 0x00, 0x01, 0x89, 0x00, 0x00, 0x0a, 0x90, 0x00, 0x00, 0x95, 0x50, 0x00, 0x18, 0x0a,
    0x10, 0x08, 0x20, 0x19, 0x99, 0x40, 0x48, 0x88, 0x88, 0xc1, 0x00, 0x00, 0x02, 0x60, 0x00, 0x00,
    0x08, 0x00, 0x00, 0x00, 0x36, 0x00, 0x00, 0x00, 0x81, 0x00, 0x00, 0x00, 0x90, 0x00, 0x00, 0x03,
    0x60, 0x00, 0x00, 0x06, 0x30, 0x00, 0x00, 0x09, 0x10, 0x00, 0x00, 0x0a, 0x00, 0x00, 0x00, 0x0a,
    0x00, 0x00, 0x00, 0x0a, 0x00, 0x00, 0x00, 0x88, 0x87, 0x00, 0x74, 0x00, 0x56, 0x09, 0x00, 0x00,
    0x90, 0x80, 0x00, 0x08, 0x03, 0x50, 0x02, 0x50, 0x08, 0x82, 0x60, 0x07, 0x31, 0x7a, 0x06, 0x30,
    0x00, 0x56, 0x90, 0x00, 0x00, 0xa9, 0x00, 0x00, 0x09, 0x57, 0x00, 0x05, 0x60, 0x59, 0x88, 0x60,
    0x05, 0x88, 0x92, 0x04, 0x70, 0x01, 0xa0, 0x90, 0x00, 0x04, 0x59, 0x00, 0x00, 0x09, 0x90, 0x00,
    0x00, 0xa4, 0x80, 0x01, 0x8a, 0x04, 0x87, 0x61, 0x90, 0x00, 0x00, 0x09, 0x00, 0x00, 0x03, 0x60,
    0x00, 0x00, 0x82, 0x31, 0x00, 0x37, 0x01, 0x99, 0x87, 0x00, 0x2d, 0x00, 0x50, 0x00, 0x00, 0x00,
    0x00, 0x00, 0x00, 0x00, 0x00, 0x50, 0x2d, 0x00, 0x2d, 0x00, 0x50, 0x00, 0x00, 0x00, 0x00, 0x00,
    0x00, 0x00, 0x00, 0x30, 0x1f, 0x00, 0x90, 0x36, 0x04, 0x00, 0x00, 0x00, 0x00, 0x30, 0x00, 0x05,
    0x96, 0x01, 0x78, 0x40, 0x09, 0x72, 0x00, 0x00, 0x78, 0x40, 0x00, 0x00, 0x05, 0x96, 0x10, 0x00,
    0x00, 0x38, 0x80, 0x00, 0x00, 0x01, 0x38, 0x88, 0x88, 0x86, 0x00, 0x00, 0x00, 0x00, 0x00, 0x00,
    0x00, 0x00, 0x00, 0x00, 0x00, 0x00, 0x38, 0x88, 0x88, 0x86, 0x30, 0x00, 0x00, 0x06, 0x95, 0x00,
    0x00, 0x00, 0x49, 0x71, 0x00, 0x00, 0x02, 0x79, 0x00, 0x00, 0x48, 0x70, 0x16, 0x95, 0x00, 0x88,
    0x30, 0x00, 0x01, 0x00, 0x00, 0x00, 0x04, 0x88, 0x91, 0x05, 0x00, 0x28, 0x00, 0x00, 0x09, 0x00,
    0x00, 0x09, 0x00, 0x00, 0x63, 0x00, 0x01, 0x80, 0x00, 0x08, 0x10, 0x00, 0x08, 0x00, 0x00, 0x06,
    0x00, 0x00, 0x00, 0x00, 0x00, 0x05, 0x00, 0x00, 0x2d, 0x00, 0x00, 0x00, 0x27, 0x88, 0x85, 0x00,
    0x00, 0x00, 0x77, 0x10, 0x00, 0x49, 0x10, 0x00, 0x83, 0x00, 0x00, 0x00, 0x19, 0x00, 0x64, 0x00,
    0x00, 0x00, 0x00, 0x54, 0x18, 0x00, 0x07, 0x87, 0x50, 0x00, 0x85, 0x30, 0x09, 0x20, 0x2b, 0x00,
    0x08, 0x80, 0x05, 0x40, 0x01, 0x90, 0x00, 0x88, 0x00, 0x80, 0x00, 0x36, 0x00, 0x08, 0x80, 0x08,
    0x00, 0x06, 0x40, 0x05, 0x48, 0x00, 0x72, 0x03, 0xa6, 0x02, 0x80, 0x72, 0x01, 0x78, 0x60, 0x88,
    0x60, 0x02, 0x70, 0x00, 0x00, 0x00, 0x00, 0x00, 0x08, 0x30, 0x00, 0x00, 0x00, 0x00, 0x00, 0x08,
    0x61, 0x00, 0x17, 0x20, 0x00, 0x00, 0x03, 0x88, 0x88, 0x20, 0x00, 0x00, 0x00, 0x00, 0xb1, 0x00,
    0x00, 0x00, 0x36, 0x50, 0x00, 0x00, 0x08, 0x08, 0x00, 0x00, 0x00, 0x80, 0x71, 0x00, 0x00, 0x45,
    0x02, 0x60, 0x00, 0x08, 0x00, 0x09, 0x00, 0x00, 0x80, 0x00, 0x72, 0x00, 0x4c, 0x88, 0x8a, 0x80,
    0x08, 0x00, 0x00, 0x09, 0x00, 0x80, 0x00, 0x00, 0x72, 0x54, 0x00, 0x00, 0x02, 0x79, 0x00, 0x00,
    0x00, 0x0a, 0xb8, 0x88, 0x97, 0x00, 0x90, 0x00, 0x04, 0x70, 0x90, 0x00, 0x00, 0x90, 0x90, 0x00,
    0x00, 0x90, 0x90, 0x00, 0x08, 0x40, 0xb8, 0x89, 0xd8, 0x10, 0x90, 0x00, 0x03, 0x92, 0x90, 0x00,
    0x00, 0x18, 0x90, 0x00, 0x00, 0x09, 0x90, 0x00, 0x00, 0x09, 0x90, 0x00, 0x01, 0x93, 0xb8, 0x89,
    0x99, 0x30, 0x00, 0x49, 0x99, 0x92, 0x00, 0x58, 0x00, 0x01, 0x70, 0x19, 0x00, 0x00, 0x00, 0x06,
    0x30, 0x00, 0x00, 0x00, 0x90, 0x00, 0x00, 0x00, 0x09, 0x00, 0x00, 0x00, 0x00, 0xa0, 0x00, 0x00,
    0x00, 0x09, 0x00, 0x00, 0x00, 0x00, 0x63, 0x00, 0x00, 0x00, 0x01, 0xa0, 0x00, 0x00, 0x00, 0x05,
    0x80, 0x00, 0x08, 0x20, 0x04, 0x99, 0x99, 0x30, 0xb8, 0x88, 0x94, 0x00, 0x90, 0x00, 0x07, 0x60,
    0x90, 0x00, 0x00, 0x92, 0x90, 0x00, 0x00, 0x37, 0x90, 0x00, 0x00, 0x09, 0x90, 0x00, 0x00, 0x09,
    0x90, 0x00, 0x00, 0x09, 0x90, 0x00, 0x00, 0x09, 0x90, 0x00, 0x00, 0x37, 0x90, 0x00, 0x00, 0x92,
    0x90, 0x00, 0x07, 0x60, 0xb8, 0x88, 0x94, 0x00, 0xb8, 0x88, 0x88, 0x49, 0x00, 0x00, 0x00, 0x90,
    0x00, 0x00, 0x09, 0x00, 0x00, 0x00, 0x90, 0x00, 0x00, 0x0b, 0x88, 0x88, 0x40, 0x90, 0x00, 0x00,
    0x09, 0x00, 0x00, 0x00, 0x90, 0x00, 0x00, 0x09, 0x00, 0x00, 0x00, 0x90, 0x00, 0x00, 0x0b, 0x88,
    0x88, 0x85, 0xb8, 0x88, 0x88, 0x39, 0x00, 0x00, 0x00, 0x90, 0x00, 0x00, 0x09, 0x00, 0x00, 0x00,
    0x90, 0x00, 0x00, 0x0b, 0x88, 0x88, 0x40, 0x90, 0x00, 0x00, 0x09, 0x00, 0x00, 0x00, 0x90, 0x00,
    0x00, 0x09, 0x00, 0x00, 0x00, 0x90, 0x00, 0x00, 0x09, 0x00, 0x00, 0x00, 0x00, 0x29, 0x99, 0x97,
    0x00, 0x49, 0x10, 0x00, 0x35, 0x1a, 0x00, 0x00, 0x00, 0x06, 0x40, 0x00, 0x00, 0x00, 0x90, 0x00,
    0x00, 0x00, 0x0a, 0x00, 0x00, 0x00, 0x00, 0x90, 0x00, 0x06, 0x88, 0x99, 0x00, 0x00, 0x00, 0x09,
    0x64, 0x00, 0x00, 0x00, 0x91, 0xa0, 0x00, 0x00, 0x09, 0x04, 0x91, 0x00, 0x01, 0xa0, 0x03, 0x99,
    0x99, 0x81, 0x90, 0x00, 0x00, 0x09, 0x90, 0x00, 0x00, 0x09, 0x90, 0x00, 0x00, 0x09, 0x90, 0x00,
    0x00, 0x09, 0x90, 0x00, 0x00, 0x09, 0xb8, 0x88, 0x88, 0x8b, 0x90, 0x00, 0x00, 0x09, 0x90, 0x00,
    0x00, 0x09, 0x90, 0x00, 0x00, 0x09, 0x90, 0x00, 0x00, 0x09, 0x90, 0x00, 0x00, 0x09, 0x90, 0x00,
    0x00, 0x09, 0x99, 0x99, 0x99, 0x99, 0x99, 0x99, 0x00, 0x00, 0x09, 0x00, 0x00, 0x09, 0x00, 0x00,
    0x09, 0x00, 0x00, 0x09, 0x00, 0x00, 0x09, 0x00, 0x00, 0x09, 0x00, 0x00, 0x09, 0x00, 0x00, 0x09,
    0x00, 0x00, 0x09, 0x00, 0x00, 0x09, 0x72, 0x00, 0x46, 0x18, 0x99, 0x80, 0x90, 0x00, 0x00, 0x92,
    0x90, 0x00, 0x08, 0x30, 0x90, 0x00, 0x75, 0x00, 0x90, 0x05, 0x70, 0x00, 0x90, 0x3c, 0x00, 0x00,
    0x92, 0x96, 0x50, 0x00, 0xa9, 0x10, 0xa0, 0x00, 0xb2, 0x00, 0x47, 0x00, 0x90, 0x00, 0x0a, 0x10,
    0x90, 0x00, 0x03, 0x80, 0x90, 0x00, 0x00, 0x92, 0x90, 0x00, 0x00, 0x19, 0x90, 0x00, 0x00, 0x09,
    0x00, 0x00, 0x00, 0x90, 0x00, 0x00, 0x09, 0x00, 0x00, 0x00, 0x90, 0x00, 0x00, 0x09, 0x00, 0x00,
    0x00, 0x90, 0x00, 0x00, 0x09, 0x00, 0x00, 0x00, 0x90, 0x00, 0x00, 0x09, 0x00, 0x00, 0x00, 0x90,
    0x00, 0x00, 0x0b, 0x88, 0x88, 0x82, 0xb5, 0x00, 0x00, 0x05, 0xb8, 0x90, 0x00, 0x00, 0x88, 0x88,
    0x10, 0x00, 0x17, 0x88, 0x45, 0x00, 0x05, 0x38, 0x80, 0x80, 0x00, 0x80, 0x88, 0x08, 0x10, 0x07,
    0x08, 0x80, 0x45, 0x05, 0x30, 0x88, 0x00, 0x80, 0x80, 0x08, 0x80, 0x08, 0x17, 0x00, 0x88, 0x00,
    0x3a, 0x30, 0x08, 0x80, 0x00, 0x80, 0x00, 0x88, 0x00, 0x00, 0x00, 0x08, 0xb2, 0x00, 0x00, 0x08,
    0x89, 0x00, 0x00, 0x08, 0x85, 0x50, 0x00, 0x08, 0x80, 0xa0, 0x00, 0x08, 0x80, 0x37, 0x00, 0x08,
    0x80, 0x09, 0x10, 0x08, 0x80, 0x02, 0x90, 0x08, 0x80, 0x00, 0x73, 0x08, 0x80, 0x00, 0x0a, 0x08,
    0x80, 0x00, 0x05, 0x58, 0x80, 0x00, 0x00, 0x98, 0x80, 0x00, 0x00, 0x3b, 0x00, 0x39, 0x99, 0x93,
    0x00, 0x05, 0x80, 0x00, 0x08, 0x50, 0x19, 0x00, 0x00, 0x00, 0x91, 0x63, 0x00, 0x00, 0x00, 0x36,
    0x90, 0x00, 0x00, 0x00, 0x09, 0x90, 0x00, 0x00, 0x00, 0x09, 0x90, 0x00, 0x00, 0x00, 0x09, 0x90,
    0x00, 0x00, 0x00, 0x09, 0x63, 0x00, 0x00, 0x00, 0x46, 0x19, 0x00, 0x00, 0x00, 0x91, 0x04, 0x80,
    0x00, 0x08, 0x40, 0x00, 0x39, 0x99, 0x93, 0x00, 0xb8, 0x89, 0x96, 0x09, 0x00, 0x00, 0x66, 0x90,
    0x00, 0x00, 0xa9, 0x00, 0x00, 0x0a, 0x90, 0x00, 0x01, 0x99, 0x00, 0x01, 0xa3, 0xb8, 0x89, 0x82,
    0x09, 0x00, 0x00, 0x00, 0x90, 0x00, 0x00, 0x09, 0x00, 0x00, 0x00, 0x90, 0x00, 0x00, 0x09, 0x00,
    0x00, 0x00, 0x00, 0x39, 0x99, 0x93, 0x00, 0x05, 0x80, 0x00, 0x08, 0x50, 0x19, 0x00, 0x00, 0x00,
    0x91, 0x63, 0x00, 0x00, 0x00, 0x36, 0x90, 0x00, 0x00, 0x00, 0x09, 0x90, 0x00, 0x00, 0x00, 0x09,
    0x90, 0x00, 0x00, 0x00, 0x09, 0x90, 0x00, 0x00, 0x00, 0x09, 0x63, 0x00, 0x00, 0x00, 0x46, 0x19,
    0x00, 0x00, 0x00, 0x91, 0x04, 0x80, 0x00, 0x08, 0x40, 0x00, 0x39, 0xa9, 0x93, 0x00, 0x00, 0x00,
    0x29, 0x00, 0x00, 0x00, 0x00, 0x07, 0x70, 0x00, 0x00, 0x00, 0x00, 0x49, 0x97, 0xb8, 0x89, 0x97,
    0x09, 0x00, 0x00, 0x66, 0x90, 0x00, 0x00, 0xa9, 0x00, 0x00, 0x0a, 0x90, 0x00, 0x01, 0x99, 0x00,
    0x01, 0xa3, 0xb8, 0x8d, 0x82, 0x09, 0x00, 0x55, 0x00, 0x90, 0x00, 0xa1, 0x09, 0x00, 0x03, 0x70,
    0x90, 0x00, 0x08, 0x29, 0x00, 0x00, 0x19, 0x00, 0x79, 0x99, 0x50, 0x07, 0x40, 0x00, 0x62, 0x09,
    0x00, 0x00, 0x00, 0x09, 0x00, 0x00, 0x00, 0x03, 0xa1, 0x00, 0x00, 0x00, 0x29, 0x82, 0x00, 0x00,
    0x00, 0x29, 0x70, 0x00, 0x00, 0x00, 0x56, 0x00, 0x00, 0x00, 0x09, 0x00, 0x00, 0x00, 0x09, 0x29,
    0x10, 0x00, 0x75, 0x02, 0x99, 0x99, 0x50, 0x48, 0x88, 0xc8, 0x88, 0x50, 0x00, 0x09, 0x00, 0x00,
    0x00, 0x00, 0x90, 0x00, 0x00, 0x00, 0x09, 0x00, 0x00, 0x00, 0x00, 0x90, 0x00, 0x00, 0x00, 0x09,
    0x00, 0x00, 0x00, 0x00, 0x90, 0x00, 0x00, 0x00, 0x09, 0x00, 0x00, 0x00, 0x00, 0x90, 0x00, 0x00,
    0x00, 0x09, 0x00, 0x00, 0x00, 0x00, 0x90, 0x00, 0x00, 0x00, 0x09, 0x00, 0x00, 0x90, 0x00, 0x00,
    0x08, 0x90, 0x00, 0x00, 0x08, 0x90, 0x00, 0x00, 0x08, 0x90, 0x00, 0x00, 0x08, 0x90, 0x00, 0x00,
    0x08, 0x90, 0x00, 0x00, 0x08, 0x90, 0x00, 0x00, 0x08, 0x90, 0x00, 0x00, 0x09, 0x90, 0x00, 0x00,
    0x09, 0x73, 0x00, 0x00, 0x27, 0x1a, 0x10, 0x01, 0xa1, 0x03, 0xa9, 0x89, 0x20, 0x90, 0x00, 0x00,
    0x05, 0x46, 0x30, 0x00, 0x00, 0x90, 0x18, 0x00, 0x00, 0x08, 0x00, 0x90, 0x00, 0x04, 0x40, 0x07,
    0x20, 0x00, 0x80, 0x00, 0x27, 0x00, 0x08, 0x00, 0x00, 0x80, 0x03, 0x50, 0x00, 0x07, 0x10, 0x71,
    0x00, 0x00, 0x26, 0x08, 0x00, 0x00, 0x00, 0x82, 0x60, 0x00, 0x00, 0x07, 0x71, 0x00, 0x00, 0x00,
    0x3b, 0x00, 0x00, 0x54, 0x00, 0x00, 0xa3, 0x00, 0x00, 0x92, 0x70, 0x00, 0x08, 0x70, 0x00, 0x08,
    0x09, 0x00, 0x04, 0x48, 0x00, 0x03, 0x50, 0x90, 0x00, 0x71, 0x80, 0x00, 0x72, 0x07, 0x20, 0x08,
    0x05, 0x40, 0x08, 0x00, 0x45, 0x01, 0x70, 0x17, 0x00, 0x80, 0x01, 0x80, 0x44, 0x00, 0x90, 0x17,
    0x00, 0x08, 0x08, 0x00, 0x08, 0x14, 0x40, 0x00, 0x80, 0x80, 0x00, 0x44, 0x71, 0x00, 0x05, 0x37,
    0x00, 0x01, 0x77, 0x00, 0x00, 0x2a, 0x30, 0x00, 0x08, 0x70, 0x00, 0x00, 0xc0, 0x00, 0x00, 0x75,
    0x00, 0x37, 0x00, 0x00, 0x27, 0x08, 0x10, 0x00, 0x81, 0x01, 0x80, 0x03, 0x50, 0x00, 0x62, 0x08,
    0x00, 0x00, 0x08, 0x53, 0x00, 0x00, 0x05, 0x90, 0x00, 0x00, 0x07, 0x90, 0x00, 0x00, 0x26, 0x36,
    0x00, 0x00, 0x80, 0x08, 0x10, 0x04, 0x50, 0x01, 0x80, 0x09, 0x00, 0x00, 0x72, 0x63, 0x00, 0x00,
    0x19, 0x18, 0x00, 0x00, 0x07, 0x10, 0x81, 0x00, 0x01, 0x70, 0x01, 0x80, 0x00, 0x71, 0x00, 0x08,
    0x10, 0x17, 0x00, 0x00, 0x17, 0x07, 0x10, 0x00, 0x00, 0x71, 0x70, 0x00, 0x00, 0x02, 0xc2, 0x00,
    0x00, 0x00, 0x09, 0x00, 0x00, 0x00, 0x00, 0x90, 0x00, 0x00, 0x00, 0x09, 0x00, 0x00, 0x00, 0x00,
    0x90, 0x00, 0x00, 0x00, 0x09, 0x00, 0x00, 0x38, 0x88, 0x88, 0xb6, 0x00, 0x00, 0x00, 0x90, 0x00,
    0x00, 0x06, 0x30, 0x00, 0x00, 0x18, 0x00, 0x00, 0x00, 0x81, 0x00, 0x00, 0x04, 0x50, 0x00, 0x00,
    0x09, 0x00, 0x00, 0x00, 0x72, 0x00, 0x00, 0x02, 0x70, 0x00, 0x00, 0x09, 0x10, 0x00, 0x00, 0x55,
    0x00, 0x00, 0x00, 0xc8, 0x88, 0x88, 0x85, 0x87, 0x67, 0x00, 0x70, 0x07, 0x00, 0x70, 0x07, 0x00,
    0x70, 0x07, 0x00, 0x70, 0x07, 0x00, 0x70, 0x07, 0x00, 0x70, 0x07, 0x00, 0x70, 0x06, 0x66, 0x80,
    0x00, 0x00, 0x06, 0x20, 0x00, 0x00, 0x17, 0x00, 0x00, 0x00, 0x80, 0x00, 0x00, 0x06, 0x20, 0x00,
    0x00, 0x17, 0x00, 0x00, 0x00, 0x80, 0x00, 0x00, 0x05, 0x30, 0x00, 0x00, 0x18, 0x00, 0x00, 0x00,
    0x80, 0x00, 0x00, 0x04, 0x40, 0x00, 0x00, 0x08, 0x00, 0x00, 0x00, 0x80, 0x00, 0x00, 0x04, 0x50,
    0x00, 0x00, 0x08, 0x00, 0x00, 0x00, 0x81, 0x67, 0x90, 0x07, 0x00, 0x70, 0x07, 0x00, 0x70, 0x07,
    0x00, 0x70, 0x07, 0x00, 0x70, 0x07, 0x00, 0x70, 0x07, 0x00, 0x70, 0x07, 0x00, 0x76, 0x66, 0x00,
    0x59, 0x00, 0x00, 0x08, 0x71, 0x00, 0x02, 0x62, 0x60, 0x00, 0x71, 0x08, 0x00, 0x08, 0x00, 0x53,
    0x03, 0x50, 0x01, 0x80, 0x80, 0x00, 0x08, 0x00, 0x79, 0x99, 0x99, 0x99, 0x50, 0x05, 0x00, 0x07,
    0x40, 0x00, 0x82, 0x00, 0x03, 0x05, 0x88, 0x88, 0x02, 0x40, 0x00, 0x46, 0x00, 0x00, 0x00, 0x90,
    0x00, 0x25, 0x7a, 0x06, 0x86, 0x31, 0x86, 0x40, 0x00, 0x08, 0x90, 0x00, 0x00, 0x89, 0x10, 0x00,
    0x6a, 0x19, 0x88, 0x82, 0x80, 0x40, 0x00, 0x00, 0x08, 0x00, 0x00, 0x00, 0x80, 0x00, 0x00, 0x08,
    0x00, 0x00, 0x00, 0x80, 0x00, 0x00, 0x08, 0x38, 0x89, 0x50, 0xa6, 0x00, 0x08, 0x38, 0x00, 0x00,
    0x18, 0x80, 0x00, 0x00, 0x98, 0x00, 0x00, 0x09, 0x80, 0x00, 0x00, 0x98, 0x00, 0x00, 0x36, 0xa3,
    0x00, 0x1a, 0x18, 0x59, 0x89, 0x20, 0x01, 0x88, 0x88, 0x11, 0xa1, 0x00, 0x22, 0x64, 0x00, 0x00,
    0x09, 0x00, 0x00, 0x00, 0x90, 0x00, 0x00, 0x09, 0x00, 0x00, 0x00, 0x73, 0x00, 0x00, 0x01, 0xa1,
    0x00, 0x14, 0x02, 0x98, 0x88, 0x10, 0x00, 0x00, 0x00, 0x40, 0x00, 0x00, 0x08, 0x00, 0x00, 0x00,
    0x80, 0x00, 0x00, 0x08, 0x00, 0x00, 0x00, 0x80, 0x29, 0x88, 0x69, 0x1a, 0x10, 0x03, 0xa7, 0x40,
    0x00, 0x08, 0x90, 0x00, 0x00, 0x89, 0x00, 0x00, 0x08, 0x90, 0x00, 0x00, 0x88, 0x20, 0x00, 0x08,
    0x2a, 0x00, 0x05, 0xa0, 0x49, 0x88, 0x38, 0x02, 0x98, 0x95, 0x01, 0xa1, 0x00, 0x83, 0x73, 0x00,
    0x01, 0x89, 0x00, 0x00, 0x09, 0xb8, 0x88, 0x88, 0x89, 0x00, 0x00, 0x00, 0x73, 0x00, 0x00, 0x01,
    0xa1, 0x00, 0x01, 0x02, 0x98, 0x98, 0x20, 0x01, 0x88, 0x20, 0x82, 0x00, 0x08, 0x00, 0x00, 0x80,
    0x00, 0x08, 0x00, 0x07, 0xf8, 0x60, 0x08, 0x00, 0x00, 0x80, 0x00, 0x08, 0x00, 0x00, 0x80, 0x00,
    0x08, 0x00, 0x00, 0x80, 0x00, 0x08, 0x00, 0x00, 0x80, 0x00, 0x05, 0x88, 0xbf, 0x85, 0x56, 0x00,
    0x05, 0x70, 0x90, 0x00, 0x00, 0x90, 0x80, 0x00, 0x00, 0x90, 0x14, 0x00, 0x09, 0x40, 0x03, 0x87,
    0x94, 0x00, 0x09, 0x00, 0x00, 0x00, 0x09, 0x00, 0x00, 0x00, 0x04, 0xb9, 0x99, 0x61, 0x39, 0x00,
    0x00, 0x48, 0xb4, 0x00, 0x00, 0x08, 0x98, 0x00, 0x00, 0x64, 0x08, 0xa8, 0x88, 0x40, 0x80, 0x00,
    0x00, 0x80, 0x00, 0x00, 0x80, 0x00, 0x00, 0x80, 0x00, 0x00, 0x82, 0x88, 0x91, 0xa7, 0x00, 0x27,
    0x90, 0x00, 0x08, 0x80, 0x00, 0x08, 0x80, 0x00, 0x08, 0x80, 0x00, 0x08, 0x80, 0x00, 0x08, 0x80,
    0x00, 0x08, 0x80, 0x00, 0x08, 0x77, 0x21, 0x00, 0x80, 0x80, 0x80, 0x80, 0x80, 0x80, 0x80, 0x80,
    0x80, 0x00, 0x86, 0x00, 0x21, 0x00, 0x00, 0x00, 0x80, 0x00, 0x80, 0x00, 0x80, 0x00, 0x80, 0x00,
    0x80, 0x00, 0x80, 0x00, 0x80, 0x00, 0x80, 0x00, 0x80, 0x00, 0x80, 0x00, 0x90, 0x00, 0x90, 0x78,
    0x40, 0x80, 0x00, 0x00, 0x08, 0x00, 0x00, 0x00, 0x80, 0x00, 0x00, 0x08, 0x00, 0x00, 0x00, 0x80,
    0x00, 0x46, 0x08, 0x00, 0x19, 0x00, 0x80, 0x09, 0x10, 0x08, 0x08, 0x40, 0x00, 0x84, 0x69, 0x00,
    0x0a, 0x80, 0x54, 0x00, 0xa0, 0x00, 0x90, 0x08, 0x00, 0x03, 0x60, 0x80, 0x00, 0x08, 0x10, 0x40,
    0x80, 0x80, 0x80, 0x80, 0x80, 0x80, 0x80, 0x80, 0x80, 0x80, 0x80, 0x80, 0x84, 0x72, 0x88, 0x91,
    0x28, 0x89, 0x1a, 0x60, 0x03, 0x97, 0x00, 0x37, 0x90, 0x00, 0x0a, 0x00, 0x00, 0x88, 0x00, 0x00,
    0x90, 0x00, 0x08, 0x80, 0x00, 0x08, 0x00, 0x00, 0x88, 0x00, 0x00, 0x80, 0x00, 0x08, 0x80, 0x00,
    0x08, 0x00, 0x00, 0x88, 0x00, 0x00, 0x80, 0x00, 0x08, 0x80, 0x00, 0x08, 0x00, 0x00, 0x80, 0x72,
    0x88, 0x91, 0xa6, 0x00, 0x27, 0x90, 0x00, 0x08, 0x80, 0x00, 0x08, 0x80, 0x00, 0x08, 0x80, 0x00,
    0x08, 0x80, 0x00, 0x08, 0x80, 0x00, 0x08, 0x80, 0x00, 0x08, 0x01, 0x98, 0x89, 0x10, 0x1a, 0x10,
    0x01, 0xa1, 0x64, 0x00, 0x00, 0x47, 0x90, 0x00, 0x00, 0x09, 0x90, 0x00, 0x00, 0x09, 0x90, 0x00,
    0x00, 0x09, 0x73, 0x00, 0x00, 0x36, 0x1a, 0x10, 0x01, 0xa1, 0x01, 0x98, 0x89, 0x10, 0x83, 0x98,
    0x95, 0x0b, 0x60, 0x00, 0x82, 0x80, 0x00, 0x01, 0x88, 0x00, 0x00, 0x09, 0x80, 0x00, 0x00, 0x98,
    0x00, 0x00, 0x09, 0x80, 0x00, 0x03, 0x6a, 0x30, 0x01, 0xa1, 0x85, 0x98, 0x92, 0x08, 0x00, 0x00,
    0x00, 0x80, 0x00, 0x00, 0x08, 0x00, 0x00, 0x00, 0x80, 0x00, 0x00, 0x00, 0x01, 0x98, 0x86, 0x81,
    0xa1, 0x00, 0x3a, 0x64, 0x00, 0x00, 0x89, 0x00, 0x00, 0x08, 0x90, 0x00, 0x00, 0x89, 0x00, 0x00,
    0x08, 0x82, 0x00, 0x00, 0x82, 0xa0, 0x00, 0x5a, 0x04, 0x98, 0x83, 0x80, 0x00, 0x00, 0x08, 0x00,
    0x00, 0x00, 0x80, 0x00, 0x00, 0x08, 0x00, 0x00, 0x00, 0x80, 0x83, 0x99, 0x09, 0x70, 0x00, 0xa1,
    0x00, 0x08, 0x00, 0x00, 0x80, 0x00, 0x08, 0x00, 0x00, 0x80, 0x00, 0x08, 0x00, 0x00, 0x80, 0x00,
    0x00, 0x01, 0x98, 0x88, 0x10, 0x81, 0x00, 0x11, 0x09, 0x00, 0x00, 0x00, 0x49, 0x20, 0x00, 0x00,
    0x17, 0x94, 0x00, 0x00, 0x00, 0x76, 0x00, 0x00, 0x00, 0x91, 0x60, 0x00, 0x28, 0x04, 0x98, 0x88,
    0x10, 0x00, 0x40, 0x00, 0x00, 0x80, 0x00, 0x00, 0x80, 0x00, 0x18, 0xc8, 0x82, 0x00, 0x80, 0x00,
    0x00, 0x80, 0x00, 0x00, 0x80, 0x00, 0x00, 0x80, 0x00, 0x00, 0x80, 0x00, 0x00, 0x80, 0x00, 0x00,
    0x80, 0x00, 0x00, 0x39, 0x83, 0x90, 0x00, 0x08, 0x90, 0x00, 0x08, 0x90, 0x00, 0x08, 0x90, 0x00,
    0x08, 0x90, 0x00, 0x08, 0x90, 0x00, 0x08, 0x90, 0x00, 0x09, 0x72, 0x00, 0x7a, 0x19, 0x88, 0x28,
    0x91, 0x00, 0x00, 0x81, 0x45, 0x00, 0x00, 0x90, 0x09, 0x00, 0x03, 0x60, 0x08, 0x10, 0x08, 0x10,
    0x03, 0x60, 0x08, 0x00, 0x00, 0x80, 0x45, 0x00, 0x00, 0x71, 0x80, 0x00, 0x00, 0x26, 0x80, 0x00,
    0x00, 0x0b, 0x40, 0x00, 0x73, 0x00, 0x08, 0x70, 0x00, 0x45, 0x27, 0x00, 0x08, 0x80, 0x00, 0x81,
    0x09, 0x00, 0x26, 0x81, 0x00, 0x90, 0x08, 0x00, 0x62, 0x44, 0x01, 0x70, 0x05, 0x40, 0x70, 0x18,
    0x05, 0x30, 0x01, 0x80, 0x70, 0x08, 0x08, 0x00, 0x00, 0x83, 0x50, 0x07, 0x18, 0x00, 0x00, 0x77,
    0x10, 0x03, 0x76, 0x00, 0x00, 0x3b, 0x00, 0x00, 0xd2, 0x00, 0x36, 0x00, 0x06, 0x20, 0x81, 0x01,
    0x70, 0x01, 0x80, 0x81, 0x00, 0x05, 0x75, 0x00, 0x00, 0x1d, 0x10, 0x00, 0x08, 0x27, 0x00, 0x03,
    0x50, 0x73, 0x00, 0x90, 0x00, 0x90, 0x73, 0x00, 0x04, 0x60, 0x91, 0x00, 0x00, 0x72, 0x36, 0x00,
    0x00, 0x90, 0x09, 0x00, 0x02, 0x70, 0x07, 0x20, 0x07, 0x20, 0x01, 0x70, 0x09, 0x00, 0x00, 0x80,
    0x27, 0x00, 0x00, 0x43, 0x62, 0x00, 0x00, 0x08, 0x80, 0x00, 0x00, 0x07, 0x70, 0x00, 0x00, 0x06,
    0x20, 0x00, 0x00, 0x08, 0x00, 0x00, 0x00, 0x54, 0x00, 0x00, 0x59, 0x60, 0x00, 0x00, 0x48, 0x88,
    0x8c, 0x00, 0x00, 0x06, 0x40, 0x00, 0x01, 0x80, 0x00, 0x00, 0x81, 0x00, 0x00, 0x55, 0x00, 0x00,
    0x18, 0x00, 0x00, 0x08, 0x10, 0x00, 0x04, 0x60, 0x00, 0x00, 0xc8, 0x88, 0x88, 0x10, 0x00, 0x47,
    0x40, 0x08, 0x00, 0x00, 0x70, 0x00, 0x07, 0x00, 0x00, 0x70, 0x00, 0x07, 0x00, 0x00, 0x80, 0x01,
    0xb4, 0x00, 0x01, 0x80, 0x00, 0x07, 0x00, 0x00, 0x70, 0x00, 0x07, 0x00, 0x00, 0x70, 0x00, 0x07,
    0x00, 0x00, 0x80, 0x00, 0x02, 0x74, 0x47, 0x77, 0x77, 0x77, 0x77, 0x77, 0x77, 0x77, 0x77, 0x70,
    0x47, 0x40, 0x00, 0x08, 0x00, 0x00, 0x70, 0x00, 0x07, 0x00, 0x00, 0x70, 0x00, 0x07, 0x00, 0x00,
    0x80, 0x00, 0x04, 0xc1, 0x00, 0x81, 0x00, 0x07, 0x00, 0x00, 0x70, 0x00, 0x07, 0x00, 0x00, 0x70,
    0x00, 0x07, 0x00, 0x00, 0x70, 0x04, 0x71, 0x00, 0x04, 0x96, 0x00, 0x01, 0x17, 0x05, 0x80, 0x35,
    0x01, 0x00, 0x38, 0x60, 0x6b, 0x3e, 0xfa, 0x8e, 0x50, 0x28, 0x88, 0x88, 0x88, 0x88, 0x88, 0x83,
    0x01, 0x27, 0x80, 0xda, 0xac, 0xa8, 0xce, 0x09, 0x63, 0x20, 0x01, 0x00, 0x12, 0x80, 0x27, 0x90,
    0x08, 0x0d, 0xb0, 0xda, 0xad, 0x0a, 0xc0, 0xa8, 0x0b, 0x8c, 0xe0, 0xde, 0x09, 0x00, 0x96, 0x30,
    0x73, 0x20, 0x02, 0x00, 0x73, 0x00, 0x03, 0x70, 0x00, 0x08, 0x2c, 0x60, 0x00, 0x6c, 0x00, 0x01,
    0xd4, 0x10, 0x00, 0x07, 0x50, 0x00, 0x06, 0x60, 0x00, 0x06, 0x60, 0x00, 0x06, 0x00, 0x1b, 0xca,
    0x0b, 0x30, 0x59, 0xc0, 0x00, 0xcb, 0x20, 0x49, 0x2b, 0xca, 0x10, 0x00, 0x00, 0x30, 0x21, 0x00,
    0x00, 0x70, 0x70, 0x00, 0x06, 0x13, 0x50, 0x00, 0x16, 0x07, 0x00, 0x00, 0x71, 0x44, 0x00, 0x02,
    0x60, 0x70, 0x00, 0x07, 0x05, 0x30, 0x00, 0x25, 0x07, 0x00, 0x00, 0x16, 0x07, 0x00, 0x00, 0x06,
    0x14, 0x40, 0x00, 0x01, 0x60, 0x70, 0x00, 0x00, 0x61, 0x35, 0x00, 0x00, 0x07, 0x07, 0x00, 0x00,
    0x05, 0x22, 0x50, 0x00, 0x00, 0x70, 0x71, 0x00, 0x00, 0x10, 0x11, 0x12, 0x03, 0x00, 0x00, 0x07,
    0x07, 0x00, 0x00, 0x05, 0x31, 0x60, 0x00, 0x00, 0x70, 0x61, 0x00, 0x00, 0x43, 0x16, 0x00, 0x00,
    0x07, 0x06, 0x10, 0x00, 0x03, 0x40, 0x70, 0x00, 0x00, 0x70, 0x52, 0x00, 0x00, 0x70, 0x61, 0x00,
    0x04, 0x31, 0x60, 0x00, 0x07, 0x06, 0x10, 0x00, 0x52, 0x16, 0x00, 0x00, 0x70, 0x70, 0x00, 0x06,
    0x22, 0x50, 0x00, 0x17, 0x07, 0x00, 0x00, 0x11, 0x01, 0x00, 0x00, 0x2b, 0xbb, 0xbb, 0xbb, 0xbb,
    0xbb, 0xbb, 0xb3, 0x0a, 0xbb, 0xbb, 0xbb, 0xbb, 0xbb, 0xb1, 0x00, 0x00, 0x00, 0x00, 0x00, 0x00,
    0x00, 0x00, 0x00, 0x00, 0x00, 0x00, 0x00, 0x00, 0x00, 0x00, 0x00, 0x00, 0x00, 0x00, 0x00, 0x00,
    0x00, 0x00, 0x00, 0x00, 0x00, 0x00, 0x00, 0xbb, 0xbb, 0xbb, 0xbb, 0xba, 0x00, 0x00, 0x00, 0x00,
    0x00, 0x00, 0x00, 0x00, 0x00, 0x00, 0x00, 0x00, 0x00, 0x00, 0x00, 0x00, 0x00, 0x00, 0x00, 0x00,
    0x00, 0x00, 0x00, 0x00, 0x00, 0x00, 0x00, 0x00, 0x00, 0x00, 0x00, 0x00, 0x00, 0x00, 0x00, 0x00,
    0x9b, 0xbb, 0xbb, 0xbb, 0xbb, 0xbb, 0xbb, 0x00, 0x00, 0x00, 0x02, 0x00, 0x00, 0x00, 0x00, 0x00,
    0x00, 0x00, 0x1f, 0x00, 0x00, 0x00, 0x00, 0x00, 0x00, 0x00, 0x1f, 0x00, 0x00, 0x00, 0x00, 0x00,
    0x00, 0x00, 0x1f, 0x00, 0x00, 0x00, 0x00, 0x00, 0x00, 0x00, 0x1f, 0x00, 0x00, 0x00, 0x00, 0x00,
    0x00, 0x00, 0x1f, 0x00, 0x00, 0x00, 0x00, 0x00, 0x00, 0x00, 0x1f, 0xbb, 0xbb, 0xbb, 0x30, 0x00,
    0x00, 0x00, 0x1f, 0x00, 0x00, 0x00, 0x00, 0x00, 0x00, 0x00, 0x1f, 0x00, 0x00, 0x00, 0x00, 0x00,
    0x00, 0x00, 0x1f, 0x00, 0x00, 0x00, 0x00, 0x00, 0x00, 0x00, 0x1f, 0x00, 0x00, 0x00, 0x00, 0x00,
    0x00, 0x00, 0x1f, 0x00, 0x00, 0x00, 0x00, 0x00, 0x00, 0x00, 0x1f, 0x00, 0x00, 0x00, 0x00, 0x00,
    0x00, 0x00, 0x1f, 0x00, 0x00, 0x00, 0x00, 0x5f, 0xff, 0xff, 0xff, 0xff, 0xff, 0xff, 0xf5, 0x00,
    0x00, 0x00, 0x00, 0x00, 0x00, 0x00, 0x00, 0x12, 0x22, 0x22, 0x22, 0x22, 0x22, 0x22, 0x20, 0x3b,
    0xbb, 0xbb, 0xbf, 0xbb, 0xbb, 0xbb, 0xb2, 0x00, 0x00, 0x00, 0x0b, 0x00, 0x00, 0x00, 0x00, 0x00,
    0x00, 0x00, 0x0b, 0x00, 0x00, 0x00, 0x00, 0x00, 0x00, 0x00, 0x0c, 0x30, 0x00, 0x00, 0x00, 0x00,
    0x00, 0x00, 0x0b, 0x47, 0x30, 0x00, 0x00, 0x00, 0x00, 0x00, 0x0b, 0x00, 0x57, 0x10, 0x00, 0x00,
    0x00, 0x00, 0x0b, 0x00, 0x01, 0x75, 0x00, 0x00, 0x00, 0x00, 0x0b, 0x00, 0x00, 0x03, 0x00, 0x00,
    0x00, 0x00, 0x0b, 0x00, 0x00, 0x00, 0x00, 0x00, 0x00, 0x00, 0x0b, 0x00, 0x00, 0x00, 0x00, 0x00,
    0x00, 0x00, 0x0b, 0x00, 0x00, 0x00, 0x00, 0x00, 0x00, 0x00, 0x0b, 0x00, 0x00, 0x00, 0x00, 0x00,
    0x00, 0x00, 0x0b, 0x00, 0x00, 0x00, 0x00, 0x0b, 0xbb, 0xbb, 0xbb, 0xef, 0xbb, 0xbb, 0x70, 0x00,
    0x00, 0x00, 0x09, 0x00, 0x00, 0x00, 0x00, 0x00, 0x00, 0x09, 0x30, 0x00, 0x00, 0x00, 0x00, 0x00,
    0x05, 0xc0, 0x20, 0x00, 0x00, 0x00, 0x00, 0x04, 0x57, 0x04, 0x71, 0x00, 0x00, 0x00, 0x06, 0x50,
    0x70, 0x01, 0x73, 0x00, 0x00, 0x17, 0x30, 0x07, 0x00, 0x00, 0x56, 0x00, 0x58, 0x10, 0x00, 0x70,
    0x00, 0x00, 0x37, 0x03, 0x00, 0x00, 0x07, 0x00, 0x00, 0x00, 0x00, 0x00, 0x00, 0x00, 0x70, 0x00,
    0x00, 0x00, 0x00, 0x00, 0x00, 0x07, 0x00, 0x00, 0x00, 0x00, 0x00, 0x00, 0x00, 0x70, 0x00, 0x00,
    0x00, 0x00, 0x00, 0x00, 0x07, 0x00, 0x00, 0x00, 0x00, 0x00, 0x00, 0x00, 0x10, 0x00, 0x00, 0x00,
    0x00, 0x00, 0x00, 0x70, 0x00, 0x00, 0x00, 0x00, 0x00, 0x04, 0x20, 0x00, 0x00, 0x00, 0x08, 0xbb,
    0xbf, 0xbb, 0xbb, 0xbb, 0x50, 0x00, 0x00, 0x16, 0x00, 0x00, 0x00, 0x00, 0xbb, 0xbb, 0xfd, 0xbb,
    0xbb, 0xbb, 0xb7, 0x00, 0x00, 0x70, 0x00, 0x00, 0x00, 0x00, 0x00, 0x02, 0x50, 0x00, 0x00, 0x00,
    0x00, 0x00, 0x0b, 0xcb, 0xbb, 0xbb, 0xbc, 0x00, 0x00, 0x00, 0x00, 0x00, 0x00, 0x73, 0x00, 0x00,
    0x00, 0x00, 0x00, 0x07, 0x30, 0x00, 0x00, 0x01, 0x00, 0x00, 0x73, 0x00, 0x00, 0x00, 0x02, 0x67,
    0x27, 0x30, 0x00, 0x00, 0x00, 0x00, 0x00, 0x6a, 0x40, 0x00, 0x00, 0x00, 0x00, 0x00, 0x00, 0x58,
    0x10, 0x00, 0x00, 0x00, 0x00, 0x00, 0x00, 0x00, 0x00, 0x00, 0x0b, 0xbb, 0xbb, 0xbb, 0xbb, 0x30,
    0x00, 0x00, 0xf0, 0x00, 0x00, 0x00, 0xb4, 0x00, 0x00, 0x0f, 0x00, 0x00, 0x00, 0x0b, 0x40, 0x00,
    0x00, 0xf0, 0x00, 0x00, 0x00, 0xb4, 0x00, 0x00, 0x0f, 0xbb, 0xbb, 0xbb, 0xbf, 0x40, 0x00, 0x00,
    0xf0, 0x00, 0x00, 0x00, 0xb4, 0x00, 0x00, 0x0f, 0x00, 0x00, 0x00, 0x0b, 0x40, 0x00, 0x00, 0xf0,
    0x00, 0x00, 0x00, 0xb4, 0x00, 0x00, 0x0f, 0x00, 0x00, 0x00, 0x0b, 0x40, 0x00, 0x00, 0xfb, 0xbb,
    0xbb, 0xbb, 0xf4, 0x00, 0x00, 0x0f, 0x00, 0x00, 0x00, 0x0b, 0x40, 0x00, 0x00, 0xf0, 0x00, 0x00,
    0x00, 0xb4, 0x00, 0x00, 0x0f, 0x00, 0x00, 0x00, 0x0b, 0x40, 0x0a, 0xff, 0xff, 0xff, 0xff, 0xff,
    0xff, 0xfc, 0x00, 0x00, 0x00, 0x01, 0x00, 0x00, 0x00, 0x00, 0x00, 0x08, 0x00, 0x0b, 0x00, 0x00,
    0xb0, 0x00, 0x00, 0x0b, 0x00, 0x0b, 0x00, 0x00, 0xb0, 0x00, 0x00, 0x0b, 0x00, 0x0b, 0x00, 0x00,
    0xb0, 0x00, 0x00, 0x0b, 0x00, 0x0b, 0x00, 0x00, 0xb0, 0x00, 0x3b, 0xbf, 0xbb, 0xbf, 0xbb, 0xbb,
    0xfb, 0xb5, 0x00, 0x0b, 0x00, 0x0b, 0x00, 0x00, 0xb0, 0x00, 0x00, 0x0b, 0x00, 0x0b, 0x00, 0x00,
    0xb0, 0x00, 0x00, 0x0b, 0x00, 0x0b, 0x00, 0x00, 0xb0, 0x00, 0x00, 0x0b, 0x00, 0x0b, 0x00, 0x00,
    0xb0, 0x00, 0x00, 0x0b, 0x00, 0x0a, 0xbb, 0xbb, 0xa0, 0x00, 0x00, 0x0b, 0x00, 0x00, 0x00, 0x00,
    0x00, 0x00, 0x00, 0x0b, 0x00, 0x00, 0x00, 0x00, 0x00, 0x00, 0x00, 0x0b, 0xbb, 0xbb, 0xbb, 0xbb,
    0xbb, 0x80, 0x00, 0x00, 0x00, 0x00, 0x00, 0x00, 0x00, 0x00, 0x00, 0x05, 0x30, 0x00, 0x00, 0x00,
    0x00, 0x00, 0x08, 0x00, 0x00, 0x00, 0x00, 0xbb, 0xbb, 0xff, 0xbb, 0xbb, 0xbb, 0xb1, 0x00, 0x00,
    0x80, 0x00, 0x00, 0x00, 0x00, 0x00, 0x05, 0x30, 0x05, 0x00, 0x00, 0x00, 0x00, 0x18, 0x00, 0x07,
    0x00, 0x00, 0x00, 0x00, 0x81, 0x00, 0x07, 0x00, 0x00, 0x00, 0x00, 0xdb, 0xbb, 0xbf, 0xbb, 0xbb,
    0x90, 0x00, 0x00, 0x00, 0x07, 0x00, 0x00, 0x00, 0x00, 0x07, 0x00, 0x07, 0x01, 0x60, 0x00, 0x00,
    0x72, 0x00, 0x07, 0x00, 0x26, 0x00, 0x06, 0x40, 0x00, 0x07, 0x00, 0x03, 0x50, 0x64, 0x00, 0x00,
    0x07, 0x00, 0x00, 0x52, 0x00, 0x00, 0x0a, 0xba, 0x00, 0x00, 0x00, 0x00, 0x00, 0x00, 0x00, 0x00,
    0x00, 0x00, 0x00, 0x00, 0x00, 0x02, 0x00, 0x00, 0x00, 0x00, 0x00, 0x00, 0x01, 0xd0, 0x00, 0x00,
    0x00, 0x00, 0x00, 0x00, 0x83, 0x60, 0x00, 0x00, 0x00, 0x00, 0x00, 0x82, 0x04, 0x40, 0x00, 0x00,
    0x00, 0x01, 0x81, 0x02, 0x04, 0x60, 0x00, 0x00, 0x02, 0x81, 0x00, 0xb0, 0x03, 0x81, 0x00, 0x06,
    0x60, 0x00, 0x0b, 0x00, 0x01, 0x75, 0x06, 0x20, 0x00, 0x00, 0xb0, 0x00, 0x00, 0x35, 0x00, 0x00,
    0x00, 0x0b, 0x00, 0x00, 0x00, 0x00, 0x00, 0x00, 0x00, 0xb0, 0x00, 0x00, 0x00, 0x00, 0x00, 0x00,
    0x0b, 0x00, 0x00, 0x00, 0x00, 0x00, 0x00, 0x00, 0xb0, 0x00, 0x00, 0x00, 0x00, 0x00, 0x00, 0x0b,
    0x00, 0x00, 0x00, 0x00, 0x00, 0x00, 0x00, 0xb0, 0x00, 0x00, 0x00, 0x00, 0x00, 0x00, 0x0b, 0x00,
    0x00, 0x00, 0x00, 0x00, 0x00, 0x00, 0x08, 0x00, 0x00, 0x00, 0x00, 0x00, 0x00, 0x0b, 0x00, 0x00,
    0x00, 0x00, 0x00, 0x00, 0x0b, 0x00, 0x00, 0x00, 0x3b, 0xbb, 0xbb, 0xbf, 0xbb, 0xbb, 0xba, 0x4b,
    0x00, 0x00, 0x0b, 0x00, 0x00, 0x0d, 0x4b, 0x00, 0x00, 0x0b, 0x00, 0x00, 0x0d, 0x4b, 0x00, 0x00,
    0x0b, 0x00, 0x00, 0x0d, 0x4b, 0x00, 0x00, 0x0b, 0x00, 0x00, 0x0d, 0x4b, 0x00, 0x00, 0x0b, 0x00,
    0x00, 0x0d, 0x4f, 0xbb, 0xbb, 0xbf, 0xbb, 0xbb, 0xbf, 0x4a, 0x00, 0x00, 0x0b, 0x00, 0x00, 0x0b,
    0x00, 0x00, 0x00, 0x0b, 0x00, 0x00, 0x00, 0x00, 0x00, 0x00, 0x0b, 0x00, 0x00, 0x00, 0x00, 0x00,
    0x00, 0x0b, 0x00, 0x00, 0x00, 0x00, 0x00, 0x00, 0x0b, 0x00, 0x00, 0x00, 0x00, 0x0f, 0xbb, 0xbb,
    0xbb, 0xbb, 0xf0, 0x00, 0x00, 0x0f, 0x00, 0x00, 0x00, 0x00, 0xe0, 0x00, 0x00, 0x0f, 0x00, 0x40,
    0x00, 0x00, 0xe0, 0x00, 0x00, 0x0f, 0x00, 0x47, 0x00, 0x00, 0xe0, 0x00, 0x00, 0x0f, 0x00, 0x03,
    0x80, 0x00, 0xe0, 0x00, 0x00, 0x0f, 0x00, 0x00, 0x26, 0x00, 0xe0, 0x00, 0x00, 0x1e, 0x00, 0x00,
    0x00, 0x00, 0xe0, 0x00, 0x5b, 0xdf, 0xbb, 0xbb, 0xbb, 0xbb, 0xfb, 0xb3, 0x00, 0x4b, 0x00, 0x00,
    0x00, 0x00, 0xe0, 0x00, 0x00, 0x68, 0x00, 0x00, 0x00, 0x00, 0xe0, 0x00, 0x00, 0xb3, 0x00, 0x00,
    0x00, 0x00, 0xe0, 0x00, 0x02, 0xb0, 0x00, 0x00, 0x00, 0x00, 0xe0, 0x00, 0x0a, 0x30, 0x00, 0x00,
    0x00, 0x00, 0xe0, 0x00, 0x64, 0x00, 0x00, 0x00, 0x1b, 0xbb, 0xa0, 0x00, 0x00, 0x00, 0x00, 0x00,
    0x00, 0x00, 0x00, 0x00, 0x00, 0x10, 0x00, 0x80, 0x00, 0x00, 0x00, 0x00, 0x63, 0x00, 0xc0, 0x00,
    0x00, 0x00, 0x00, 0x08, 0x10, 0xb0, 0x00, 0x00, 0x00, 0x00, 0x01, 0x10, 0xb0, 0x00, 0x00, 0x00,
    0x5b, 0xbb, 0xbc, 0xfb, 0xbb, 0xbb, 0xf3, 0x00, 0x00, 0x03, 0x90, 0x00, 0x00, 0x94, 0x00, 0x00,
    0x06, 0x50, 0x00, 0x00, 0xa3, 0x00, 0x00, 0x08, 0x03, 0x10, 0x00, 0xb2, 0x00, 0x00, 0x17, 0x00,
    0x70, 0x00, 0xc2, 0x00, 0x00, 0x72, 0x00, 0x26, 0x00, 0xd1, 0x00, 0x02, 0x70, 0x00, 0x05, 0x00,
    0xe0, 0x00, 0x19, 0x00, 0x00, 0x00, 0x00, 0xd0, 0x01, 0x91, 0x00, 0x00, 0x00, 0x02, 0xc0, 0x28,
    0x10, 0x00, 0x00, 0x00, 0x06, 0x90, 0x40, 0x00, 0x00, 0x00, 0x5b, 0xbd, 0x30, 0x00, 0x00, 0x00,
    0x00, 0x00, 0x00, 0x00, 0x00, 0x00, 0x00, 0x30, 0x00, 0x00, 0x00, 0x00, 0x00, 0x00, 0x02, 0x70,
    0x00, 0x00, 0x00, 0x00, 0x00, 0x00, 0x01, 0x80, 0x00, 0x00, 0x00, 0x23, 0x33, 0x33, 0x35, 0x53,
    0x33, 0x30, 0x09, 0xcc, 0xcc, 0xcf, 0xcc, 0xcc, 0xcc, 0x10, 0x00, 0x00, 0x00, 0xb0, 0x00, 0x00,
    0x00, 0x00, 0x00, 0x00, 0x0b, 0x00, 0x00, 0x00, 0x00, 0x00, 0x00, 0x00, 0xb0, 0x00, 0x00, 0x00,
    0x00, 0x00, 0x00, 0x0b, 0x00, 0x00, 0x00, 0x00, 0x1b, 0xbb, 0xbb, 0xfb, 0xbb, 0xbb, 0x60, 0x00,
    0x00, 0x00, 0x0b, 0x00, 0x00, 0x00, 0x00, 0x00, 0x00, 0x00, 0xb0, 0x00, 0x00, 0x00, 0x00, 0x00,
    0x00, 0x0b, 0x00, 0x00, 0x00, 0x00, 0x00, 0x00, 0x00, 0xb0, 0x00, 0x00, 0x00, 0x8f, 0xff, 0xff,
    0xff, 0xff, 0xff, 0xff, 0xd0, 0x00, 0x00, 0x00, 0x00, 0x00, 0x00, 0x00, 0x00, 0x00, 0x00, 0x40,
    0x00, 0x00, 0x00, 0x00, 0x00, 0x00, 0x44, 0x00, 0x00, 0x00, 0x00, 0x00, 0x8b, 0xbf, 0xbb, 0xbb,
    0xb9, 0x00, 0x00, 0x07, 0x00, 0x00, 0x00, 0x00, 0x70, 0x00, 0x00, 0x70, 0x00, 0x00, 0x00, 0x07,
    0x00, 0x00, 0x07, 0x00, 0x00, 0x01, 0x04, 0x50, 0x00, 0x00, 0x70, 0x00, 0x00, 0x8b, 0xa0, 0x00,
    0x00, 0x07, 0x00, 0x00, 0x00, 0x00, 0x00, 0x00, 0x00, 0x9b, 0xbb, 0xbb, 0xbb, 0xbb, 0xbf, 0x00,
    0x00, 0x00, 0x00, 0x00, 0x00, 0x00, 0xe0, 0x00, 0x00, 0x00, 0x00, 0x00, 0x00, 0x2d, 0x0b, 0xbb,
    0xbb, 0xbb, 0xbb, 0xbb, 0x34, 0xb0, 0x00, 0x00, 0x00, 0x00, 0x00, 0x00, 0x69, 0x00, 0x00, 0x00,
    0x00, 0x00, 0x00, 0x0a, 0x50, 0x00, 0x00, 0x00, 0x00, 0x0a, 0xbb, 0xc1, 0x00, 0x00, 0x00, 0x00,
    0x12, 0x34, 0x68, 0x87, 0x00, 0x00, 0x0f, 0xbb, 0xa9, 0x86, 0x31, 0x00, 0x00, 0x00, 0x19, 0x00,
    0x00, 0x50, 0x00, 0x00, 0x00, 0x00, 0x37, 0x00, 0x00, 0xb0, 0x00, 0x00, 0x00, 0x00, 0x63, 0x00,
    0x00, 0xb0, 0x00, 0x00, 0x00, 0x00, 0x80, 0x00, 0x00, 0xb0, 0x00, 0x00, 0x00, 0x00, 0xfb, 0xbb,
    0xbb, 0xfb, 0xbb, 0xbb, 0xb0, 0x00, 0x10, 0x00, 0x00, 0xb0, 0x00, 0x00, 0x00, 0x00, 0x00, 0x30,
    0x00, 0xb0, 0x01, 0x10, 0x00, 0x00, 0x05, 0x30, 0x00, 0xb0, 0x00, 0x71, 0x00, 0x00, 0x45, 0x00,
    0x00, 0xb0, 0x00, 0x08, 0x10, 0x04, 0x60, 0x00, 0x00, 0xb0, 0x00, 0x00, 0x81, 0x15, 0x00, 0x00,
    0x00, 0xb0, 0x00, 0x00, 0x13, 0x00, 0x00, 0x04, 0xbb, 0xa0, 0x00, 0x00, 0x00, 0x00, 0x00, 0x00,
    0x00, 0x00, 0x00, 0x00, 0x00, 0x00, 0x00, 0x00, 0x00, 0x20, 0x00, 0x00, 0x00, 0x00, 0x01, 0x00,
    0x00, 0xb0, 0x00, 0x00, 0x00, 0x00, 0x0b, 0x00, 0x00, 0xb0, 0x00, 0x00, 0x00, 0x00, 0x0b, 0x00,
    0x00, 0xb0, 0x00, 0x14, 0x00, 0x00, 0x0b, 0x00, 0x00, 0xb2, 0x67, 0x6c, 0x00, 0x00, 0x0b, 0x00,
    0x37, 0xf5, 0x10, 0x0b, 0x00, 0x00, 0x0f, 0x77, 0x40, 0xb0, 0x00, 0x1a, 0x00, 0x37, 0x6e, 0x00,
    0x00, 0xb0, 0x00, 0x19, 0x00, 0x00, 0x0b, 0x00, 0x00, 0xb0, 0x00, 0x37, 0x00, 0x00, 0x0b, 0x00,
    0x00, 0xb0, 0x00, 0x64, 0x00, 0x00, 0x0b, 0x00, 0x00, 0xb0, 0x77, 0x80, 0x00, 0x00, 0x0b, 0x00,
    0x00, 0xb0, 0x00, 0x00, 0x40, 0x00, 0x0b, 0x00, 0x00, 0x00, 0x00, 0x00, 0x80, 0x00, 0x0b, 0x20,
    0x00, 0x00, 0x00, 0x00, 0x90, 0x00, 0x04, 0xcb, 0xbb, 0xbb, 0xbb, 0xbb, 0x40, 0x00, 0x8b, 0xbb,
    0xbb, 0xbb, 0xbb, 0xb8, 0x00, 0x00, 0x00, 0x00, 0x00, 0x00, 0x00, 0x00, 0x00, 0x00, 0x00, 0x00,
    0x00, 0x00, 0x00, 0x00, 0x00, 0x00, 0x00, 0x00, 0x00, 0x00, 0x00, 0x00, 0x00, 0x00, 0x00, 0x00,
    0x00, 0x00, 0x00, 0x00, 0x00, 0x00, 0x00, 0x00, 0x00, 0x00, 0x00, 0x00, 0x00, 0x00, 0x00, 0x00,
    0x00, 0x00, 0x00, 0x00, 0x00, 0x00, 0x00, 0x00, 0x00, 0x00, 0x00, 0x00, 0x00, 0x00, 0x00, 0x00,
    0x00, 0x00, 0x00, 0x00, 0x00, 0x00, 0x00, 0x00, 0x00, 0x00, 0x00, 0x00, 0x00, 0x1b, 0xbb, 0xbb,
    0xbb, 0xbb, 0xbb, 0xbb, 0xb1, 0x01, 0x22, 0x22, 0x22, 0x22, 0x22, 0x20, 0x00, 0x9b, 0xbb, 0xbb,
    0xfb, 0xbb, 0xbb, 0x40, 0x00, 0x00, 0x00, 0x0b, 0x00, 0x00, 0x00, 0x00, 0x00, 0x00, 0x00, 0xb0,
    0x00, 0x00, 0x00, 0x00, 0x00, 0x00, 0x0b, 0x00, 0x00, 0x00, 0x00, 0x00, 0x00, 0x00, 0xb0, 0x00,
    0x00, 0x00, 0xbb, 0xbb, 0xbb, 0xbf, 0xbb, 0xbb, 0xbb, 0x50, 0x00, 0x00, 0x00, 0xb0, 0x00, 0x00,
    0x00, 0x00, 0x00, 0x00, 0x0b, 0x00, 0x00, 0x00, 0x00, 0x00, 0x00, 0x00, 0xb0, 0x00, 0x00, 0x00,
    0x00, 0x00, 0x00, 0x0b, 0x00, 0x00, 0x00, 0x00, 0x00, 0x00, 0x00, 0xb0, 0x00, 0x00, 0x00, 0x00,
    0x00, 0x00, 0x0b, 0x00, 0x00, 0x00, 0x00, 0x00, 0x4b, 0xbb, 0x80, 0x00, 0x00, 0x00, 0x04, 0xbb,
    0xbb, 0xbb, 0xbb, 0xbb, 0x40, 0x00, 0x00, 0x00, 0x00, 0x00, 0x00, 0x00, 0x00, 0x00, 0x00, 0x00,
    0x00, 0x00, 0x00, 0x00, 0x00, 0x00, 0x00, 0x00, 0x00, 0x00, 0xbb, 0xbb, 0xbe, 0xcb, 0xbb, 0xbb,
    0xbb, 0x00, 0x00, 0x09, 0x00, 0x00, 0x00, 0x00, 0x00, 0x00, 0x44, 0x00, 0x00, 0x00, 0x00, 0x00,
    0x00, 0x80, 0x00, 0x06, 0x20, 0x00, 0x00, 0x07, 0x20, 0x00, 0x00, 0x80, 0x00, 0x00, 0x27, 0x00,
    0x00, 0x00, 0x27, 0x00, 0x00, 0x80, 0x00, 0x00, 0x01, 0x39, 0x40, 0x09, 0x87, 0x77, 0x77, 0x76,
    0x43, 0x90, 0x02, 0x10, 0x00, 0x00, 0x00, 0x00, 0x24, 0x00, 0xde, 0xee, 0xff, 0xee, 0xee, 0xeb,
    0x00, 0x00, 0x00, 0x00, 0x34, 0x00, 0x00, 0x00, 0x00, 0x00, 0x00, 0x00, 0x52, 0x00, 0x00, 0x00,
    0x00, 0x00, 0x00, 0x00, 0x70, 0x00, 0x00, 0x00, 0x00, 0x00, 0x00, 0x00, 0x70, 0x00, 0x00, 0x00,
    0x00, 0x00, 0x1b, 0xbb, 0xfb, 0xbb, 0xbf, 0x40, 0x00, 0x00, 0x00, 0x00, 0x70, 0x00, 0x05, 0x20,
    0x00, 0x00, 0x00, 0x02, 0x50, 0x00, 0x06, 0x10, 0x00, 0x00, 0x00, 0x05, 0x20, 0x00, 0x07, 0x00,
    0x00, 0x00, 0x00, 0x07, 0x00, 0x00, 0x07, 0x00, 0x00, 0x00, 0x00, 0x07, 0x00, 0x00, 0x07, 0x00,
    0x00, 0x1b, 0xbb, 0xbf, 0xbb, 0xbb, 0xbf, 0xbb, 0xb1, 0x04, 0x44, 0x44, 0x44, 0x44, 0x44, 0x44,
    0x40, 0x14, 0x44, 0x44, 0x44, 0x44, 0x44, 0x44, 0x33, 0xbb, 0xbb, 0xfb, 0xbb, 0xfb, 0xbb, 0xb7,
    0x00, 0x00, 0x0b, 0x00, 0x0b, 0x00, 0x00, 0x00, 0x00, 0x00, 0xb0, 0x00, 0xb0, 0x00, 0x00, 0x04,
    0x00, 0x0b, 0x00, 0x0b, 0x00, 0x03, 0x00, 0x52, 0x00, 0xb0, 0x00, 0xb0, 0x00, 0x70, 0x00, 0x70,
    0x0b, 0x00, 0x0b, 0x00, 0x62, 0x00, 0x05, 0x30, 0xb0, 0x00, 0xb0, 0x26, 0x00, 0x00, 0x07, 0x0b,
    0x00, 0x0b, 0x07, 0x00, 0x00, 0x00, 0x10, 0xb0, 0x00, 0xb0, 0x10, 0x00, 0x00, 0x00, 0x0b, 0x00,
    0x0b, 0x00, 0x00, 0x00, 0x00, 0x00, 0xb0, 0x00, 0xb0, 0x00, 0x00, 0x7b, 0xbb, 0xbf, 0xbb, 0xbf,
    0xbb, 0xbb, 0xa3, 0x55, 0x55, 0x55, 0x55, 0x55, 0x55, 0x54, 0x00, 0x00, 0x00, 0x10, 0x00, 0x00,
    0x00, 0x00, 0x00, 0x00, 0x80, 0x00, 0x00, 0x00, 0x00, 0x00, 0x00, 0x26, 0x00, 0x00, 0x00, 0x8b,
    0xbb, 0xbb, 0xbe, 0xbb, 0xbb, 0xbb, 0x00, 0x00, 0x00, 0x00, 0x00, 0x00, 0x00, 0x00, 0x9b, 0xbb,
    0xbb, 0xbb, 0xbd, 0x00, 0x00, 0x70, 0x00, 0x00, 0x00, 0x07, 0x00, 0x00, 0x70, 0x00, 0x00, 0x00,
    0x07, 0x00, 0x00, 0x83, 0x33, 0x33, 0x33, 0x39, 0x00, 0x00, 0x8c, 0xcc, 0xdf, 0xcc, 0xcc, 0x00,
    0x00, 0x01, 0x00, 0x25, 0x00, 0x00, 0x00, 0x00, 0x44, 0x00, 0x25, 0x00, 0x36, 0x00, 0x04, 0x50,
    0x00, 0x25, 0x00, 0x02, 0x70, 0x53, 0x00, 0x00, 0x25, 0x00, 0x00, 0x27, 0x00, 0x01, 0xbb, 0xc4,
    0x00, 0x00, 0x00, 0x00, 0x00, 0x00, 0x40, 0x00, 0x00, 0x00, 0x00, 0x00, 0x00, 0x26, 0x00, 0x00,
    0x00, 0xbb, 0xbb, 0xbb, 0xbe, 0xbb, 0xbb, 0xb7, 0x00, 0x00, 0x00, 0x00, 0x00, 0x00, 0x00, 0x00,
    0x9b, 0xbb, 0xbb, 0xbb, 0xb9, 0x00, 0x00, 0x70, 0x00, 0x00, 0x00, 0x07, 0x00, 0x00, 0x9b, 0xbb,
    0xbb, 0xbb, 0xb9, 0x00, 0x00, 0x00, 0x00, 0x00, 0x00, 0x00, 0x00, 0x8b, 0xbb, 0xbb, 0xbb, 0xbb,
    0xbb, 0xc3, 0x80, 0x00, 0x00, 0x00, 0x00, 0x00, 0x34, 0x50, 0x00, 0xcb, 0xbb, 0xbd, 0x00, 0x22,
    0x00, 0x00, 0x70, 0x00, 0x07, 0x00, 0x00, 0x00, 0x03, 0x40, 0x00, 0x07, 0x00, 0x02, 0x00, 0x28,
    0x00, 0x00, 0x07, 0x00, 0x06, 0x46, 0x50, 0x00, 0x00, 0x09, 0xbb, 0xc4, 0x00, 0x00, 0x01, 0x00,
    0x00, 0x50, 0x00, 0x00, 0x00, 0x00, 0x43, 0x00, 0x00, 0xb0, 0x00, 0x00, 0x00, 0x00, 0x70, 0x00,
    0x00, 0xb0, 0x00, 0x00, 0x00, 0x04, 0x40, 0x00, 0x00, 0xb0, 0x00, 0x00, 0x00, 0x1f, 0x00, 0x00,
    0x00, 0xb0, 0x00, 0x00, 0x00, 0x7c, 0x00, 0x00, 0x00, 0xb0, 0x00, 0x00, 0x05, 0x4b, 0x0a, 0xbb,
    0xbb, 0xfb, 0xbb, 0xb5, 0x36, 0x0b, 0x00, 0x00, 0x00, 0xb0, 0x00, 0x00, 0x00, 0x0b, 0x00, 0x00,
    0x00, 0xb0, 0x00, 0x00, 0x00, 0x0b, 0x00, 0x00, 0x00, 0xb0, 0x00, 0x00, 0x00, 0x0b, 0x00, 0x00,
    0x00, 0xb0, 0x00, 0x00, 0x00, 0x0b, 0x00, 0x00, 0x00, 0xb0, 0x00, 0x00, 0x00, 0x0b, 0x00, 0x00,
    0x00, 0xb0, 0x00, 0x00, 0x00, 0x0b, 0x00, 0x00, 0x00, 0xb0, 0x00, 0x00, 0x00, 0x0b, 0x00, 0x00,
    0x00, 0xb0, 0x00, 0x00, 0x00, 0x00, 0x00, 0x00, 0x00, 0x00, 0x00, 0x00, 0x00, 0x00, 0x01, 0x00,
    0x00, 0x00, 0x00, 0x00, 0x00, 0x00, 0x53, 0x00, 0x00, 0x00, 0x00, 0x00, 0x00, 0x00, 0x74, 0xcb,
    0xbb, 0xbb, 0xbe, 0x20, 0x00, 0x05, 0x30, 0x42, 0x00, 0x00, 0x07, 0x00, 0x00, 0x1d, 0x00, 0x16,
    0x00, 0x00, 0x07, 0x00, 0x00, 0x8c, 0x00, 0x06, 0x00, 0x00, 0x26, 0x00, 0x07, 0x3b, 0x00, 0x05,
    0x10, 0x00, 0x71, 0x00, 0x44, 0x0b, 0x00, 0x01, 0x60, 0x01, 0x70, 0x00, 0x00, 0x0b, 0x00, 0x00,
    0x71, 0x07, 0x10, 0x00, 0x00, 0x0b, 0x00, 0x00, 0x16, 0x26, 0x00, 0x00, 0x00, 0x0b, 0x00, 0x00,
    0x06, 0xb0, 0x00, 0x00, 0x00, 0x0b, 0x00, 0x00, 0x08, 0x91, 0x00, 0x00, 0x00, 0x0b, 0x00, 0x01,
    0x82, 0x18, 0x10, 0x00, 0x00, 0x0b, 0x00, 0x48, 0x10, 0x00, 0x83, 0x00, 0x00, 0x0b, 0x18, 0x40,
    0x00, 0x00, 0x05, 0x81, 0x00, 0x00, 0x00, 0x00, 0x00, 0x00, 0x00, 0x00, 0x00, 0x00, 0x00, 0x01,
    0x60, 0x00, 0x00, 0x00, 0x00, 0x00, 0x00, 0x08, 0x72, 0x00, 0x00, 0x00, 0x00, 0x00, 0x00, 0x81,
    0x08, 0x20, 0x00, 0x00, 0x00, 0x00, 0x18, 0x10, 0x00, 0x73, 0x00, 0x00, 0x00, 0x03, 0x80, 0x23,
    0x00, 0x05, 0x60, 0x00, 0x01, 0x75, 0x00, 0x06, 0x60, 0x00, 0x28, 0x30, 0x07, 0x10, 0x00, 0x00,
    0x47, 0x00, 0x00, 0x62, 0x00, 0x00, 0x00, 0x00, 0x01, 0x00, 0x00, 0x00, 0x00, 0x2b, 0xbb, 0xbb,
    0xbb, 0xbb, 0xe3, 0x00, 0x00, 0x00, 0x00, 0x00, 0x00, 0x01, 0x80, 0x00, 0x00, 0x00, 0x00, 0x00,
    0x00, 0x08, 0x10, 0x00, 0x00, 0x00, 0x00, 0x00, 0x00, 0x62, 0x00, 0x00, 0x00, 0x00, 0x00, 0x00,
    0x04, 0x40, 0x00, 0x00, 0x00, 0x00, 0x00, 0x00, 0x27, 0x00, 0x00, 0x00, 0x00, 0x00, 0x00, 0x00,
    0x80, 0x00, 0x00, 0x00, 0x00, 0x00, 0x81, 0x00, 0x00, 0x42, 0x00, 0x00, 0x00, 0x00, 0xb0, 0x00,
    0x00, 0x71, 0x00, 0x00, 0x00, 0x00, 0xb0, 0x00, 0x00, 0x70, 0x00, 0x00, 0x00, 0x00, 0xa0, 0x00,
    0x00, 0x70, 0x00, 0x00, 0x00, 0x01, 0x90, 0x00, 0x00, 0x80, 0x00, 0x00, 0x00, 0x02, 0xf0, 0x00,
    0x00, 0xb0, 0x00, 0x00, 0x00, 0x05, 0x68, 0x00, 0x03, 0xc0, 0x00, 0x00, 0x00, 0x07, 0x15, 0x50,
    0x06, 0x61, 0x00, 0x00, 0x00, 0x07, 0x00, 0x81, 0x08, 0x16, 0x00, 0x00, 0x00, 0x16, 0x00, 0x18,
    0x26, 0x07, 0x00, 0x00, 0x00, 0x52, 0x00, 0x02, 0x71, 0x02, 0x50, 0x00, 0x00, 0x70, 0x00, 0x03,
    0x60, 0x00, 0x61, 0x00, 0x05, 0x30, 0x00, 0x18, 0x00, 0x00, 0x08, 0x00, 0x27, 0x00, 0x00, 0x91,
    0x00, 0x00, 0x01, 0x80, 0x00, 0x00, 0x00, 0x00, 0x00, 0x00, 0x00, 0x00, 0x00, 0x00, 0x00, 0x00,
    0x00, 0x81, 0x00, 0x0a, 0x00, 0x43, 0x00, 0x00, 0xb0, 0x00, 0x0b, 0x00, 0x07, 0x00, 0x00, 0xb0,
    0x00, 0x0b, 0x00, 0x01, 0x60, 0x00, 0xa0, 0x00, 0x0b, 0x00, 0x00, 0x61, 0x02, 0x80, 0x00, 0x0b,
    0x00, 0x00, 0x00, 0x04, 0x50, 0x00, 0x0b, 0x00, 0x00, 0x00, 0x07, 0x10, 0x00, 0x0b, 0x00, 0x00,
    0x00, 0x08, 0x00, 0x00, 0x0b, 0x00, 0x00, 0x00, 0x26, 0x00, 0x00, 0x0b, 0x00, 0x26, 0x00, 0x94,
    0x00, 0x00, 0x0b, 0x47, 0x50, 0x03, 0x56, 0x40, 0x00, 0x8e, 0x40, 0x00, 0x27, 0x00, 0x54, 0x00,
    0x10, 0x00, 0x05, 0x70, 0x00, 0x06, 0x40, 0x00, 0x04, 0x84, 0x00, 0x00, 0x00, 0x72, 0x00, 0x01,
    0x00, 0x00, 0x00, 0x00, 0x00, 0x00, 0x00, 0x02, 0x00, 0x00, 0x00, 0x00, 0x00, 0x00, 0x00, 0x53,
    0x10, 0x06, 0x10, 0x01, 0x10, 0x00, 0x00, 0x80, 0x70, 0x01, 0x70, 0x06, 0x20, 0x00, 0x06, 0x30,
    0x70, 0x00, 0x63, 0x07, 0x00, 0x00, 0x2f, 0x00, 0x61, 0x00, 0x04, 0x07, 0x00, 0x00, 0x8c, 0x00,
    0x25, 0x00, 0x00, 0x25, 0x00, 0x08, 0x2c, 0x00, 0x07, 0x00, 0x00, 0x71, 0x00, 0x43, 0x0c, 0x00,
    0x06, 0x10, 0x00, 0x70, 0x00, 0x00, 0x0c, 0x00, 0x01, 0x70, 0x06, 0x20, 0x00, 0x00, 0x0c, 0x00,
    0x00, 0x71, 0x17, 0x00, 0x00, 0x00, 0x0c, 0x00, 0x00, 0x18, 0x81, 0x00, 0x00, 0x00, 0x0c, 0x00,
    0x00, 0x0a, 0x90, 0x00, 0x00, 0x00, 0x0c, 0x00, 0x01, 0x82, 0x47, 0x00, 0x00, 0x00, 0x0c, 0x00,
    0x47, 0x10, 0x04, 0x92, 0x00, 0x00, 0x0c, 0x47, 0x40, 0x00, 0x00, 0x17, 0x81, 0x00, 0x00, 0x00,
    0x00, 0x00, 0x00, 0x00, 0x10, 0x00, 0x00, 0x30, 0x00, 0x00, 0x00, 0x00, 0x00, 0x00, 0x00, 0x70,
    0x02, 0x85, 0x00, 0x00, 0x00, 0x00, 0x05, 0x20, 0xe6, 0x10, 0xbb, 0xbb, 0xf1, 0x00, 0x08, 0x00,
    0xb0, 0x00, 0xb0, 0x00, 0xd1, 0x00, 0x5d, 0x00, 0xb0, 0x00, 0xb0, 0x00, 0xd1, 0x01, 0x8c, 0x00,
    0xb0, 0x00, 0xb0, 0x00, 0xd1, 0x08, 0x1c, 0x00, 0xb0, 0x00, 0xb0, 0x00, 0xd1, 0x14, 0x0c, 0x00,
    0xb0, 0x00, 0xb0, 0x00, 0xd1, 0x00, 0x0c, 0x00, 0xb0, 0x00, 0xb0, 0x00, 0xd1, 0x00, 0x0c, 0x00,
    0xb0, 0x00, 0xb0, 0x00, 0xd1, 0x00, 0x0c, 0x00, 0xb2, 0x73, 0xb0, 0x00, 0xd1, 0x00, 0x0c, 0x07,
    0xf6, 0x10, 0xb1, 0xcc, 0xd0, 0x00, 0x0c, 0x02, 0x00, 0x00, 0xb0, 0x00, 0x00, 0x00, 0x0c, 0x00,
    0x00, 0x00, 0xb0, 0x00, 0x00, 0x00, 0x0c, 0x00, 0x00, 0x00, 0xb0, 0x00, 0x00, 0x00, 0x00, 0x00,
    0x00, 0x00, 0x00, 0x00, 0x00, 0x00, 0x00, 0x21, 0x00, 0x00, 0x30, 0x00, 0x00, 0x00, 0x00, 0x80,
    0x05, 0x00, 0xb0, 0x00, 0x00, 0x00, 0x01, 0x70, 0x16, 0x00, 0xb0, 0x00, 0x00, 0x00, 0x07, 0x10,
    0x43, 0x00, 0xb0, 0x00, 0x00, 0x00, 0x2e, 0x00, 0x9b, 0xbb, 0xfb, 0xbb, 0x80, 0x00, 0x9c, 0x00,
    0x70, 0x00, 0xb0, 0x00, 0x00, 0x06, 0x3c, 0x06, 0x20, 0x00, 0xb0, 0x00, 0x00, 0x26, 0x0c, 0x03,
    0x00, 0x00, 0xb0, 0x00, 0x00, 0x00, 0x0c, 0x00, 0x00, 0x00, 0xb0, 0x00, 0x00, 0x00, 0x0c, 0x0a,
    0xbb, 0xbb, 0xfb, 0xbb, 0xb4, 0x00, 0x0c, 0x00, 0x00, 0x00, 0xb0, 0x00, 0x00, 0x00, 0x0c, 0x00,
    0x00, 0x00, 0xb0, 0x00, 0x00, 0x00, 0x0c, 0x00, 0x00, 0x00, 0xb0, 0x00, 0x00, 0x00, 0x0c, 0x00,
    0x00, 0x00, 0xb0, 0x00, 0x00, 0x00, 0x0b, 0x00, 0x00, 0x00, 0xb0, 0x00, 0x00, 0x00, 0x00, 0x13,
    0x00, 0x00, 0x00, 0x00, 0x10, 0x00, 0x00, 0x70, 0x00, 0x00, 0x36, 0x78, 0x40, 0x00, 0x01, 0x61,
    0x66, 0x76, 0xf1, 0x00, 0x00, 0x00, 0x0a, 0x00, 0x00, 0x00, 0xb0, 0x00, 0x00, 0x00, 0x5f, 0x00,
    0x00, 0x00, 0xb0, 0x00, 0x00, 0x02, 0x7b, 0x00, 0x00, 0x00, 0xb0, 0x00, 0x00, 0x28, 0x0b, 0x00,
    0x00, 0x00, 0xb0, 0x00, 0x00, 0x40, 0x0b, 0x2b, 0xbb, 0xbb, 0xfb, 0xbb, 0xb9, 0x00, 0x0b, 0x00,
    0x00, 0x00, 0xb0, 0x00, 0x00, 0x00, 0x0b, 0x00, 0x00, 0x00, 0xb0, 0x00, 0x00, 0x00, 0x0b, 0x00,
    0x00, 0x00, 0xb0, 0x00, 0x00, 0x00, 0x0b, 0x00, 0x00, 0x00, 0xb0, 0x00, 0x00, 0x00, 0x0b, 0x00,
    0x00, 0x00, 0xb0, 0x00, 0x00, 0x00, 0x0b, 0x06, 0xbb, 0xbb, 0xfb, 0xbb, 0xb5, 0x00, 0x0b, 0x03,
    0x66, 0x66, 0x66, 0x66, 0x63, 0x00, 0x00, 0x02, 0x00, 0x00, 0x00, 0x00, 0x00, 0x00, 0x00, 0x63,
    0x22, 0x22, 0x22, 0x22, 0x00, 0x00, 0x00, 0x81, 0xbb, 0xbf, 0xbb, 0xbe, 0x20, 0x00, 0x07, 0x20,
    0x00, 0x0a, 0x00, 0x0b, 0x20, 0x00, 0x3f, 0x00, 0x00, 0x0a, 0x00, 0x0b, 0x20, 0x02, 0x8c, 0x4b,
    0xbb, 0xbf, 0xbb, 0xbf, 0xd6, 0x19, 0x0c, 0x00, 0x00, 0x0a, 0x00, 0x0b, 0x20, 0x31, 0x0c, 0x00,
    0x00, 0x0a, 0x00, 0x0b, 0x20, 0x00, 0x0c, 0x00, 0x00, 0x0a, 0x00, 0x0b, 0x20, 0x00, 0x0c, 0x05,
    0xbb, 0xdf, 0xbb, 0xbf, 0x20, 0x00, 0x0c, 0x00, 0x00, 0x55, 0x00, 0x0b, 0x20, 0x00, 0x0c, 0x00,
    0x00, 0xa1, 0x00, 0x00, 0x00, 0x00, 0x0c, 0x00, 0x06, 0x50, 0x00, 0x00, 0x00, 0x00, 0x0c, 0x00,
    0x66, 0x00, 0x00, 0x00, 0x00, 0x00, 0x0c, 0x18, 0x30, 0x00, 0x00, 0x00, 0x00, 0x00, 0x00, 0x00,
    0x00, 0x01, 0x00, 0x00, 0x00, 0x00, 0x00, 0x33, 0x00, 0x0b, 0x00, 0x00, 0x00, 0x00, 0x00, 0x70,
    0x00, 0x0b, 0x00, 0x00, 0x00, 0x00, 0x03, 0x40, 0x00, 0x0b, 0x00, 0x00, 0x00, 0x00, 0x1d, 0x00,
    0x00, 0x0b, 0x00, 0x00, 0x00, 0x00, 0x7c, 0x8b, 0xbb, 0xff, 0xfb, 0xbb, 0xb1, 0x05, 0x4b, 0x00,
    0x00, 0x7b, 0x62, 0x00, 0x00, 0x54, 0x0b, 0x00, 0x03, 0x5b, 0x07, 0x00, 0x00, 0x00, 0x0b, 0x00,
    0x08, 0x0b, 0x05, 0x30, 0x00, 0x00, 0x0b, 0x00, 0x63, 0x0b, 0x00, 0x80, 0x00, 0x00, 0x0b, 0x02,
    0x70, 0x0b, 0x00, 0x27, 0x00, 0x00, 0x0b, 0x18, 0x00, 0x0b, 0x00, 0x04, 0x60, 0x00, 0x0b, 0x81,
    0x00, 0x0b, 0x00, 0x00, 0x53, 0x00, 0x0b, 0x00, 0x00, 0x0b, 0x00, 0x00, 0x00, 0x00, 0x0b, 0x00,
    0x00, 0x0b, 0x00, 0x00, 0x00, 0x00, 0x00, 0x00, 0x0c, 0x00, 0x00, 0x00, 0x00, 0x00, 0x00, 0x08,
    0x65, 0x00, 0x00, 0x00, 0x00, 0x00, 0x07, 0x30, 0x56, 0x00, 0x00, 0x00, 0x00, 0x18, 0x20, 0x00,
    0x47, 0x00, 0x00, 0x00, 0x67, 0x00, 0x00, 0x00, 0x29, 0x30, 0x04, 0x83, 0x6b, 0xbb, 0xbb, 0xbb,
    0x36, 0x92, 0x10, 0x00, 0x00, 0x00, 0x00, 0x00, 0x00, 0x10, 0x00, 0x00, 0x00, 0x00, 0x00, 0x00,
    0x00, 0x2b, 0xbb, 0xbc, 0xfb, 0xbb, 0xbb, 0xbb, 0x00, 0x00, 0x00, 0x82, 0x00, 0x00, 0x00, 0x00,
    0x00, 0x00, 0x54, 0x00, 0x04, 0x40, 0x00, 0x00, 0x00, 0x36, 0x00, 0x00, 0x05, 0x40, 0x00, 0x00,
    0x27, 0x00, 0x00, 0x23, 0x4c, 0x40, 0x00, 0x3f, 0x88, 0x77, 0x76, 0x43, 0x18, 0x10, 0x00, 0x00,
    0x00, 0x00, 0x00, 0x00, 0x12, 0x00, 0x00, 0x00, 0x14, 0x00, 0x00, 0x30, 0x00, 0x00, 0x00, 0x00,
    0x71, 0x00, 0x04, 0x30, 0x00, 0x00, 0x00, 0x01, 0x70, 0xbb, 0xbf, 0xbb, 0xbb, 0xa0, 0x00, 0x07,
    0x10, 0x00, 0x07, 0x00, 0x00, 0x00, 0x00, 0x3d, 0x00, 0x00, 0x25, 0x00, 0x00, 0x00, 0x01, 0x8c,
    0x00, 0x00, 0x61, 0x00, 0x00, 0x00, 0x09, 0x1c, 0x0a, 0xbb, 0xfb, 0xbb, 0xbb, 0xb6, 0x42, 0x0c,
    0x00, 0x01, 0x70, 0x00, 0x00, 0x00, 0x00, 0x0c, 0x00, 0x08, 0xdb, 0xbb, 0xbf, 0x10, 0x00, 0x0c,
    0x00, 0x00, 0x00, 0x00, 0x37, 0x00, 0x00, 0x0c, 0x00, 0x00, 0x00, 0x01, 0x80, 0x00, 0x00, 0x0c,
    0x00, 0x00, 0x41, 0x08, 0x10, 0x00, 0x00, 0x0c, 0x00, 0x00, 0x18, 0xb2, 0x00, 0x00, 0x00, 0x0c,
    0x00, 0x00, 0x00, 0x66, 0x00, 0x00, 0x00, 0x0c, 0x00, 0x00, 0x00, 0x04, 0x50, 0x00, 0x00, 0x00,
    0x11, 0x00, 0x00, 0x40, 0x00, 0x00, 0x00, 0x00, 0x71, 0x00, 0x06, 0x80, 0x00, 0x00, 0x00, 0x01,
    0x70, 0x00, 0x17, 0x54, 0x00, 0x00, 0x00, 0x07, 0x10, 0x00, 0x80, 0x06, 0x30, 0x00, 0x00, 0x2f,
    0x00, 0x08, 0x10, 0x00, 0x63, 0x00, 0x00, 0x8c, 0x01, 0x81, 0x00, 0x00, 0x05, 0x60, 0x07, 0x2c,
    0x27, 0x08, 0x00, 0x00, 0x00, 0x25, 0x14, 0x0c, 0x00, 0x0b, 0x00, 0x00, 0x62, 0x00, 0x00, 0x0c,
    0x00, 0x0b, 0x00, 0x38, 0x30, 0x00, 0x00, 0x0c, 0x00, 0x0b, 0x28, 0x50, 0x00, 0x00, 0x00, 0x0c,
    0x00, 0x0f, 0x50, 0x00, 0x00, 0x00, 0x00, 0x0c, 0x00, 0x0b, 0x00, 0x00, 0x00, 0x00, 0x00, 0x0c,
    0x00, 0x0b, 0x00, 0x00, 0x00, 0x90, 0x00, 0x0c, 0x00, 0x0c, 0x00, 0x00, 0x02, 0xa0, 0x00, 0x0c,
    0x00, 0x0a, 0xcb, 0xbb, 0xbd, 0x50, 0x00, 0x00, 0x23, 0x00, 0x04, 0x10, 0x00, 0x00, 0x00, 0x07,
    0x10, 0x00, 0x70, 0x00, 0x00, 0x00, 0x00, 0x70, 0x00, 0x07, 0x00, 0x00, 0x00, 0x00, 0x62, 0x1b,
    0xbd, 0xfb, 0xbb, 0xb1, 0x00, 0x18, 0x02, 0xb0, 0x00, 0x00, 0x0b, 0x10, 0x08, 0xc0, 0x2b, 0x00,
    0x00, 0x00, 0xb1, 0x05, 0x3c, 0x02, 0xb0, 0x00, 0x00, 0x0b, 0x11, 0x60, 0xc0, 0x2b, 0x00, 0x00,
    0x00, 0xb1, 0x00, 0x0c, 0x02, 0xfb, 0xbb, 0xbb, 0xbf, 0x10, 0x00, 0xc0, 0x2b, 0x00, 0x00, 0x00,
    0xb1, 0x00, 0x0c, 0x02, 0xb0, 0x00, 0x00, 0x0b, 0x10, 0x00, 0xc0, 0x2b, 0x00, 0x00, 0x00, 0xb1,
    0x00, 0x0c, 0x02, 0xb0, 0x00, 0x00, 0x0b, 0x10, 0x00, 0xc0, 0x2b, 0x00, 0x00, 0x00, 0xb1, 0x00,
    0x0c, 0x02, 0xfb, 0xbb, 0xbb, 0xbf, 0x10, 0x00, 0x10, 0x00, 0x00, 0x00, 0x00, 0x00, 0x00, 0x00,
    0x10, 0x00, 0x00, 0x00, 0x00, 0x00, 0x00, 0x00, 0x72, 0x00, 0x0b, 0x00, 0x03, 0x00, 0x00, 0x02,
    0x54, 0x40, 0x0b, 0x00, 0x08, 0x00, 0x00, 0x07, 0x00, 0x80, 0x0b, 0x00, 0x52, 0x00, 0x00, 0x3b,
    0x00, 0x53, 0x0b, 0x00, 0x70, 0x00, 0x00, 0x8c, 0x00, 0x01, 0x0b, 0x01, 0x10, 0x00, 0x07, 0x2c,
    0x1b, 0xbb, 0xbf, 0xbb, 0xbb, 0x70, 0x44, 0x0c, 0x00, 0x00, 0x0b, 0x00, 0x00, 0x00, 0x00, 0x0c,
    0x00, 0x00, 0x0b, 0x00, 0x00, 0x00, 0x00, 0x0c, 0x00, 0x00, 0x0b, 0x00, 0x00, 0x00, 0x00, 0x0c,
    0x9b, 0xbb, 0xbf, 0xbb, 0xbb, 0xb3, 0x00, 0x0c, 0x00, 0x00, 0x0b, 0x00, 0x00, 0x00, 0x00, 0x0c,
    0x00, 0x00, 0x0b, 0x00, 0x00, 0x00, 0x00, 0x0c, 0x00, 0x00, 0x0b, 0x00, 0x00, 0x00, 0x00, 0x0b,
    0x00, 0x00, 0x0b, 0x00, 0x00, 0x00, 0x00, 0x00, 0x00, 0x00, 0x00, 0x00, 0x00, 0x00, 0x00, 0x00,
    0x61, 0x00, 0x07, 0x00, 0x00, 0x00, 0x00, 0x00, 0x70, 0x00, 0x05, 0x20, 0x00, 0x00, 0x00, 0x05,
    0x20, 0x00, 0x01, 0x30, 0x00, 0x00, 0x00, 0x1a, 0x02, 0xbb, 0xbb, 0xbb, 0xbb, 0x30, 0x00, 0x7c,
    0x00, 0x01, 0x00, 0x00, 0x00, 0x00, 0x05, 0x4c, 0x00, 0x07, 0x00, 0x00, 0x80, 0x00, 0x37, 0x0c,
    0x00, 0x07, 0x00, 0x00, 0x80, 0x00, 0x00, 0x0c, 0x00, 0x07, 0x00, 0x01, 0x70, 0x00, 0x00, 0x0c,
    0x00, 0x05, 0x20, 0x04, 0x40, 0x00, 0x00, 0x0c, 0x00, 0x02, 0x50, 0x07, 0x10, 0x00, 0x00, 0x0c,
    0x00, 0x00, 0x70, 0x07, 0x00, 0x00, 0x00, 0x0c, 0x00, 0x00, 0x70, 0x07, 0x00, 0x00, 0x00, 0x0c,
    0x00, 0x00, 0x00, 0x34, 0x00, 0x00, 0x00, 0x0c, 0x0b, 0xbb, 0xbb, 0xcc, 0xbb, 0xb0, 0x00, 0x00,
    0x10, 0x00, 0x00, 0x00, 0x01, 0x10, 0x00, 0x00, 0x80, 0x00, 0x02, 0x5a, 0x76, 0x10, 0x00, 0x01,
    0x60, 0xa6, 0x65, 0x2b, 0x00, 0x00, 0x00, 0x07, 0x10, 0xf0, 0x00, 0x0b, 0x00, 0x00, 0x00, 0x2e,
    0x00, 0xf0, 0x00, 0x0b, 0x00, 0x00, 0x00, 0x8c, 0x00, 0xf0, 0x00, 0x0b, 0x00, 0x00, 0x07, 0x2c,
    0x00, 0xf0, 0x00, 0x0b, 0x00, 0x00, 0x45, 0x0c, 0x00, 0xfb, 0xbb, 0xbf, 0xdb, 0xb6, 0x00, 0x0c,
    0x00, 0xf0, 0x00, 0x08, 0x40, 0x00, 0x00, 0x0c, 0x00, 0xf0, 0x00, 0x05, 0x60, 0x00, 0x00, 0x0c,
    0x00, 0xf0, 0x00, 0x03, 0x90, 0x00, 0x00, 0x0c, 0x00, 0xf0, 0x00, 0x00, 0xb0, 0x01, 0x00, 0x0c,
    0x00, 0xf0, 0x00, 0x80, 0xa2, 0x06, 0x00, 0x0c, 0x00, 0xf0, 0x45, 0x26, 0x49, 0x16, 0x00, 0x0c,
    0x07, 0xf7, 0x30, 0x05, 0x08, 0xc2, 0x00, 0x00, 0x00, 0x00, 0x00, 0x00, 0x00, 0x00, 0x00, 0x00,
    0x12, 0x00, 0x00, 0x40, 0x00, 0x00, 0x00, 0x00, 0x06, 0x20, 0x00, 0x0b, 0x00, 0x00, 0x00, 0x00,
    0x00, 0x80, 0x00, 0x00, 0xb0, 0x00, 0x00, 0x00, 0x00, 0x53, 0x00, 0x00, 0x0b, 0x00, 0x00, 0x00,
    0x00, 0x1f, 0x0b, 0xbb, 0xbe, 0xfd, 0xbb, 0xba, 0x00, 0x08, 0xd0, 0x00, 0x00, 0x7b, 0x70, 0x00,
    0x00, 0x04, 0x5c, 0x00, 0x00, 0x34, 0xb6, 0x10, 0x00, 0x00, 0x70, 0xc0, 0x00, 0x07, 0x0b, 0x17,
    0x00, 0x00, 0x00, 0x0c, 0x00, 0x05, 0x30, 0xb0, 0x72, 0x00, 0x00, 0x00, 0xc0, 0x01, 0x70, 0x0b,
    0x00, 0x90, 0x00, 0x00, 0x0c, 0x00, 0x80, 0x00, 0xb0, 0x03, 0x70, 0x00, 0x00, 0xc1, 0x83, 0xbb,
    0xbf, 0xbb, 0x94, 0x70, 0x00, 0x0c, 0x11, 0x00, 0x00, 0xb0, 0x00, 0x02, 0x00, 0x00, 0xc0, 0x00,
    0x00, 0x0b, 0x00, 0x00, 0x00, 0x00, 0x0c, 0x00, 0x00, 0x00, 0xb0, 0x00, 0x00, 0x00, 0x00, 0x00,
    0x00, 0x00, 0x20, 0x00, 0x00, 0x00, 0x00, 0x00, 0x00, 0x03, 0xc0, 0x00, 0x00, 0x00, 0x00, 0x00,
    0x00, 0x37, 0x26, 0x00, 0x00, 0x00, 0x00, 0x00, 0x04, 0x60, 0x03, 0x70, 0x00, 0x00, 0x00, 0x00,
    0x65, 0x00, 0x00, 0x17, 0x20, 0x00, 0x00, 0x28, 0x74, 0x44, 0x44, 0x44, 0x96, 0x00, 0x17, 0x71,
    0xbb, 0xbb, 0xfb, 0xbb, 0x72, 0x75, 0x01, 0x00, 0x00, 0x00, 0xb0, 0x00, 0x00, 0x00, 0x06, 0xbb,
    0xbb, 0xbb, 0xfb, 0xbb, 0xbb, 0xb1, 0x00, 0x00, 0x00, 0x00, 0xb0, 0x00, 0x00, 0x00, 0x00, 0x00,
    0x32, 0x00, 0xb0, 0x06, 0x10, 0x00, 0x00, 0x02, 0x70, 0x00, 0xb0, 0x01, 0x81, 0x00, 0x00, 0x37,
    0x00, 0x00, 0xb0, 0x00, 0x08, 0x20, 0x05, 0x60, 0x00, 0x00, 0xb0, 0x00, 0x00, 0x70, 0x00, 0x00,
    0x06, 0xbb, 0x90, 0x00, 0x00, 0x00, 0x00, 0x00, 0x11, 0x00, 0x20, 0x02, 0x00, 0x00, 0x00, 0x07,
    0x00, 0x0b, 0x00, 0xb0, 0x00, 0x00, 0x01, 0x60, 0x00, 0xb0, 0x0b, 0x00, 0x00, 0x00, 0x71, 0xab,
    0xbf, 0xbb, 0xfb, 0xbd, 0x00, 0x3c, 0x00, 0x00, 0xb0, 0x0b, 0x00, 0xb0, 0x08, 0xc0, 0x00, 0x0b,
    0x00, 0xb0, 0x0b, 0x08, 0x1c, 0x0a, 0xbb, 0xfb, 0xbf, 0xbb, 0xb4, 0x30, 0xc0, 0x70, 0x0b, 0x00,
    0xb0, 0x00, 0x00, 0x0c, 0x07, 0x00, 0xb0, 0x0b, 0x00, 0x00, 0x00, 0xc2, 0xfb, 0xdf, 0xbb, 0xfb,
    0xbb, 0x00, 0x0c, 0x00, 0x05, 0x70, 0x0b, 0x00, 0x10, 0x00, 0xc0, 0x00, 0x92, 0x00, 0xb0, 0x01,
    0x00, 0x0c, 0x00, 0x29, 0x00, 0x0b, 0x00, 0x20, 0x00, 0xc0, 0x2a, 0x10, 0x00, 0xb5, 0xb6, 0x00,
    0x0b, 0x38, 0x10, 0x00, 0x0b, 0x00, 0x00, 0x00, 0x00, 0x03, 0x00, 0x20, 0x00, 0x00, 0x00, 0x00,
    0x00, 0x62, 0x01, 0x60, 0x00, 0x00, 0x00, 0x00, 0x00, 0x80, 0x05, 0x10, 0x00, 0x00, 0x00, 0x00,
    0x05, 0x30, 0x0f, 0xdf, 0xdd, 0xdd, 0xd5, 0x00, 0x1e, 0x00, 0x34, 0x0f, 0x00, 0x00, 0x00, 0x00,
    0x7d, 0x00, 0x70, 0x0f, 0x00, 0x00, 0x00, 0x04, 0x6c, 0x05, 0x30, 0x0f, 0x00, 0x00, 0x00, 0x28,
    0x0c, 0x07, 0x00, 0x0f, 0xbb, 0xbb, 0xb0, 0x00, 0x0c, 0x00, 0x00, 0x0f, 0x00, 0x00, 0x00, 0x00,
    0x0c, 0x00, 0x00, 0x0f, 0x00, 0x00, 0x00, 0x00, 0x0c, 0x00, 0x00, 0x0f, 0xbb, 0xbb, 0xb3, 0x00,
    0x0c, 0x00, 0x00, 0x0f, 0x00, 0x00, 0x00, 0x00, 0x0c, 0x00, 0x00, 0x0f, 0x00, 0x00, 0x00, 0x00,
    0x0c, 0x00, 0x00, 0x0f, 0x00, 0x00, 0x00, 0x00, 0x0b, 0x00, 0x00, 0x0f, 0x00, 0x00, 0x00, 0x00,
    0x03, 0x00, 0x00, 0x00, 0x00, 0x00, 0x00, 0x00, 0x07, 0x3f, 0xbb, 0xbb, 0xbb, 0xcf, 0x00, 0x00,
    0x34, 0x4c, 0x00, 0x00, 0x00, 0x0e, 0x00, 0x00, 0x80, 0x4c, 0x00, 0x00, 0x00, 0x0e, 0x00, 0x01,
    0xf0, 0x4c, 0x9d, 0xdf, 0xdd, 0x5e, 0x00, 0x07, 0xc0, 0x4c, 0x00, 0x0b, 0x00, 0x0e, 0x00, 0x36,
    0xb0, 0x4c, 0x8b, 0xbf, 0xbf, 0x1e, 0x00, 0x60, 0xb0, 0x5b, 0xb0, 0x0b, 0x0e, 0x1e, 0x00, 0x00,
    0xb0, 0x5a, 0xb0, 0x0b, 0x0e, 0x1f, 0x00, 0x00, 0xb0, 0x69, 0xb0, 0x0b, 0x0e, 0x1f, 0x00, 0x00,
    0xb0, 0x77, 0xb0, 0x0b, 0x0e, 0x1e, 0x00, 0x00, 0xb0, 0x94, 0xb0, 0x0b, 0x0e, 0x1e, 0x70, 0x00,
    0xb0, 0xb1, 0xa0, 0x0b, 0x8e, 0x0d, 0xd0, 0x00, 0xb1, 0xa0, 0x00, 0x0b, 0x00, 0x0b, 0xd0, 0x00,
    0xb5, 0x30, 0x00, 0x0b, 0x00, 0x05, 0xb0, 0x00, 0x00, 0x00, 0x00, 0x00, 0x00, 0x00, 0x00, 0x00,
    0x00, 0x60, 0x00, 0x27, 0x2a, 0x13, 0x00, 0x00, 0x05, 0x34, 0x7d, 0x61, 0x1a, 0x08, 0x00, 0x00,
    0x07, 0x33, 0x0b, 0x00, 0x1a, 0x01, 0x60, 0x00, 0x3d, 0x00, 0x0b, 0x00, 0x0b, 0x00, 0x50, 0x00,
    0x7c, 0x00, 0x0b, 0x00, 0x0b, 0x00, 0x00, 0x04, 0x3c, 0x7b, 0xbf, 0xbb, 0xbf, 0xbb, 0xb6, 0x17,
    0x0c, 0x00, 0x0b, 0x00, 0x0a, 0x01, 0x70, 0x10, 0x0c, 0x00, 0x0b, 0x00, 0x1a, 0x07, 0x10, 0x00,
    0x0c, 0x00, 0x2f, 0x77, 0x38, 0x46, 0x00, 0x00, 0x0c, 0x57, 0x5d, 0x00, 0x06, 0xc0, 0x00, 0x00,
    0x0c, 0x00, 0x0b, 0x00, 0x0a, 0x90, 0x03, 0x00, 0x0c, 0x00, 0x0b, 0x00, 0x82, 0xa0, 0x0b, 0x00,
    0x0c, 0x00, 0x0b, 0x09, 0x20, 0x65, 0x2a, 0x00, 0x0c, 0x0a, 0xbc, 0x00, 0x00, 0x09, 0xc5, 0x00,
    0x00, 0x22, 0x00, 0x00, 0x00, 0x00, 0x00, 0x00, 0x00, 0x80, 0xbb, 0xbb, 0xbb, 0xbb, 0x80, 0x00,
    0x02, 0x60, 0xb0, 0x00, 0x00, 0x00, 0xb0, 0x00, 0x08, 0x10, 0xb0, 0x00, 0x00, 0x00, 0xb0, 0x00,
    0x4c, 0x00, 0xb0, 0x00, 0x00, 0x00, 0xb0, 0x01, 0x8c, 0x00, 0xc5, 0x55, 0x55, 0x55, 0xb0, 0x19,
    0x1c, 0x00, 0xbb, 0xbb, 0xfb, 0xbb, 0x80, 0x41, 0x0c, 0x00, 0x00, 0x00, 0xb0, 0x00, 0x00, 0x00,
    0x0c, 0x2b, 0xbb, 0xbd, 0xfc, 0xbb, 0xb7, 0x00, 0x0c, 0x00, 0x00, 0x07, 0xc7, 0x00, 0x00, 0x00,
    0x0c, 0x00, 0x00, 0x71, 0xb3, 0x40, 0x00, 0x00, 0x0c, 0x00, 0x06, 0x30, 0xb0, 0x54, 0x00, 0x00,
    0x0c, 0x00, 0x73, 0x00, 0xb0, 0x06, 0x40, 0x00, 0x0c, 0x28, 0x20, 0x00, 0xb0, 0x00, 0x46, 0x00,
    0x0b, 0x00, 0x00, 0x00, 0xb0, 0x00, 0x00, 0x00, 0x00, 0x30, 0x00, 0x12, 0x00, 0x00, 0x00, 0x00,
    0x00, 0x70, 0x00, 0x09, 0x00, 0x00, 0x00, 0x00, 0x04, 0x40, 0x00, 0x04, 0x20, 0x00, 0x00, 0x00,
    0x08, 0x0b, 0xbb, 0xbb, 0xbb, 0xbb, 0xb0, 0x00, 0x3d, 0x00, 0x00, 0x00, 0x00, 0x00, 0x00, 0x00,
    0x8c, 0x00, 0xab, 0xbb, 0xbb, 0xb7, 0x00, 0x06, 0x3c, 0x00, 0x00, 0x00, 0x00, 0x00, 0x00, 0x17,
    0x0c, 0x00, 0x00, 0x00, 0x00, 0x00, 0x00, 0x00, 0x0c, 0x00, 0xab, 0xbb, 0xbb, 0xb7, 0x00, 0x00,
    0x0c, 0x00, 0x00, 0x00, 0x00, 0x00, 0x00, 0x00, 0x0c, 0x01, 0xcb, 0xbb, 0xbb, 0xba, 0x00, 0x00,
    0x0c, 0x01, 0x60, 0x00, 0x00, 0x07, 0x00, 0x00, 0x0c, 0x01, 0x60, 0x00, 0x00, 0x07, 0x00, 0x00,
    0x0c, 0x01, 0x60, 0x00, 0x00, 0x07, 0x00, 0x00, 0x0c, 0x01, 0xfb, 0xbb, 0xbb, 0xbd, 0x00, 0x00,
    0x01, 0x00, 0x00, 0x00, 0x00, 0x00, 0x00, 0x00, 0x03, 0x00, 0x00, 0x41, 0x00, 0x00, 0x00, 0x00,
    0x08, 0x00, 0x00, 0x17, 0x00, 0x00, 0x00, 0x00, 0x25, 0x3f, 0xbb, 0xbf, 0xbb, 0xbb, 0xb3, 0x00,
    0x81, 0x4c, 0x00, 0x20, 0x00, 0x50, 0x00, 0x00, 0xf0, 0x4c, 0x03, 0x20, 0x00, 0xb0, 0x00, 0x06,
    0xe0, 0x4c, 0x06, 0x00, 0x00, 0xb0, 0x00, 0x18, 0xb0, 0x4c, 0x0f, 0x7b, 0xbb, 0xfb, 0x70, 0x72,
    0xb0, 0x4c, 0x3f, 0x00, 0x00, 0xb0, 0x00, 0x00, 0xb0, 0x5b, 0x7b, 0x06, 0x00, 0xb0, 0x00, 0x00,
    0xb0, 0x5a, 0x1b, 0x03, 0x50, 0xb0, 0x00, 0x00, 0xb0, 0x79, 0x0b, 0x00, 0x80, 0xb0, 0x00, 0x00,
    0xb0, 0x86, 0x0b, 0x00, 0x21, 0xb0, 0x00, 0x00, 0xb0, 0xb2, 0x0b, 0x00, 0x00, 0xb0, 0x00, 0x00,
    0xb0, 0xa0, 0x0b, 0x00, 0x00, 0xb0, 0x00, 0x00, 0xb2, 0x40, 0x0b, 0x00, 0x8b, 0xc0, 0x00, 0x00,
    0x00, 0x12, 0x00, 0x04, 0x00, 0x00, 0x00, 0x00, 0x07, 0x10, 0x00, 0x24, 0x00, 0x00, 0x00, 0x00,
    0x72, 0xfb, 0xbb, 0xeb, 0xbb, 0x80, 0x00, 0x62, 0x3c, 0x00, 0x00, 0x00, 0x0b, 0x00, 0x1f, 0x03,
    0xc0, 0x00, 0x00, 0x00, 0xb0, 0x08, 0xc0, 0x3f, 0xbb, 0xbb, 0xbb, 0xbb, 0x05, 0x4c, 0x04, 0xc0,
    0x00, 0x00, 0x00, 0x03, 0x70, 0xc0, 0x4e, 0xff, 0xff, 0xff, 0xff, 0x00, 0x0c, 0x05, 0xd4, 0x0b,
    0x0b, 0x00, 0x50, 0x00, 0xc0, 0x5c, 0x40, 0xb0, 0xb0, 0x05, 0x00, 0x0c, 0x07, 0x94, 0x0b, 0x0b,
    0x00, 0x50, 0x00, 0xc0, 0x86, 0xfb, 0xfb, 0xfb, 0xbe, 0x00, 0x0c, 0x0a, 0x34, 0x0b, 0x0b, 0x00,
    0x50, 0x00, 0xc0, 0x93, 0x40, 0xb0, 0xb0, 0x05, 0x00, 0x0c, 0x14, 0x24, 0x0b, 0x0b, 0x3b, 0x80,
    0x00, 0x00, 0x00, 0x00, 0x10, 0x00, 0x00, 0x00, 0x00, 0x11, 0x00, 0x03, 0x00, 0x00, 0x00, 0x00,
    0x00, 0x71, 0x00, 0x02, 0x70, 0x00, 0x00, 0x00, 0x01, 0x77, 0xbb, 0xbb, 0xfb, 0xbb, 0xb8, 0x00,
    0x07, 0x20, 0x00, 0x00, 0x00, 0x00, 0x00, 0x00, 0x2b, 0x00, 0x3c, 0xbb, 0xbb, 0xbe, 0x00, 0x00,
    0x8c, 0x00, 0x34, 0x00, 0x00, 0x0b, 0x00, 0x06, 0x3c, 0x00, 0x3c, 0xbb, 0xbb, 0xbc, 0x00, 0x16,
    0x0c, 0x00, 0x00, 0x00, 0x00, 0x00, 0x00, 0x00, 0x0c, 0x0d, 0xbb, 0xbb, 0xbb, 0xbb, 0xb8, 0x00,
    0x0c, 0x0b, 0x11, 0x11, 0x11, 0x11, 0x07, 0x00, 0x0c, 0x07, 0x7c, 0xcc, 0xfc, 0xcc, 0x44, 0x00,
    0x0c, 0x00, 0x00, 0x00, 0xb0, 0x00, 0x00, 0x00, 0x0c, 0x00, 0x00, 0x00, 0xb0, 0x00, 0x00, 0x00,
    0x0c, 0x00, 0x00, 0x00, 0xb0, 0x00, 0x00, 0x00, 0x0c, 0x00, 0x05, 0xbb, 0x90, 0x00, 0x00, 0x00,
    0x01, 0x00, 0x00, 0x00, 0x00, 0x00, 0x00, 0x00, 0x00, 0x00, 0x00, 0x00, 0x00, 0x00, 0x00, 0x00,
    0x07, 0x10, 0x00, 0x00, 0x42, 0x00, 0x30, 0x00, 0x16, 0x37, 0x00, 0x00, 0x42, 0x01, 0x60, 0x00,
    0x61, 0x04, 0x60, 0xab, 0xfe, 0xba, 0x10, 0x00, 0xb0, 0x00, 0x30, 0x00, 0x42, 0x44, 0x00, 0x06,
    0xd0, 0x00, 0x00, 0x22, 0x67, 0x82, 0x20, 0x26, 0xb7, 0xbf, 0x21, 0x44, 0x7d, 0x44, 0x41, 0x60,
    0xb0, 0x0b, 0x20, 0x03, 0x70, 0x00, 0x00, 0x00, 0xb0, 0x0b, 0x20, 0x8f, 0xbb, 0xbc, 0x30, 0x00,
    0xb0, 0x0b, 0x27, 0x7b, 0x00, 0x0b, 0x40, 0x00, 0xb0, 0x0b, 0x20, 0x3b, 0x00, 0x0b, 0x40, 0x00,
    0xb0, 0x0b, 0x20, 0x3f, 0xbb, 0xbf, 0x40, 0x00, 0xb0, 0x0b, 0x25, 0x5b, 0x00, 0x0b, 0x40, 0x00,
    0xb0, 0x1f, 0xa3, 0x3f, 0xbb, 0xbf, 0x40, 0x00, 0xb0, 0x03, 0x00, 0x3b, 0x00, 0x0b, 0x40, 0x00,
    0x00, 0x00, 0x00, 0x01, 0x00, 0x00, 0x00, 0x00, 0x00, 0x00, 0x00, 0x10, 0x00, 0x00, 0x00, 0x00,
    0x00, 0x53, 0x01, 0x70, 0x00, 0x00, 0x00, 0x00, 0x00, 0x80, 0x09, 0xcb, 0xbf, 0x00, 0x00, 0x00,
    0x03, 0x50, 0x63, 0x00, 0x54, 0x00, 0x00, 0x00, 0x0c, 0x05, 0xfb, 0xbc, 0xfb, 0xbb, 0xb0, 0x00,
    0x5f, 0x34, 0xb0, 0x03, 0x90, 0x00, 0xb0, 0x02, 0x8c, 0x00, 0xb0, 0x09, 0x40, 0x00, 0xb0, 0x09,
    0x0c, 0x00, 0xbb, 0xff, 0xbb, 0xbb, 0x80, 0x01, 0x0c, 0x00, 0x07, 0xa5, 0x00, 0x00, 0x30, 0x00,
    0x0c, 0x06, 0x83, 0x07, 0x60, 0x67, 0x10, 0x00, 0x0c, 0x01, 0x02, 0x62, 0x97, 0xa0, 0x00, 0x00,
    0x0c, 0x04, 0x64, 0x03, 0x85, 0x36, 0x00, 0x00, 0x0c, 0x02, 0x02, 0x64, 0x07, 0x05, 0x60, 0x00,
    0x0c, 0x05, 0x75, 0x00, 0x36, 0x00, 0x46, 0x00, 0x0b, 0x02, 0x00, 0x6b, 0xb1, 0x00, 0x00, 0x00,
    0x00, 0x00, 0x03, 0x00, 0x00, 0x00, 0x00, 0x00, 0x00, 0x00, 0x26, 0x00, 0x00, 0x00, 0x00, 0x00,
    0x00, 0x00, 0x80, 0x00, 0x00, 0x00, 0x00, 0x00, 0x00, 0x06, 0x20, 0x00, 0x70, 0x00, 0x00, 0x00,
    0x00, 0x44, 0x00, 0x00, 0x17, 0x00, 0x00, 0x00, 0x02, 0x60, 0x00, 0x00, 0x02, 0x60, 0x00, 0x00,
    0x3d, 0x77, 0xb7, 0x7d, 0x77, 0xa5, 0x00, 0x00, 0x23, 0x10, 0xb0, 0x0b, 0x00, 0x06, 0x00, 0x00,
    0x00, 0x02, 0xa0, 0x0b, 0x00, 0x00, 0x00, 0x00, 0x00, 0x04, 0x70, 0x0b, 0x00, 0x00, 0x00, 0x00,
    0x00, 0x07, 0x40, 0x0b, 0x00, 0x00, 0x00, 0x00, 0x00, 0x0a, 0x10, 0x0b, 0x00, 0x00, 0x08, 0x00,
    0x00, 0x47, 0x00, 0x0b, 0x00, 0x00, 0x1b, 0x00, 0x04, 0x80, 0x00, 0x0b, 0x00, 0x00, 0x39, 0x05,
    0x85, 0x00, 0x00, 0x08, 0xcb, 0xbb, 0xd4, 0x02, 0x00, 0x00, 0x00, 0x00, 0x00, 0x00, 0x00, 0x00,
    0x00, 0x00, 0x06, 0x00, 0x00, 0x00, 0x00, 0x00, 0x43, 0x00, 0xb0, 0x00, 0x00, 0x00, 0x00, 0x07,
    0x00, 0x0b, 0x00, 0x00, 0x00, 0x00, 0x01, 0xfb, 0xbb, 0xfb, 0xbb, 0xbb, 0x80, 0x00, 0x61, 0x00,
    0x0b, 0x00, 0x00, 0x00, 0x00, 0x17, 0x00, 0x00, 0xb0, 0x00, 0x00, 0x00, 0x03, 0x00, 0x00, 0x0b,
    0x00, 0x00, 0x00, 0x02, 0x44, 0x44, 0x44, 0xe4, 0x44, 0x44, 0x42, 0x5b, 0xbb, 0xbf, 0xbb, 0xbf,
    0xbb, 0xbb, 0x60, 0x00, 0x01, 0x60, 0x00, 0xb0, 0x00, 0x00, 0x00, 0x00, 0x44, 0x00, 0x0b, 0x00,
    0x00, 0x00, 0x00, 0x07, 0x00, 0x00, 0xb0, 0x00, 0x00, 0x00, 0x02, 0x60, 0x00, 0x0b, 0x00, 0x00,
    0xb0, 0x01, 0x80, 0x00, 0x00, 0xb0, 0x00, 0x0c, 0x16, 0x70, 0x00, 0x00, 0x08, 0xcb, 0xbc, 0x82,
    0x10, 0x00, 0x00, 0x00, 0x00, 0x00, 0x00, 0x00, 0x00, 0x00, 0x07, 0x00, 0x00, 0x00, 0x00, 0x05,
    0x00, 0x00, 0xb0, 0x00, 0x06, 0x10, 0x00, 0x53, 0x00, 0x0b, 0x00, 0x00, 0x70, 0x00, 0x00, 0x70,
    0x00, 0xb0, 0x00, 0x52, 0x00, 0x00, 0x04, 0x30, 0x0b, 0x00, 0x07, 0x00, 0x00, 0x00, 0x03, 0x00,
    0xb0, 0x01, 0x10, 0x00, 0x24, 0x44, 0x44, 0x4e, 0x44, 0x44, 0x44, 0x37, 0xdd, 0xdd, 0xfd, 0xdd,
    0xfd, 0xdd, 0xdb, 0x00, 0x00, 0x16, 0x00, 0x0b, 0x00, 0x00, 0x00, 0x00, 0x03, 0x40, 0x00, 0xb0,
    0x00, 0x00, 0x00, 0x00, 0x61, 0x00, 0x0b, 0x00, 0x00, 0x00, 0x00, 0x08, 0x00, 0x00, 0xb0, 0x00,
    0x02, 0x00, 0x07, 0x20, 0x00, 0x0b, 0x00, 0x00, 0xc0, 0x18, 0x40, 0x00, 0x00, 0xb0, 0x00, 0x0c,
    0x57, 0x10, 0x00, 0x00, 0x08, 0xcb, 0xbc, 0x80, 0x00, 0x00, 0x00, 0x07, 0x00, 0x00, 0x00, 0x00,
    0x00, 0x00, 0x00, 0xb0, 0x00, 0x00, 0x00, 0x6b, 0xbb, 0xbb, 0xbf, 0xbb, 0xbb, 0xbb, 0x50, 0x00,
    0x00, 0x00, 0xb0, 0x00, 0x00, 0x00, 0x00, 0x00, 0x00, 0x0b, 0x00, 0x00, 0x00, 0x00, 0x0c, 0xbb,
    0xbb, 0xeb, 0xbb, 0xc0, 0x00, 0x00, 0xb0, 0x00, 0x00, 0x00, 0x0b, 0x00, 0x00, 0x0b, 0x00, 0x00,
    0x00, 0x00, 0xb0, 0x00, 0x00, 0xc1, 0x11, 0x11, 0x11, 0x1c, 0x00, 0x00, 0x0e, 0xee, 0xfe, 0xef,
    0xfe, 0xe0, 0x00, 0x00, 0x00, 0x16, 0x00, 0x51, 0x00, 0x00, 0x00, 0x00, 0x06, 0x20, 0x05, 0x10,
    0x00, 0x00, 0x00, 0x01, 0x80, 0x00, 0x51, 0x00, 0x00, 0xa0, 0x02, 0x91, 0x00, 0x05, 0x10, 0x00,
    0x2a, 0x48, 0x60, 0x00, 0x00, 0x3c, 0xbb, 0xbd, 0x61, 0x00, 0x00, 0x00, 0x00, 0x00, 0x00, 0x00,
    0x00, 0x00, 0x06, 0x00, 0x00, 0x00, 0x00, 0x00, 0x00, 0x00, 0x02, 0x91, 0x00, 0x00, 0x00, 0x00,
    0x00, 0x00, 0x00, 0x18, 0x00, 0x00, 0x00, 0x00, 0x00, 0x00, 0x00, 0x08, 0x60, 0x00, 0x00, 0x00,
    0x00, 0x00, 0x00, 0x08, 0x90, 0x00, 0x00, 0x00, 0x00, 0x00, 0x00, 0x08, 0x36, 0x00, 0x00, 0x00,
    0x00, 0x00, 0x00, 0x35, 0x08, 0x00, 0x00, 0x00, 0x00, 0x00, 0x00, 0x80, 0x03, 0x50, 0x00, 0x00,
    0x00, 0x00, 0x02, 0x70, 0x00, 0x90, 0x00, 0x00, 0x00, 0x00, 0x08, 0x10, 0x00, 0x36, 0x00, 0x00,
    0x00, 0x00, 0x54, 0x00, 0x00, 0x08, 0x20, 0x00, 0x00, 0x04, 0x60, 0x00, 0x00, 0x01, 0x91, 0x00,
    0x00, 0x66, 0x00, 0x00, 0x00, 0x00, 0x29, 0x10, 0x09, 0x40, 0x00, 0x00, 0x00, 0x00, 0x01, 0x91,
    0x00, 0x00, 0x00, 0x00, 0x00, 0x00, 0x00, 0x00, 0x00, 0x00, 0x00, 0x00, 0x20, 0x00, 0x00, 0x00,
    0x00, 0x00, 0x00, 0x01, 0xe0, 0x00, 0x00, 0x00, 0x00, 0x00, 0x00, 0x08, 0x27, 0x00, 0x00, 0x00,
    0x00, 0x00, 0x00, 0x81, 0x02, 0x70, 0x00, 0x00, 0x00, 0x00, 0x18, 0x10, 0x00, 0x27, 0x00, 0x00,
    0x00, 0x01, 0x91, 0x00, 0x00, 0x01, 0x81, 0x00, 0x00, 0x59, 0x32, 0x22, 0x22, 0x22, 0x39, 0x40,
    0x08, 0x47, 0xbb, 0xbb, 0xfb, 0xbb, 0xb5, 0x57, 0x00, 0x00, 0x00, 0x00, 0xb0, 0x00, 0x00, 0x00,
    0x00, 0x00, 0x00, 0x00, 0xb0, 0x00, 0x00, 0x00, 0x00, 0x07, 0xbb, 0xbb, 0xfb, 0xbb, 0xb7, 0x00,
    0x00, 0x00, 0x00, 0x00, 0xb0, 0x00, 0x00, 0x00, 0x00, 0x00, 0x00, 0x00, 0xb0, 0x00, 0x00, 0x00,
    0x00, 0x00, 0x00, 0x00, 0xb0, 0x00, 0x00, 0x00, 0x08, 0xff, 0xff, 0xff, 0xff, 0xff, 0xff, 0xf5,
    0x00, 0x00, 0x00, 0x02, 0x00, 0x00, 0x00, 0x00, 0x00, 0x00, 0x00, 0x07, 0x00, 0x00, 0x00, 0x00,
    0x00, 0x00, 0x00, 0x05, 0x30, 0x00, 0x00, 0x00, 0x00, 0x00, 0x00, 0x00, 0x80, 0x00, 0x00, 0x00,
    0x00, 0x00, 0x00, 0x00, 0x10, 0x00, 0x00, 0x00, 0x0a, 0xbb, 0xbb, 0xbb, 0xbb, 0xbb, 0xbb, 0xb0,
    0x00, 0x00, 0x00, 0x00, 0x00, 0x00, 0x00, 0x00, 0x00, 0x00, 0x00, 0x00, 0x00, 0x00, 0x00, 0x00,
    0x00, 0x00, 0x16, 0x00, 0x00, 0x61, 0x00, 0x00, 0x00, 0x00, 0x72, 0x00, 0x00, 0x08, 0x00, 0x00,
    0x00, 0x01, 0x80, 0x00, 0x00, 0x03, 0x60, 0x00, 0x00, 0x08, 0x10, 0x00, 0x00, 0x00, 0x62, 0x00,
    0x00, 0x45, 0x00, 0x00, 0x00, 0x00, 0x08, 0x00, 0x02, 0x80, 0x00, 0x00, 0x00, 0x00, 0x03, 0x60,
    0x09, 0x10, 0x00, 0x00, 0x00, 0x00, 0x00, 0x81, 0x01, 0x00, 0x00, 0x00, 0x00, 0x00, 0x00, 0x00,
    0x00, 0x30, 0x00, 0x00, 0x00, 0x22, 0x00, 0x00, 0x17, 0x00, 0x00, 0x00, 0x80, 0x00, 0x00, 0x03,
    0x50, 0x00, 0x05, 0x40, 0x00, 0x00, 0x00, 0x40, 0x00, 0x18, 0x00, 0x00, 0x2b, 0xbb, 0xbb, 0xbb,
    0xfc, 0xbb, 0xb3, 0x00, 0x00, 0x00, 0x00, 0x00, 0x00, 0x00, 0x00, 0x00, 0x00, 0x00, 0x00, 0x00,
    0x00, 0x00, 0x00, 0x00, 0x00, 0x00, 0x00, 0x00, 0x00, 0x00, 0x00, 0x00, 0x00, 0x00, 0x00, 0x05,
    0xbb, 0xbb, 0xbb, 0xbb, 0xbb, 0x30, 0x00, 0x00, 0x00, 0x00, 0x00, 0x00, 0x00, 0x00, 0x00, 0x00,
    0x00, 0x00, 0x00, 0x00, 0x00, 0x00, 0x00, 0x00, 0x00, 0x00, 0x00, 0xbb, 0xbb, 0xbb, 0xbb, 0xbb,
    0xbb, 0xbb, 0x00, 0x01, 0x00, 0x00, 0x00, 0x21, 0x00, 0x00, 0x00, 0x70, 0x00, 0x00, 0x09, 0x00,
    0x00, 0x00, 0x01, 0x70, 0x00, 0x05, 0x40, 0x00, 0x00, 0x00, 0x04, 0x00, 0x01, 0x90, 0x00, 0x00,
    0x0d, 0xff, 0xff, 0xff, 0xff, 0xff, 0xe0, 0x00, 0x00, 0x00, 0x04, 0x30, 0x00, 0x00, 0x00, 0x00,
    0x00, 0x00, 0x43, 0x00, 0x00, 0x00, 0x00, 0x00, 0x00, 0x05, 0x20, 0x00, 0x00, 0x00, 0x7b, 0xbb,
    0xbb, 0xff, 0xbb, 0xbb, 0xbb, 0x00, 0x00, 0x00, 0x07, 0x70, 0x00, 0x00, 0x00, 0x00, 0x00, 0x02,
    0x62, 0x60, 0x00, 0x00, 0x00, 0x00, 0x00, 0x80, 0x05, 0x30, 0x00, 0x00, 0x00, 0x01, 0x81, 0x00,
    0x06, 0x30, 0x00, 0x00, 0x04, 0x81, 0x00, 0x00, 0x05, 0x71, 0x00, 0x48, 0x40, 0x00, 0x00, 0x00,
    0x02, 0x87, 0x11, 0x00, 0x00, 0x00, 0x00, 0x00, 0x00, 0x10, 0x00, 0x00, 0x00, 0x90, 0x09, 0x00,
    0x00, 0x00, 0x00, 0x00, 0x00, 0xb0, 0x0b, 0x00, 0x00, 0x00, 0x00, 0xbb, 0xbb, 0xfb, 0xbf, 0xbb,
    0xbb, 0x00, 0x00, 0xf0, 0x00, 0xb0, 0x0b, 0x00, 0x0f, 0x00, 0x00, 0xf0, 0x00, 0xb0, 0x0b, 0x00,
    0x0f, 0x00, 0x00, 0xf0, 0x00, 0xb0, 0x0b, 0x00, 0x0f, 0x00, 0x00, 0xfb, 0xbb, 0xfb, 0xbf, 0xbb,
    0xbf, 0x00, 0x00, 0xf0, 0x00, 0xb0, 0x0b, 0x00, 0x0f, 0x00, 0x00, 0xf0, 0x00, 0xb0, 0x0b, 0x00,
    0x0f, 0x00, 0x00, 0xf0, 0x00, 0xb0, 0x0b, 0x00, 0x0f, 0x00, 0x8c, 0xfb, 0xbb, 0xfb, 0xbf, 0xbb,
    0xbf, 0xc6, 0x23, 0x33, 0x33, 0x33, 0x33, 0x33, 0x33, 0x32, 0x00, 0x00, 0x38, 0x10, 0x00, 0x47,
    0x10, 0x00, 0x00, 0x27, 0x50, 0x00, 0x00, 0x01, 0x76, 0x00, 0x17, 0x60, 0x00, 0x00, 0x00, 0x00,
    0x02, 0x80, 0x00, 0x00, 0x00, 0x00, 0x00, 0x00, 0x00, 0x00, 0x00, 0x01, 0x10, 0x00, 0x00, 0x03,
    0x00, 0x00, 0x00, 0x08, 0x00, 0x00, 0x01, 0x80, 0x00, 0x00, 0x00, 0x35, 0x00, 0x00, 0x71, 0x00,
    0x00, 0xab, 0xbb, 0xcb, 0xbb, 0xdf, 0xbb, 0xbb, 0x00, 0x00, 0x60, 0x00, 0x00, 0x15, 0x00, 0x00,
    0x00, 0x35, 0x00, 0x00, 0x07, 0x10, 0x00, 0x00, 0x08, 0x00, 0x00, 0x03, 0x50, 0x01, 0x00, 0x06,
    0x20, 0x08, 0x10, 0x80, 0x02, 0x70, 0x03, 0x51, 0x27, 0x40, 0x72, 0x23, 0x90, 0x00, 0xa7, 0x67,
    0x90, 0x3a, 0x75, 0xa3, 0x00, 0x00, 0x01, 0x80, 0x00, 0x00, 0x45, 0x00, 0x00, 0x00, 0x81, 0x61,
    0x00, 0x27, 0x05, 0x20, 0x00, 0x62, 0x01, 0x70, 0x17, 0x00, 0x08, 0x00, 0xa8, 0x77, 0x7c, 0x4c,
    0x77, 0x77, 0xa5, 0x05, 0x21, 0x00, 0x18, 0x31, 0x00, 0x00, 0x70, 0x00, 0x00, 0x00, 0x60, 0x00,
    0x00, 0x00, 0x00, 0x00, 0x00, 0xa0, 0x00, 0x00, 0x00, 0x00, 0x00, 0x00, 0xa0, 0x00, 0x00, 0x00,
    0x8b, 0xbb, 0xbb, 0xfb, 0xbb, 0xbb, 0xf2, 0xb0, 0x00, 0x00, 0xa0, 0x00, 0x00, 0xc3, 0xb0, 0x00,
    0x00, 0xa0, 0x00, 0x00, 0xc3, 0xb0, 0x00, 0x03, 0xe0, 0x00, 0x00, 0xc3, 0xb0, 0x00, 0x09, 0x38,
    0x10, 0x00, 0xc3, 0xb0, 0x00, 0x38, 0x01, 0x81, 0x00, 0xc3, 0xb0, 0x02, 0x90, 0x00, 0x08, 0x10,
    0xc3, 0xb0, 0x58, 0x00, 0x00, 0x01, 0x81, 0xc3, 0xb0, 0x40, 0x00, 0x00, 0x00, 0x12, 0xc3, 0xb0,
    0x00, 0x00, 0x00, 0x00, 0x00, 0xc3, 0xb0, 0x00, 0x00, 0x00, 0x00, 0x00, 0xc3, 0xb0, 0x00, 0x00,
    0x00, 0x07, 0xaa, 0xc1, 0x00, 0x3f, 0xbb, 0xf3, 0x1f, 0xcb, 0xbf, 0x10, 0x00, 0x3c, 0x00, 0xb3,
    0x1f, 0x10, 0x0f, 0x10, 0x00, 0x3c, 0x00, 0xb3, 0x1f, 0x10, 0x0f, 0x10, 0x00, 0x3c, 0x00, 0xb3,
    0x1f, 0x10, 0x0f, 0x10, 0x00, 0x3c, 0x00, 0xb3, 0x1f, 0x10, 0x0f, 0x10, 0x1b, 0xff, 0xbb, 0xfe,
    0xcf, 0xcb, 0xbf, 0xcb, 0x00, 0x4b, 0x00, 0xb3, 0x2f, 0x00, 0x0f, 0x10, 0x00, 0x69, 0x00, 0xb3,
    0x3d, 0x00, 0x0f, 0x10, 0x00, 0x87, 0x00, 0xb3, 0x4b, 0x00, 0x0f, 0x10, 0x00, 0xc3, 0x00, 0xb3,
    0x77, 0x00, 0x0f, 0x10, 0x01, 0xc0, 0x00, 0xb3, 0xa2, 0x00, 0x0f, 0x10, 0x07, 0x50, 0x00, 0xb4,
    0xa0, 0x00, 0x0f, 0x10, 0x09, 0x00, 0x6b, 0xd7, 0x30, 0x1c, 0xcd, 0x00, 0x00, 0x00, 0x00, 0x00,
    0x00, 0x00, 0x00, 0x00, 0x01, 0x33, 0x33, 0x33, 0x33, 0x33, 0x33, 0x31, 0x00, 0x4b, 0xbb, 0xbb,
    0xbf, 0xbb, 0xbb, 0xbb, 0x30, 0x00, 0x00, 0x00, 0x00, 0xb0, 0x00, 0x00, 0x00, 0x00, 0x03, 0xcb,
    0xbb, 0xbf, 0xbb, 0xbb, 0xf0, 0x00, 0x00, 0x4b, 0x00, 0x00, 0xb0, 0x00, 0x0f, 0x00, 0x00, 0x04,
    0xb0, 0x00, 0x0b, 0x00, 0x00, 0xf0, 0x00, 0x00, 0x4f, 0xbb, 0xbb, 0xfb, 0xbb, 0xbf, 0x00, 0x00,
    0x04, 0xb0, 0x00, 0x0b, 0x00, 0x00, 0xf0, 0x00, 0x00, 0x4b, 0x00, 0x00, 0xb0, 0x00, 0x0f, 0x00,
    0x02, 0xbf, 0xfb, 0xbb, 0xbf, 0xbb, 0xbb, 0xfc, 0xb1, 0x14, 0x8f, 0x44, 0x44, 0x44, 0x44, 0x4f,
    0x44, 0x00, 0x04, 0xb0, 0x00, 0x00, 0x00, 0x00, 0xf0, 0x00, 0x00, 0x4b, 0x00, 0x00, 0x00, 0x00,
    0x0f, 0x00, 0x00, 0x04, 0xb0, 0x00, 0x00, 0x07, 0xbc, 0xc0, 0x00, 0x00, 0x01, 0x00, 0x00, 0x00,
    0x00, 0x00, 0x00, 0x00, 0x00, 0x00, 0x00, 0x00, 0x04, 0x00, 0x00, 0x00, 0x00, 0x00, 0x00, 0x00,
    0x0b, 0x00, 0x00, 0x00, 0x28, 0x10, 0x00, 0x00, 0x0b, 0x00, 0x00, 0x00, 0x00, 0x82, 0x00, 0x00,
    0x0f, 0x00, 0x00, 0x00, 0x00, 0x02, 0x00, 0x00, 0x0f, 0x20, 0x02, 0x50, 0x00, 0x00, 0x8b, 0xbf,
    0x3c, 0x50, 0x27, 0x00, 0x00, 0x00, 0x00, 0x07, 0x0b, 0x72, 0x70, 0x00, 0x00, 0x00, 0x00, 0x07,
    0x0b, 0x79, 0x00, 0x00, 0x00, 0x07, 0x00, 0x44, 0x0b, 0x07, 0x00, 0x00, 0x00, 0x62, 0x00, 0x70,
    0x0b, 0x06, 0x20, 0x00, 0x01, 0x70, 0x05, 0x30, 0x0b, 0x00, 0x80, 0x00, 0x08, 0x10, 0x46, 0x00,
    0x0b, 0x00, 0x28, 0x00, 0x34, 0x02, 0x60, 0x00, 0x0b, 0x00, 0x02, 0x81, 0x00, 0x00, 0x00, 0x00,
    0x0b, 0x00, 0x00, 0x00, 0x00, 0x00, 0x00, 0x4c, 0xc9, 0x00, 0x00, 0x00, 0x00, 0x00, 0x00, 0x00,
    0x00, 0x00, 0x00, 0x00, 0x00, 0x00, 0x00, 0x00, 0x20, 0x00, 0x00, 0x00, 0x05, 0x00, 0x00, 0x00,
    0x80, 0x00, 0x00, 0x00, 0x03, 0x50, 0x00, 0x00, 0x70, 0x00, 0x00, 0x00, 0x00, 0x62, 0x4b, 0xbf,
    0xeb, 0xbb, 0xbb, 0xb0, 0x00, 0x08, 0x00, 0x07, 0x00, 0x00, 0x00, 0x00, 0x00, 0x00, 0x00, 0x16,
    0x00, 0x50, 0x00, 0x00, 0x00, 0x00, 0x00, 0x71, 0x00, 0x70, 0x00, 0x00, 0x00, 0x00, 0x01, 0x70,
    0x00, 0x70, 0x00, 0x00, 0x00, 0x00, 0x06, 0xdb, 0xbb, 0xfb, 0xbb, 0x40, 0x00, 0x07, 0x00, 0x00,
    0x00, 0x70, 0x00, 0x00, 0x00, 0x44, 0x00, 0x24, 0x00, 0x70, 0x50, 0x00, 0x00, 0x80, 0x00, 0x81,
    0x00, 0x70, 0x27, 0x00, 0x06, 0x30, 0x05, 0x40, 0x00, 0x70, 0x04, 0x50, 0x08, 0x00, 0x26, 0x00,
    0x00, 0x70, 0x00, 0x60, 0x00, 0x00, 0x00, 0x03, 0xbb, 0x60, 0x00, 0x00, 0x00, 0x00, 0x00, 0x00,
    0x00, 0x00, 0x00, 0x00, 0x12, 0x00, 0x00, 0x08, 0x02, 0x60, 0x00, 0x00, 0x08, 0x00, 0x00, 0x54,
    0x00, 0x62, 0x00, 0x00, 0x02, 0x60, 0x00, 0xb4, 0x44, 0x56, 0x44, 0x30, 0x00, 0x62, 0x07, 0xfb,
    0xbb, 0xfb, 0xbb, 0x80, 0x00, 0x02, 0x1a, 0xd0, 0x00, 0xb0, 0x00, 0x00, 0x00, 0x00, 0x93, 0xd0,
    0x00, 0xb0, 0x00, 0x00, 0x00, 0x04, 0x23, 0xfb, 0xbb, 0xfb, 0xbb, 0x40, 0x00, 0x00, 0x03, 0xd0,
    0x00, 0xb0, 0x00, 0x00, 0x00, 0x16, 0x03, 0xd0, 0x00, 0xb0, 0x00, 0x00, 0x00, 0x61, 0x03, 0xfb,
    0xbb, 0xfb, 0xbb, 0x40, 0x00, 0x70, 0x03, 0xd0, 0x00, 0xb0, 0x00, 0x00, 0x06, 0x20, 0x03, 0xd0,
    0x00, 0xb0, 0x00, 0x00, 0x08, 0x00, 0x03, 0xfc, 0xcc, 0xfc, 0xcc, 0xc1, 0x12, 0x00, 0x03, 0xf2,
    0x22, 0x22, 0x22, 0x20, 0x00, 0x00, 0x40, 0x00, 0x00, 0x00, 0x13, 0x00, 0x00, 0x01, 0x61, 0x35,
    0x6b, 0x67, 0x63, 0x00, 0x00, 0x08, 0x02, 0x31, 0x0b, 0x00, 0x00, 0x00, 0x00, 0x6b, 0x00, 0x00,
    0x0b, 0x00, 0x00, 0x00, 0x06, 0x4b, 0x5b, 0xbb, 0xbf, 0xbb, 0xbb, 0xb0, 0x43, 0x0b, 0x00, 0x00,
    0x0b, 0x00, 0x00, 0x00, 0x00, 0x0b, 0x00, 0x00, 0x0b, 0x00, 0x00, 0x00, 0x00, 0x0b, 0x1c, 0xcc,
    0xcf, 0xcc, 0xcc, 0x90, 0x00, 0x07, 0x04, 0x44, 0x44, 0x44, 0x44, 0x20, 0x00, 0x00, 0x8b, 0xbb,
    0xbb, 0xc6, 0x00, 0x00, 0x00, 0x00, 0x40, 0x00, 0x00, 0x07, 0x00, 0x00, 0x00, 0x00, 0x50, 0x00,
    0x00, 0x07, 0x00, 0x00, 0x00, 0x00, 0x60, 0x00, 0x00, 0x07, 0x00, 0x09, 0x00, 0x07, 0x10, 0x00,
    0x00, 0x07, 0x00, 0x1b, 0x16, 0x71, 0x00, 0x00, 0x00, 0x0b, 0xbb, 0xc7, 0x02, 0x00, 0x00, 0x00,
    0x00, 0x00, 0x00, 0x00, 0x00, 0x00, 0x00, 0x30, 0x00, 0x00, 0x00, 0x00, 0x00, 0x0b, 0x00, 0x00,
    0x00, 0x14, 0x00, 0x00, 0xb0, 0x00, 0x08, 0x02, 0x50, 0x00, 0x0b, 0x00, 0x00, 0xb0, 0x25, 0x00,
    0x00, 0xb0, 0x00, 0x0b, 0x02, 0x50, 0x00, 0x0b, 0x00, 0x00, 0xb0, 0x25, 0x00, 0x00, 0xb0, 0x00,
    0x0b, 0x01, 0xbb, 0xbb, 0xbf, 0xbb, 0xbb, 0x80, 0x80, 0x00, 0x00, 0xb0, 0x00, 0x02, 0x1b, 0x00,
    0x00, 0x0b, 0x00, 0x00, 0x21, 0xb0, 0x00, 0x00, 0xb0, 0x00, 0x02, 0x1b, 0x00, 0x00, 0x0b, 0x00,
    0x00, 0x21, 0xb0, 0x00, 0x00, 0xb0, 0x00, 0x02, 0x1e, 0xbb, 0xbb, 0xbf, 0xbb, 0xbb, 0xd1, 0x55,
    0x55, 0x55, 0x55, 0x55, 0x57, 0x10, 0x00, 0x00, 0x00, 0x05, 0x00, 0x00, 0x00, 0x00, 0x00, 0x00,
    0x00, 0xb0, 0x00, 0x00, 0x00, 0x00, 0x00, 0x00, 0x0b, 0x00, 0x00, 0x00, 0x00, 0x0b, 0xbb, 0xbb,
    0xfb, 0xbb, 0xbb, 0x40, 0x00, 0x00, 0x00, 0x0b, 0x00, 0x00, 0x00, 0x00, 0x00, 0x00, 0x00, 0xb0,
    0x00, 0x00, 0x00, 0x00, 0x00, 0x00, 0x0b, 0x00, 0x00, 0x00, 0x02, 0xbb, 0xbb, 0xbb, 0xfb, 0xbb,
    0xbb, 0xb6, 0x00, 0x20, 0x00, 0x0b, 0x00, 0x00, 0x21, 0x00, 0x0b, 0x00, 0x00, 0xb0, 0x00, 0x0b,
    0x40, 0x00, 0xb0, 0x00, 0x0b, 0x00, 0x00, 0xb4, 0x00, 0x0b, 0x00, 0x00, 0xb0, 0x00, 0x0b, 0x40,
    0x00, 0xb0, 0x00, 0x0b, 0x00, 0x00, 0xb4, 0x00, 0x0b, 0xbb, 0xbb, 0xfb, 0xbb, 0xbf, 0x40, 0x00,
    0x12, 0x22, 0x22, 0x22, 0x22, 0xd4, 0x00, 0x00, 0x00, 0x16, 0x00, 0x00, 0x60, 0x00, 0x00, 0x00,
    0x00, 0x72, 0x00, 0x00, 0x44, 0x00, 0x00, 0x00, 0x01, 0x70, 0x00, 0x00, 0x07, 0x10, 0x00, 0x00,
    0x08, 0x10, 0x00, 0x00, 0x01, 0x70, 0x00, 0x00, 0x54, 0x00, 0x00, 0x00, 0x00, 0x36, 0x00, 0x03,
    0x72, 0x22, 0x22, 0x22, 0x22, 0x34, 0x70, 0x16, 0x4b, 0xbb, 0xfb, 0xbb, 0xbb, 0xf0, 0x20, 0x00,
    0x00, 0x00, 0x70, 0x00, 0x00, 0xe0, 0x00, 0x00, 0x00, 0x03, 0x40, 0x00, 0x01, 0xd0, 0x00, 0x00,
    0x00, 0x07, 0x00, 0x00, 0x02, 0xc0, 0x00, 0x00, 0x00, 0x16, 0x00, 0x00, 0x04, 0xb0, 0x00, 0x00,
    0x00, 0x80, 0x00, 0x00, 0x06, 0x90, 0x00, 0x00, 0x18, 0x20, 0x00, 0x00, 0x0a, 0x60, 0x00, 0x06,
    0x61, 0x00, 0x03, 0xbb, 0xbc, 0x10, 0x00, 0x00, 0x00, 0x00, 0x00, 0x00, 0x00, 0x00, 0x00, 0x00,
    0x0a, 0x00, 0x00, 0x00, 0x00, 0x00, 0x00, 0x00, 0x0b, 0x00, 0x0c, 0xee, 0xfe, 0xee, 0xf2, 0x00,
    0x0b, 0x00, 0x00, 0x00, 0xc0, 0x00, 0x92, 0x00, 0x0b, 0x01, 0x40, 0x00, 0xb0, 0x00, 0xa2, 0x02,
    0x6f, 0x66, 0x20, 0x01, 0xb0, 0x00, 0xb1, 0x14, 0x1b, 0x00, 0x00, 0x03, 0x90, 0x00, 0xb1, 0x00,
    0x0b, 0x00, 0x00, 0x04, 0x70, 0x00, 0xc0, 0x00, 0x0b, 0x00, 0x00, 0x07, 0x50, 0x00, 0xc0, 0x00,
    0x0b, 0x00, 0x00, 0x0a, 0x10, 0x00, 0xc0, 0x00, 0x0b, 0x16, 0x72, 0x1b, 0x00, 0x00, 0xc0, 0x00,
    0x5f, 0x71, 0x00, 0x75, 0x00, 0x01, 0xb0, 0x00, 0x20, 0x00, 0x02, 0xa0, 0x00, 0x02, 0xa0, 0x00,
    0x00, 0x00, 0x1a, 0x10, 0x00, 0x05, 0x70, 0x00, 0x00, 0x04, 0x81, 0x00, 0x0b, 0xbc, 0x20, 0x00,
    0x00, 0x00, 0x00, 0x00, 0x00, 0x00, 0x00, 0x00, 0x00, 0x00, 0x00, 0x00, 0x00, 0x00, 0x00, 0x00,
    0x00, 0x00, 0x00, 0x00, 0x0b, 0x67, 0x7d, 0x77, 0x77, 0x00, 0x00, 0x0b, 0x00, 0x25, 0x00, 0x00,
    0x0b, 0x00, 0x0b, 0x00, 0x61, 0x00, 0x00, 0x0b, 0x00, 0x0b, 0x00, 0xc7, 0x77, 0x83, 0x0b, 0x00,
    0x0b, 0x03, 0x40, 0x00, 0x52, 0x0b, 0x00, 0x0b, 0x08, 0x00, 0x00, 0x70, 0x0b, 0x00, 0x0b, 0x45,
    0x10, 0x00, 0x70, 0x0b, 0x00, 0x0b, 0x50, 0x65, 0x03, 0x40, 0x0b, 0x00, 0x0b, 0x00, 0x03, 0x88,
    0x00, 0x0b, 0x00, 0x0b, 0x00, 0x00, 0x65, 0x00, 0x08, 0x00, 0x0b, 0x00, 0x02, 0x70, 0x00, 0x00,
    0x00, 0x0b, 0x00, 0x37, 0x00, 0x00, 0x00, 0x00, 0x0b, 0x17, 0x60, 0x00, 0x00, 0x00, 0x4b, 0xc8,
    0x21, 0x00, 0x00, 0x00, 0x00, 0x00, 0x00, 0x00, 0x31, 0x20, 0x02, 0x12, 0x00, 0x00, 0x40, 0x2f,
    0x6f, 0x32, 0xf6, 0xf0, 0x00, 0x0b, 0x02, 0xc0, 0xb3, 0x2c, 0x0e, 0x08, 0x00, 0xb0, 0x2c, 0x0b,
    0x32, 0xc0, 0xe0, 0xb0, 0x0b, 0x02, 0xc0, 0xb3, 0x2c, 0x0e, 0x0b, 0x00, 0xb0, 0x2c, 0x0b, 0x32,
    0xc0, 0xe0, 0xb0, 0x0b, 0x15, 0xf3, 0xf6, 0x6f, 0x3f, 0x3b, 0x00, 0xb1, 0x6f, 0x4f, 0x66, 0xf4,
    0xf4, 0xb0, 0x0b, 0x02, 0xc0, 0xb3, 0x2c, 0x0e, 0x0b, 0x00, 0xb0, 0x3c, 0x0b, 0x33, 0xc0, 0xe0,
    0xb0, 0x0b, 0x04, 0xb0, 0xb3, 0x3b, 0x0e, 0x0b, 0x00, 0xb0, 0x69, 0x0b, 0x35, 0x90, 0xe0, 0x00,
    0x0b, 0x08, 0x60, 0xb3, 0x85, 0x0e, 0x00, 0x00, 0xb0, 0xb1, 0x0b, 0x3b, 0x10, 0xe0, 0x00, 0x0b,
    0x26, 0x09, 0xd4, 0x60, 0xad, 0x00, 0xab, 0x90, 0x00, 0x00, 0x00, 0x00, 0x00, 0x00, 0x00, 0x00,
    0x00, 0x00, 0x01, 0x00, 0x00, 0x00, 0x00, 0x24, 0x86, 0x65, 0x00, 0x00, 0x0b, 0x26, 0x42, 0xb0,
    0x00, 0x08, 0x00, 0x0b, 0x00, 0x00, 0xb0, 0x00, 0x0b, 0x00, 0x0b, 0x00, 0x00, 0xb0, 0x00, 0x0b,
    0x00, 0x0b, 0x37, 0x77, 0xf7, 0x77, 0x3b, 0x00, 0x0b, 0x00, 0x04, 0xf0, 0x00, 0x0b, 0x00, 0x0b,
    0x00, 0x08, 0xe3, 0x00, 0x0b, 0x00, 0x0b, 0x00, 0x44, 0xb5, 0x50, 0x0b, 0x00, 0x0b, 0x00, 0x80,
    0xb0, 0x37, 0x0b, 0x00, 0x0b, 0x07, 0x20, 0xb0, 0x02, 0x1b, 0x00, 0x0b, 0x54, 0x00, 0xb0, 0x00,
    0x00, 0x00, 0x0b, 0x10, 0x00, 0xb0, 0x00, 0x00, 0x00, 0x0b, 0x00, 0x00, 0xb0, 0x00, 0x00, 0x00,
    0x0b, 0x00, 0x00, 0xb0, 0x00, 0x00, 0x3c, 0xcd, 0x00, 0x00, 0x00, 0x00, 0x00, 0x01, 0x10, 0x02,
    0x22, 0x22, 0x22, 0x20, 0x00, 0x0a, 0x06, 0x66, 0xe6, 0x66, 0x61, 0xb0, 0x0b, 0x00, 0x03, 0x50,
    0x31, 0x00, 0xb0, 0x0b, 0x00, 0x08, 0x00, 0x06, 0x00, 0xb0, 0x0b, 0x00, 0x62, 0x23, 0x58, 0x60,
    0xb0, 0x0b, 0x02, 0xb7, 0x53, 0x20, 0x40, 0xb0, 0x0b, 0x00, 0x00, 0x06, 0x00, 0x00, 0xb0, 0x0b,
    0x00, 0x00, 0x07, 0x00, 0x00, 0xb0, 0x0b, 0x02, 0x77, 0x7e, 0x77, 0x71, 0xb0, 0x0b, 0x00, 0x00,
    0x07, 0x00, 0x00, 0xb0, 0x0b, 0x00, 0x00, 0x07, 0x00, 0x00, 0x80, 0x0b, 0x00, 0x00, 0x0a, 0x67,
    0x72, 0x00, 0x0b, 0x06, 0x88, 0x75, 0x10, 0x00, 0x00, 0x0b, 0x02, 0x00, 0x00, 0x00, 0x00, 0x09,
    0xbc, 0x00, 0x00, 0x00, 0x00, 0x00, 0x00, 0x00, 0x00, 0x00, 0x30, 0x00, 0x00, 0x00, 0x00, 0x30,
    0x07, 0x0b, 0x00, 0x00, 0x00, 0x00, 0x0b, 0x02, 0x60, 0xb0, 0x00, 0x00, 0x08, 0x00, 0xb0, 0x78,
    0x7f, 0x77, 0x74, 0x00, 0xb0, 0x0b, 0x17, 0x00, 0xb0, 0x00, 0x00, 0x0b, 0x00, 0xb6, 0x43, 0x3e,
    0x33, 0x33, 0x10, 0xb0, 0x0b, 0x44, 0x44, 0xf4, 0x44, 0x41, 0x0b, 0x00, 0xb0, 0x00, 0x0b, 0x00,
    0x00, 0x00, 0xb0, 0x0b, 0x07, 0x77, 0xf7, 0x77, 0xe0, 0x0b, 0x00, 0xb0, 0xb0, 0x0b, 0x00, 0x0f,
    0x00, 0xb0, 0x0b, 0x0b, 0x00, 0xb0, 0x00, 0xf0, 0x0b, 0x00, 0xb0, 0xb0, 0x0b, 0x00, 0x0f, 0x00,
    0x00, 0x0b, 0x0b, 0x00, 0xb0, 0x00, 0xf0, 0x00, 0x00, 0xb0, 0xb0, 0x0b, 0x0a, 0xcc, 0x00, 0x00,
    0x0b, 0x00, 0x00, 0xb0, 0x00, 0x00, 0x06, 0xbb, 0x80, 0x00, 0x00, 0x00, 0x00, 0x00, 0x00, 0x00,
    0x00, 0x00, 0x00, 0x00, 0x00, 0x00, 0x00, 0x20, 0x2d, 0x77, 0x77, 0x77, 0x00, 0x00, 0x0b, 0x04,
    0xc0, 0x00, 0x00, 0xc0, 0x80, 0x00, 0xb0, 0x4c, 0x00, 0x00, 0x0c, 0x0b, 0x00, 0x0b, 0x04, 0xd1,
    0x11, 0x11, 0xc0, 0xb0, 0x00, 0xb0, 0x4f, 0x66, 0x6e, 0x66, 0x0b, 0x00, 0x0b, 0x04, 0xc0, 0x00,
    0xb0, 0x00, 0xb0, 0x00, 0xb0, 0x5c, 0x67, 0x7f, 0x7c, 0x0b, 0x00, 0x0b, 0x05, 0xb7, 0x00, 0xb0,
    0xb0, 0xb0, 0x00, 0xb0, 0x6a, 0x70, 0x0b, 0x0b, 0x0b, 0x00, 0x0b, 0x08, 0x87, 0x00, 0xb0, 0xb0,
    0xb0, 0x00, 0xb0, 0xa4, 0x70, 0x0b, 0x0b, 0x00, 0x00, 0x0b, 0x0c, 0x07, 0x00, 0xb9, 0xd0, 0x00,
    0x00, 0xb5, 0x70, 0x20, 0x0b, 0x00, 0x00, 0x00, 0x0b, 0x40, 0x00, 0x00, 0xb0, 0x00, 0x08, 0xbb,
    0x80, 0x00, 0x00, 0x00, 0x00, 0x00, 0x00, 0x00, 0x00, 0x01, 0x20, 0x00, 0x00, 0x01, 0x20, 0x00,
    0x00, 0x00, 0x71, 0x00, 0x00, 0x07, 0x10, 0x00, 0x00, 0x00, 0x17, 0x00, 0x00, 0x35, 0x00, 0x00,
    0x0b, 0xbb, 0xbc, 0xbb, 0xbb, 0xfb, 0xbb, 0xb0, 0x00, 0x00, 0x00, 0x00, 0x00, 0x00, 0x00, 0x00,
    0x00, 0x22, 0x22, 0x21, 0x00, 0x00, 0x04, 0x00, 0x00, 0x95, 0x55, 0x58, 0x00, 0x70, 0x07, 0x00,
    0x00, 0x70, 0x00, 0x07, 0x00, 0x70, 0x07, 0x00, 0x00, 0xc7, 0x77, 0x89, 0x00, 0x70, 0x07, 0x00,
    0x00, 0x70, 0x00, 0x07, 0x00, 0x70, 0x07, 0x00, 0x00, 0x70, 0x00, 0x07, 0x00, 0x70, 0x07, 0x00,
    0x00, 0xb7, 0x77, 0x78, 0x00, 0x70, 0x07, 0x00, 0x00, 0x70, 0x00, 0x07, 0x00, 0x40, 0x07, 0x00,
    0x00, 0x70, 0x00, 0x07, 0x00, 0x00, 0x07, 0x00, 0x00, 0x70, 0x3b, 0xb5, 0x00, 0x3b, 0xb9, 0x00,
    0x00, 0x00, 0x00, 0x00, 0x00, 0x00, 0x00, 0x00, 0x00, 0x00, 0x00, 0x02, 0x40, 0x00, 0x04, 0x04,
    0x67, 0x7d, 0x75, 0x10, 0x00, 0x0b, 0x00, 0x00, 0x0b, 0x00, 0x00, 0x08, 0x0b, 0x13, 0x33, 0x3e,
    0x33, 0x33, 0x1b, 0x0b, 0x25, 0x56, 0x5f, 0x56, 0x55, 0x2b, 0x0b, 0x00, 0x0b, 0x4b, 0x0b, 0x00,
    0x0b, 0x0b, 0x07, 0x7f, 0x4b, 0x0c, 0x73, 0x0b, 0x0b, 0x00, 0x0b, 0x4b, 0x0e, 0x10, 0x0b, 0x0b,
    0x02, 0x5f, 0x4b, 0x0b, 0x07, 0x0b, 0x0b, 0x16, 0x3b, 0x4f, 0x0c, 0x6b, 0x0b, 0x0b, 0x00, 0x02,
    0x6f, 0x71, 0x10, 0x0b, 0x0b, 0x00, 0x06, 0x4b, 0x17, 0x30, 0x00, 0x0b, 0x00, 0x73, 0x0b, 0x00,
    0x62, 0x00, 0x0b, 0x28, 0x20, 0x0b, 0x00, 0x00, 0x00, 0x0b, 0x10, 0x00, 0x0b, 0x00, 0x00, 0x09,
    0xbc, 0x00, 0x00, 0x00, 0x00, 0x00, 0x00, 0x00, 0x00, 0x00, 0x00, 0x00, 0x04, 0x00, 0x00, 0x00,
    0x00, 0x00, 0x00, 0x00, 0xb1, 0x00, 0x00, 0x12, 0x22, 0x22, 0x10, 0x0b, 0x00, 0x00, 0x05, 0xbb,
    0xfb, 0xb7, 0x00, 0xb0, 0x00, 0x00, 0x00, 0x0b, 0x00, 0xab, 0xbf, 0xbb, 0xbb, 0xf0, 0x00, 0xb0,
    0x00, 0x00, 0xb0, 0x00, 0x0e, 0x00, 0x0b, 0x00, 0x00, 0x0a, 0x00, 0x01, 0xd0, 0x00, 0xb0, 0x00,
    0x02, 0x70, 0x00, 0x2c, 0x00, 0x0b, 0x00, 0x00, 0x53, 0x00, 0x03, 0xb0, 0x00, 0xb0, 0x33, 0x07,
    0x00, 0x00, 0x4a, 0x01, 0x5f, 0x74, 0x01, 0x70, 0x00, 0x05, 0x94, 0x62, 0x00, 0x00, 0x71, 0x00,
    0x00, 0x78, 0x00, 0x00, 0x00, 0x45, 0x00, 0x00, 0x09, 0x60, 0x00, 0x00, 0x56, 0x00, 0x00, 0x00,
    0xd2, 0x00, 0x00, 0x43, 0x00, 0x02, 0xbb, 0xca, 0x00, 0x00, 0x00, 0x00, 0x00, 0x00, 0x00, 0x00,
    0x00, 0x0b, 0x10, 0x00, 0x00, 0x00, 0x00, 0x00, 0x00, 0xb1, 0x00, 0x00, 0x11, 0x11, 0x10, 0x00,
    0x0b, 0x00, 0x00, 0x0f, 0x66, 0x6d, 0x44, 0xbb, 0xfb, 0xbb, 0xf1, 0xf0, 0x00, 0xb4, 0x00, 0x0c,
    0x00, 0x0d, 0x0f, 0x00, 0x0b, 0x40, 0x00, 0xb0, 0x00, 0xd0, 0xf0, 0x00, 0xb4, 0x00, 0x0b, 0x00,
    0x0e, 0x0f, 0x00, 0x0b, 0x40, 0x01, 0x90, 0x00, 0xe0, 0xf0, 0x00, 0xb4, 0x00, 0x46, 0x00, 0x0e,
    0x0f, 0x00, 0x0b, 0x40, 0x07, 0x20, 0x00, 0xe0, 0xf0, 0x00, 0xb4, 0x00, 0x90, 0x00, 0x1d, 0x0f,
    0x00, 0x0b, 0x40, 0x27, 0x00, 0x03, 0xc0, 0xf0, 0x00, 0xb4, 0x07, 0x10, 0x00, 0x5a, 0x0f, 0xbb,
    0xbf, 0x44, 0x50, 0x08, 0xac, 0x40, 0xf0, 0x00, 0xb4, 0x10, 0x00, 0x00, 0x00, 0x00, 0x00, 0x00,
    0x00, 0x00, 0x00, 0x00, 0x40, 0x00, 0x00, 0x00, 0x00, 0x00, 0x00, 0x63, 0x00, 0x00, 0x00, 0x00,
    0x00, 0x00, 0x5f, 0xbb, 0xbb, 0xbb, 0xc0, 0x00, 0x00, 0x59, 0x10, 0x00, 0x00, 0x54, 0x00, 0x01,
    0x84, 0x08, 0x10, 0x00, 0x74, 0x00, 0x00, 0x11, 0x00, 0x07, 0x66, 0x81, 0x00, 0x00, 0x00, 0x00,
    0x04, 0x79, 0x97, 0x30, 0x00, 0x01, 0x67, 0x77, 0x30, 0x10, 0x04, 0x77, 0x77, 0x11, 0x00, 0x00,
    0x08, 0x00, 0x00, 0x00, 0x00, 0x0b, 0xbb, 0xbb, 0xfb, 0xbb, 0xbc, 0x70, 0x00, 0x00, 0x00, 0x34,
    0x00, 0x00, 0x35, 0x00, 0x00, 0x00, 0x08, 0x00, 0x00, 0x05, 0x30, 0x00, 0x00, 0x06, 0x30, 0x00,
    0x00, 0x71, 0x00, 0x00, 0x27, 0x30, 0x00, 0x00, 0x09, 0x00, 0x07, 0x75, 0x00, 0x00, 0x09, 0xbb,
    0x50, 0x00, 0x10, 0x00, 0x00, 0x00, 0x00, 0x00, 0x00, 0x00, 0x00, 0x00, 0x00, 0x00, 0x00, 0x00,
    0x00, 0x00, 0x00, 0x00, 0x00, 0x0b, 0x00, 0x00, 0x4b, 0xbb, 0xbb, 0x80, 0x00, 0xb0, 0x00, 0x00,
    0x00, 0x00, 0x00, 0x00, 0x0b, 0x00, 0x00, 0x00, 0x00, 0x00, 0x03, 0x45, 0xf4, 0x47, 0x10, 0x00,
    0x00, 0x00, 0x22, 0x4b, 0x22, 0xc4, 0xbb, 0xfb, 0xbb, 0xb0, 0x03, 0x70, 0x0b, 0x30, 0x07, 0x00,
    0x00, 0x00, 0x45, 0x00, 0xb2, 0x01, 0x70, 0x03, 0x00, 0x07, 0x20, 0x0c, 0x10, 0x52, 0x00, 0x70,
    0x00, 0x80, 0x00, 0xd1, 0x08, 0x00, 0x05, 0x20, 0x08, 0x00, 0x0e, 0x01, 0x61, 0x46, 0x78, 0x03,
    0x40, 0x00, 0xd0, 0xa8, 0x74, 0x10, 0x70, 0x80, 0x00, 0x2c, 0x00, 0x00, 0x00, 0x00, 0x35, 0x00,
    0x04, 0x90, 0x00, 0x00, 0x00, 0x28, 0x04, 0xbb, 0xc3, 0x00, 0x00, 0x00, 0x00, 0x00, 0x00, 0x00,
    0x00, 0x00, 0x00, 0x60, 0x00, 0x00, 0x00, 0x00, 0x00, 0x00, 0x01, 0x70, 0x00, 0x77, 0x77, 0x78,
    0x30, 0x0b, 0xbf, 0xdb, 0xb8, 0x05, 0x00, 0x06, 0x10, 0x00, 0x08, 0x00, 0x24, 0x06, 0x10, 0x07,
    0x00, 0x00, 0x62, 0x00, 0x60, 0x01, 0x70, 0x62, 0x00, 0x00, 0x77, 0x23, 0x30, 0x00, 0x4a, 0x40,
    0x00, 0x00, 0x00, 0xad, 0x10, 0x00, 0x69, 0x60, 0x00, 0x00, 0x27, 0x41, 0x84, 0x67, 0x20, 0x38,
    0x50, 0x07, 0x50, 0x00, 0x03, 0x20, 0x00, 0x00, 0x31, 0x00, 0x00, 0x00, 0x06, 0x00, 0x00, 0x00,
    0x00, 0x00, 0xbb, 0xbb, 0xbf, 0xbb, 0xbb, 0xbf, 0x00, 0x00, 0x00, 0x00, 0x44, 0x00, 0x00, 0x08,
    0x00, 0x00, 0x00, 0x01, 0x80, 0x00, 0x00, 0x08, 0x00, 0x00, 0x00, 0x48, 0x10, 0x00, 0x00, 0x27,
    0x00, 0x03, 0x77, 0x40, 0x00, 0x06, 0xbb, 0xb2, 0x00, 0x02, 0x00, 0x00, 0x00, 0x00, 0x00, 0x00,
    0x00, 0x00, 0x21, 0x00, 0x50, 0x00, 0x05, 0x00, 0x00, 0x05, 0x10, 0x0b, 0x00, 0x00, 0xb0, 0x00,
    0x1b, 0xfd, 0xbb, 0xfb, 0x70, 0x0b, 0x00, 0x00, 0x05, 0x10, 0x0b, 0x00, 0x00, 0xb0, 0x00, 0x00,
    0x53, 0x22, 0xc0, 0x45, 0x6f, 0x55, 0x90, 0x04, 0xbf, 0xbb, 0x03, 0x46, 0xd4, 0x4f, 0x0b, 0xff,
    0xff, 0xff, 0x30, 0x37, 0x00, 0xd0, 0xb3, 0x3f, 0x33, 0x73, 0x05, 0x50, 0x0d, 0x0b, 0x00, 0xb0,
    0x04, 0x30, 0x81, 0x00, 0xd0, 0xab, 0xbf, 0xbb, 0xc3, 0x08, 0x00, 0x1d, 0x00, 0x00, 0xb0, 0x00,
    0x01, 0x80, 0x02, 0xc5, 0xbb, 0xbf, 0xbb, 0xb7, 0x63, 0x00, 0x3b, 0x00, 0x00, 0xb0, 0x00, 0x18,
    0x00, 0x04, 0x90, 0x00, 0x0b, 0x00, 0x08, 0x10, 0x00, 0x67, 0x00, 0x00, 0xb0, 0x06, 0x30, 0x1b,
    0xbc, 0x20, 0x00, 0x00, 0x00, 0x00, 0x00, 0x00, 0x00, 0x00, 0x00, 0x11, 0x00, 0x10, 0x00, 0x00,
    0x00, 0x00, 0x00, 0x61, 0x00, 0xb0, 0x00, 0x00, 0x00, 0x00, 0x00, 0x70, 0x00, 0xb0, 0x00, 0x00,
    0x00, 0x00, 0x07, 0x10, 0x00, 0xb0, 0x00, 0x06, 0x10, 0x00, 0x3f, 0x00, 0x00, 0xb0, 0x00, 0x46,
    0x00, 0x01, 0x8b, 0x00, 0x00, 0xb0, 0x03, 0x70, 0x00, 0x09, 0x1b, 0x00, 0x00, 0xb0, 0x46, 0x00,
    0x00, 0x52, 0x0b, 0x00, 0x00, 0xb6, 0x50, 0x00, 0x00, 0x00, 0x0b, 0x00, 0x01, 0xf3, 0x00, 0x00,
    0x00, 0x00, 0x0b, 0x00, 0x47, 0xc0, 0x00, 0x00, 0x00, 0x00, 0x0b, 0x06, 0x30, 0xb0, 0x00, 0x00,
    0x20, 0x00, 0x0b, 0x00, 0x00, 0xb0, 0x00, 0x00, 0xb0, 0x00, 0x0b, 0x00, 0x00, 0xb0, 0x00, 0x00,
    0xc0, 0x00, 0x0b, 0x00, 0x00, 0xc0, 0x00, 0x01, 0xb0, 0x00, 0x0b, 0x00, 0x00, 0x9c, 0xbb, 0xbc,
    0x50, 0x00, 0x00, 0x0b, 0x30, 0x0b, 0x00, 0x00, 0x00, 0x00, 0x00, 0x0b, 0x30, 0x0b, 0x00, 0x00,
    0x00, 0x00, 0x00, 0x0b, 0x30, 0x0b, 0x00, 0x00, 0x40, 0x00, 0x00, 0x0b, 0x30, 0x0b, 0x00, 0x07,
    0x40, 0x2b, 0xbb, 0xbf, 0x30, 0x0b, 0x03, 0x82, 0x00, 0x00, 0x00, 0x0b, 0x30, 0x0c, 0x75, 0x00,
    0x00, 0x00, 0x00, 0x0b, 0x30, 0x0d, 0x10, 0x00, 0x00, 0x00, 0x00, 0x0b, 0x30, 0x0b, 0x00, 0x00,
    0x00, 0x00, 0x00, 0x0b, 0x30, 0x0b, 0x00, 0x00, 0x00, 0x00, 0x00, 0x0e, 0x40, 0x0b, 0x00, 0x00,
    0x00, 0x00, 0x16, 0x7f, 0x30, 0x0b, 0x00, 0x00, 0x0b, 0x37, 0x61, 0x0b, 0x30, 0x0b, 0x00, 0x00,
    0x1b, 0x00, 0x00, 0x0b, 0x30, 0x0c, 0x00, 0x00, 0x49, 0x00, 0x00, 0x0b, 0x30, 0x08, 0xcb, 0xbb,
    0xc3, 0x45, 0x55, 0x55, 0x55, 0x55, 0x55, 0x51, 0xbb, 0xbb, 0xbf, 0xbb, 0xfb, 0xbb, 0xb3, 0xb0,
    0x00, 0x0a, 0x00, 0xb0, 0x00, 0x00, 0xb0, 0x00, 0x0a, 0x00, 0xb0, 0x00, 0x00, 0xb0, 0x00, 0x19,
    0x00, 0xb0, 0x00, 0x00, 0xb0, 0x00, 0x27, 0x00, 0xb0, 0x00, 0x00, 0xb0, 0x00, 0x54, 0x00, 0xb0,
    0x00, 0x20, 0xb0, 0x00, 0x91, 0x00, 0xb0, 0x00, 0xb0, 0xb0, 0x01, 0x80, 0x00, 0xb0, 0x00, 0xc0,
    0xb0, 0x09, 0x10, 0x00, 0x8c, 0xbc, 0x90, 0xb0, 0x62, 0x00, 0x00, 0x00, 0x00, 0x00, 0xb0, 0x00,
    0x00, 0x00, 0x00, 0x00, 0x00, 0xbb, 0xbb, 0xbb, 0xbb, 0xbb, 0xbb, 0xb8, 0xbb, 0xbb, 0xbb, 0xbb,
    0xbb, 0xbb, 0xb3, 0xb0, 0x00, 0x00, 0x00, 0x00, 0x00, 0x00, 0xb0, 0x00, 0x00, 0x00, 0x03, 0x20,
    0x00, 0xb0, 0x27, 0x00, 0x00, 0x08, 0x00, 0x00, 0xb0, 0x02, 0x80, 0x00, 0x72, 0x00, 0x00, 0xb0,
    0x00, 0x18, 0x04, 0x50, 0x00, 0x00, 0xb0, 0x00, 0x01, 0xb7, 0x00, 0x00, 0x00, 0xb0, 0x00, 0x02,
    0x98, 0x10, 0x00, 0x00, 0xb0, 0x00, 0x18, 0x01, 0x90, 0x00, 0x00, 0xb0, 0x02, 0x81, 0x00, 0x29,
    0x00, 0x00, 0xb0, 0x57, 0x00, 0x00, 0x02, 0x80, 0x00, 0xb1, 0x50, 0x00, 0x00, 0x00, 0x41, 0x00,
    0xb0, 0x00, 0x00, 0x00, 0x00, 0x00, 0x00, 0xeb, 0xbb, 0xbb, 0xbb, 0xbb, 0xbb, 0xb7, 0x00, 0x00,
    0x00, 0x00, 0x00, 0x00, 0x00, 0x00, 0x00, 0x00, 0x16, 0x80, 0x0b, 0x00, 0x00, 0x00, 0x15, 0xc6,
    0x20, 0x00, 0xb0, 0x00, 0x02, 0x75, 0x1b, 0x00, 0x00, 0x0b, 0x00, 0x00, 0x00, 0x00, 0xb0, 0x00,
    0x00, 0xb0, 0x00, 0x00, 0x00, 0x0b, 0x00, 0x00, 0x0b, 0x00, 0x00, 0x00, 0x00, 0xb0, 0x00, 0x00,
    0xb0, 0x00, 0x06, 0xbb, 0xbf, 0xbb, 0xbb, 0xbf, 0xbb, 0xb8, 0x00, 0x00, 0xb0, 0x00, 0x00, 0xb0,
    0x00, 0x00, 0x00, 0x0b, 0x00, 0x00, 0x0b, 0x00, 0x00, 0x00, 0x03, 0x80, 0x00, 0x00, 0xb0, 0x00,
    0x00, 0x00, 0x83, 0x00, 0x00, 0x0b, 0x00, 0x00, 0x00, 0x38, 0x00, 0x00, 0x00, 0xb0, 0x00, 0x00,
    0x39, 0x00, 0x00, 0x00, 0x0b, 0x00, 0x00, 0x57, 0x00, 0x00, 0x00, 0x00, 0xb0, 0x00, 0x00, 0x00,
    0x00, 0x31, 0x00, 0x30, 0x00, 0x00, 0x00, 0x00, 0x18, 0x00, 0x07, 0x00, 0x00, 0x10, 0x00, 0x0c,
    0x10, 0x00, 0x70, 0x04, 0x84, 0x00, 0x18, 0xc0, 0x00, 0x0a, 0x67, 0x40, 0x00, 0x28, 0x1b, 0x04,
    0x66, 0xb0, 0x00, 0x00, 0x03, 0x00, 0xb0, 0x10, 0x07, 0x00, 0x00, 0x12, 0x00, 0x0b, 0x00, 0x00,
    0x70, 0x00, 0x04, 0x40, 0x00, 0xb0, 0x00, 0x09, 0xbb, 0xbb, 0xc1, 0x00, 0x03, 0x00, 0x08, 0x00,
    0x00, 0x00, 0x00, 0x00, 0x00, 0x00, 0xb0, 0x00, 0x00, 0x00, 0xab, 0xbb, 0xbb, 0xbf, 0xbb, 0xbb,
    0xbb, 0x70, 0x00, 0x00, 0x00, 0xb0, 0x00, 0x00, 0x00, 0x00, 0x00, 0x00, 0x0b, 0x00, 0x00, 0x00,
    0x00, 0x00, 0x00, 0x00, 0xb0, 0x00, 0x00, 0x00, 0x00, 0x00, 0x00, 0x0b, 0x00, 0x00, 0x00, 0x00,
    0x00, 0x05, 0x00, 0x00, 0x01, 0x00, 0x00, 0x00, 0x00, 0x0b, 0x00, 0x00, 0x0b, 0x00, 0x00, 0x00,
    0x00, 0x0b, 0x00, 0x00, 0x0b, 0x00, 0x00, 0x00, 0x00, 0x0b, 0x00, 0x55, 0x5f, 0x55, 0x82, 0x00,
    0x1b, 0xbf, 0xb7, 0x22, 0x2c, 0x22, 0xc5, 0x00, 0x00, 0x0b, 0x00, 0x00, 0x0a, 0x00, 0xa4, 0x00,
    0x00, 0x0b, 0x00, 0x30, 0x0a, 0x00, 0xb4, 0x30, 0x00, 0x0b, 0x00, 0x60, 0x28, 0x00, 0xb3, 0x80,
    0x00, 0x0b, 0x00, 0x60, 0x54, 0x00, 0xc3, 0x71, 0x00, 0x0b, 0x02, 0x40, 0x80, 0x00, 0xd2, 0x44,
    0x00, 0x0b, 0x06, 0x01, 0x70, 0x00, 0xe1, 0x16, 0x00, 0x0b, 0x00, 0x08, 0x10, 0x00, 0xf0, 0x00,
    0x00, 0x0b, 0x00, 0x45, 0x00, 0x01, 0xe0, 0x00, 0x00, 0x0b, 0x02, 0x80, 0x00, 0x04, 0xb0, 0x00,
    0x00, 0x0b, 0x28, 0x00, 0x1b, 0xbd, 0x50, 0x00, 0x00, 0x00, 0x00, 0x00, 0x00, 0x00, 0x00, 0x00,
    0x00, 0x00, 0x50, 0x00, 0x00, 0x05, 0x00, 0x00, 0x00, 0x05, 0x30, 0x00, 0x02, 0x70, 0x00, 0x00,
    0x00, 0x06, 0x00, 0x00, 0xa1, 0x00, 0x00, 0x0b, 0xff, 0xff, 0xff, 0xff, 0xff, 0xb0, 0x00, 0xb0,
    0x00, 0x0b, 0x00, 0x00, 0x0b, 0x00, 0x0b, 0x00, 0x00, 0xb0, 0x00, 0x00, 0xb0, 0x00, 0xbb, 0xbb,
    0xbf, 0xbb, 0xbb, 0xbb, 0x00, 0x0b, 0x00, 0x00, 0xb0, 0x00, 0x00, 0xb0, 0x00, 0xb0, 0x00, 0x0b,
    0x00, 0x00, 0x0b, 0x00, 0x08, 0xbb, 0xbb, 0xfb, 0xbb, 0xbb, 0x80, 0x00, 0x00, 0x00, 0x0b, 0x00,
    0x00, 0x00, 0x06, 0xbb, 0xbb, 0xbb, 0xfb, 0xbb, 0xbb, 0xba, 0x00, 0x00, 0x00, 0x0b, 0x00, 0x00,
    0x00, 0x00, 0x00, 0x00, 0x00, 0xb0, 0x00, 0x00, 0x00, 0x00, 0x00, 0x00, 0x0b, 0x00, 0x00, 0x00,
    0x00, 0x00, 0x00, 0x00, 0x08, 0x00, 0x00, 0x00, 0x00, 0x00, 0x00, 0x00, 0xc1, 0x00, 0x00, 0x00,
    0x5b, 0xbb, 0xbb, 0xbf, 0xcb, 0xbb, 0xbb, 0x90, 0x00, 0x00, 0x00, 0xc1, 0x00, 0x00, 0x00, 0x00,
    0x00, 0x00, 0x0c, 0x10, 0x00, 0x00, 0x00, 0x0f, 0xff, 0xff, 0xff, 0xff, 0xff, 0xf2, 0x00, 0xb0,
    0x04, 0x00, 0x01, 0x50, 0x0c, 0x20, 0x0b, 0x00, 0x41, 0x00, 0x81, 0x00, 0xc2, 0x00, 0xb0, 0xde,
    0xef, 0xff, 0xed, 0x0c, 0x20, 0x0b, 0x00, 0x00, 0xb0, 0x00, 0x00, 0xc2, 0x00, 0xb0, 0x00, 0x0b,
    0x00, 0x00, 0x0c, 0x20, 0x0b, 0x3b, 0xbb, 0xfb, 0xbb, 0xb1, 0xc2, 0x00, 0xb0, 0x00, 0x0b, 0x00,
    0x00, 0x0c, 0x20, 0x0b, 0x00, 0x00, 0xb0, 0x00, 0x00, 0xc2, 0x00, 0xb0, 0x00, 0x0b, 0x00, 0x6b,
    0xbd, 0x10, 0x00, 0x00, 0x00, 0x00, 0x00, 0x10, 0x00, 0x00, 0x00, 0x05, 0x00, 0x00, 0x00, 0x00,
    0x00, 0x00, 0xe0, 0x00, 0x00, 0x00, 0x00, 0x00, 0x0e, 0x00, 0x00, 0x00, 0x00, 0x00, 0x00, 0xe0,
    0x00, 0x00, 0x00, 0x00, 0x00, 0x0f, 0xbb, 0xbb, 0xbb, 0x80, 0x00, 0x00, 0xe0, 0x00, 0x00, 0x00,
    0x00, 0x00, 0x0e, 0x00, 0x00, 0x00, 0x00, 0x00, 0x00, 0xe0, 0x00, 0x00, 0x00, 0x4f, 0xee, 0xef,
    0xee, 0xee, 0xef, 0x04, 0xb0, 0x00, 0x00, 0x00, 0x00, 0xf0, 0x4b, 0x00, 0x00, 0x00, 0x00, 0x0f,
    0x04, 0xb0, 0x00, 0x00, 0x00, 0x00, 0xf0, 0x4b, 0x00, 0x00, 0x00, 0x00, 0x0f, 0x04, 0xfb, 0xbb,
    0xbb, 0xbb, 0xbb, 0xf0, 0x4b, 0x00, 0x00, 0x00, 0x00, 0x0f, 0x00, 0x10, 0x00, 0x00, 0x00, 0x00,
    0x00, 0x00, 0x00, 0x00, 0x05, 0x00, 0x00, 0x00, 0x00, 0x00, 0x00, 0x00, 0x0b, 0x00, 0x00, 0x00,
    0x00, 0x00, 0x00, 0x00, 0x0b, 0x00, 0x00, 0x00, 0x00, 0x00, 0x00, 0x00, 0x0f, 0xbb, 0xbb, 0xb4,
    0x00, 0x00, 0x00, 0x00, 0x0b, 0x00, 0x00, 0x00, 0x00, 0x00, 0x00, 0x00, 0x0b, 0x00, 0x00, 0x00,
    0x00, 0x25, 0x55, 0x55, 0x5f, 0x55, 0x55, 0x55, 0x51, 0x4b, 0xbb, 0xbb, 0xbf, 0xbb, 0xbb, 0xbb,
    0xb1, 0x00, 0x00, 0x00, 0x0b, 0x00, 0x00, 0x00, 0x00, 0x00, 0x00, 0x00, 0x0b, 0x13, 0x00, 0x00,
    0x00, 0x00, 0x00, 0x00, 0x0b, 0x04, 0x75, 0x00, 0x00, 0x00, 0x00, 0x00, 0x0b, 0x00, 0x02, 0x77,
    0x10, 0x00, 0x00, 0x00, 0x0b, 0x00, 0x00, 0x01, 0x00, 0x00, 0x00, 0x00, 0x0b, 0x00, 0x00, 0x00,
    0x00, 0x00, 0x00, 0x00, 0x0b, 0x00, 0x00, 0x00, 0x00, 0x00, 0x00, 0x00, 0x02, 0x70, 0x00, 0x00,
    0x00, 0x00, 0x00, 0x00, 0x03, 0xb0, 0x00, 0x00, 0x00, 0x00, 0x00, 0x00, 0x03, 0xfb, 0xbb, 0xbb,
    0xb4, 0x00, 0x00, 0x00, 0x03, 0xb0, 0x00, 0x00, 0x00, 0x00, 0x00, 0x00, 0x03, 0xb0, 0x00, 0x00,
    0x00, 0x00, 0x2f, 0xee, 0xef, 0xfe, 0xee, 0xf2, 0x00, 0x00, 0x2c, 0x00, 0x00, 0x00, 0x00, 0xb2,
    0x00, 0x00, 0x2c, 0x00, 0x00, 0x00, 0x00, 0xb2, 0x00, 0x00, 0x2c, 0x00, 0x00, 0x00, 0x00, 0xb2,
    0x00, 0x00, 0x3f, 0xbb, 0xbb, 0xbb, 0xbb, 0xf2, 0x00, 0x00, 0x58, 0x00, 0x00, 0x00, 0x00, 0x92,
    0x00, 0x00, 0x85, 0x00, 0x00, 0x00, 0x00, 0x00, 0x00, 0x00, 0xb1, 0x00, 0x00, 0x00, 0x00, 0x00,
    0x00, 0x03, 0x80, 0x00, 0x00, 0x00, 0x00, 0x00, 0x00, 0x0a, 0x10, 0x00, 0x00, 0x00, 0x00, 0x00,
    0x00, 0x12, 0x00, 0x00, 0x00, 0x00, 0x00, 0x00, 0x00, 0x00, 0x00, 0x01, 0x00, 0x00, 0x00, 0x00,
    0x00, 0x00, 0x00, 0x17, 0x00, 0x00, 0x00, 0x00, 0x00, 0x00, 0x00, 0x8c, 0xbb, 0xbd, 0xb0, 0x00,
    0x00, 0x00, 0x06, 0x30, 0x00, 0x08, 0x10, 0x00, 0x00, 0x00, 0x8f, 0xbb, 0xbb, 0xfe, 0xbb, 0xbb,
    0xb4, 0x07, 0x7b, 0x00, 0x00, 0x00, 0x00, 0x00, 0x00, 0x12, 0x3b, 0x00, 0x00, 0x00, 0x00, 0x00,
    0x00, 0x00, 0x3b, 0x0a, 0xbb, 0xbb, 0xbb, 0xf0, 0x00, 0x00, 0x4a, 0x08, 0x00, 0x00, 0x01, 0xd0,
    0x00, 0x00, 0x59, 0x08, 0x00, 0x00, 0x02, 0xc0, 0x00, 0x00, 0x77, 0x08, 0x00, 0x00, 0x06, 0xa0,
    0x00, 0x00, 0xa3, 0x08, 0x00, 0x09, 0xbb, 0x30, 0x00, 0x01, 0xc0, 0x08, 0x00, 0x00, 0x00, 0x00,
    0x09, 0x07, 0x50, 0x07, 0x10, 0x00, 0x00, 0x00, 0x39, 0x29, 0x00, 0x03, 0xcb, 0xbb, 0xbb, 0xbb,
    0xc3, 0x10, 0x00, 0x00, 0x00, 0x00, 0x00, 0x00, 0x00, 0x3f, 0xaa, 0xaa, 0xc0, 0x8b, 0xbb, 0xbf,
    0x3b, 0x00, 0x00, 0xe0, 0xb0, 0x00, 0x0d, 0x3b, 0x00, 0x00, 0xe0, 0xb0, 0x00, 0x0d, 0x3b, 0x00,
    0x00, 0xe0, 0xb0, 0x00, 0x0d, 0x3f, 0xbb, 0xbb, 0xf0, 0xb0, 0x00, 0x0d, 0x3b, 0x00, 0x00, 0xe0,
    0xb0, 0x00, 0x0d, 0x3b, 0x00, 0x00, 0xe0, 0xb0, 0x00, 0x0d, 0x3f, 0xbb, 0xbb, 0xd0, 0xb0, 0x00,
    0x0d, 0x3b, 0x00, 0x00, 0x00, 0xb0, 0x00, 0x0d, 0x3b, 0x00, 0x52, 0x00, 0xb0, 0x00, 0x0d, 0x3b,
    0x00, 0x07, 0x00, 0xb0, 0x6b, 0xb8, 0x3b, 0x03, 0x66, 0x50, 0xb0, 0x00, 0x00, 0x9f, 0x73, 0x00,
    0x51, 0xb0, 0x00, 0x00, 0x50, 0x00, 0x00, 0x00, 0xb0, 0x00, 0x00, 0x00, 0xfc, 0xbb, 0xbb, 0xbb,
    0xbb, 0xbb, 0xb0, 0x0f, 0x10, 0x00, 0x00, 0x00, 0x00, 0x00, 0x00, 0xf1, 0x00, 0x00, 0x00, 0x00,
    0x00, 0x00, 0x0f, 0x10, 0x00, 0x00, 0x00, 0x00, 0x00, 0x00, 0xf1, 0x00, 0x00, 0x00, 0x00, 0x00,
    0x00, 0x0f, 0x10, 0x00, 0x00, 0x00, 0x00, 0x00, 0x00, 0xf0, 0x00, 0x00, 0x00, 0x00, 0x00, 0x00,
    0x1e, 0x00, 0x00, 0x00, 0x00, 0x00, 0x00, 0x03, 0xc0, 0x00, 0x00, 0x00, 0x00, 0x00, 0x00, 0x69,
    0x00, 0x00, 0x00, 0x00, 0x00, 0x00, 0x09, 0x40, 0x00, 0x00, 0x00, 0x00, 0x00, 0x01, 0xc0, 0x00,
    0x00, 0x00, 0x00, 0x00, 0x00, 0x65, 0x00, 0x00, 0x00, 0x00, 0x00, 0x00, 0x01, 0x00, 0x00, 0x00,
    0x00, 0x00, 0x00, 0x00, 0x02, 0xfb, 0xbb, 0xbb, 0xbb, 0xbb, 0xbb, 0xb4, 0x02, 0xd0, 0x00, 0x00,
    0x00, 0x00, 0x00, 0x00, 0x02, 0xd0, 0x00, 0x00, 0xb0, 0x00, 0x00, 0x00, 0x02, 0xd0, 0x00, 0x00,
    0xb0, 0x00, 0x00, 0x00, 0x02, 0xd0, 0x00, 0x00, 0xb0, 0x00, 0x00, 0x00, 0x03, 0xd0, 0xbb, 0xbc,
    0xfb, 0xbb, 0xbf, 0x30, 0x03, 0xd0, 0x00, 0x03, 0x90, 0x00, 0x0c, 0x20, 0x04, 0xc0, 0x00, 0x04,
    0x70, 0x00, 0x0d, 0x10, 0x05, 0xa0, 0x00, 0x08, 0x40, 0x00, 0x0e, 0x00, 0x06, 0x80, 0x00, 0x0c,
    0x10, 0x00, 0x1e, 0x00, 0x09, 0x40, 0x00, 0x39, 0x00, 0x00, 0x2c, 0x00, 0x0b, 0x10, 0x00, 0xa1,
    0x00, 0x00, 0x4a, 0x00, 0x19, 0x00, 0x09, 0x30, 0x00, 0x00, 0x77, 0x00, 0x62, 0x03, 0x82, 0x00,
    0x05, 0xbb, 0xd2, 0x00, 0x00, 0x00, 0x00, 0x00, 0x00, 0x00, 0x00, 0x00, 0x02, 0xfb, 0xbb, 0xbb,
    0xbb, 0xbb, 0xbb, 0xb5, 0x03, 0xc0, 0x00, 0x00, 0x00, 0x00, 0x00, 0x00, 0x03, 0xc0, 0x00, 0x00,
    0x0b, 0x00, 0x00, 0x00, 0x03, 0xc0, 0x00, 0x00, 0x0b, 0x00, 0x00, 0x00, 0x03, 0xc0, 0x00, 0x00,
    0x0b, 0x00, 0x00, 0x00, 0x03, 0xc0, 0x00, 0x00, 0x0b, 0x00, 0x00, 0x00, 0x03, 0xc0, 0x8b, 0xbb,
    0xbf, 0xbb, 0xbb, 0x80, 0x04, 0xb0, 0x00, 0x00, 0x0b, 0x00, 0x00, 0x00, 0x05, 0x90, 0x00, 0x00,
    0x0b, 0x02, 0x40, 0x00, 0x06, 0x80, 0x00, 0x00, 0x0b, 0x00, 0x55, 0x00, 0x09, 0x40, 0x00, 0x00,
    0x0b, 0x00, 0x05, 0x00, 0x0b, 0x10, 0x00, 0x00, 0x0b, 0x00, 0x00, 0x00, 0x29, 0x09, 0xbb, 0xbb,
    0xbf, 0xbb, 0xbb, 0xb8, 0x52, 0x03, 0x33, 0x33, 0x33, 0x33, 0x33, 0x32, 0x00, 0xfc, 0xbb, 0xbb,
    0xbb, 0xbb, 0xbb, 0xb1, 0x00, 0xf1, 0x00, 0x00, 0x80, 0x00, 0x00, 0x00, 0x00, 0xf1, 0x8b, 0xbe,
    0xdb, 0xbb, 0xb8, 0x00, 0x00, 0xf1, 0xb0, 0x00, 0x00, 0x00, 0x0b, 0x00, 0x00, 0xf1, 0xb0, 0x00,
    0x00, 0x00, 0x0b, 0x00, 0x01, 0xf0, 0xbb, 0xbb, 0xbb, 0xbb, 0xbb, 0x00, 0x01, 0xe0, 0xb0, 0x00,
    0x00, 0x00, 0x0b, 0x00, 0x03, 0xc0, 0xab, 0xbb, 0xfb, 0xbb, 0xba, 0x00, 0x05, 0xa0, 0x00, 0x00,
    0xb0, 0x02, 0x00, 0x00, 0x09, 0x50, 0x08, 0x10, 0xb0, 0x01, 0x80, 0x00, 0x0c, 0x10, 0x71, 0x00,
    0xb0, 0x00, 0x18, 0x00, 0x57, 0x06, 0x20, 0x00, 0xb0, 0x00, 0x01, 0x70, 0x30, 0x00, 0x00, 0xbb,
    0xc0, 0x00, 0x00, 0x00, 0x00, 0x00, 0x00, 0x13, 0x00, 0x00, 0x00, 0x00, 0x00, 0x00, 0x02, 0x81,
    0x02, 0x40, 0x00, 0x00, 0x00, 0x00, 0x46, 0x00, 0x00, 0x48, 0x10, 0x00, 0x00, 0x1e, 0xba, 0xab,
    0xba, 0xab, 0xe2, 0x00, 0x00, 0x04, 0x21, 0x25, 0x00, 0x00, 0x07, 0x00, 0x00, 0x00, 0x00, 0x80,
    0x00, 0x00, 0x00, 0x00, 0x1b, 0xbb, 0xbf, 0xfb, 0xbd, 0xfb, 0xbb, 0xb1, 0x00, 0x00, 0x46, 0x00,
    0x01, 0x73, 0x00, 0x00, 0x00, 0x06, 0x50, 0x03, 0x71, 0x06, 0x50, 0x00, 0x03, 0x83, 0x04, 0x74,
    0x00, 0x20, 0x48, 0x20, 0x05, 0x00, 0x43, 0x00, 0x17, 0x40, 0x01, 0x61, 0x00, 0x00, 0x00, 0x37,
    0x50, 0x00, 0x30, 0x00, 0x00, 0x00, 0x67, 0x30, 0x00, 0x17, 0x40, 0x00, 0x00, 0x00, 0x00, 0x00,
    0x26, 0x71, 0x00, 0x00, 0x00, 0x00, 0x25, 0x67, 0x51, 0x00, 0x00, 0x00, 0x00, 0x05, 0x41, 0x00,
    0x00, 0x00, 0x00, 0x00, 0x0c, 0xff, 0xff, 0xff, 0xff, 0xf0, 0x00, 0x00, 0x00, 0x00, 0xc1, 0x00,
    0x00, 0x70, 0x00, 0x00, 0x00, 0x00, 0xe5, 0x00, 0x00, 0x70, 0x00, 0x00, 0x00, 0x00, 0xc7, 0x00,
    0x03, 0x40, 0x00, 0x00, 0x00, 0x00, 0xc7, 0x00, 0x09, 0xcb, 0xbd, 0x40, 0x00, 0x00, 0xc3, 0x40,
    0x00, 0x00, 0x07, 0x10, 0x00, 0x01, 0xb0, 0x80, 0x00, 0x00, 0x07, 0x00, 0x00, 0x04, 0x70, 0x44,
    0x00, 0x00, 0x62, 0x00, 0x00, 0x09, 0x20, 0x08, 0x00, 0x02, 0x70, 0x00, 0x00, 0x1b, 0x00, 0x01,
    0x80, 0x18, 0x00, 0x00, 0x00, 0x74, 0x00, 0x00, 0x39, 0x81, 0x00, 0x00, 0x02, 0x90, 0x00, 0x00,
    0x5a, 0x81, 0x00, 0x00, 0x1a, 0x10, 0x01, 0x68, 0x30, 0x18, 0x61, 0x00, 0x41, 0x00, 0x46, 0x20,
    0x00, 0x00, 0x28, 0x81, 0x00, 0x00, 0x00, 0x02, 0x00, 0x01, 0x00, 0x00, 0x00, 0x01, 0x80, 0x08,
    0x00, 0x05, 0x40, 0x00, 0x00, 0x05, 0x30, 0x07, 0x00, 0x00, 0x54, 0x00, 0x00, 0x08, 0x00, 0x16,
    0x00, 0x00, 0x03, 0x00, 0x00, 0x4f, 0xbb, 0xff, 0xbb, 0xbb, 0xbb, 0xb0, 0x00, 0x01, 0x00, 0x80,
    0x00, 0x00, 0x00, 0x00, 0x00, 0x00, 0x00, 0x80, 0x00, 0x00, 0x00, 0x00, 0x00, 0x00, 0x05, 0xdb,
    0xbb, 0xbb, 0xf1, 0x00, 0x00, 0x00, 0x08, 0x60, 0x00, 0x00, 0x80, 0x00, 0x00, 0x00, 0x63, 0x16,
    0x00, 0x05, 0x40, 0x00, 0x00, 0x03, 0x60, 0x04, 0x40, 0x28, 0x00, 0x00, 0x00, 0x28, 0x00, 0x00,
    0x64, 0x90, 0x00, 0x00, 0x03, 0x80, 0x00, 0x00, 0x2e, 0x50, 0x00, 0x00, 0x17, 0x00, 0x00, 0x06,
    0x60, 0x37, 0x20, 0x00, 0x00, 0x00, 0x26, 0x71, 0x00, 0x00, 0x57, 0x51, 0x00, 0x00, 0x20, 0x00,
    0x00, 0x00, 0x00, 0x11, 0x25, 0x84, 0x44, 0x94, 0x10, 0x00, 0x00, 0x00, 0x03, 0xc0, 0x00, 0xe1,
    0xbc, 0xbb, 0xbc, 0xf0, 0x03, 0xc0, 0x00, 0xe0, 0x07, 0x00, 0x03, 0xc0, 0x03, 0xc0, 0x00, 0xe0,
    0x07, 0x00, 0x06, 0x90, 0x03, 0xfb, 0xbb, 0xf0, 0x07, 0x00, 0x09, 0x60, 0x03, 0xc0, 0x00, 0xe0,
    0x04, 0x30, 0x0d, 0x10, 0x03, 0xc0, 0x00, 0xe0, 0x00, 0x70, 0x3b, 0x00, 0x03, 0xfb, 0xbb, 0xf0,
    0x00, 0x70, 0x95, 0x00, 0x03, 0xc0, 0x00, 0xe0, 0x00, 0x54, 0xc0, 0x00, 0x03, 0xc0, 0x00, 0xe0,
    0x00, 0x0f, 0x50, 0x00, 0x03, 0xe4, 0x67, 0xf6, 0x00, 0x3f, 0x30, 0x00, 0x48, 0x83, 0x10, 0xe0,
    0x01, 0xa1, 0x81, 0x00, 0x00, 0x00, 0x00, 0xe0, 0x09, 0x20, 0x19, 0x10, 0x00, 0x00, 0x00, 0xe0,
    0x82, 0x00, 0x01, 0x81, 0x00, 0xbb, 0xbb, 0xbb, 0xbb, 0xbb, 0xe0, 0x00, 0x0b, 0x00, 0x00, 0x00,
    0x00, 0x0b, 0x00, 0x00, 0xb0, 0x00, 0x00, 0x00, 0x00, 0xb0, 0x00, 0x0b, 0x00, 0x00, 0x00, 0x00,
    0x0b, 0x00, 0x00, 0xb0, 0x00, 0x00, 0x00, 0x00, 0xb0, 0x00, 0x0b, 0x00, 0x00, 0x00, 0x00, 0x0b,
    0x00, 0x00, 0xab, 0xbb, 0xbb, 0xbb, 0xbb, 0xd0, 0x00, 0x00, 0x00, 0x00, 0x00, 0x00, 0x00, 0x00,
    0x00, 0x00, 0x01, 0x00, 0x01, 0x00, 0x00, 0x00, 0x00, 0x05, 0x40, 0x00, 0x18, 0x10, 0x00, 0x00,
    0x04, 0x50, 0x00, 0x00, 0x07, 0x30, 0x00, 0x06, 0x50, 0x00, 0x00, 0x00, 0x07, 0x40, 0x18, 0x30,
    0x00, 0x00, 0x00, 0x00, 0x06, 0x41, 0x00, 0x00, 0x00, 0x00, 0x00, 0x00, 0x01, 0x13, 0x33, 0x33,
    0x33, 0x33, 0x33, 0x33, 0x30, 0x3b, 0xbb, 0xbb, 0xbb, 0xbb, 0xbb, 0xfb, 0xb1, 0x00, 0x00, 0x00,
    0x00, 0x00, 0x00, 0xb0, 0x00, 0x00, 0x00, 0x00, 0x00, 0x00, 0x00, 0xb0, 0x00, 0x00, 0x3f, 0xbb,
    0xbb, 0xba, 0x00, 0xb0, 0x00, 0x00, 0x3b, 0x00, 0x00, 0x0b, 0x00, 0xb0, 0x00, 0x00, 0x3b, 0x00,
    0x00, 0x0b, 0x00, 0xb0, 0x00, 0x00, 0x3b, 0x00, 0x00, 0x0b, 0x00, 0xb0, 0x00, 0x00, 0x3b, 0x00,
    0x00, 0x0b, 0x00, 0xb0, 0x00, 0x00, 0x3f, 0xbb, 0xbb, 0xbb, 0x00, 0xb0, 0x00, 0x00, 0x3b, 0x00,
    0x00, 0x00, 0x00, 0xb0, 0x00, 0x00, 0x14, 0x00, 0x00, 0x00, 0x00, 0xb0, 0x00, 0x00, 0x00, 0x00,
    0x00, 0x00, 0x00, 0xb0, 0x00, 0x00, 0x00, 0x00, 0x00, 0x03, 0xbb, 0xc0, 0x00, 0x00, 0x00, 0x00,
    0x20, 0x00, 0x00, 0x00, 0x00, 0x00, 0x06, 0x30, 0x00, 0x00, 0x00, 0x00, 0x00, 0x35, 0x00, 0x01,
    0x00, 0x00, 0x00, 0x02, 0x60, 0x00, 0x08, 0x30, 0x00, 0x00, 0x17, 0x00, 0x00, 0x00, 0x74, 0x00,
    0x02, 0x70, 0x00, 0x01, 0x12, 0x3a, 0x50, 0x2f, 0xbb, 0xbb, 0xba, 0xa8, 0x76, 0x83, 0x00, 0x00,
    0x00, 0x00, 0x00, 0x00, 0x04, 0x01, 0xbb, 0xbb, 0xbb, 0xbb, 0xbb, 0x10, 0x02, 0xd0, 0x00, 0x00,
    0x00, 0x0d, 0x10, 0x02, 0xd0, 0x00, 0x00, 0x00, 0x0d, 0x10, 0x02, 0xd0, 0x00, 0x00, 0x00, 0x0d,
    0x10, 0x02, 0xd0, 0x00, 0x00, 0x00, 0x0d, 0x10, 0x02, 0xfb, 0xbb, 0xbb, 0xbb, 0xbf, 0x10, 0x02,
    0xd0, 0x00, 0x00, 0x00, 0x0d, 0x10, 0x00, 0x10, 0x00, 0x00, 0x00, 0x00, 0x00, 0x00, 0x00, 0x00,
    0x05, 0x00, 0x00, 0x00, 0x00, 0x00, 0x00, 0x00, 0xb0, 0x00, 0x00, 0x00, 0x00, 0x00, 0x00, 0x0b,
    0x00, 0x00, 0x00, 0x00, 0xbb, 0xbb, 0xbb, 0xfb, 0xbb, 0xbb, 0x80, 0x0b, 0x00, 0x00, 0x0b, 0x00,
    0x00, 0x0b, 0x00, 0xb0, 0x00, 0x00, 0xb0, 0x00, 0x00, 0xb0, 0x0b, 0x00, 0x00, 0x0b, 0x00, 0x00,
    0x0b, 0x00, 0xeb, 0xbb, 0xbc, 0xfb, 0xbb, 0xbb, 0xb0, 0x00, 0x00, 0x00, 0x19, 0x00, 0x00, 0x00,
    0x00, 0x01, 0x60, 0x05, 0x60, 0x00, 0x00, 0x00, 0x00, 0x06, 0x20, 0x81, 0x00, 0x00, 0x00, 0x00,
    0x00, 0x07, 0x55, 0x00, 0x00, 0x00, 0x00, 0x00, 0x00, 0x5d, 0x40, 0x00, 0x00, 0x00, 0x00, 0x05,
    0x83, 0x03, 0x76, 0x20, 0x00, 0x00, 0x67, 0x30, 0x00, 0x00, 0x15, 0x77, 0x77, 0x50, 0x00, 0x00,
    0x00, 0x00, 0x00, 0x00, 0x00, 0x00, 0x00, 0x00, 0x02, 0x00, 0x00, 0x00, 0x00, 0x00, 0x00, 0x03,
    0x50, 0x00, 0x00, 0x00, 0x00, 0x00, 0x00, 0x71, 0x00, 0x00, 0x00, 0x00, 0x00, 0x00, 0x08, 0x00,
    0x00, 0x00, 0x00, 0x08, 0xbb, 0xbe, 0xfb, 0xbb, 0xbb, 0xbb, 0xb0, 0x00, 0x00, 0x80, 0x00, 0x00,
    0x00, 0x00, 0x00, 0x00, 0x17, 0x00, 0x00, 0x00, 0x00, 0x00, 0x00, 0x08, 0x10, 0x00, 0x00, 0x00,
    0x00, 0x00, 0x04, 0xcb, 0xbb, 0xbb, 0xbb, 0xba, 0x00, 0x03, 0x77, 0x00, 0x00, 0x00, 0x00, 0x70,
    0x03, 0x80, 0x70, 0x00, 0x00, 0x00, 0x07, 0x02, 0x60, 0x07, 0x00, 0x00, 0x00, 0x00, 0x70, 0x00,
    0x00, 0x70, 0x00, 0x00, 0x00, 0x07, 0x00, 0x00, 0x0a, 0xbb, 0xbb, 0xbb, 0xbb, 0xd0, 0x00, 0x00,
    0x70, 0x00, 0x00, 0x00, 0x07, 0x00, 0x00, 0x00, 0x00, 0x00, 0x00, 0x20, 0x00, 0x00, 0x00, 0x00,
    0x00, 0x00, 0x00, 0xb0, 0x00, 0x00, 0x0f, 0xbb, 0xbb, 0x00, 0x00, 0xb0, 0x00, 0x00, 0x0f, 0x00,
    0x3e, 0x00, 0x00, 0xb0, 0x00, 0x00, 0x0f, 0x00, 0x3e, 0x00, 0x00, 0xb0, 0x00, 0x00, 0x0f, 0x00,
    0x3e, 0x00, 0x00, 0xb0, 0x00, 0x00, 0x0f, 0x00, 0x3f, 0xbb, 0xbb, 0xfb, 0xbb, 0xb5, 0x0f, 0x00,
    0x3e, 0x00, 0x00, 0xb0, 0x00, 0x00, 0x0f, 0x00, 0x3e, 0x00, 0x00, 0xb0, 0x00, 0x00, 0x0f, 0x00,
    0x3e, 0x00, 0x00, 0xb0, 0x00, 0x00, 0x0f, 0xbb, 0xce, 0x00, 0x00, 0xb0, 0x00, 0x00, 0x0f, 0x00,
    0x00, 0x00, 0x00, 0xb0, 0x00, 0x00, 0x05, 0x00, 0x00, 0x00, 0x00, 0xb0, 0x00, 0x00, 0x00, 0x00,
    0x00, 0x00, 0x00, 0xb0, 0x00, 0x00, 0x00, 0x00, 0x00, 0x00, 0x00, 0xb0, 0x00, 0x00, 0x00, 0xbb,
    0xbb, 0xbb, 0xbb, 0xb7, 0x00, 0x00, 0x70, 0x00, 0x00, 0x00, 0x07, 0x00, 0x00, 0x70, 0x00, 0x00,
    0x00, 0x07, 0x00, 0x00, 0x70, 0x00, 0x00, 0x00, 0x07, 0x00, 0x00, 0xbb, 0xbb, 0xbb, 0xbb, 0xb7,
    0x00, 0x00, 0x00, 0x00, 0x00, 0x00, 0x00, 0x00, 0xbb, 0xbf, 0xcb, 0xbb, 0xbb, 0xbb, 0xb7, 0x00,
    0x08, 0x00, 0x00, 0x00, 0x00, 0x00, 0x00, 0x17, 0x00, 0x00, 0x00, 0x00, 0x00, 0x00, 0x6d, 0xbb,
    0xbb, 0xbb, 0xbb, 0x00, 0x00, 0x00, 0x00, 0x00, 0x00, 0x25, 0x00, 0x00, 0x00, 0x00, 0x00, 0x00,
    0x62, 0x00, 0x00, 0x00, 0x00, 0x00, 0x00, 0x90, 0x00, 0x00, 0x00, 0x00, 0x7b, 0xbb, 0x50, 0x00,
    0x00, 0x00, 0x00, 0x00, 0x00, 0x00, 0x00, 0x00, 0x00, 0x00, 0x50, 0x00, 0x00, 0x00, 0x00, 0x00,
    0x00, 0x07, 0x10, 0x00, 0x00, 0x00, 0x00, 0x00, 0x00, 0x6f, 0xbb, 0xbb, 0xbc, 0xb0, 0x00, 0x00,
    0x05, 0xa1, 0x00, 0x00, 0x08, 0x10, 0x00, 0x01, 0x74, 0x18, 0x10, 0x01, 0x82, 0x00, 0x00, 0x05,
    0x10, 0x01, 0x72, 0x28, 0x10, 0x00, 0x00, 0x00, 0x00, 0x00, 0x1c, 0xb0, 0x00, 0x00, 0x00, 0x00,
    0x00, 0x16, 0x61, 0x27, 0x40, 0x00, 0x00, 0x00, 0x47, 0x71, 0x00, 0x00, 0x37, 0x51, 0x00, 0x17,
    0x4b, 0xbb, 0xbb, 0xbb, 0xbb, 0xc6, 0x71, 0x00, 0x0f, 0x00, 0x00, 0x00, 0x00, 0xe0, 0x00, 0x00,
    0x0f, 0x00, 0x00, 0x00, 0x00, 0xe0, 0x00, 0x00, 0x0f, 0x00, 0x00, 0x00, 0x00, 0xe0, 0x00, 0x00,
    0x0f, 0x00, 0x00, 0x00, 0x00, 0xe0, 0x00, 0x00, 0x0f, 0xbb, 0xbb, 0xbb, 0xbb, 0xf0, 0x00, 0x00,
    0x01, 0x00, 0x00, 0x00, 0x00, 0x00, 0x00, 0x00, 0x00, 0x00, 0x05, 0x00, 0x00, 0x00, 0x00, 0x00,
    0x00, 0x00, 0xb0, 0x00, 0x00, 0x00, 0x00, 0x00, 0x00, 0x0b, 0x00, 0x00, 0x00, 0x04, 0xbb, 0xbb,
    0xbb, 0xfb, 0xbb, 0xbb, 0xb7, 0x00, 0x00, 0x00, 0x0b, 0x00, 0x00, 0x00, 0x00, 0x00, 0x00, 0x00,
    0xb0, 0x00, 0x00, 0x00, 0x05, 0xbb, 0xbb, 0xbf, 0xbb, 0xbb, 0xbb, 0x00, 0x24, 0x44, 0x44, 0x44,
    0x44, 0x44, 0x40, 0x00, 0x00, 0x00, 0x00, 0x00, 0x00, 0x00, 0x00, 0x01, 0xbb, 0xbb, 0xbb, 0xbb,
    0xbb, 0x20, 0x00, 0x2e, 0x00, 0x00, 0x00, 0x00, 0xc3, 0x00, 0x02, 0xe0, 0x00, 0x00, 0x00, 0x0c,
    0x30, 0x00, 0x2e, 0x00, 0x00, 0x00, 0x00, 0xc3, 0x00, 0x02, 0xe0, 0x00, 0x00, 0x00, 0x0c, 0x30,
    0x00, 0x2f, 0xbb, 0xbb, 0xbb, 0xbb, 0xf3, 0x00, 0x8b, 0xbb, 0xbb, 0xbb, 0xbb, 0xbb, 0xf1, 0xb0,
    0x00, 0x00, 0x00, 0x00, 0x00, 0xb1, 0xb0, 0x00, 0x00, 0x00, 0x00, 0x00, 0xb1, 0xb0, 0x3b, 0xbb,
    0xbb, 0xbb, 0xb0, 0xb1, 0xb0, 0x00, 0x00, 0x00, 0x00, 0x00, 0xb1, 0xb0, 0x00, 0x00, 0x00, 0x00,
    0x00, 0xb1, 0xb0, 0x03, 0xfb, 0xbb, 0xbd, 0x00, 0xb1, 0xb0, 0x03, 0x40, 0x00, 0x07, 0x00, 0xb1,
    0xb0, 0x03, 0x40, 0x00, 0x07, 0x00, 0xb1, 0xb0, 0x03, 0x40, 0x00, 0x07, 0x00, 0xb1, 0xb0, 0x03,
    0xfb, 0xbb, 0xbc, 0x00, 0xb1, 0xb0, 0x03, 0x40, 0x00, 0x00, 0x00, 0xb1, 0xb0, 0x00, 0x00, 0x00,
    0x00, 0x00, 0xb1, 0xb0, 0x00, 0x00, 0x00, 0x00, 0xab, 0xc0, 0x00, 0x00, 0x00, 0x30, 0x00, 0x00,
    0x00, 0x00, 0x00, 0x71, 0x00, 0x00, 0x00, 0x00, 0x00, 0x7e, 0xbb, 0xbb, 0xbf, 0x30, 0x00, 0x73,
    0x00, 0x00, 0x01, 0x70, 0x03, 0x92, 0x00, 0x00, 0x01, 0x80, 0x01, 0x60, 0x08, 0x20, 0x02, 0x81,
    0x00, 0x00, 0x00, 0x06, 0x55, 0x70, 0x00, 0x00, 0x00, 0x00, 0x2d, 0x50, 0x00, 0x00, 0x00, 0x04,
    0x85, 0x00, 0x00, 0x00, 0x05, 0x87, 0xdb, 0xbb, 0xbb, 0xbb, 0xbf, 0x10, 0x0f, 0x00, 0x00, 0x00,
    0x00, 0xf0, 0x00, 0xf0, 0x00, 0x00, 0x00, 0x0f, 0x00, 0x0f, 0x00, 0x00, 0x00, 0x00, 0xf0, 0x00,
    0xfb, 0xbb, 0xbb, 0xbb, 0xbf, 0x00, 0x0f, 0x00, 0x00, 0x00, 0x00, 0xf0, 0x00, 0x00, 0x00, 0x00,
    0x00, 0x00, 0x00, 0x00, 0x00, 0x00, 0x00, 0x00, 0x12, 0x00, 0x00, 0x00, 0x00, 0x24, 0x68, 0x88,
    0x73, 0x00, 0x00, 0xf9, 0x88, 0x75, 0x30, 0x00, 0x00, 0x00, 0x00, 0xf1, 0x00, 0x00, 0x00, 0x00,
    0x00, 0x00, 0x00, 0xf1, 0x00, 0x00, 0x00, 0x00, 0x00, 0x00, 0x00, 0xfc, 0xbb, 0xbb, 0xbb, 0xbb,
    0xbb, 0xb1, 0x00, 0xf1, 0x00, 0x00, 0x00, 0x00, 0x00, 0x00, 0x00, 0xf0, 0x00, 0x00, 0x00, 0x00,
    0x00, 0x00, 0x01, 0xe1, 0xbb, 0xbb, 0xbb, 0xbb, 0xbb, 0x00, 0x03, 0xc1, 0xf0, 0x00, 0x00, 0x00,
    0x0e, 0x00, 0x05, 0x91, 0xf0, 0x00, 0x00, 0x00, 0x0e, 0x00, 0x09, 0x51, 0xf0, 0x00, 0x00, 0x00,
    0x0e, 0x00, 0x0c, 0x11, 0xf0, 0x00, 0x00, 0x00, 0x0e, 0x00, 0x48, 0x01, 0xfb, 0xbb, 0xbb, 0xbb,
    0xbf, 0x00, 0x81, 0x01, 0xf0, 0x00, 0x00, 0x00, 0x0e, 0x00, 0x00, 0x00, 0x02, 0x30, 0x00, 0x00,
    0x00, 0x00, 0x00, 0x07, 0x10, 0x00, 0x00, 0x00, 0x00, 0x00, 0x07, 0x00, 0x00, 0x00, 0x00, 0xbb,
    0xbb, 0xee, 0xbb, 0xbb, 0xbb, 0xf0, 0xb0, 0x00, 0x00, 0x00, 0x00, 0x00, 0xf0, 0xb0, 0x00, 0x00,
    0x00, 0x00, 0x00, 0xf0, 0xb0, 0x0f, 0xbb, 0xbb, 0xb8, 0x00, 0xf0, 0xb0, 0x0f, 0x00, 0x00, 0x0b,
    0x00, 0xf0, 0xb0, 0x0f, 0x00, 0x00, 0x0b, 0x00, 0xf0, 0xb0, 0x0f, 0x00, 0x00, 0x0b, 0x00, 0xf0,
    0xb0, 0x0f, 0x00, 0x00, 0x0b, 0x00, 0xf0, 0xb0, 0x0f, 0xbb, 0xbb, 0xbb, 0x00, 0xf0, 0xb0, 0x0f,
    0x00, 0x00, 0x00, 0x00, 0xf0, 0xb0, 0x02, 0x00, 0x00, 0x00, 0x00, 0xf0, 0xb0, 0x00, 0x00, 0x00,
    0x09, 0xbb, 0xc0, 0x08, 0xbb, 0xbb, 0xbb, 0xbc, 0xbb, 0xbb, 0xb0, 0x00, 0x00, 0x00, 0x00, 0x63,
    0x00, 0x00, 0x00, 0x00, 0x00, 0x00, 0x09, 0x60, 0x00, 0x00, 0x00, 0x00, 0x00, 0x03, 0x85, 0x43,
    0x73, 0x00, 0x00, 0x00, 0x01, 0x76, 0x04, 0x40, 0x04, 0x82, 0x00, 0x02, 0x87, 0x10, 0x04, 0x40,
    0x00, 0x06, 0x70, 0x06, 0x10, 0x00, 0x04, 0x40, 0x00, 0x00, 0x21, 0x00, 0x00, 0x00, 0x02, 0x30,
    0x00, 0x00, 0x00, 0x00, 0x0b, 0xbb, 0xbb, 0xbb, 0xbb, 0xb1, 0x00, 0x00, 0x07, 0x00, 0x00, 0x00,
    0x00, 0x61, 0x00, 0x00, 0x07, 0x00, 0x00, 0x00, 0x00, 0x61, 0x00, 0x00, 0x07, 0x00, 0x00, 0x00,
    0x00, 0x61, 0x00, 0x00, 0x0f, 0xbb, 0xbb, 0xbb, 0xbb, 0xf1, 0x00, 0x00, 0x07, 0x00, 0x00, 0x00,
    0x00, 0x61, 0x00, 0x00, 0x00, 0x00, 0x00, 0x00, 0x00, 0x00, 0x00, 0x00, 0x00, 0x00, 0x00, 0x00,
    0x00, 0x30, 0x00, 0x00, 0x00, 0x00, 0x02, 0x67, 0x74, 0x00, 0xfb, 0xbd, 0x01, 0xe7, 0x41, 0x00,
    0x00, 0x0f, 0x00, 0xb0, 0x1f, 0x10, 0x00, 0x00, 0x00, 0xf0, 0x0b, 0x01, 0xf1, 0x00, 0x00, 0x00,
    0x0f, 0x00, 0xb0, 0x1f, 0x54, 0x44, 0x44, 0x41, 0xf0, 0x0b, 0x01, 0xfc, 0xbb, 0xbf, 0xbb, 0x3f,
    0x00, 0xb0, 0x2f, 0x00, 0x00, 0xb0, 0x00, 0xf0, 0x0b, 0x02, 0xf0, 0x00, 0x0b, 0x00, 0x0f, 0x00,
    0xb0, 0x4c, 0x00, 0x00, 0xb0, 0x00, 0xf0, 0x0b, 0x06, 0xa0, 0x00, 0x0b, 0x00, 0x0f, 0xbb, 0xb0,
    0x96, 0x00, 0x00, 0xb0, 0x00, 0xe0, 0x00, 0x0c, 0x10, 0x00, 0x0b, 0x00, 0x00, 0x00, 0x03, 0x90,
    0x00, 0x00, 0xb0, 0x00, 0x00, 0x00, 0x61, 0x00, 0x00, 0x0b, 0x00, 0x00, 0x00, 0x00, 0x00, 0x02,
    0x00, 0x00, 0x00, 0x00, 0x00, 0x00, 0x04, 0x40, 0x00, 0x00, 0x00, 0x00, 0x00, 0x00, 0x60, 0x00,
    0x00, 0x00, 0xfd, 0xbb, 0xbb, 0xbb, 0xbb, 0xbc, 0x00, 0xe1, 0x00, 0x00, 0x00, 0x00, 0x0c, 0x00,
    0xe1, 0x00, 0x00, 0x00, 0x00, 0x0c, 0x00, 0xfd, 0xbb, 0xbb, 0xbb, 0xbb, 0xbc, 0x00, 0xf1, 0x00,
    0x00, 0x00, 0x00, 0x00, 0x00, 0xf0, 0x00, 0x00, 0x00, 0x00, 0x00, 0x02, 0xd4, 0xdb, 0xbb, 0xbb,
    0xbb, 0xbd, 0x04, 0xb4, 0xb0, 0x00, 0x00, 0x00, 0x0a, 0x08, 0x74, 0xb0, 0x00, 0x00, 0x00, 0x0a,
    0x0b, 0x24, 0xb0, 0x00, 0x00, 0x00, 0x0a, 0x2a, 0x04, 0xfb, 0xbb, 0xbb, 0xbb, 0xbf, 0x81, 0x04,
    0xb0, 0x00, 0x00, 0x00, 0x0a, 0x00, 0x00, 0x10, 0x00, 0x00, 0x00, 0x00, 0x00, 0x00, 0x10, 0x00,
    0x50, 0x00, 0x00, 0x00, 0x00, 0x00, 0x80, 0x00, 0xb0, 0x00, 0x00, 0x00, 0x00, 0x03, 0x50, 0x00,
    0xb0, 0x00, 0x00, 0x00, 0x00, 0x0f, 0xbb, 0xbb, 0xfb, 0xbb, 0xba, 0x00, 0x00, 0x63, 0x00, 0x00,
    0xb0, 0x00, 0x00, 0x00, 0x04, 0x60, 0x00, 0x00, 0xb0, 0x00, 0x00, 0x00, 0x02, 0x00, 0x00, 0x00,
    0xb0, 0x00, 0x00, 0x00, 0x1f, 0xff, 0xff, 0xff, 0xff, 0xff, 0xff, 0xf4, 0x00, 0x00, 0x00, 0x00,
    0x00, 0x00, 0x00, 0x00, 0x00, 0x2b, 0xbb, 0xbb, 0xbb, 0xbb, 0xb1, 0x00, 0x00, 0x3e, 0x00, 0x00,
    0x00, 0x00, 0xc2, 0x00, 0x00, 0x3e, 0x00, 0x00, 0x00, 0x00, 0xc2, 0x00, 0x00, 0x3e, 0x00, 0x00,
    0x00, 0x00, 0xc2, 0x00, 0x00, 0x3e, 0x00, 0x00, 0x00, 0x00, 0xc2, 0x00, 0x00, 0x3f, 0xbb, 0xbb,
    0xbb, 0xbb, 0xf2, 0x00, 0x00, 0x3f, 0xbb, 0xbb, 0xbb, 0xbb, 0xbf, 0x40, 0x04, 0xc0, 0x00, 0x08,
    0x00, 0x00, 0xb5, 0x00, 0x4c, 0x00, 0x00, 0xb0, 0x00, 0x0b, 0x50, 0x04, 0xc4, 0xbb, 0xbf, 0xbb,
    0xb3, 0xb5, 0x00, 0x4c, 0x00, 0x00, 0xb0, 0x00, 0x0b, 0x50, 0x04, 0xc9, 0xbb, 0xbf, 0xbb, 0xb8,
    0xb5, 0x00, 0x4c, 0x12, 0x22, 0x22, 0x22, 0x1b, 0x50, 0x05, 0xb0, 0x00, 0x00, 0x00, 0x00, 0xb5,
    0x00, 0x79, 0x1f, 0xbb, 0xbb, 0xbb, 0x0b, 0x50, 0x09, 0x61, 0xf0, 0x00, 0x00, 0xb0, 0xb5, 0x00,
    0xd2, 0x1f, 0x00, 0x00, 0x0b, 0x0b, 0x50, 0x2c, 0x01, 0xfb, 0xbb, 0xbb, 0xb0, 0xb5, 0x08, 0x40,
    0x1e, 0x00, 0x00, 0x00, 0x0b, 0x51, 0x80, 0x00, 0x00, 0x00, 0x04, 0xbb, 0xd2, 0x00, 0x00, 0x00,
    0x00, 0x00, 0x00, 0x00, 0x00, 0x00, 0x00, 0x00, 0x00, 0x20, 0x00, 0x00, 0x00, 0x00, 0x00, 0x00,
    0x08, 0x70, 0x00, 0x00, 0x00, 0x00, 0x00, 0x00, 0x73, 0x36, 0x00, 0x00, 0x00, 0x00, 0x00, 0x08,
    0x30, 0x03, 0x81, 0x00, 0x00, 0x00, 0x04, 0x82, 0x00, 0x00, 0x18, 0x40, 0x00, 0x04, 0x85, 0x0b,
    0xbb, 0xbb, 0xb0, 0x59, 0x50, 0x35, 0x00, 0x00, 0x00, 0x00, 0x00, 0x00, 0x52, 0x00, 0xfb, 0xbb,
    0xa0, 0x1d, 0xbb, 0xbf, 0x00, 0x00, 0xe0, 0x00, 0x70, 0x16, 0x00, 0x0e, 0x00, 0x00, 0xe0, 0x00,
    0x70, 0x16, 0x00, 0x0e, 0x00, 0x00, 0xe0, 0x00, 0x70, 0x16, 0x00, 0x0e, 0x00, 0x00, 0xf3, 0x33,
    0x80, 0x16, 0x00, 0x0e, 0x00, 0x00, 0xf6, 0x66, 0x40, 0x16, 0x2b, 0xb9, 0x00, 0x00, 0xc0, 0x00,
    0x00, 0x16, 0x00, 0x00, 0x00, 0x00, 0x00, 0x00, 0x00, 0x16, 0x00, 0x00, 0x00, 0x00, 0x00, 0x00,
    0x02, 0x00, 0x00, 0x00, 0x00, 0x13, 0x5c, 0x98, 0x40, 0x00, 0x00, 0x00, 0x08, 0x75, 0xd0, 0x00,
    0x3e, 0xbb, 0xbe, 0x20, 0x00, 0x0b, 0x00, 0x03, 0xb0, 0x00, 0xb2, 0x00, 0x00, 0xb0, 0x00, 0x3b,
    0x00, 0x0b, 0x23, 0xbb, 0xcf, 0xbb, 0xb5, 0xb0, 0x00, 0xb2, 0x00, 0x05, 0xf3, 0x00, 0x3b, 0x00,
    0x0b, 0x20, 0x00, 0x7b, 0x62, 0x03, 0xb0, 0x00, 0xb2, 0x00, 0x52, 0xb0, 0x81, 0x3b, 0x00, 0x0b,
    0x20, 0x17, 0x0b, 0x01, 0x73, 0xb0, 0x00, 0xb2, 0x08, 0x10, 0xb0, 0x00, 0x3b, 0x00, 0x0b, 0x26,
    0x30, 0x0b, 0x00, 0x03, 0xb0, 0x00, 0xb2, 0x00, 0x00, 0xb0, 0x00, 0x3f, 0xbb, 0xbf, 0x20, 0x00,
    0x0b, 0x00, 0x03, 0xb0, 0x00, 0xb2, 0x00, 0x00, 0xb0, 0x00, 0x14, 0x00, 0x03, 0x10, 0x00, 0x00,
    0x00, 0x00, 0x02, 0x00, 0x00, 0x00, 0x00, 0x00, 0x00, 0x01, 0xe1, 0x00, 0x00, 0xfb, 0xbb, 0x00,
    0x00, 0x82, 0x70, 0x00, 0x0e, 0x00, 0xb0, 0x00, 0x45, 0x05, 0x40, 0x00, 0xe0, 0x0b, 0x00, 0x29,
    0x00, 0x07, 0x20, 0x0e, 0x00, 0xb0, 0x29, 0x00, 0x00, 0x08, 0x30, 0xe0, 0x0b, 0x39, 0x1b, 0xbb,
    0xba, 0x06, 0x1e, 0x00, 0xb1, 0x00, 0x00, 0x00, 0x00, 0x00, 0xe0, 0x0b, 0x01, 0x22, 0x22, 0x22,
    0x20, 0x0e, 0x00, 0xb0, 0x4c, 0x44, 0x44, 0x4e, 0x00, 0xfb, 0xbe, 0x04, 0xc0, 0x00, 0x00, 0xe0,
    0x0e, 0x00, 0x00, 0x4c, 0x00, 0x00, 0x0e, 0x00, 0x80, 0x00, 0x04, 0xc0, 0x00, 0x00, 0xe0, 0x00,
    0x00, 0x00, 0x4f, 0xbb, 0xbb, 0xbf, 0x00, 0x00, 0x00, 0x04, 0xc0, 0x00, 0x00, 0xe0, 0x00, 0x00,
    0x00, 0x01, 0x00, 0x00, 0x00, 0x00, 0x0a, 0xdd, 0xdd, 0xdd, 0xdd, 0xdd, 0xfd, 0xb0, 0x00, 0x00,
    0x00, 0x00, 0x00, 0x00, 0xd0, 0x00, 0x00, 0x09, 0xbb, 0xbb, 0xbb, 0x10, 0xd0, 0x00, 0x00, 0x0b,
    0x00, 0x00, 0x08, 0x10, 0xd0, 0x00, 0x00, 0x0b, 0x00, 0x00, 0x08, 0x10, 0xd0, 0x00, 0x00, 0x09,
    0xbb, 0xbb, 0xbb, 0x10, 0xd0, 0x00, 0x14, 0x44, 0x44, 0x44, 0x44, 0x45, 0xf4, 0x41, 0x2b, 0xbb,
    0xbb, 0xbb, 0xbb, 0xbb, 0xfb, 0xb2, 0x00, 0x00, 0x00, 0x00, 0x00, 0x00, 0xd0, 0x00, 0x00, 0x0f,
    0xbb, 0xbb, 0xbc, 0x00, 0xd0, 0x00, 0x00, 0x0b, 0x00, 0x00, 0x0b, 0x00, 0xd0, 0x00, 0x00, 0x0f,
    0xbb, 0xbb, 0xbc, 0x00, 0xd0, 0x00, 0x00, 0x09, 0x00, 0x00, 0x00, 0x00, 0xd0, 0x00, 0x00, 0x00,
    0x00, 0x00, 0x00, 0xab, 0xd0, 0x00, 0x00, 0x00, 0x00, 0x00, 0x00, 0x00, 0x00, 0x00, 0x00, 0x00,
    0x00, 0x00, 0x20, 0x00, 0x00, 0x00, 0x00, 0x00, 0x00, 0x03, 0x30, 0x00, 0x00, 0xfb, 0xbd, 0x0d,
    0xbb, 0xbe, 0xbb, 0xbd, 0x0f, 0x00, 0xb0, 0xb0, 0x12, 0x00, 0x00, 0xb0, 0xf0, 0x0b, 0x0a, 0x0c,
    0xcb, 0xbc, 0x0a, 0x0f, 0x00, 0xb0, 0x04, 0x90, 0x00, 0x70, 0x00, 0xf0, 0x0b, 0x05, 0x43, 0x50,
    0x82, 0x00, 0x0f, 0x00, 0xb0, 0x10, 0x05, 0xe2, 0x00, 0x00, 0xf0, 0x0b, 0x00, 0x06, 0x72, 0x62,
    0x00, 0x0f, 0x00, 0xb2, 0x77, 0x20, 0x00, 0x57, 0x40, 0xf0, 0x0b, 0x10, 0x67, 0x77, 0x7a, 0x13,
    0x1f, 0xbb, 0xd0, 0x06, 0x00, 0x00, 0xb2, 0x00, 0xf0, 0x00, 0x00, 0x60, 0x00, 0x0b, 0x20, 0x08,
    0x00, 0x00, 0x06, 0x00, 0x00, 0xb2, 0x00, 0x00, 0x00, 0x00, 0xbb, 0xbb, 0xbf, 0x20, 0x00, 0x00,
    0x00, 0x00, 0x00, 0x00, 0x00, 0x00, 0x00, 0x9b, 0xbb, 0x90, 0x0a, 0xbb, 0xba, 0x00, 0x00, 0x70,
    0x00, 0x70, 0x07, 0x00, 0x07, 0x00, 0x00, 0x70, 0x00, 0x70, 0x07, 0x00, 0x07, 0x00, 0x00, 0x70,
    0x00, 0x70, 0x07, 0x00, 0x07, 0x00, 0x00, 0x9b, 0xbb, 0x92, 0x0a, 0xbb, 0xba, 0x00, 0x00, 0x00,
    0x00, 0x27, 0x00, 0x56, 0x20, 0x00, 0x1b, 0xbb, 0xbc, 0xfc, 0xbf, 0xcb, 0xcb, 0xb1, 0x00, 0x00,
    0x18, 0x10, 0x01, 0x71, 0x00, 0x00, 0x00, 0x03, 0x81, 0x00, 0x00, 0x06, 0x60, 0x00, 0x03, 0xff,
    0xbb, 0x90, 0x0b, 0xbb, 0xdf, 0x71, 0x15, 0x70, 0x00, 0x70, 0x07, 0x00, 0x07, 0x00, 0x00, 0x70,
    0x00, 0x70, 0x07, 0x00, 0x07, 0x00, 0x00, 0x70, 0x00, 0x70, 0x07, 0x00, 0x07, 0x00, 0x00, 0xeb,
    0xbb, 0xf0, 0x0f, 0xbb, 0xbe, 0x00, 0x02, 0x22, 0x22, 0x22, 0x22, 0x22, 0x22, 0x00, 0xfe, 0xee,
    0xfe, 0xee, 0xfe, 0xee, 0xf2, 0x0f, 0x00, 0x0b, 0x00, 0x0b, 0x00, 0x0b, 0x20, 0xf0, 0x00, 0xb0,
    0x00, 0xb0, 0x00, 0xb2, 0x0f, 0x00, 0x0b, 0x00, 0x0b, 0x00, 0x0b, 0x20, 0xf0, 0x00, 0xa0, 0x00,
    0xb0, 0x00, 0xb2, 0x0f, 0x00, 0x38, 0x00, 0x0b, 0x00, 0x0b, 0x20, 0xf0, 0x07, 0x30, 0x00, 0xc0,
    0x00, 0xb2, 0x0f, 0x01, 0xa0, 0x00, 0x09, 0xbb, 0x8b, 0x20, 0xf3, 0x91, 0x00, 0x00, 0x00, 0x00,
    0xb2, 0x0f, 0x20, 0x00, 0x00, 0x00, 0x00, 0x0b, 0x20, 0xf0, 0x00, 0x00, 0x00, 0x00, 0x00, 0xb2,
    0x0f, 0xbb, 0xbb, 0xbb, 0xbb, 0xbb, 0xbf, 0x20, 0xf0, 0x00, 0x00, 0x00, 0x00, 0x00, 0xb2, 0x01,
    0x00, 0x00, 0x00, 0x00, 0x00, 0x00, 0x00, 0x0b, 0xbb, 0xbb, 0xbb, 0xbb, 0xbb, 0xbb, 0x20, 0xf0,
    0x00, 0x00, 0x00, 0x00, 0x00, 0xb3, 0x0f, 0x00, 0x00, 0x00, 0x00, 0x00, 0x0b, 0x30, 0xf0, 0x00,
    0x00, 0x00, 0x00, 0x00, 0xb3, 0x0f, 0x00, 0x0e, 0xbb, 0xbb, 0xc0, 0x0b, 0x30, 0xf0, 0x00, 0xb0,
    0x00, 0x0b, 0x00, 0xb3, 0x0f, 0x00, 0x0b, 0x00, 0x00, 0xb0, 0x0b, 0x30, 0xf0, 0x00, 0xb0, 0x00,
    0x0b, 0x00, 0xb3, 0x0f, 0x00, 0x0b, 0x00, 0x00, 0xb0, 0x0b, 0x30, 0xf0, 0x00, 0xbb, 0xbb, 0xb9,
    0x00, 0xb3, 0x0f, 0x00, 0x00, 0x00, 0x00, 0x00, 0x0b, 0x30, 0xf0, 0x00, 0x00, 0x00, 0x00, 0x00,
    0xb3, 0x0f, 0xbb, 0xbb, 0xbb, 0xbb, 0xbb, 0xbf, 0x30, 0xf0, 0x00, 0x00, 0x00, 0x00, 0x00, 0xb3,
    0x0b, 0xbb, 0xbb, 0xbb, 0xbb, 0xbb, 0xbb, 0x20, 0xf0, 0x00, 0x00, 0x01, 0x00, 0x00, 0xb3, 0x0f,
    0x00, 0x00, 0x02, 0x50, 0x00, 0x0b, 0x30, 0xf0, 0x00, 0x00, 0x43, 0x00, 0x00, 0xb3, 0x0f, 0x00,
    0x00, 0x05, 0x20, 0x00, 0x0b, 0x30, 0xf0, 0xbb, 0xbb, 0xfb, 0xbb, 0xb9, 0xb3, 0x0f, 0x00, 0x00,
    0x0a, 0x10, 0x00, 0x0b, 0x30, 0xf0, 0x00, 0x01, 0x67, 0x20, 0x00, 0xb3, 0x0f, 0x00, 0x00, 0x71,
    0x07, 0x20, 0x0b, 0x30, 0xf0, 0x00, 0x45, 0x00, 0x07, 0x20, 0xb3, 0x0f, 0x00, 0x65, 0x00, 0x00,
    0x07, 0x1b, 0x30, 0xf0, 0x52, 0x00, 0x00, 0x00, 0x03, 0xb3, 0x0f, 0xbb, 0xbb, 0xbb, 0xbb, 0xbb,
    0xbf, 0x30, 0xf0, 0x00, 0x00, 0x00, 0x00, 0x00, 0xb3, 0x3b, 0xbb, 0xbb, 0xbb, 0xbb, 0xbb, 0xbb,
    0x04, 0xb0, 0x00, 0x00, 0x20, 0x00, 0x00, 0xe0, 0x4b, 0x00, 0x00, 0x0b, 0x00, 0x00, 0x0e, 0x04,
    0xb0, 0x00, 0x00, 0xb0, 0x00, 0x00, 0xe0, 0x4b, 0x3b, 0xbb, 0xbf, 0xbb, 0xbb, 0x4e, 0x04, 0xb0,
    0x00, 0x00, 0xb0, 0x00, 0x00, 0xe0, 0x4b, 0x00, 0xbb, 0xbf, 0xbb, 0xa0, 0x0e, 0x04, 0xb0, 0x0c,
    0x44, 0x44, 0x4c, 0x00, 0xe0, 0x4b, 0x00, 0xb0, 0x00, 0x00, 0xb0, 0x0e, 0x04, 0xb0, 0x0b, 0x00,
    0x00, 0x0b, 0x00, 0xe0, 0x4b, 0x00, 0xeb, 0xbb, 0xbb, 0xd0, 0x0e, 0x04, 0xb0, 0x00, 0x00, 0x00,
    0x00, 0x00, 0xe0, 0x4b, 0x00, 0x00, 0x00, 0x00, 0x00, 0x0e, 0x04, 0xfb, 0xbb, 0xbb, 0xbb, 0xbb,
    0xbb, 0xf0, 0xbb, 0xbb, 0xbb, 0xbb, 0xbb, 0xbb, 0xb1, 0xf0, 0x00, 0x02, 0x00, 0x00, 0x00, 0xb2,
    0xf0, 0x00, 0x25, 0x00, 0x00, 0x00, 0xb2, 0xf0, 0x02, 0xcb, 0xbb, 0xbf, 0x00, 0xb2, 0xf0, 0x37,
    0x71, 0x00, 0x72, 0x00, 0xb2, 0xf1, 0x50, 0x07, 0x57, 0x20, 0x00, 0xb2, 0xf0, 0x00, 0x26, 0x97,
    0x20, 0x00, 0xb2, 0xf2, 0x67, 0x50, 0x00, 0x57, 0x61, 0xb2, 0xf3, 0x10, 0x06, 0x61, 0x00, 0x11,
    0xb2, 0xf0, 0x00, 0x00, 0x16, 0x40, 0x00, 0xb2, 0xf0, 0x06, 0x77, 0x51, 0x00, 0x00, 0xb2, 0xf0,
    0x00, 0x00, 0x26, 0x74, 0x00, 0xb2, 0xf0, 0x00, 0x00, 0x00, 0x00, 0x00, 0xb2, 0xfb, 0xbb, 0xbb,
    0xbb, 0xbb, 0xbb, 0xf2, 0x04, 0xbf, 0xbb, 0xbb, 0xbb, 0xbb, 0xf1, 0x00, 0x00, 0x02, 0x70, 0x00,
    0x00, 0x06, 0x40, 0x00, 0x00, 0x00, 0x47, 0x00, 0x01, 0x73, 0x00, 0x00, 0x00, 0x00, 0x02, 0x84,
    0x66, 0x10, 0x00, 0x00, 0x00, 0x00, 0x26, 0x7b, 0x83, 0x00, 0x00, 0x00, 0x17, 0x77, 0x51, 0x01,
    0x25, 0x77, 0x41, 0x00, 0x00, 0x00, 0x00, 0x03, 0x50, 0x00, 0x46, 0x70, 0x00, 0x00, 0x00, 0x03,
    0x50, 0x00, 0x00, 0x00, 0x00, 0x3b, 0xbb, 0xbe, 0xfb, 0xbb, 0xb2, 0x00, 0x00, 0x00, 0x00, 0x03,
    0x50, 0x00, 0x00, 0x00, 0x00, 0x00, 0x00, 0x03, 0x50, 0x00, 0x00, 0x00, 0x00, 0x00, 0x00, 0x03,
    0x50, 0x00, 0x00, 0x00, 0x0e, 0xee, 0xee, 0xef, 0xfe, 0xee, 0xee, 0xe1, 0x00, 0x00, 0x00, 0x20,
    0x00, 0x00, 0x00, 0x00, 0x00, 0x00, 0x08, 0x00, 0x00, 0x00, 0x00, 0x00, 0x00, 0x01, 0x70, 0x00,
    0x00, 0x00, 0x00, 0xbb, 0xbb, 0xfd, 0xbb, 0xbb, 0xbb, 0xb8, 0x00, 0x00, 0x18, 0x00, 0x01, 0x10,
    0x00, 0x00, 0x00, 0x07, 0x20, 0x00, 0x34, 0x00, 0x00, 0x00, 0x03, 0x60, 0x00, 0x03, 0x40, 0x00,
    0x00, 0x01, 0xf0, 0x00, 0x00, 0x34, 0x00, 0x00, 0x01, 0x98, 0x02, 0xbb, 0xbf, 0xfb, 0xbb, 0x30,
    0x91, 0x70, 0x00, 0x00, 0x34, 0x00, 0x00, 0x00, 0x07, 0x00, 0x00, 0x03, 0x40, 0x00, 0x00, 0x00,
    0x70, 0x00, 0x00, 0x34, 0x00, 0x00, 0x00, 0x07, 0x00, 0x00, 0x03, 0x40, 0x00, 0x00, 0x00, 0x70,
    0x00, 0x00, 0x34, 0x00, 0x00, 0x00, 0x07, 0x0c, 0xee, 0xef, 0xfe, 0xee, 0xb0, 0x00, 0x02, 0x00,
    0x00, 0x00, 0x00, 0x00, 0x00, 0x00, 0x0b, 0x00, 0x00, 0x00, 0xb0, 0x00, 0x00, 0x00, 0x0b, 0x00,
    0x09, 0x00, 0xb0, 0x00, 0x00, 0x00, 0x0b, 0x00, 0x0b, 0x00, 0xb0, 0x00, 0x50, 0x13, 0x3e, 0x33,
    0x0b, 0x00, 0xb1, 0x67, 0xe0, 0x14, 0x4f, 0x44, 0x0b, 0x02, 0xf7, 0x10, 0xc0, 0x00, 0x0b, 0x00,
    0x0f, 0x85, 0xc0, 0x00, 0xb0, 0x00, 0x0b, 0x04, 0x7e, 0x00, 0xb0, 0x00, 0xb0, 0x00, 0x0b, 0x00,
    0x0b, 0x00, 0xb0, 0x00, 0xb0, 0x00, 0x0b, 0x00, 0x0b, 0x00, 0xb0, 0x00, 0xb0, 0x00, 0x0c, 0x67,
    0x0b, 0x00, 0xb0, 0x36, 0x80, 0x04, 0x8a, 0x10, 0x0b, 0x00, 0xb0, 0x43, 0x00, 0x24, 0x00, 0x00,
    0x0b, 0x00, 0x00, 0x00, 0x07, 0x00, 0x00, 0x00, 0x0c, 0x00, 0x00, 0x00, 0x26, 0x00, 0x00, 0x00,
    0x09, 0xcb, 0xbb, 0xbb, 0xb1, 0x00, 0x06, 0x00, 0x00, 0x00, 0x15, 0x00, 0x00, 0x00, 0x0b, 0x00,
    0x00, 0x00, 0x3b, 0x00, 0x00, 0x00, 0x0b, 0x00, 0x00, 0x00, 0x3b, 0x00, 0x00, 0x00, 0x0b, 0x00,
    0x03, 0x00, 0x3b, 0x00, 0x00, 0x3b, 0xbf, 0xbb, 0x3b, 0x00, 0x3b, 0x00, 0x00, 0x00, 0x0b, 0x00,
    0x0b, 0x00, 0x3b, 0x00, 0x00, 0x00, 0x0b, 0x00, 0x0b, 0x00, 0x3f, 0xbb, 0xb7, 0x00, 0x0b, 0x00,
    0x0b, 0x00, 0x3b, 0x00, 0x00, 0x00, 0x0b, 0x00, 0x0b, 0x00, 0x3b, 0x00, 0x00, 0x00, 0x0b, 0x03,
    0x2b, 0x00, 0x3b, 0x00, 0x00, 0x00, 0x1e, 0x73, 0x0b, 0x00, 0x3b, 0x00, 0x00, 0x28, 0x61, 0x00,
    0x0b, 0x00, 0x3b, 0x00, 0x00, 0x00, 0x00, 0x00, 0x0b, 0x00, 0x3b, 0x00, 0x00, 0x00, 0x00, 0x00,
    0x0b, 0x00, 0x3b, 0x00, 0x00, 0x00, 0x00, 0x2f, 0xff, 0xff, 0xff, 0xff, 0xfb, 0x00, 0x00, 0x00,
    0x00, 0x00, 0x00, 0x00, 0x00, 0x00, 0x07, 0x00, 0x00, 0x00, 0x30, 0x00, 0x00, 0x00, 0x0b, 0x00,
    0x00, 0x00, 0xb0, 0x00, 0x00, 0x00, 0x0b, 0x00, 0x53, 0x33, 0xe3, 0x33, 0x31, 0x00, 0x0b, 0x00,
    0xf4, 0x44, 0xf4, 0x44, 0x92, 0x3b, 0xbf, 0xb8, 0xf0, 0x00, 0xb0, 0x00, 0x70, 0x00, 0x0b, 0x00,
    0xf0, 0x00, 0xb0, 0x00, 0x70, 0x00, 0x0b, 0x00, 0xf0, 0x00, 0xb0, 0x00, 0x10, 0x00, 0x0b, 0x01,
    0xff, 0xec, 0xfc, 0xcf, 0x30, 0x00, 0x0b, 0x01, 0xe0, 0x70, 0x00, 0x08, 0x00, 0x00, 0x0b, 0x04,
    0xc0, 0x71, 0x00, 0x45, 0x00, 0x00, 0x1f, 0x68, 0xa0, 0x18, 0x01, 0x80, 0x00, 0x27, 0x61, 0x08,
    0x60, 0x03, 0x78, 0x00, 0x00, 0x00, 0x00, 0x0b, 0x10, 0x04, 0xc6, 0x00, 0x00, 0x00, 0x00, 0x38,
    0x02, 0x75, 0x04, 0x81, 0x00, 0x00, 0x00, 0x51, 0x76, 0x00, 0x00, 0x17, 0x71, 0x00, 0x00, 0x00,
    0x00, 0x00, 0x00, 0x00, 0x00, 0x00, 0x02, 0x00, 0x00, 0x00, 0x00, 0x00, 0x00, 0x00, 0x0b, 0x00,
    0x0a, 0xbb, 0xbb, 0xbb, 0x00, 0x00, 0x0b, 0x00, 0x07, 0x00, 0x00, 0x07, 0x00, 0x00, 0x0b, 0x00,
    0x07, 0x00, 0x00, 0x07, 0x00, 0x15, 0x5f, 0x55, 0x07, 0x00, 0x00, 0x07, 0x00, 0x01, 0x1d, 0x11,
    0x07, 0x00, 0x00, 0x07, 0x00, 0x00, 0x0b, 0x00, 0x0e, 0xbb, 0xbb, 0xbf, 0x00, 0x00, 0x0b, 0x00,
    0x07, 0x00, 0x00, 0x07, 0x00, 0x00, 0x0b, 0x00, 0x07, 0x00, 0x00, 0x07, 0x00, 0x00, 0x0b, 0x00,
    0x07, 0x00, 0x00, 0x07, 0x00, 0x00, 0x0e, 0x77, 0x07, 0x00, 0x00, 0x07, 0x00, 0x16, 0x87, 0x00,
    0x0a, 0xbb, 0xbb, 0xbb, 0x00, 0x23, 0x00, 0x00, 0x00, 0x00, 0x00, 0x00, 0x00, 0x00, 0x00, 0x00,
    0x00, 0x00, 0x00, 0x00, 0x00, 0x00, 0x00, 0x2b, 0xbb, 0xbb, 0xbb, 0xbb, 0xb3, 0x00, 0x07, 0x00,
    0x00, 0x03, 0x30, 0x00, 0x00, 0x00, 0x0b, 0x00, 0x00, 0x18, 0x04, 0x20, 0x00, 0x00, 0x0b, 0x00,
    0x00, 0x81, 0x00, 0x91, 0x00, 0x00, 0x0b, 0x00, 0x19, 0x44, 0x56, 0x8e, 0x00, 0x2b, 0xbf, 0xb9,
    0x37, 0x53, 0x21, 0x04, 0x70, 0x00, 0x0b, 0x00, 0x00, 0x70, 0x00, 0x00, 0x30, 0x00, 0x0b, 0x00,
    0x06, 0x53, 0x33, 0x33, 0x10, 0x00, 0x0b, 0x00, 0x0b, 0xbb, 0xfb, 0xbb, 0x40, 0x00, 0x0b, 0x00,
    0x71, 0x00, 0x70, 0x00, 0x00, 0x00, 0x0b, 0x01, 0x00, 0x00, 0x70, 0x00, 0x00, 0x00, 0x1f, 0x84,
    0xbb, 0xbe, 0xfb, 0xbb, 0xb8, 0x18, 0x72, 0x00, 0x00, 0x07, 0x44, 0x00, 0x00, 0x00, 0x00, 0x00,
    0x00, 0x55, 0x07, 0x20, 0x00, 0x00, 0x00, 0x00, 0x07, 0x50, 0x00, 0x65, 0x00, 0x00, 0x00, 0x03,
    0x72, 0x00, 0x00, 0x03, 0x75, 0x00, 0x07, 0x00, 0x00, 0x00, 0x03, 0x30, 0x00, 0x00, 0x0b, 0x00,
    0x00, 0x00, 0x0b, 0x17, 0x20, 0x00, 0x0b, 0x00, 0x21, 0x11, 0x1c, 0x11, 0x50, 0x00, 0x0b, 0x00,
    0xf6, 0x66, 0x6f, 0x66, 0x63, 0x0b, 0xbf, 0xb7, 0xf0, 0x00, 0x0b, 0x00, 0x00, 0x00, 0x0b, 0x00,
    0xf0, 0x00, 0x0b, 0x00, 0x10, 0x00, 0x0b, 0x00, 0xfb, 0xbf, 0x3b, 0x01, 0x60, 0x00, 0x0b, 0x00,
    0xf0, 0x0b, 0x4b, 0x06, 0x10, 0x00, 0x0b, 0x01, 0xf0, 0x0b, 0x39, 0x28, 0x00, 0x00, 0x0b, 0x01,
    0xe0, 0x0c, 0x37, 0x84, 0x00, 0x00, 0x0b, 0x16, 0xc0, 0x0c, 0x24, 0xe0, 0x00, 0x00, 0x3c, 0x65,
    0x90, 0x0e, 0x17, 0xc0, 0x05, 0x09, 0x50, 0x07, 0x56, 0xb9, 0x45, 0xa0, 0x1b, 0x00, 0x00, 0x0a,
    0x10, 0x04, 0x60, 0x57, 0x2a, 0x00, 0x00, 0x36, 0x00, 0x45, 0x00, 0x08, 0xc5, 0x00, 0x00, 0x00,
    0x00, 0x00, 0x00, 0x00, 0x00, 0x00, 0x20, 0x00, 0x00, 0x00, 0x50, 0x10, 0x00, 0x0b, 0x00, 0x00,
    0x00, 0x0b, 0x07, 0x50, 0x00, 0xb0, 0x00, 0x00, 0x00, 0xb0, 0x06, 0x10, 0x0b, 0x05, 0xbb, 0xbb,
    0xbf, 0xbb, 0xb9, 0x35, 0xf5, 0x30, 0x00, 0x00, 0xb0, 0x00, 0x00, 0x0b, 0x00, 0x9b, 0xbb, 0x0a,
    0x10, 0x02, 0x00, 0xb0, 0x0b, 0x00, 0xb0, 0x92, 0x02, 0x60, 0x0b, 0x00, 0xb0, 0x0b, 0x08, 0x30,
    0x71, 0x00, 0xb0, 0x0b, 0x00, 0xb0, 0x64, 0x07, 0x00, 0x0b, 0x00, 0xcb, 0xbe, 0x04, 0x66, 0x20,
    0x00, 0xb3, 0x40, 0x00, 0x00, 0x29, 0x70, 0x00, 0x5e, 0x40, 0x00, 0x46, 0x50, 0xf1, 0x00, 0x52,
    0x00, 0x37, 0x63, 0x00, 0x7b, 0x10, 0xb0, 0x00, 0x00, 0x00, 0x00, 0x74, 0x38, 0x1b, 0x00, 0x00,
    0x00, 0x00, 0x72, 0x00, 0x7c, 0x60, 0x00, 0x00, 0x90, 0x00, 0x00, 0x09, 0x10, 0x00, 0x00, 0x01,
    0xf0, 0x00, 0x00, 0x0f, 0x20, 0x00, 0x08, 0xbc, 0xfb, 0xbb, 0xbb, 0xbf, 0xdb, 0x80, 0x00, 0x01,
    0xf0, 0x00, 0x00, 0x0f, 0x20, 0x00, 0x00, 0x01, 0xfb, 0xbb, 0xbb, 0xbf, 0x20, 0x00, 0x00, 0x01,
    0xf0, 0x00, 0x00, 0x0f, 0x20, 0x00, 0x00, 0x01, 0xfb, 0xbb, 0xbb, 0xbf, 0x20, 0x00, 0x00, 0x01,
    0xf0, 0x00, 0x00, 0x0f, 0x20, 0x00, 0x4b, 0xbc, 0xfc, 0xbb, 0xbb, 0xcf, 0xdb, 0xb4, 0x13, 0x33,
    0x95, 0x38, 0x33, 0x68, 0x33, 0x31, 0x00, 0x04, 0x50, 0x0b, 0x00, 0x04, 0x60, 0x00, 0x00, 0x6a,
    0xbb, 0xbf, 0xbb, 0xb9, 0x28, 0x40, 0x07, 0x20, 0x00, 0x0b, 0x00, 0x00, 0x00, 0x43, 0x00, 0x00,
    0x00, 0x0b, 0x00, 0x00, 0x00, 0x00, 0x07, 0xff, 0xff, 0xff, 0xff, 0xff, 0xfc, 0x00, 0x00, 0x07,
    0x00, 0x00, 0x40, 0x40, 0x00, 0x00, 0x00, 0x0b, 0x00, 0x00, 0x80, 0x27, 0x00, 0x00, 0x00, 0x0b,
    0x00, 0x04, 0x40, 0x08, 0x10, 0x00, 0x00, 0x0b, 0x00, 0x0d, 0x44, 0x48, 0x54, 0x41, 0x3b, 0xbf,
    0xba, 0x8f, 0x00, 0x0b, 0x00, 0x00, 0x00, 0x0b, 0x03, 0x7e, 0x00, 0x0b, 0x00, 0x00, 0x00, 0x0b,
    0x01, 0x2f, 0xbb, 0xbf, 0xbb, 0x90, 0x00, 0x0b, 0x00, 0x2e, 0x00, 0x0b, 0x00, 0x00, 0x00, 0x0b,
    0x00, 0x2e, 0x00, 0x0b, 0x00, 0x00, 0x00, 0x0b, 0x02, 0x2e, 0x00, 0x0b, 0x00, 0x00, 0x00, 0x1f,
    0x97, 0x2f, 0xbb, 0xbf, 0xbb, 0x90, 0x28, 0x72, 0x00, 0x2e, 0x00, 0x0b, 0x00, 0x00, 0x00, 0x00,
    0x00, 0x2e, 0x00, 0x0b, 0x00, 0x00, 0x00, 0x00, 0x00, 0x2f, 0xcc, 0xcf, 0xcc, 0xc4, 0x00, 0x00,
    0x00, 0x2f, 0x22, 0x22, 0x22, 0x21, 0x00, 0x00, 0x30, 0x00, 0x00, 0x00, 0x00, 0x00, 0x00, 0x01,
    0x60, 0xdb, 0xbb, 0xbb, 0xbb, 0x00, 0x00, 0x07, 0x00, 0xb0, 0x00, 0x00, 0x0b, 0x00, 0x00, 0x59,
    0x00, 0xc3, 0x33, 0x33, 0x3b, 0x00, 0x03, 0x6b, 0x00, 0x33, 0x3c, 0x33, 0x32, 0x00, 0x27, 0x0b,
    0x8b, 0xbb, 0xff, 0xfb, 0xbb, 0xa0, 0x00, 0x0b, 0x00, 0x03, 0x6b, 0x45, 0x00, 0x00, 0x00, 0x0b,
    0x00, 0x46, 0x0b, 0x04, 0x70, 0x00, 0x00, 0x0b, 0x17, 0x40, 0x0b, 0x00, 0x28, 0x50, 0x00, 0x08,
    0x31, 0x01, 0x37, 0x00, 0x00, 0x30, 0x00, 0x00, 0x00, 0x01, 0x50, 0x00, 0x00, 0x00, 0x00, 0x7b,
    0xbb, 0xbd, 0xfb, 0xbb, 0xb8, 0x00, 0x00, 0x00, 0x00, 0x01, 0x50, 0x00, 0x00, 0x00, 0x00, 0x00,
    0x00, 0x01, 0x50, 0x00, 0x00, 0x00, 0x3f, 0xff, 0xff, 0xff, 0xff, 0xff, 0xff, 0xf4, 0x00, 0x07,
    0x00, 0x00, 0x40, 0x00, 0x70, 0x00, 0x00, 0x0b, 0x00, 0x00, 0x60, 0x00, 0xb0, 0x00, 0x00, 0x0b,
    0x09, 0xbb, 0xfb, 0xbb, 0xfb, 0xb5, 0x00, 0x0b, 0x00, 0x00, 0x60, 0x00, 0xb0, 0x00, 0x2b, 0xbf,
    0xb6, 0x00, 0x47, 0x70, 0x80, 0x00, 0x00, 0x0b, 0x00, 0x00, 0x74, 0x65, 0x00, 0x00, 0x00, 0x0b,
    0x00, 0x28, 0x20, 0x05, 0x80, 0x00, 0x00, 0x0b, 0x17, 0x70, 0x00, 0x00, 0x29, 0x40, 0x00, 0x0b,
    0x02, 0x00, 0xab, 0xbb, 0xa0, 0x54, 0x00, 0x0b, 0x00, 0x00, 0x00, 0x00, 0x00, 0x00, 0x00, 0x0b,
    0x02, 0x4e, 0xbb, 0xbb, 0xba, 0x00, 0x01, 0x5a, 0x51, 0x4b, 0x00, 0x00, 0x06, 0x00, 0x26, 0x10,
    0x00, 0x4b, 0x00, 0x00, 0x06, 0x00, 0x00, 0x00, 0x00, 0x4b, 0x00, 0x00, 0x06, 0x00, 0x00, 0x00,
    0x00, 0x4f, 0xbb, 0xbb, 0xbd, 0x00, 0x00, 0x00, 0x00, 0x01, 0x20, 0x00, 0x00, 0x00, 0x00, 0x00,
    0x00, 0x00, 0x80, 0x00, 0x00, 0x00, 0x0a, 0xbb, 0xbb, 0xbb, 0xdc, 0xbb, 0xbb, 0xa0, 0x0b, 0x00,
    0x03, 0x00, 0x00, 0x30, 0x00, 0xb0, 0x09, 0x00, 0x0b, 0x00, 0x00, 0xb0, 0x00, 0x90, 0x00, 0x7b,
    0xbf, 0xbb, 0xbb, 0xfb, 0xb6, 0x00, 0x00, 0x3b, 0xbf, 0xbb, 0xbb, 0xfb, 0xb2, 0x00, 0x00, 0x00,
    0x0b, 0x00, 0x00, 0xb0, 0x00, 0x00, 0x2b, 0xbb, 0xbf, 0xbb, 0xbb, 0xfb, 0xbb, 0xb3, 0x14, 0x44,
    0x5b, 0x44, 0x94, 0xc5, 0x44, 0x41, 0x00, 0x01, 0x81, 0x00, 0xb0, 0x18, 0x30, 0x00, 0x00, 0x57,
    0x6b, 0xbb, 0xfb, 0xbb, 0x88, 0x30, 0x07, 0x30, 0x00, 0x00, 0xb0, 0x00, 0x00, 0x62, 0x00, 0x00,
    0x00, 0x00, 0xb0, 0x00, 0x00, 0x00, 0x02, 0xff, 0xff, 0xff, 0xff, 0xff, 0xff, 0xf1, 0x00, 0x20,
    0x00, 0x00, 0x00, 0x10, 0x00, 0x00, 0x00, 0xb0, 0x00, 0x00, 0x03, 0x40, 0x00, 0x00, 0x00, 0xb0,
    0x09, 0xbb, 0xbf, 0xcb, 0xbb, 0x00, 0x00, 0xb0, 0x00, 0x00, 0x07, 0x00, 0x00, 0x00, 0x22, 0xe2,
    0x20, 0x3c, 0xbf, 0xbb, 0xb7, 0x00, 0x34, 0xf4, 0x40, 0x44, 0x00, 0x00, 0x07, 0x00, 0x00, 0xb0,
    0x00, 0x4f, 0xbb, 0xbb, 0xbb, 0x00, 0x00, 0xb0, 0x00, 0x47, 0x33, 0x33, 0x38, 0x00, 0x00, 0xb0,
    0x00, 0x46, 0x33, 0x33, 0x38, 0x00, 0x00, 0xb0, 0x00, 0x4f, 0xbb, 0xbb, 0xbb, 0x00, 0x00, 0xb2,
    0x61, 0x44, 0x00, 0x00, 0x07, 0x00, 0x03, 0xc5, 0x0a, 0xff, 0xcc, 0xcc, 0xcf, 0xc2, 0x66, 0x00,
    0x04, 0x55, 0x75, 0x66, 0x55, 0x51, 0x00, 0x00, 0x00, 0x06, 0x60, 0x07, 0x40, 0x00, 0x00, 0x00,
    0x02, 0x83, 0x00, 0x00, 0x56, 0x00, 0x00, 0x00, 0x04, 0x00, 0x00, 0x00, 0x03, 0x00, 0x00, 0xbe,
    0xee, 0xef, 0xee, 0xee, 0xe0, 0x00, 0x0b, 0x04, 0x00, 0xb0, 0x04, 0x0b, 0x00, 0x00, 0xb0, 0x25,
    0x0b, 0x04, 0x30, 0xb0, 0x00, 0x0b, 0x44, 0x64, 0xf4, 0x64, 0x4c, 0x00, 0x00, 0x22, 0x22, 0x2d,
    0x22, 0x22, 0x20, 0x00, 0x1b, 0xbb, 0xbb, 0xfb, 0xbb, 0xbb, 0x40, 0x00, 0x00, 0x00, 0x0b, 0x00,
    0x00, 0x00, 0x06, 0xcc, 0xcc, 0xcc, 0xfc, 0xcc, 0xcc, 0xca, 0x13, 0x46, 0x36, 0x33, 0x64, 0x36,
    0x63, 0x20, 0x18, 0x00, 0x52, 0x40, 0x70, 0x05, 0x60, 0x07, 0x10, 0x00, 0x1b, 0x01, 0x00, 0x03,
    0x20, 0x07, 0xbb, 0xbb, 0xfb, 0xbb, 0xbb, 0x00, 0x00, 0x00, 0x00, 0x0b, 0x00, 0x00, 0x00, 0x07,
    0xff, 0xff, 0xff, 0xff, 0xff, 0xff, 0xfd, 0x00, 0x00, 0x00, 0x04, 0x00, 0x00, 0x00, 0x00, 0x00,
    0x00, 0x00, 0xb0, 0x00, 0x00, 0x00, 0x00, 0x00, 0x00, 0x0b, 0x00, 0x00, 0x00, 0x00, 0x00, 0x00,
    0x00, 0xb0, 0x00, 0x00, 0x00, 0x00, 0x00, 0x00, 0x0b, 0x00, 0x00, 0x00, 0x00, 0x00, 0x00, 0x00,
    0xb0, 0x00, 0x00, 0x00, 0x6b, 0xbb, 0xbb, 0xbf, 0xbb, 0xbb, 0xbb, 0xa0, 0x00, 0x00, 0x00, 0xb0,
    0x00, 0x00, 0x00, 0x00, 0x00, 0x00, 0x0b, 0x00, 0x00, 0x00, 0x00, 0x00, 0x00, 0x00, 0xb0, 0x00,
    0x00, 0x00, 0x00, 0x00, 0x00, 0x0b, 0x00, 0x00, 0x00, 0x00, 0x00, 0x00, 0x00, 0xb0, 0x00, 0x00,
    0x00, 0x00, 0x00, 0x00, 0x0b, 0x00, 0x00, 0x00, 0x00, 0x7b, 0xbb, 0xbb, 0xfb, 0xbb, 0xbb, 0xb0,
    0x00, 0x00, 0x00, 0x05, 0x00, 0x00, 0x00, 0x00, 0x00, 0x00, 0x00, 0xb0, 0x00, 0x00, 0x00, 0x2b,
    0xbb, 0xbb, 0xbf, 0xbb, 0xbb, 0xbb, 0x60, 0x00, 0x00, 0x00, 0xb0, 0x00, 0x00, 0x00, 0x03, 0xbb,
    0xbb, 0xbf, 0xbb, 0xbb, 0xba, 0x00, 0x13, 0x33, 0x33, 0x33, 0x33, 0x33, 0x20, 0x00, 0x42, 0x22,
    0x22, 0x22, 0x22, 0x22, 0x00, 0x0f, 0xbb, 0xbb, 0xfb, 0xbb, 0xbb, 0xf0, 0x00, 0xe0, 0x00, 0x0b,
    0x00, 0x00, 0x0f, 0x00, 0x0e, 0x00, 0x00, 0xb0, 0x00, 0x00, 0xf0, 0x00, 0xfb, 0xbb, 0xbf, 0xbb,
    0xbb, 0xbf, 0x00, 0x2d, 0x44, 0x44, 0x44, 0x44, 0x44, 0xf0, 0x06, 0x60, 0x00, 0x00, 0x00, 0x00,
    0x00, 0x00, 0xb0, 0x00, 0x00, 0x00, 0x00, 0x00, 0x00, 0x74, 0x00, 0x00, 0x00, 0x00, 0x00, 0x00,
    0x02, 0x00, 0x00, 0x00, 0x00, 0x00, 0x00, 0x00, 0x00, 0x00, 0x01, 0x20, 0x00, 0x00, 0x00, 0x00,
    0x00, 0x00, 0x08, 0x10, 0x00, 0x00, 0x00, 0x00, 0x00, 0x00, 0x6e, 0xbb, 0xbb, 0xbf, 0x30, 0x00,
    0x00, 0x06, 0x67, 0x00, 0x00, 0x46, 0x00, 0x00, 0x02, 0x82, 0x04, 0x70, 0x17, 0x40, 0x00, 0x00,
    0x01, 0x00, 0x00, 0x2e, 0xb1, 0x00, 0x00, 0x00, 0x00, 0x00, 0x27, 0x82, 0x47, 0x51, 0x00, 0x00,
    0x14, 0x79, 0x72, 0x11, 0x11, 0x48, 0x97, 0x51, 0x14, 0x0f, 0xff, 0xff, 0xff, 0xff, 0xf0, 0x21,
    0x00, 0x0b, 0x00, 0x05, 0x30, 0x00, 0x80, 0x00, 0x00, 0x0b, 0x00, 0x05, 0x30, 0x00, 0x80, 0x00,
    0x00, 0x0f, 0xbb, 0xbf, 0xeb, 0xbb, 0xf0, 0x00, 0x00, 0x0b, 0x00, 0x05, 0x30, 0x00, 0x80, 0x00,
    0x00, 0x0b, 0x00, 0x05, 0x30, 0x00, 0x80, 0x00, 0x00, 0x0f, 0xee, 0xef, 0xfe, 0xee, 0xf0, 0x00,
    0x00, 0x01, 0x00, 0x00, 0x00, 0x00, 0x00, 0x00, 0x00, 0x00, 0x30, 0x00, 0x00, 0x00, 0x00, 0x00,
    0x00, 0x03, 0x50, 0x00, 0x00, 0x00, 0x00, 0x00, 0x00, 0x1f, 0xbb, 0xbb, 0xbb, 0xbb, 0xbb, 0x00,
    0x01, 0x91, 0x00, 0x00, 0x00, 0x00, 0x00, 0x00, 0x29, 0x19, 0xbb, 0xbb, 0xbb, 0xbb, 0xa0, 0x00,
    0x11, 0x0b, 0x00, 0x00, 0x00, 0x00, 0xb0, 0x00, 0x00, 0x0b, 0xbb, 0xbb, 0xbb, 0xbb, 0xc0, 0x00,
    0x00, 0x0b, 0x00, 0x00, 0x00, 0x00, 0xb0, 0x00, 0x00, 0x0a, 0xbe, 0xbb, 0xbb, 0xbb, 0xa0, 0x00,
    0x00, 0x00, 0x35, 0x00, 0x00, 0x00, 0x00, 0x00, 0x00, 0x03, 0xfb, 0xbb, 0xbb, 0xbf, 0x20, 0x00,
    0x00, 0x47, 0x74, 0x00, 0x01, 0x95, 0x00, 0x00, 0x03, 0x50, 0x05, 0x71, 0x5a, 0x20, 0x00, 0x00,
    0x00, 0x00, 0x03, 0x8f, 0xc5, 0x10, 0x00, 0x00, 0x25, 0x78, 0x85, 0x10, 0x02, 0x67, 0x77, 0x50,
    0x22, 0x00, 0x00, 0x00, 0x00, 0x00, 0x01, 0x20, 0x00, 0x02, 0x00, 0x00, 0x04, 0x00, 0x00, 0x00,
    0x00, 0x70, 0x00, 0x00, 0xb0, 0x00, 0x00, 0x00, 0x07, 0x00, 0x00, 0x0b, 0x00, 0x00, 0x00, 0x04,
    0xeb, 0xbe, 0x30, 0xb0, 0x00, 0x00, 0x00, 0x80, 0x00, 0x61, 0x0b, 0x00, 0x00, 0x00, 0x25, 0x00,
    0x07, 0x00, 0xc2, 0x00, 0x00, 0x08, 0x10, 0x00, 0x70, 0x0b, 0x66, 0x00, 0x05, 0x46, 0x50, 0x34,
    0x00, 0xb0, 0x38, 0x10, 0x10, 0x03, 0x77, 0x00, 0x0b, 0x00, 0x19, 0x10, 0x00, 0x03, 0x90, 0x00,
    0xb0, 0x00, 0x13, 0x00, 0x00, 0x80, 0x00, 0x0b, 0x00, 0x00, 0x00, 0x00, 0x54, 0x00, 0x00, 0xb0,
    0x00, 0x00, 0x00, 0x46, 0x00, 0x00, 0x0b, 0x00, 0x00, 0x00, 0x56, 0x00, 0x00, 0x00, 0xb0, 0x00,
    0x00, 0x64, 0x00, 0x00, 0x00, 0x0b, 0x00, 0x00, 0x00, 0x00, 0x00, 0x00, 0x31, 0x00, 0x00, 0x00,
    0x00, 0x00, 0x02, 0x70, 0x00, 0x00, 0x00, 0x00, 0x00, 0x3d, 0xbb, 0xbb, 0xf2, 0x00, 0x00, 0x06,
    0x60, 0x00, 0x02, 0x70, 0x00, 0x03, 0x83, 0x42, 0x00, 0x38, 0x00, 0x00, 0x01, 0x00, 0x05, 0x76,
    0x60, 0x00, 0x00, 0x00, 0x00, 0x04, 0x93, 0x36, 0x00, 0x00, 0x00, 0x16, 0x83, 0x03, 0xfb, 0xbb,
    0xbc, 0x28, 0x72, 0x00, 0x56, 0x00, 0x00, 0x26, 0x00, 0x00, 0x27, 0x30, 0x00, 0x01, 0x80, 0x00,
    0x17, 0x60, 0x28, 0x10, 0x28, 0x10, 0x00, 0x00, 0x00, 0x01, 0x87, 0x70, 0x00, 0x00, 0x00, 0x00,
    0x05, 0x94, 0x00, 0x00, 0x00, 0x01, 0x47, 0x72, 0x00, 0x00, 0x00, 0x27, 0x76, 0x30, 0x00, 0x00,
    0x00, 0x00, 0x00, 0x00, 0x00, 0x01, 0x30, 0x00, 0x00, 0x00, 0x00, 0x00, 0x00, 0x02, 0x50, 0x00,
    0x00, 0x00, 0x00, 0x00, 0x00, 0x03, 0x40, 0x00, 0x00, 0x00, 0x00, 0x00, 0x00, 0x04, 0x30, 0x00,
    0x00, 0x00, 0x00, 0x00, 0x00, 0x05, 0x20, 0x00, 0x00, 0x00, 0x0a, 0xbb, 0xbb, 0xbf, 0xdb, 0xbb,
    0xbb, 0xb0, 0x00, 0x00, 0x00, 0x08, 0x70, 0x00, 0x00, 0x00, 0x00, 0x00, 0x00, 0x07, 0x61, 0x00,
    0x00, 0x00, 0x00, 0x00, 0x00, 0x53, 0x17, 0x00, 0x00, 0x00, 0x00, 0x00, 0x00, 0x80, 0x07, 0x10,
    0x00, 0x00, 0x00, 0x00, 0x05, 0x40, 0x01, 0x70, 0x00, 0x00, 0x00, 0x00, 0x28, 0x00, 0x00, 0x54,
    0x00, 0x00, 0x00, 0x01, 0x90, 0x00, 0x00, 0x07, 0x30, 0x00, 0x00, 0x38, 0x10, 0x00, 0x00, 0x00,
    0x75, 0x00, 0x08, 0x50, 0x00, 0x00, 0x00, 0x00, 0x05, 0x80, 0x00, 0x00, 0x00, 0x00, 0x00, 0x00,
    0x00, 0x00, 0x01, 0x22, 0x22, 0x22, 0x22, 0x22, 0x22, 0x00, 0x04, 0xcc, 0xcc, 0xcf, 0xec, 0xcc,
    0xcc, 0x30, 0x00, 0x00, 0x00, 0x05, 0x20, 0x00, 0x00, 0x00, 0x00, 0x00, 0x00, 0x05, 0x20, 0x00,
    0x00, 0x00, 0x00, 0x00, 0x00, 0x06, 0x20, 0x00, 0x00, 0x00, 0x00, 0x00, 0x00, 0x07, 0x10, 0x00,
    0x00, 0x00, 0x0a, 0xbb, 0xbb, 0xbf, 0xfb, 0xbb, 0xbb, 0xb0, 0x00, 0x00, 0x00, 0x08, 0x80, 0x00,
    0x00, 0x00, 0x00, 0x00, 0x00, 0x54, 0x44, 0x00, 0x00, 0x00, 0x00, 0x00, 0x01, 0x80, 0x08, 0x00,
    0x00, 0x00, 0x00, 0x00, 0x08, 0x10, 0x02, 0x70, 0x00, 0x00, 0x00, 0x01, 0x82, 0x00, 0x00, 0x45,
    0x00, 0x00, 0x00, 0x48, 0x10, 0x00, 0x00, 0x03, 0x71, 0x00, 0x08, 0x40, 0x00, 0x00, 0x00, 0x00,
    0x17, 0x71, 0x00, 0x00, 0x00, 0x00, 0x00, 0x00, 0x00, 0x10, 0x00, 0x00, 0x00, 0x01, 0x20, 0x00,
    0x00, 0x00, 0x00, 0x00, 0x00, 0x03, 0x40, 0x00, 0x00, 0x00, 0x00, 0x00, 0x00, 0x03, 0x40, 0x00,
    0x00, 0x00, 0x00, 0x00, 0x00, 0x04, 0x30, 0x00, 0x00, 0x00, 0x00, 0x00, 0x00, 0x06, 0x10, 0x00,
    0x00, 0x00, 0x0a, 0xbb, 0xbb, 0xbf, 0xfb, 0xbb, 0xbb, 0xb0, 0x00, 0x00, 0x00, 0x08, 0x70, 0x00,
    0x00, 0x00, 0x00, 0x00, 0x00, 0x08, 0x53, 0x00, 0x00, 0x00, 0x00, 0x00, 0x00, 0x34, 0x08, 0x00,
    0x00, 0x00, 0x00, 0x00, 0x00, 0x80, 0x06, 0x20, 0x00, 0x00, 0x00, 0x00, 0x02, 0x60, 0x00, 0x80,
    0x00, 0x00, 0x00, 0x00, 0x09, 0x50, 0x00, 0x45, 0x00, 0x00, 0x00, 0x00, 0x82, 0x37, 0x00, 0x06,
    0x30, 0x00, 0x00, 0x18, 0x20, 0x02, 0x80, 0x00, 0x75, 0x00, 0x06, 0x71, 0x00, 0x00, 0x35, 0x00,
    0x04, 0x91, 0x01, 0x00, 0x00, 0x00, 0x00, 0x00, 0x00, 0x00, 0x00, 0x00, 0x00, 0x00, 0x00, 0x00,
    0x00, 0x00, 0x00, 0x00, 0x60, 0x05, 0x20, 0x00, 0x00, 0x00, 0x00, 0x03, 0x50, 0x05, 0x20, 0x00,
    0x00, 0x00, 0x00, 0x07, 0x00, 0x05, 0x20, 0x00, 0x00, 0x00, 0x00, 0x2d, 0xbb, 0xbf, 0xeb, 0xbb,
    0xb9, 0x00, 0x00, 0x80, 0x00, 0x05, 0x20, 0x00, 0x00, 0x00, 0x06, 0x40, 0x00, 0x05, 0x20, 0x00,
    0x00, 0x00, 0x01, 0x00, 0x00, 0x06, 0x10, 0x00, 0x00, 0x00, 0x1b, 0xbb, 0xbb, 0xbf, 0xfb, 0xbb,
    0xbb, 0xb1, 0x00, 0x00, 0x00, 0x08, 0x71, 0x00, 0x00, 0x00, 0x00, 0x00, 0x00, 0x44, 0x16, 0x00,
    0x00, 0x00, 0x00, 0x00, 0x01, 0x80, 0x06, 0x30, 0x00, 0x00, 0x00, 0x00, 0x18, 0x10, 0x00, 0x72,
    0x00, 0x00, 0x00, 0x04, 0x81, 0x00, 0x00, 0x06, 0x50, 0x00, 0x04, 0x84, 0x00, 0x00, 0x00, 0x00,
    0x27, 0x61, 0x03, 0x00, 0x00, 0x00, 0x00, 0x00, 0x00, 0x10, 0x00, 0x00, 0x00, 0x01, 0x00, 0x00,
    0x00, 0x00, 0x32, 0x00, 0x04, 0x30, 0x00, 0x00, 0x00, 0x06, 0x82, 0x04, 0x20, 0x00, 0x00, 0x00,
    0x00, 0x07, 0x25, 0x20, 0x00, 0x00, 0x06, 0x20, 0x00, 0x05, 0x20, 0x00, 0x00, 0x00, 0x68, 0x10,
    0x06, 0x10, 0x00, 0x00, 0x00, 0x01, 0x60, 0x07, 0x00, 0x00, 0x00, 0x00, 0x00, 0x00, 0x07, 0x00,
    0x00, 0x00, 0xbb, 0xbb, 0xbb, 0xbf, 0xbb, 0xbb, 0xbb, 0x00, 0x00, 0x00, 0x26, 0x00, 0x00, 0x00,
    0x00, 0x00, 0x00, 0x72, 0x10, 0x00, 0x00, 0x00, 0x00, 0x03, 0x61, 0x65, 0x00, 0x00, 0x00, 0x00,
    0x38, 0x00, 0x02, 0x82, 0x00, 0x00, 0x17, 0x60, 0x00, 0x00, 0x06, 0x60, 0x47, 0x71, 0x00, 0x00,
    0x00, 0x00, 0x36, 0x10, 0x00, 0x00, 0x00, 0x00, 0x00, 0x00, 0x00, 0x00, 0x00, 0x00, 0x30, 0x00,
    0x00, 0x00, 0x00, 0x00, 0x00, 0x00, 0x70, 0x00, 0x00, 0x00, 0x00, 0xbb, 0xbb, 0xbf, 0xfb, 0xbb,
    0xbb, 0x70, 0x00, 0x00, 0x00, 0x0c, 0x40, 0x00, 0x00, 0x00, 0x00, 0x00, 0x00, 0x72, 0x47, 0x61,
    0x00, 0x00, 0x00, 0x02, 0x67, 0x20, 0x00, 0x17, 0x72, 0x00, 0x02, 0x75, 0x10, 0x00, 0x00, 0x00,
    0x16, 0x10, 0x1d, 0xdd, 0xdd, 0xdd, 0xdd, 0xdd, 0xfd, 0xd1, 0x00, 0x00, 0x00, 0x00, 0x00, 0x00,
    0x70, 0x00, 0x00, 0x3e, 0xbb, 0xbb, 0x90, 0x00, 0x70, 0x00, 0x00, 0x44, 0x00, 0x00, 0x70, 0x00,
    0x70, 0x00, 0x00, 0x44, 0x00, 0x00, 0x70, 0x00, 0x70, 0x00, 0x00, 0x4f, 0xbb, 0xbb, 0xa0, 0x00,
    0x70, 0x00, 0x00, 0x44, 0x00, 0x00, 0x00, 0x00, 0x70, 0x00, 0x00, 0x00, 0x00, 0x00, 0x0a, 0xbb,
    0x90, 0x00, 0x00, 0x00, 0x00, 0x02, 0x10, 0x00, 0x00, 0x00, 0x00, 0x00, 0x00, 0x07, 0x10, 0x00,
    0x00, 0x00, 0x00, 0x3c, 0xbb, 0xbf, 0xbb, 0xbb, 0xc3, 0x00, 0x00, 0x34, 0x01, 0x03, 0x20, 0x20,
    0x34, 0x00, 0x00, 0x34, 0x07, 0x04, 0x31, 0x70, 0x34, 0x00, 0x00, 0x34, 0x02, 0x34, 0x35, 0x10,
    0x34, 0x00, 0x00, 0x34, 0x8b, 0xcf, 0xeb, 0xb8, 0x34, 0x00, 0x00, 0x34, 0x00, 0x75, 0x35, 0x00,
    0x34, 0x00, 0x00, 0x34, 0x37, 0x14, 0x30, 0x42, 0x34, 0x00, 0x00, 0x33, 0x40, 0x06, 0x20, 0x00,
    0x33, 0x00, 0x0b, 0xbb, 0xbb, 0xbf, 0xfb, 0xbb, 0xbb, 0xb0, 0x00, 0x00, 0x00, 0x45, 0x54, 0x00,
    0x00, 0x00, 0x00, 0x00, 0x04, 0x70, 0x08, 0x30, 0x00, 0x00, 0x00, 0x02, 0x75, 0x00, 0x00, 0x76,
    0x10, 0x00, 0x17, 0x74, 0x00, 0x00, 0x00, 0x02, 0x78, 0x61, 0x00, 0x00, 0x00, 0x00, 0x00, 0x00,
    0x00, 0x20, 0x00, 0x03, 0x00, 0x00, 0x00, 0x00, 0x00, 0x00, 0x00, 0x70, 0x00, 0x00, 0x00, 0x00,
    0x00, 0x00, 0x07, 0x00, 0x00, 0xbb, 0xbb, 0xbb, 0x20, 0x03, 0x40, 0x00, 0x0f, 0x00, 0x00, 0xb3,
    0x9b, 0xfc, 0xbb, 0xf0, 0xf0, 0x00, 0x0b, 0x30, 0x07, 0x00, 0x08, 0x0f, 0x00, 0x00, 0xb3, 0x00,
    0x70, 0x01, 0x70, 0xf0, 0x00, 0x0b, 0x30, 0x25, 0x00, 0x43, 0x0f, 0x00, 0x00, 0xb3, 0x06, 0x10,
    0x08, 0x00, 0xf0, 0x00, 0x0b, 0x30, 0x76, 0x00, 0x80, 0x0f, 0x00, 0x00, 0xb3, 0x00, 0x28, 0x74,
    0x00, 0xf0, 0x00, 0x0b, 0x30, 0x00, 0x0f, 0x50, 0x0f, 0x00, 0x00, 0xb3, 0x00, 0x08, 0x25, 0x60,
    0xf0, 0x00, 0x0b, 0x30, 0x07, 0x40, 0x05, 0x1f, 0xbb, 0xbb, 0xf3, 0x39, 0x30, 0x00, 0x00, 0xf0,
    0x00, 0x08, 0x22, 0x00, 0x00, 0x00, 0x00, 0x00, 0x00, 0x00, 0x00, 0x03, 0x00, 0x00, 0x00, 0x00,
    0x00, 0x00, 0x00, 0x25, 0x00, 0x02, 0xfb, 0xbb, 0xbd, 0x30, 0x00, 0x43, 0x00, 0x03, 0x40, 0x00,
    0x03, 0x40, 0x00, 0x70, 0x00, 0x04, 0x24, 0x20, 0x04, 0x30, 0x1b, 0xfb, 0xbf, 0x05, 0x10, 0x73,
    0x04, 0x30, 0x00, 0x70, 0x0e, 0x06, 0x00, 0x07, 0x15, 0x20, 0x01, 0x60, 0x2c, 0x06, 0x00, 0x00,
    0x06, 0x20, 0x04, 0x30, 0x59, 0x6f, 0xbb, 0xbb, 0xbf, 0xc3, 0x07, 0x00, 0x86, 0x06, 0x05, 0x00,
    0x07, 0x00, 0x06, 0x40, 0xc2, 0x06, 0x02, 0x80, 0x08, 0x00, 0x00, 0x49, 0xc0, 0x06, 0x00, 0x28,
    0x08, 0x00, 0x00, 0x0b, 0xd0, 0x06, 0x00, 0x01, 0x08, 0x00, 0x00, 0x2b, 0x18, 0x2f, 0xbb, 0xbb,
    0xbf, 0xb0, 0x01, 0xb1, 0x02, 0x10, 0x00, 0x00, 0x28, 0x00, 0x19, 0x10, 0x00, 0x00, 0x00, 0x9b,
    0xc2, 0x00, 0x00, 0x02, 0x00, 0x00, 0x00, 0x30, 0x00, 0x00, 0x00, 0x25, 0x00, 0x00, 0x03, 0x50,
    0x00, 0x00, 0x00, 0x42, 0x00, 0x00, 0x08, 0x00, 0x00, 0x00, 0x00, 0x70, 0x00, 0x00, 0x54, 0x02,
    0x50, 0x00, 0x6b, 0xfb, 0xbf, 0x01, 0x70, 0x00, 0x53, 0x00, 0x00, 0x70, 0x07, 0x08, 0x10, 0x00,
    0x08, 0x10, 0x03, 0x40, 0x07, 0x9d, 0xbc, 0xcb, 0xbb, 0xa0, 0x06, 0x10, 0x15, 0x22, 0x10, 0x00,
    0x00, 0x50, 0x07, 0x00, 0x52, 0x00, 0x00, 0x00, 0x00, 0x00, 0x08, 0x10, 0x70, 0x0f, 0xbb, 0xbb,
    0xbe, 0x30, 0x00, 0x75, 0x70, 0x0f, 0x00, 0x00, 0x0b, 0x30, 0x00, 0x0a, 0x90, 0x0f, 0x00, 0x00,
    0x0b, 0x30, 0x00, 0x17, 0x28, 0x0f, 0x00, 0x00, 0x0b, 0x30, 0x01, 0x80, 0x02, 0x2f, 0x00, 0x00,
    0x0b, 0x30, 0x28, 0x10, 0x00, 0x0f, 0xbb, 0xbb, 0xbf, 0x30, 0x10, 0x00, 0x00, 0x01, 0x00, 0x00,
    0x00, 0x00, 0x01, 0x10, 0x00, 0x03, 0x20, 0x00, 0x00, 0x00, 0x01, 0x85, 0x00, 0x08, 0x00, 0x00,
    0x00, 0x00, 0x00, 0x04, 0x70, 0x3f, 0xff, 0xff, 0xff, 0xa0, 0x00, 0x00, 0x21, 0x80, 0x08, 0x10,
    0x06, 0x10, 0x00, 0x00, 0x05, 0x20, 0x09, 0x60, 0x07, 0x00, 0x00, 0x04, 0x70, 0x00, 0x72, 0x72,
    0x00, 0x00, 0x03, 0x73, 0x00, 0x27, 0x30, 0x08, 0x40, 0x00, 0x04, 0x00, 0x17, 0x50, 0x00, 0x00,
    0x47, 0x70, 0x00, 0x00, 0x01, 0x80, 0x00, 0x00, 0x00, 0x00, 0x0b, 0xbb, 0xbf, 0xdb, 0xbb, 0xbe,
    0xbb, 0xa0, 0x00, 0x00, 0x45, 0x00, 0x00, 0x36, 0x00, 0x00, 0x00, 0x04, 0xb1, 0x00, 0x02, 0xa0,
    0x00, 0x00, 0x00, 0x02, 0x36, 0x77, 0xdc, 0x10, 0x00, 0x00, 0x00, 0x00, 0x25, 0x9a, 0x54, 0x77,
    0x61, 0x00, 0x1b, 0xbb, 0x96, 0x20, 0x00, 0x00, 0x27, 0x60, 0x00, 0x00, 0x00, 0x00, 0x00, 0x00,
    0x00, 0x00, 0x00, 0x00, 0x00, 0x20, 0x00, 0x00, 0x00, 0x00, 0x00, 0x00, 0x00, 0x80, 0x00, 0x00,
    0x00, 0x00, 0x00, 0x00, 0x03, 0x50, 0x00, 0x00, 0x00, 0x00, 0x0b, 0xbb, 0xbf, 0xcb, 0xbb, 0xbb,
    0xbb, 0x80, 0x00, 0x00, 0x26, 0x00, 0x00, 0x00, 0x00, 0x00, 0x00, 0x00, 0x80, 0x4b, 0xbb, 0xbb,
    0xbd, 0x00, 0x00, 0x05, 0x40, 0x00, 0x00, 0x00, 0x83, 0x00, 0x00, 0x2f, 0x00, 0x00, 0x00, 0x18,
    0x20, 0x00, 0x02, 0x97, 0x00, 0x00, 0x01, 0x91, 0x00, 0x00, 0x18, 0x17, 0x00, 0x00, 0x01, 0x60,
    0x00, 0x00, 0x00, 0x07, 0x0a, 0xbb, 0xbc, 0xfb, 0xbb, 0xb3, 0x00, 0x07, 0x00, 0x00, 0x01, 0x60,
    0x00, 0x00, 0x00, 0x07, 0x00, 0x00, 0x01, 0x60, 0x00, 0x00, 0x00, 0x07, 0x00, 0x00, 0x01, 0x60,
    0x00, 0x00, 0x00, 0x07, 0x00, 0x0a, 0xbc, 0x40, 0x00, 0x00, 0x00, 0x00, 0x00, 0x50, 0x00, 0x00,
    0x00, 0x00, 0x00, 0x00, 0x44, 0x00, 0x00, 0x00, 0x1b, 0xbb, 0xbb, 0xbf, 0xbb, 0xbb, 0xb5, 0x16,
    0x00, 0x00, 0x00, 0x00, 0x00, 0x16, 0x16, 0x00, 0x00, 0x60, 0x00, 0x00, 0x16, 0x02, 0x00, 0x06,
    0x10, 0x00, 0x00, 0x03, 0x00, 0x00, 0x06, 0x00, 0x00, 0x00, 0x00, 0x6b, 0xbb, 0xfc, 0xbb, 0xbb,
    0xfb, 0xbb, 0x00, 0x02, 0x50, 0x00, 0x04, 0x40, 0x00, 0x00, 0x07, 0x00, 0x00, 0x08, 0x00, 0x00,
    0x00, 0x4a, 0x50, 0x00, 0x63, 0x00, 0x00, 0x00, 0x00, 0x38, 0x88, 0x50, 0x00, 0x00, 0x00, 0x00,
    0x01, 0x7a, 0x95, 0x00, 0x00, 0x00, 0x01, 0x67, 0x10, 0x04, 0x96, 0x00, 0x06, 0x76, 0x10, 0x00,
    0x00, 0x04, 0xa2, 0x01, 0x00, 0x00, 0x00, 0x00, 0x00, 0x00, 0x00, 0x00, 0x00, 0x33, 0x00, 0x00,
    0x00, 0x00, 0x00, 0x00, 0x00, 0x08, 0x00, 0x00, 0x00, 0x00, 0x08, 0xbb, 0xbb, 0xbf, 0xcb, 0xbb,
    0xbb, 0x80, 0x0b, 0x00, 0x00, 0x00, 0x00, 0x00, 0x00, 0xb0, 0x0b, 0x00, 0x00, 0x00, 0x00, 0x00,
    0x00, 0xb0, 0x07, 0x0b, 0xbb, 0xbb, 0xbb, 0xbb, 0x10, 0x70, 0x00, 0x00, 0x00, 0x00, 0x00, 0x00,
    0x00, 0x00, 0x00, 0x00, 0x00, 0x00, 0x00, 0x00, 0x00, 0x00, 0x1f, 0xff, 0xff, 0xff, 0xff, 0xff,
    0xff, 0xf0, 0x00, 0x00, 0x07, 0x00, 0x07, 0x00, 0x00, 0x00, 0x00, 0x00, 0x25, 0x00, 0x07, 0x00,
    0x00, 0x00, 0x00, 0x00, 0x71, 0x00, 0x07, 0x00, 0x00, 0x00, 0x00, 0x03, 0x60, 0x00, 0x07, 0x00,
    0x00, 0x22, 0x01, 0x66, 0x00, 0x00, 0x07, 0x00, 0x00, 0x41, 0x36, 0x10, 0x00, 0x00, 0x0a, 0xbb,
    0xbb, 0xa0, 0x00, 0x00, 0x00, 0x42, 0x00, 0x00, 0x00, 0x00, 0x00, 0x00, 0x00, 0x1b, 0x10, 0x00,
    0x00, 0x00, 0x08, 0xbb, 0xbb, 0xbd, 0xcb, 0xbb, 0xbb, 0x80, 0x0b, 0x00, 0x00, 0x00, 0x00, 0x00,
    0x00, 0xb0, 0x0b, 0x00, 0x00, 0x00, 0x00, 0x00, 0x00, 0xb0, 0x05, 0x7d, 0xdd, 0xdf, 0xdd, 0xdd,
    0xb0, 0x50, 0x00, 0x00, 0x00, 0x0f, 0x00, 0x00, 0x00, 0x00, 0x00, 0x01, 0x00, 0x0f, 0x00, 0x00,
    0x00, 0x00, 0x00, 0x06, 0x00, 0x0f, 0x00, 0x00, 0x00, 0x00, 0x00, 0x06, 0x00, 0x0f, 0xbb, 0xbb,
    0xb2, 0x00, 0x00, 0x48, 0x00, 0x0f, 0x00, 0x00, 0x00, 0x00, 0x00, 0x68, 0x10, 0x0f, 0x00, 0x00,
    0x00, 0x00, 0x00, 0x61, 0xa1, 0x0f, 0x00, 0x00, 0x00, 0x00, 0x05, 0x20, 0x2b, 0x7f, 0x00, 0x00,
    0x00, 0x00, 0x27, 0x00, 0x00, 0x4a, 0xbb, 0xbb, 0xbb, 0xb4, 0x10, 0x00, 0x00, 0x00, 0x00, 0x00,
    0x00, 0x00, 0x00, 0x00, 0x00, 0x03, 0x00, 0x00, 0x00, 0x00, 0x00, 0x00, 0x00, 0x08, 0x00, 0x00,
    0x00, 0x00, 0x08, 0xbb, 0xbb, 0xbe, 0xdb, 0xbb, 0xbb, 0x80, 0x0b, 0x00, 0x00, 0x00, 0x00, 0x00,
    0x00, 0xb0, 0x0a, 0x00, 0x25, 0x00, 0x00, 0x62, 0x00, 0xa0, 0x00, 0x03, 0x70, 0x03, 0x10, 0x06,
    0x60, 0x00, 0x00, 0x66, 0x00, 0x1c, 0x50, 0x00, 0x38, 0x00, 0x06, 0x30, 0x01, 0x80, 0x65, 0x00,
    0x01, 0x50, 0x00, 0x00, 0x38, 0x10, 0x05, 0x70, 0x00, 0x00, 0x00, 0x05, 0x70, 0x00, 0x00, 0x18,
    0x40, 0x00, 0x02, 0x8f, 0xbb, 0xbb, 0xbb, 0xbe, 0x78, 0x40, 0x36, 0x0f, 0x00, 0x00, 0x00, 0x0b,
    0x30, 0x52, 0x00, 0x0f, 0x00, 0x00, 0x00, 0x0b, 0x30, 0x00, 0x00, 0x0f, 0x00, 0x00, 0x00, 0x0b,
    0x30, 0x00, 0x00, 0x0f, 0xbb, 0xbb, 0xbb, 0xbf, 0x30, 0x00, 0x00, 0x00, 0x00, 0x04, 0x00, 0x00,
    0x00, 0x00, 0x00, 0x00, 0x00, 0x09, 0x00, 0x00, 0x00, 0x00, 0x0a, 0xbb, 0xbb, 0xbf, 0xcb, 0xbb,
    0xbb, 0xb0, 0x0b, 0x00, 0x00, 0x60, 0x00, 0x12, 0x00, 0xb0, 0x0b, 0x00, 0x08, 0x28, 0x11, 0x81,
    0x00, 0xb0, 0x04, 0x03, 0x0b, 0x01, 0x88, 0x10, 0x40, 0x40, 0x00, 0x61, 0x0b, 0x06, 0x60, 0x00,
    0x56, 0x00, 0x04, 0x50, 0x0f, 0x72, 0x00, 0x0b, 0x04, 0x60, 0x15, 0x47, 0x7e, 0x00, 0x00, 0x1c,
    0x00, 0x61, 0x28, 0x30, 0x08, 0xbf, 0xbb, 0xb6, 0x00, 0x00, 0x00, 0x13, 0x00, 0x0b, 0x00, 0x00,
    0x13, 0x00, 0x00, 0x24, 0x00, 0x0b, 0x00, 0x00, 0x25, 0x00, 0x00, 0x24, 0x00, 0x0b, 0x00, 0x00,
    0x25, 0x00, 0x00, 0x2c, 0xbb, 0xbf, 0xbb, 0xbb, 0xd8, 0x00, 0x00, 0x03, 0x33, 0x33, 0x33, 0x33,
    0x46, 0x00, 0x00, 0x00, 0x00, 0x00, 0x00, 0x00, 0x20, 0x00, 0x00, 0x00, 0x00, 0x00, 0x00, 0x00,
    0xb0, 0x00, 0x00, 0x00, 0x00, 0x00, 0x00, 0x00, 0xb0, 0x00, 0x2b, 0xbb, 0xbb, 0xf3, 0x00, 0x00,
    0xb0, 0x00, 0x00, 0x00, 0x00, 0xe0, 0x00, 0x00, 0xb0, 0x00, 0x00, 0x00, 0x02, 0xb8, 0xbb, 0xbb,
    0xfb, 0xb1, 0x02, 0x00, 0x05, 0x70, 0x00, 0x00, 0xb0, 0x00, 0x01, 0x81, 0x09, 0x20, 0x20, 0x00,
    0xb0, 0x00, 0x00, 0x08, 0x2a, 0x00, 0x61, 0x00, 0xb0, 0x00, 0x00, 0x00, 0xd6, 0x00, 0x07, 0x00,
    0xb0, 0x00, 0x00, 0x00, 0x98, 0x20, 0x06, 0x10, 0xb0, 0x00, 0x00, 0x06, 0x30, 0x91, 0x00, 0x00,
    0xb0, 0x00, 0x00, 0x36, 0x00, 0x24, 0x00, 0x00, 0xb0, 0x00, 0x02, 0x80, 0x00, 0x00, 0x00, 0x00,
    0xb0, 0x00, 0x37, 0x00, 0x00, 0x00, 0x04, 0xcc, 0xc0, 0x00, 0x00, 0x00, 0x00, 0x00, 0x00, 0x00,
    0x00, 0x00, 0x00, 0x00, 0x40, 0x00, 0x00, 0x20, 0x00, 0x00, 0x00, 0x00, 0xb0, 0x00, 0x07, 0x20,
    0x00, 0x00, 0x00, 0x00, 0xb0, 0x01, 0x7c, 0xbb, 0xbe, 0x80, 0x07, 0x10, 0xb0, 0x47, 0x20, 0x00,
    0x18, 0x00, 0x00, 0x81, 0xb2, 0x20, 0x46, 0x04, 0x70, 0x00, 0x00, 0x13, 0xb0, 0x00, 0x06, 0xa4,
    0x20, 0x00, 0x00, 0x00, 0xb0, 0x36, 0x74, 0x00, 0xb0, 0x00, 0x00, 0x00, 0xc1, 0x41, 0x00, 0x00,
    0xb0, 0x00, 0x00, 0x08, 0xd7, 0xbb, 0xbb, 0xbb, 0xfb, 0xb2, 0x00, 0x72, 0xb0, 0x00, 0x00, 0x00,
    0xb0, 0x00, 0x08, 0x20, 0xb0, 0x18, 0x10, 0x00, 0xb0, 0x00, 0x13, 0x00, 0xb0, 0x01, 0x80, 0x00,
    0xb0, 0x00, 0x00, 0x00, 0xb0, 0x00, 0x24, 0x00, 0xb0, 0x00, 0x00, 0x00, 0xb0, 0x00, 0x00, 0x00,
    0xb0, 0x00, 0x00, 0x00, 0xb0, 0x00, 0x03, 0xbb, 0xc0, 0x00, 0x00, 0x00, 0x00, 0x00, 0x50, 0x00,
    0x00, 0x00, 0x00, 0x00, 0x00, 0x00, 0xb0, 0x00, 0x00, 0x00, 0x00, 0x00, 0x00, 0x00, 0xb0, 0x00,
    0x00, 0x00, 0x00, 0x00, 0x00, 0x00, 0xb0, 0x00, 0x00, 0x00, 0x00, 0x03, 0x20, 0x00, 0xb0, 0x00,
    0x50, 0x00, 0x00, 0x07, 0x10, 0x00, 0xb0, 0x00, 0x44, 0x00, 0x00, 0x08, 0x00, 0x00, 0xb0, 0x00,
    0x08, 0x00, 0x00, 0x25, 0x00, 0x00, 0xb0, 0x00, 0x03, 0x50, 0x00, 0x70, 0x00, 0x00, 0xb0, 0x00,
    0x00, 0x80, 0x02, 0x60, 0x00, 0x00, 0xb0, 0x00, 0x00, 0x44, 0x08, 0x00, 0x00, 0x00, 0xb0, 0x00,
    0x00, 0x08, 0x01, 0x00, 0x00, 0x00, 0xb0, 0x00, 0x00, 0x04, 0x00, 0x00, 0x00, 0x00, 0xb0, 0x00,
    0x00, 0x00, 0x00, 0x00, 0x00, 0x00, 0xb0, 0x00, 0x00, 0x00, 0x00, 0x00, 0x0b, 0xbc, 0x80, 0x00,
    0x00, 0x00, 0x00, 0x00, 0x00, 0x00, 0x00, 0x00, 0x00, 0x00, 0x00, 0x00, 0x00, 0x0b, 0x00, 0x00,
    0x00, 0x00, 0x00, 0x00, 0x00, 0x0b, 0x00, 0x00, 0x00, 0x00, 0x00, 0x02, 0x00, 0x0b, 0x00, 0x01,
    0x10, 0x00, 0x00, 0x08, 0x00, 0x0b, 0x00, 0x01, 0x70, 0x00, 0x00, 0x43, 0x00, 0x0b, 0x00, 0x00,
    0x44, 0x00, 0x00, 0x80, 0x00, 0x0b, 0x00, 0x00, 0x07, 0x10, 0x06, 0x20, 0x00, 0x0b, 0x00, 0x00,
    0x01, 0x70, 0x15, 0x00, 0x00, 0x0b, 0x00, 0x00, 0x00, 0x40, 0x00, 0x00, 0x00, 0x0b, 0x00, 0x01,
    0x50, 0x00, 0x00, 0x00, 0x00, 0x08, 0x00, 0x08, 0x10, 0x00, 0x00, 0x00, 0x00, 0x00, 0x01, 0x82,
    0x00, 0x00, 0x00, 0x00, 0x00, 0x01, 0x77, 0x00, 0x00, 0x00, 0x00, 0x00, 0x03, 0x77, 0x20, 0x00,
    0x00, 0x00, 0x14, 0x68, 0x85, 0x00, 0x00, 0x00, 0x00, 0x00, 0x34, 0x10, 0x00, 0x00, 0x00, 0x00,
    0x00, 0x00, 0x00, 0x00, 0x06, 0x00, 0x00, 0x00, 0x00, 0x00, 0x00, 0x00, 0x52, 0x00, 0x00, 0x00,
    0x00, 0x00, 0x00, 0x00, 0x80, 0x00, 0x00, 0x00, 0x00, 0x00, 0x00, 0x07, 0xfe, 0xee, 0xfe, 0xee,
    0xee, 0xf2, 0x00, 0x27, 0x00, 0x00, 0xb0, 0x00, 0x03, 0x90, 0x00, 0x80, 0x00, 0x00, 0xb0, 0x00,
    0x09, 0x20, 0x08, 0x20, 0x00, 0x00, 0xb0, 0x00, 0x36, 0x00, 0x01, 0x00, 0x51, 0x00, 0xb0, 0x05,
    0x00, 0x00, 0x00, 0x00, 0x70, 0x00, 0xb0, 0x02, 0x60, 0x00, 0x00, 0x07, 0x20, 0x00, 0xb0, 0x00,
    0x53, 0x00, 0x00, 0x44, 0x00, 0x00, 0xb0, 0x00, 0x07, 0x10, 0x04, 0x60, 0x00, 0x00, 0xb0, 0x00,
    0x01, 0x60, 0x02, 0x00, 0x00, 0x00, 0xb0, 0x00, 0x00, 0x20, 0x00, 0x00, 0x00, 0x00, 0xb0, 0x00,
    0x00, 0x00, 0x00, 0x00, 0x09, 0xbc, 0x80, 0x00, 0x00, 0x00, 0x00, 0x00, 0x00, 0x00, 0x00, 0x00,
    0x00, 0x00, 0x00, 0x00, 0x20, 0x00, 0x00, 0x30, 0x00, 0x00, 0x00, 0x00, 0x80, 0x00, 0x00, 0xb1,
    0x10, 0x00, 0x00, 0x00, 0x62, 0x00, 0x00, 0xb0, 0x45, 0x00, 0x0b, 0xbb, 0xcd, 0xbb, 0x30, 0xb0,
    0x07, 0x20, 0x00, 0x00, 0x00, 0x00, 0x11, 0xc1, 0x12, 0x30, 0x00, 0xdb, 0xbb, 0xb8, 0x99, 0xf9,
    0x99, 0x80, 0x00, 0x70, 0x00, 0x07, 0x00, 0xb0, 0x00, 0x00, 0x00, 0x94, 0x44, 0x47, 0x01, 0xa7,
    0x10, 0x00, 0x00, 0xcc, 0xfc, 0xc6, 0x04, 0x77, 0x10, 0x00, 0x00, 0x00, 0x70, 0x10, 0x06, 0x57,
    0x10, 0x00, 0x00, 0x71, 0x70, 0x70, 0x09, 0x17, 0x10, 0x00, 0x00, 0x70, 0x70, 0x34, 0x0a, 0x07,
    0x10, 0x00, 0x06, 0x30, 0x70, 0x04, 0x55, 0x07, 0x10, 0x09, 0x03, 0x00, 0x70, 0x00, 0x90, 0x07,
    0x10, 0x1b, 0x00, 0x0a, 0xc0, 0x07, 0x20, 0x04, 0xcb, 0xc7, 0x00, 0x00, 0x00, 0x01, 0x00, 0x00,
    0x00, 0x00, 0x00, 0x2f, 0xbb, 0xbb, 0xbb, 0xbb, 0xb9, 0x00, 0x03, 0xc0, 0x00, 0x00, 0x00, 0x00,
    0xb0, 0x00, 0x3c, 0x00, 0x00, 0x00, 0x00, 0x0b, 0x00, 0x03, 0xc0, 0x00, 0x00, 0x00, 0x00, 0xb0,
    0x00, 0x3f, 0xbb, 0xbb, 0xbb, 0xbb, 0xb9, 0x00, 0x03, 0xc0, 0x50, 0x00, 0x00, 0x00, 0x00, 0x00,
    0x4b, 0x0b, 0x00, 0x00, 0x00, 0x01, 0x00, 0x05, 0xa0, 0xb0, 0x00, 0x01, 0x68, 0x30, 0x00, 0x68,
    0x0b, 0x00, 0x47, 0x61, 0x00, 0x00, 0x08, 0x60, 0xe6, 0x62, 0x00, 0x00, 0x00, 0x00, 0xb3, 0x0c,
    0x00, 0x00, 0x00, 0x00, 0x30, 0x0c, 0x00, 0xb0, 0x00, 0x00, 0x00, 0x08, 0x04, 0x70, 0x0b, 0x30,
    0x00, 0x00, 0x04, 0x60, 0x91, 0x00, 0x4a, 0xbb, 0xbb, 0xbb, 0x91, 0x03, 0x00, 0x00, 0x00, 0x00,
    0x00, 0x00, 0x00, 0x00, 0x0f, 0xcb, 0xbb, 0xbb, 0xbb, 0xbb, 0x00, 0x00, 0x0f, 0x10, 0x00, 0x00,
    0x00, 0x0b, 0x00, 0x00, 0x0f, 0x10, 0x00, 0x00, 0x00, 0x0b, 0x00, 0x00, 0x0f, 0x10, 0x00, 0x00,
    0x00, 0x0b, 0x00, 0x00, 0x1f, 0xcb, 0xbb, 0xbb, 0xbb, 0xbb, 0x00, 0x00, 0x1f, 0x00, 0x00, 0x00,
    0x00, 0x00, 0x00, 0x00, 0x2f, 0xbb, 0xbb, 0xbb, 0xbb, 0xbb, 0xf5, 0x00, 0x4c, 0x00, 0x00, 0x00,
    0x00, 0x00, 0x54, 0x00, 0x6a, 0x04, 0xfb, 0xbb, 0xbb, 0x00, 0x63, 0x00, 0xa6, 0x04, 0xb0, 0x00,
    0x0b, 0x00, 0x72, 0x00, 0xd1, 0x04, 0xb0, 0x00, 0x0b, 0x00, 0x91, 0x04, 0x80, 0x04, 0xfb, 0xbb,
    0xbb, 0x00, 0xa0, 0x0a, 0x10, 0x04, 0xa0, 0x00, 0x00, 0x00, 0xb0, 0x01, 0x00, 0x00, 0x00, 0x00,
    0x3b, 0xbc, 0x50, 0x00, 0xfc, 0xbb, 0xbb, 0xbb, 0xbb, 0xbb, 0x00, 0x00, 0xf1, 0x00, 0x00, 0x00,
    0x00, 0x0b, 0x00, 0x00, 0xf1, 0x00, 0x00, 0x00, 0x00, 0x0b, 0x00, 0x00, 0xfc, 0xbb, 0xbb, 0xbb,
    0xbb, 0xbc, 0x00, 0x00, 0xf1, 0x05, 0x10, 0x00, 0x02, 0x50, 0x00, 0x00, 0xf1, 0x01, 0x70, 0x00,
    0x09, 0x00, 0x00, 0x00, 0xf9, 0xdd, 0xfd, 0xdd, 0xff, 0xdd, 0x90, 0x01, 0xe0, 0x00, 0xb0, 0x00,
    0x0b, 0x00, 0x00, 0x03, 0xc0, 0x00, 0xb0, 0x00, 0x0b, 0x00, 0x00, 0x05, 0xaa, 0xbb, 0xfb, 0xbb,
    0xbf, 0xbb, 0xb2, 0x08, 0x60, 0x01, 0xb0, 0x00, 0x0b, 0x00, 0x00, 0x0c, 0x10, 0x08, 0x40, 0x00,
    0x0b, 0x00, 0x00, 0x29, 0x00, 0x67, 0x00, 0x00, 0x0b, 0x00, 0x00, 0x71, 0x07, 0x40, 0x00, 0x00,
    0x0b, 0x00, 0x00, 0x00, 0x00, 0x00, 0x30, 0x00, 0x00, 0x00, 0x00, 0x00, 0x0b, 0x00, 0x00, 0x00,
    0x00, 0x00, 0x00, 0xb0, 0x00, 0x00, 0x03, 0x00, 0x00, 0x0b, 0x00, 0x00, 0x31, 0xb0, 0x00, 0x00,
    0xb0, 0x00, 0x0b, 0x2b, 0x00, 0x00, 0x0b, 0x00, 0x00, 0xb2, 0xb0, 0x00, 0x00, 0xb0, 0x00, 0x0b,
    0x2b, 0x00, 0x00, 0x0b, 0x00, 0x00, 0xb2, 0xb0, 0x00, 0x00, 0xb0, 0x00, 0x0b, 0x2b, 0x00, 0x00,
    0x0b, 0x00, 0x00, 0xb2, 0xb0, 0x00, 0x00, 0xb0, 0x00, 0x0b, 0x2b, 0x00, 0x00, 0x0b, 0x00, 0x00,
    0xb2, 0xb0, 0x00, 0x00, 0xb0, 0x00, 0x0b, 0x2f, 0xdd, 0xdd, 0xdf, 0xdd, 0xdd, 0xf2, 0x00, 0x00,
    0x00, 0x00, 0x00, 0x0c, 0x20, 0x00, 0x00, 0x04, 0x00, 0x00, 0x00, 0x00, 0x00, 0x00, 0x80, 0x00,
    0x00, 0x00, 0x07, 0xbb, 0xee, 0xbb, 0xbb, 0x90, 0x00, 0x70, 0x00, 0x00, 0x00, 0x16, 0x00, 0x07,
    0x03, 0x74, 0x00, 0x04, 0x40, 0x00, 0x70, 0x00, 0x47, 0x00, 0x82, 0x00, 0x07, 0x00, 0x00, 0x06,
    0xbc, 0x00, 0x00, 0x70, 0x00, 0x00, 0x00, 0x00, 0x00, 0x07, 0xbb, 0xfb, 0xbb, 0xbb, 0xbf, 0x4a,
    0x00, 0x0b, 0x00, 0x0e, 0x00, 0xc3, 0xb0, 0x00, 0xb0, 0x00, 0xf0, 0x0d, 0x2b, 0x00, 0x0b, 0x00,
    0x0f, 0x00, 0xe1, 0xeb, 0xbb, 0xfb, 0xbb, 0xf0, 0x1e, 0x04, 0x44, 0x44, 0x44, 0x4f, 0x04, 0xc0,
    0x00, 0x00, 0x00, 0x00, 0x5b, 0xd7, 0x00, 0x00, 0x00, 0x00, 0x00, 0x00, 0x00, 0x00, 0x20, 0x00,
    0x01, 0x30, 0x00, 0x00, 0x20, 0x0c, 0x00, 0x00, 0x24, 0x00, 0x00, 0x0b, 0x00, 0xc0, 0x00, 0x02,
    0x40, 0x00, 0x00, 0xb0, 0x0e, 0xbb, 0xbb, 0xdf, 0xbb, 0xbb, 0xbb, 0x00, 0x44, 0x44, 0x44, 0x44,
    0x44, 0x44, 0x30, 0x0f, 0xbb, 0xbf, 0x22, 0xfb, 0xbb, 0xbc, 0x00, 0xc0, 0x00, 0xb3, 0x3d, 0x00,
    0x00, 0xb0, 0x0c, 0x00, 0x0b, 0x33, 0xd0, 0x00, 0x0b, 0x00, 0xfb, 0xbb, 0xf3, 0x3f, 0xbb, 0xbb,
    0xf0, 0x1c, 0x00, 0x0b, 0x33, 0xd0, 0x00, 0x0b, 0x01, 0xb0, 0x00, 0xb3, 0x3c, 0x00, 0x00, 0xb0,
    0x3f, 0xbb, 0xbf, 0x35, 0xfb, 0xbb, 0xbf, 0x06, 0x50, 0x00, 0xb3, 0x77, 0x00, 0x00, 0xb0, 0x90,
    0x00, 0x0b, 0x3a, 0x10, 0x00, 0x0b, 0x35, 0x00, 0x6b, 0xd4, 0x70, 0x01, 0xbb, 0x90, 0x00, 0x00,
    0x00, 0x00, 0x00, 0x00, 0x00, 0x00, 0x00, 0x00, 0x05, 0x00, 0x00, 0x00, 0x00, 0x00, 0xa0, 0x00,
    0x0b, 0x00, 0x00, 0x0a, 0x00, 0x00, 0xb0, 0x00, 0x0b, 0x00, 0x00, 0x0b, 0x00, 0x00, 0xff, 0xff,
    0xff, 0xff, 0xff, 0xff, 0x00, 0x00, 0x00, 0x00, 0x00, 0x0b, 0x03, 0x80, 0x00, 0x00, 0xfb, 0xbb,
    0xbb, 0xbf, 0xcb, 0xbb, 0xb1, 0x00, 0xb0, 0x00, 0x00, 0x08, 0x20, 0x00, 0x00, 0x00, 0xb6, 0xbe,
    0xdb, 0x97, 0x40, 0x25, 0x00, 0x00, 0xb0, 0x07, 0x00, 0x04, 0x60, 0x71, 0x00, 0x00, 0xb8, 0xdf,
    0xbb, 0xa1, 0xa0, 0x70, 0x00, 0x01, 0xa0, 0x70, 0x05, 0x20, 0xb6, 0x20, 0x00, 0x03, 0x84, 0xa6,
    0x36, 0x00, 0x9b, 0x00, 0x00, 0x06, 0x50, 0x05, 0xd7, 0x10, 0xab, 0x00, 0x31, 0x09, 0x03, 0x74,
    0x01, 0x48, 0x27, 0x70, 0x70, 0x25, 0x14, 0x00, 0x00, 0x81, 0x00, 0x8c, 0x80, 0x0a, 0xee, 0xee,
    0xef, 0xee, 0xee, 0xee, 0x20, 0x00, 0x00, 0x00, 0xb0, 0x00, 0x00, 0x00, 0x00, 0x00, 0x00, 0x0b,
    0x00, 0x00, 0x00, 0x00, 0x00, 0x00, 0x00, 0xb0, 0x00, 0x00, 0x00, 0x00, 0x00, 0x00, 0x0b, 0x00,
    0x00, 0x00, 0x00, 0x00, 0x00, 0x00, 0xb0, 0x00, 0x00, 0x00, 0x00, 0x00, 0x00, 0x0b, 0x00, 0x00,
    0x00, 0x00, 0x00, 0x00, 0x00, 0xb0, 0x00, 0x00, 0x00, 0x00, 0x00, 0x00, 0x0b, 0x00, 0x00, 0x00,
    0x00, 0x00, 0x00, 0x00, 0xb0, 0x00, 0x00, 0x00, 0x00, 0x00, 0x00, 0x0b, 0x00, 0x00, 0x00, 0x08,
    0xee, 0xee, 0xee, 0xfe, 0xee, 0xee, 0xec, 0x01, 0x11, 0x11, 0x11, 0x11, 0x11, 0x11, 0x10, 0x00,
    0x00, 0x00, 0x20, 0x00, 0x00, 0x00, 0x00, 0x00, 0x00, 0x00, 0x70, 0x00, 0x00, 0x00, 0x00, 0x00,
    0x00, 0x02, 0x50, 0x00, 0x00, 0x00, 0x00, 0x00, 0x00, 0x05, 0x20, 0x00, 0x00, 0x00, 0x00, 0x0b,
    0xbb, 0xbf, 0xbb, 0xbb, 0xbb, 0xbb, 0x50, 0x00, 0x00, 0x07, 0x00, 0x00, 0x00, 0x00, 0x00, 0x00,
    0x00, 0x34, 0x00, 0x00, 0x00, 0x00, 0x00, 0x00, 0x00, 0x72, 0x22, 0x22, 0x22, 0x22, 0x00, 0x00,
    0x00, 0x7a, 0xbb, 0xbf, 0xbb, 0xbb, 0x20, 0x00, 0x06, 0x20, 0x00, 0x07, 0x00, 0x00, 0x00, 0x00,
    0x17, 0x00, 0x00, 0x07, 0x00, 0x00, 0x00, 0x00, 0x71, 0x00, 0x00, 0x07, 0x00, 0x00, 0x00, 0x05,
    0x40, 0x00, 0x00, 0x07, 0x00, 0x00, 0x00, 0x26, 0x00, 0x00, 0x00, 0x07, 0x00, 0x00, 0x00, 0x00,
    0x07, 0xdd, 0xdd, 0xdf, 0xdd, 0xdd, 0xd0, 0xbb, 0xbb, 0xbb, 0xbb, 0xbb, 0xbf, 0x00, 0x00, 0x00,
    0x00, 0x00, 0x00, 0x0f, 0x00, 0x0d, 0x00, 0x00, 0x00, 0x00, 0x0f, 0x00, 0x0e, 0x00, 0x00, 0x00,
    0x00, 0x0f, 0x00, 0x0e, 0x00, 0x00, 0x00, 0x00, 0x0f, 0x00, 0x0f, 0xbb, 0xbb, 0xbb, 0xbb, 0xbf,
    0x00, 0x0e, 0x00, 0x00, 0x00, 0x00, 0x0b, 0x00, 0x0e, 0x00, 0x00, 0x00, 0x00, 0x00, 0x00, 0x0e,
    0x00, 0x00, 0x00, 0x00, 0x00, 0x00, 0x0e, 0x00, 0x00, 0x00, 0x00, 0x00, 0x07, 0x0e, 0x00, 0x00,
    0x00, 0x00, 0x00, 0x08, 0x0d, 0x20, 0x00, 0x00, 0x00, 0x00, 0x38, 0x06, 0xcc, 0xbb, 0xbb, 0xbb,
    0xbb, 0xa1, 0x07, 0x44, 0x44, 0x44, 0x44, 0x44, 0x40, 0x00, 0xfb, 0xbb, 0xbf, 0xbb, 0xbb, 0xbe,
    0x00, 0x0f, 0x00, 0x00, 0xb0, 0x00, 0x00, 0xe0, 0x00, 0xf0, 0x00, 0x0b, 0x00, 0x00, 0x0e, 0x00,
    0x0f, 0x00, 0x00, 0xb0, 0x00, 0x00, 0xe0, 0x00, 0xf0, 0x00, 0x0b, 0x00, 0x00, 0x0e, 0x00, 0x0f,
    0xbb, 0xbb, 0xfb, 0xbb, 0xbb, 0xf0, 0x00, 0xf3, 0x33, 0x33, 0x33, 0x33, 0x3f, 0x00, 0x0f, 0x00,
    0x00, 0x00, 0x00, 0x00, 0x00, 0x00, 0xf0, 0x00, 0x00, 0x00, 0x00, 0x00, 0x00, 0x0f, 0x00, 0x00,
    0x00, 0x00, 0x00, 0x03, 0x10, 0xf0, 0x00, 0x00, 0x00, 0x00, 0x00, 0x71, 0x0e, 0x30, 0x00, 0x00,
    0x00, 0x00, 0x09, 0x00, 0x6c, 0xcb, 0xbb, 0xbb, 0xbb, 0xbb, 0x40, 0x00, 0x00, 0x00, 0x31, 0x00,
    0x00, 0x00, 0x00, 0x00, 0x00, 0x01, 0x80, 0x00, 0x00, 0x00, 0x00, 0x00, 0x00, 0x04, 0x30, 0x00,
    0x00, 0x07, 0xdd, 0xdd, 0xdd, 0xfd, 0xdd, 0xdd, 0xdc, 0x00, 0x00, 0x00, 0x0b, 0x00, 0x00, 0x00,
    0x00, 0x00, 0x00, 0x00, 0xb0, 0x00, 0x00, 0x00, 0x00, 0xab, 0xbb, 0xbf, 0xbb, 0xbb, 0xf3, 0x00,
    0x0b, 0x00, 0x00, 0xb0, 0x00, 0x0b, 0x40, 0x00, 0xb0, 0x00, 0x0b, 0x00, 0x00, 0xb4, 0x00, 0x0b,
    0x00, 0x00, 0xb0, 0x00, 0x0b, 0x40, 0x00, 0xb0, 0x00, 0x0b, 0x00, 0x00, 0xb4, 0x00, 0x0b, 0x00,
    0x00, 0xb0, 0x00, 0x0b, 0x40, 0x00, 0xb0, 0x00, 0x0b, 0x04, 0xbb, 0xd2, 0x00, 0x02, 0x00, 0x00,
    0xb0, 0x00, 0x00, 0x00, 0x00, 0x00, 0x00, 0x0b, 0x00, 0x00, 0x00, 0x00, 0x00, 0x00, 0x00, 0x11,
    0x00, 0x00, 0x00, 0x00, 0x00, 0x00, 0x07, 0x10, 0x00, 0x00, 0x00, 0x00, 0x00, 0x00, 0x80, 0x00,
    0x00, 0x00, 0x00, 0x9b, 0xbb, 0xfe, 0xbb, 0xbb, 0xbb, 0xbb, 0x00, 0x00, 0x08, 0x00, 0x20, 0x00,
    0x00, 0x00, 0x00, 0x06, 0x30, 0x07, 0x00, 0x00, 0x00, 0x00, 0x02, 0x70, 0x00, 0x70, 0x00, 0x00,
    0x00, 0x01, 0xcc, 0xbb, 0xbf, 0xbb, 0xbb, 0xe0, 0x01, 0x95, 0x30, 0x00, 0x70, 0x00, 0x07, 0x01,
    0x91, 0x43, 0x00, 0x07, 0x00, 0x00, 0x70, 0x00, 0x04, 0x30, 0x00, 0x70, 0x00, 0x07, 0x00, 0x00,
    0x43, 0x00, 0x07, 0x00, 0x00, 0x70, 0x00, 0x04, 0x30, 0x00, 0x70, 0x00, 0x08, 0x00, 0x00, 0x22,
    0x00, 0x07, 0x04, 0xbb, 0x80, 0x00, 0x00, 0x00, 0x00, 0x70, 0x00, 0x00, 0x00, 0x00, 0x10, 0x00,
    0x00, 0x00, 0x00, 0x00, 0x00, 0xb0, 0x00, 0x00, 0x03, 0x40, 0x00, 0x00, 0xb0, 0x00, 0x00, 0x06,
    0x00, 0x00, 0x00, 0xb0, 0x00, 0x13, 0x3a, 0x33, 0x31, 0xcb, 0xfb, 0xbf, 0x3d, 0x78, 0x77, 0xd4,
    0xb0, 0xb0, 0x0e, 0x3b, 0x00, 0x00, 0xb4, 0xb0, 0xb0, 0x0e, 0x3b, 0x00, 0x00, 0xb4, 0xb0, 0xb0,
    0x0e, 0x3b, 0x00, 0x00, 0xb4, 0xb0, 0xb0, 0x0e, 0x3f, 0xbb, 0xbb, 0xf4, 0xb0, 0xb0, 0x0e, 0x3b,
    0x00, 0x00, 0xb4, 0xb0, 0xb0, 0x0e, 0x3b, 0x00, 0x00, 0xb4, 0xb0, 0xb3, 0xcb, 0x3b, 0x00, 0x00,
    0xb4, 0x40, 0xb0, 0x00, 0x3b, 0x00, 0x00, 0xb4, 0x00, 0xb0, 0x00, 0x3f, 0xbb, 0xbb, 0xf4, 0x00,
    0xb0, 0x00, 0x3b, 0x00, 0x00, 0xb4, 0x00, 0x50, 0x00, 0x00, 0x04, 0x00, 0x00, 0x00, 0xb0, 0x00,
    0x00, 0x0a, 0x00, 0x00, 0x00, 0xb0, 0x00, 0x00, 0x0f, 0xbb, 0xbb, 0x00, 0xb0, 0x00, 0x00, 0x0a,
    0x00, 0x00, 0xa8, 0xf8, 0x8f, 0x0b, 0xbf, 0xbb, 0xb0, 0xb0, 0xb0, 0x0f, 0x0d, 0x77, 0x77, 0xd0,
    0xb0, 0xb0, 0x0f, 0x0b, 0x02, 0x00, 0xb0, 0xb0, 0xb0, 0x0f, 0x0b, 0x0a, 0x00, 0xb0, 0xb0, 0xb0,
    0x0f, 0x0b, 0x0a, 0x00, 0xb0, 0xb0, 0xb0, 0x0f, 0x0b, 0x0a, 0x00, 0xb0, 0xb0, 0xb0, 0x0f, 0x0b,
    0x0a, 0x00, 0xb0, 0xa0, 0xb2, 0xcc, 0x0b, 0x1a, 0x00, 0xb0, 0x00, 0xb0, 0x00, 0x04, 0x64, 0x41,
    0x40, 0x00, 0xb0, 0x00, 0x04, 0x70, 0x06, 0x50, 0x00, 0xb0, 0x00, 0x74, 0x00, 0x00, 0x37, 0x02,
    0x00, 0x00, 0x07, 0x00, 0x11, 0x00, 0x01, 0x80, 0x00, 0x0b, 0x00, 0x61, 0x00, 0x00, 0x44, 0x00,
    0x0b, 0x01, 0x40, 0x00, 0xad, 0xdd, 0xdd, 0xdf, 0xdd, 0xdd, 0xda, 0xb4, 0x44, 0x44, 0x44, 0x44,
    0x44, 0x4b, 0xb0, 0x8b, 0xbb, 0xbb, 0xbb, 0xb0, 0x0b, 0x90, 0xb0, 0x00, 0x00, 0x00, 0xb0, 0x09,
    0x00, 0xb4, 0x44, 0x44, 0x44, 0xc0, 0x00, 0x00, 0x9c, 0xcc, 0xcf, 0xcc, 0xc0, 0x00, 0x00, 0x00,
    0x00, 0x0b, 0x00, 0x00, 0x00, 0x08, 0xbb, 0xbb, 0xbf, 0xbb, 0xbf, 0x30, 0x05, 0x00, 0x00, 0x0b,
    0x00, 0x0b, 0x30, 0x05, 0x00, 0x00, 0x0b, 0x00, 0x0b, 0x30, 0x05, 0x00, 0x00, 0x0b, 0x00, 0x0b,
    0x30, 0x04, 0x00, 0x00, 0x0b, 0x08, 0xba, 0x10, 0x00, 0x00, 0x03, 0x00, 0x00, 0x30, 0x00, 0x00,
    0x00, 0x00, 0x0b, 0x00, 0x00, 0xb0, 0x00, 0x00, 0x0a, 0xbb, 0xbf, 0xbb, 0xbb, 0xfb, 0xbb, 0xb0,
    0x00, 0x00, 0x08, 0x00, 0x00, 0x80, 0x00, 0x00, 0x00, 0x0e, 0xbb, 0xbb, 0xbb, 0xbb, 0xb7, 0x00,
    0x00, 0x0e, 0xbb, 0xbb, 0xbb, 0xbb, 0xb7, 0x00, 0x00, 0x0b, 0x00, 0x00, 0x00, 0x00, 0x06, 0x00,
    0x00, 0x0e, 0xbb, 0xcb, 0xbb, 0xbb, 0xb7, 0x00, 0x02, 0x33, 0x35, 0x93, 0x33, 0x33, 0x33, 0x32,
    0x0b, 0xee, 0xff, 0xee, 0xfe, 0xff, 0xee, 0xe9, 0x00, 0x03, 0x70, 0x00, 0xb0, 0x02, 0x81, 0x00,
    0x01, 0x7c, 0xbb, 0xbb, 0xfb, 0xbb, 0xfa, 0x71, 0x06, 0x17, 0x00, 0x00, 0xb0, 0x00, 0xd2, 0x26,
    0x00, 0x07, 0x00, 0x00, 0xb0, 0x00, 0xd2, 0x00, 0x00, 0x07, 0x00, 0x00, 0xb0, 0x8b, 0xa1, 0x00,
    0x01, 0x22, 0x22, 0x22, 0x22, 0x22, 0x22, 0x00, 0x8b, 0xbb, 0xbb, 0xfb, 0xbb, 0xbb, 0xb2, 0x00,
    0x00, 0x00, 0x0b, 0x00, 0x00, 0x00, 0x00, 0x00, 0x00, 0x00, 0xb0, 0x00, 0x00, 0x00, 0x00, 0x00,
    0x00, 0x0b, 0x00, 0x00, 0x00, 0x00, 0x00, 0x00, 0x00, 0xb0, 0x00, 0x00, 0x00, 0x6b, 0xbb, 0xbb,
    0xbf, 0xbb, 0xbb, 0xbb, 0xa0, 0x00, 0x00, 0x00, 0xb0, 0x00, 0x00, 0x00, 0x00, 0x00, 0x00, 0x0b,
    0x00, 0x00, 0x00, 0x00, 0x00, 0x00, 0x00, 0xb0, 0x00, 0x00, 0x00, 0x00, 0x00, 0x00, 0x0b, 0x00,
    0x00, 0x00, 0x00, 0x00, 0x00, 0x00, 0xb0, 0x00, 0x00, 0x00, 0x00, 0x00, 0x00, 0x0b, 0x00, 0x00,
    0x00, 0x00, 0x00, 0x00, 0x00, 0xb0, 0x00, 0x00, 0x00, 0x01, 0x22, 0x22, 0x22, 0x22, 0x22, 0x22,
    0x00, 0x8b, 0xbb, 0xbb, 0xfb, 0xbb, 0xbb, 0xb0, 0x00, 0x20, 0x00, 0x0b, 0x00, 0x00, 0x30, 0x00,
    0x01, 0x60, 0x00, 0xb0, 0x00, 0x35, 0x00, 0x00, 0x06, 0x10, 0x0b, 0x00, 0x08, 0x00, 0x00, 0x00,
    0x17, 0x00, 0xb0, 0x05, 0x30, 0x00, 0x00, 0x00, 0x10, 0x0b, 0x00, 0x20, 0x00, 0x06, 0xbb, 0xbb,
    0xbb, 0xfb, 0xbb, 0xbb, 0xba, 0x00, 0x00, 0x00, 0x0b, 0x00, 0x00, 0x00, 0x00, 0x00, 0x00, 0x00,
    0xb0, 0x00, 0x00, 0x00, 0x00, 0x00, 0x00, 0x0b, 0x00, 0x00, 0x00, 0x00, 0x00, 0x00, 0x00, 0xb0,
    0x00, 0x00, 0x00, 0x00, 0x00, 0x00, 0x0b, 0x00, 0x00, 0x00, 0x00, 0x00, 0x00, 0x00, 0xb0, 0x00,
    0x00, 0x00, 0x00, 0x00, 0x21, 0x00, 0x00, 0x00, 0x00, 0x00, 0x00, 0x00, 0x80, 0x00, 0x00, 0x00,
    0x00, 0x00, 0x00, 0x04, 0x84, 0x44, 0x44, 0x44, 0x44, 0x20, 0x00, 0x0b, 0xbb, 0xbb, 0xfb, 0xbb,
    0xbb, 0x50, 0x00, 0x72, 0x00, 0x00, 0xb0, 0x00, 0x00, 0x00, 0x06, 0x50, 0x00, 0x00, 0xb0, 0x00,
    0x00, 0x00, 0x25, 0x0a, 0xbb, 0xbb, 0xfb, 0xbb, 0xbb, 0x10, 0x00, 0x0b, 0x00, 0x00, 0xb0, 0x00,
    0x00, 0x00, 0x00, 0x0b, 0x00, 0x00, 0xb0, 0x00, 0x00, 0x00, 0x00, 0x0b, 0x00, 0x00, 0xb0, 0x00,
    0x00, 0x00, 0x6b, 0xbf, 0xbb, 0xbb, 0xfb, 0xbb, 0xbb, 0xb1, 0x23, 0x33, 0x33, 0x33, 0xf3, 0x33,
    0x33, 0x30, 0x00, 0x00, 0x00, 0x00, 0xb0, 0x00, 0x00, 0x00, 0x00, 0x00, 0x00, 0x00, 0xb0, 0x00,
    0x00, 0x00, 0x00, 0x00, 0x00, 0x00, 0xb0, 0x00, 0x00, 0x00, 0x00, 0x02, 0x00, 0x00, 0x00, 0x04,
    0x00, 0x00, 0x00, 0x72, 0x00, 0x00, 0x05, 0x50, 0x00, 0x00, 0x00, 0x80, 0x00, 0x00, 0x90, 0x00,
    0x00, 0x11, 0x14, 0x31, 0x11, 0x84, 0x11, 0x10, 0x3c, 0xcc, 0xfc, 0xcc, 0xce, 0xfc, 0xcc, 0x10,
    0x00, 0x0b, 0x00, 0x00, 0x0b, 0x00, 0x00, 0x00, 0x00, 0xb0, 0x00, 0x00, 0xb0, 0x00, 0x00, 0x00,
    0x0b, 0x00, 0x00, 0x0b, 0x00, 0x00, 0xbb, 0xbc, 0xfb, 0xbb, 0xbb, 0xfb, 0xbb, 0x70, 0x00, 0x2a,
    0x00, 0x00, 0x0b, 0x00, 0x00, 0x00, 0x04, 0x70, 0x00, 0x00, 0xb0, 0x00, 0x00, 0x00, 0x92, 0x00,
    0x00, 0x0b, 0x00, 0x00, 0x00, 0x39, 0x00, 0x00, 0x00, 0xb0, 0x00, 0x00, 0x39, 0x00, 0x00, 0x00,
    0x0b, 0x00, 0x00, 0x66, 0x00, 0x00, 0x00, 0x00, 0xb0, 0x00, 0x00, 0x00, 0x00, 0x00, 0x00, 0x00,
    0x00, 0x00, 0x00, 0x00, 0x00, 0x00, 0x20, 0x00, 0x00, 0x00, 0x00, 0x00, 0x00, 0x00, 0x80, 0x00,
    0x00, 0x00, 0x00, 0x00, 0x00, 0x00, 0x32, 0x00, 0x00, 0x00, 0x00, 0xfc, 0xbb, 0xbb, 0xbb, 0xbb,
    0xbb, 0xb2, 0x00, 0xf1, 0x00, 0x00, 0x00, 0x00, 0x00, 0x00, 0x00, 0xf1, 0x00, 0x00, 0x00, 0x00,
    0x00, 0x00, 0x00, 0xf1, 0x00, 0x00, 0x00, 0x00, 0x00, 0x00, 0x00, 0xf1, 0x00, 0x00, 0x00, 0x00,
    0x00, 0x00, 0x00, 0xf0, 0x00, 0x00, 0x00, 0x00, 0x00, 0x00, 0x01, 0xf0, 0x00, 0x00, 0x00, 0x00,
    0x00, 0x00, 0x03, 0xd0, 0x00, 0x00, 0x00, 0x00, 0x00, 0x00, 0x05, 0xa0, 0x00, 0x00, 0x00, 0x00,
    0x00, 0x00, 0x08, 0x50, 0x00, 0x00, 0x00, 0x00, 0x00, 0x00, 0x0c, 0x10, 0x00, 0x00, 0x00, 0x00,
    0x00, 0x00, 0x56, 0x00, 0x00, 0x00, 0x00, 0x00, 0x00, 0x00, 0x20, 0x00, 0x00, 0x00, 0x00, 0x00,
    0x00, 0x00, 0x00, 0x00, 0x00, 0x00, 0x40, 0x00, 0x00, 0x00, 0x00, 0x00, 0x00, 0x00, 0x81, 0x00,
    0x00, 0x00, 0x02, 0xfb, 0xbb, 0xbb, 0xee, 0xbb, 0xbb, 0xb5, 0x03, 0xd0, 0x00, 0x00, 0x00, 0x00,
    0x00, 0x00, 0x03, 0xd0, 0x5b, 0xbb, 0xbb, 0xbb, 0xf2, 0x00, 0x03, 0xd0, 0x00, 0x20, 0x00, 0x06,
    0x50, 0x00, 0x03, 0xd0, 0x00, 0x47, 0x54, 0x72, 0x00, 0x00, 0x03, 0xd0, 0x00, 0x00, 0x3b, 0x50,
    0x00, 0x00, 0x04, 0xc9, 0xee, 0xee, 0xef, 0xfe, 0xee, 0xf1, 0x05, 0xb0, 0x00, 0x00, 0x07, 0x00,
    0x06, 0x40, 0x06, 0x90, 0x00, 0x00, 0x07, 0x00, 0x55, 0x00, 0x09, 0x50, 0x00, 0x00, 0x07, 0x01,
    0x40, 0x00, 0x0c, 0x10, 0x00, 0x00, 0x07, 0x00, 0x00, 0x00, 0x29, 0x00, 0x00, 0x00, 0x07, 0x00,
    0x00, 0x00, 0x62, 0x00, 0x00, 0xbb, 0xb5, 0x00, 0x00, 0x00, 0x00, 0x00, 0x00, 0x01, 0x10, 0x00,
    0x00, 0x00, 0x00, 0x00, 0x00, 0x00, 0x80, 0x00, 0x00, 0x00, 0x02, 0xfb, 0xbb, 0xbb, 0xfd, 0xbb,
    0xbb, 0xb5, 0x03, 0xd0, 0x00, 0x00, 0x20, 0x00, 0x00, 0x00, 0x03, 0xd0, 0x00, 0x04, 0x30, 0x00,
    0x00, 0x00, 0x03, 0xd0, 0xbb, 0xbf, 0xbb, 0xbb, 0xbb, 0x40, 0x03, 0xd0, 0x00, 0x34, 0x00, 0x00,
    0x00, 0x00, 0x03, 0xc0, 0x00, 0x70, 0x03, 0x40, 0x00, 0x00, 0x04, 0xc0, 0x06, 0x20, 0x03, 0x40,
    0x00, 0x00, 0x05, 0xb0, 0x0c, 0xbb, 0xbf, 0xfb, 0xbb, 0x20, 0x06, 0x90, 0x00, 0x00, 0x03, 0x40,
    0x00, 0x00, 0x08, 0x65, 0xbb, 0xbb, 0xbf, 0xfb, 0xbb, 0xb2, 0x0b, 0x10, 0x00, 0x00, 0x03, 0x40,
    0x00, 0x00, 0x2b, 0x00, 0x00, 0x00, 0x03, 0x40, 0x00, 0x00, 0x73, 0x00, 0x00, 0x00, 0x03, 0x40,
    0x00, 0x00, 0x00, 0x00, 0x00, 0x00, 0x00, 0x00, 0x00, 0x00, 0x00, 0x00, 0x00, 0x00, 0x20, 0x00,
    0x00, 0x00, 0x00, 0x00, 0x00, 0x00, 0x80, 0x00, 0x00, 0x00, 0x00, 0x00, 0x00, 0x00, 0x24, 0x00,
    0x00, 0x00, 0x02, 0xfb, 0xbb, 0xbb, 0xbb, 0xbb, 0xbb, 0xb2, 0x02, 0xd0, 0x00, 0x00, 0x00, 0x00,
    0x00, 0x00, 0x02, 0xd0, 0x00, 0x00, 0x30, 0x00, 0x03, 0x10, 0x02, 0xd0, 0x41, 0x00, 0x61, 0x00,
    0x07, 0x00, 0x02, 0xd0, 0x16, 0x00, 0x25, 0x00, 0x07, 0x00, 0x03, 0xd0, 0x08, 0x00, 0x07, 0x00,
    0x34, 0x00, 0x03, 0xc0, 0x05, 0x30, 0x07, 0x00, 0x70, 0x00, 0x04, 0xa0, 0x01, 0x70, 0x06, 0x11,
    0x60, 0x00, 0x06, 0x80, 0x00, 0x60, 0x00, 0x05, 0x10, 0x00, 0x09, 0x40, 0x00, 0x00, 0x00, 0x06,
    0x00, 0x00, 0x0b, 0x00, 0x00, 0x00, 0x00, 0x61, 0x00, 0x00, 0x38, 0x06, 0xbb, 0xbb, 0xbb, 0xdb,
    0xbb, 0xb5, 0x41, 0x00, 0x00, 0x00, 0x00, 0x00, 0x00, 0x00, 0x00, 0x00, 0x00, 0x01, 0x30, 0x00,
    0x00, 0x00, 0x00, 0x00, 0x00, 0x00, 0x80, 0x00, 0x00, 0x00, 0x00, 0xfb, 0xbb, 0xbb, 0xfc, 0xbb,
    0xbb, 0xb4, 0x00, 0xf0, 0x00, 0x80, 0x00, 0x08, 0x00, 0x00, 0x00, 0xf0, 0x00, 0xb0, 0x00, 0x0b,
    0x00, 0x00, 0x00, 0xfb, 0xbb, 0xfb, 0xbb, 0xbf, 0xbb, 0xa0, 0x00, 0xf0, 0x00, 0xb0, 0x00, 0x0b,
    0x00, 0x00, 0x01, 0xf0, 0x00, 0xb0, 0x00, 0x0b, 0x00, 0x00, 0x01, 0xf0, 0x00, 0xbb, 0xbb, 0xbb,
    0x00, 0x00, 0x02, 0xd0, 0x00, 0x00, 0x00, 0x00, 0x00, 0x00, 0x03, 0xb7, 0xbc, 0xbb, 0xbb, 0xbb,
    0xf4, 0x00, 0x05, 0x90, 0x03, 0x60, 0x00, 0x03, 0x80, 0x00, 0x08, 0x50, 0x00, 0x47, 0x00, 0x57,
    0x00, 0x00, 0x0b, 0x10, 0x00, 0x02, 0xcd, 0x40, 0x00, 0x00, 0x38, 0x01, 0x46, 0x77, 0x22, 0x66,
    0x52, 0x00, 0x31, 0x05, 0x31, 0x00, 0x00, 0x00, 0x25, 0x60, 0x00, 0x00, 0x00, 0x00, 0x00, 0x25,
    0x78, 0x30, 0x0b, 0xbb, 0xf2, 0x47, 0x77, 0xf3, 0x00, 0x00, 0x00, 0x01, 0x70, 0x00, 0x00, 0xb0,
    0x00, 0x00, 0x00, 0x07, 0x10, 0x00, 0x00, 0xb0, 0x00, 0x00, 0x00, 0x35, 0x00, 0x00, 0x00, 0xb0,
    0x00, 0x00, 0x02, 0xfb, 0xc5, 0x28, 0x88, 0xf8, 0x88, 0x60, 0x03, 0x00, 0x43, 0x00, 0x00, 0xb0,
    0x00, 0x00, 0x03, 0x00, 0x60, 0x00, 0x00, 0xb0, 0x00, 0x00, 0x04, 0x40, 0x70, 0x00, 0x00, 0xb0,
    0x00, 0x00, 0x00, 0x82, 0x50, 0x00, 0x00, 0xb0, 0x00, 0x00, 0x00, 0x4c, 0x01, 0xff, 0xff, 0xff,
    0xff, 0xf3, 0x00, 0x5b, 0x50, 0x11, 0x11, 0x11, 0x11, 0x10, 0x04, 0x60, 0x7a, 0x51, 0x00, 0x00,
    0x00, 0x00, 0x16, 0x00, 0x01, 0x6a, 0xcc, 0xcb, 0xbb, 0xb3, 0x00, 0x00, 0x00, 0x00, 0x05, 0x00,
    0x00, 0x00, 0x05, 0x55, 0x60, 0x00, 0x0b, 0x00, 0x00, 0x00, 0x03, 0x33, 0xa0, 0xbb, 0xbf, 0xbb,
    0xba, 0x00, 0x00, 0x06, 0x10, 0x00, 0x0b, 0x00, 0x0b, 0x00, 0x00, 0x26, 0x3b, 0xbb, 0xbf, 0xbb,
    0xbf, 0xb1, 0x00, 0x80, 0x00, 0x00, 0x0b, 0x00, 0x0b, 0x00, 0x07, 0xc9, 0xc2, 0xbb, 0xbf, 0xbb,
    0xbb, 0x00, 0x00, 0x00, 0x70, 0x00, 0x0b, 0x00, 0x00, 0x00, 0x05, 0x00, 0x74, 0xbb, 0xbf, 0xbb,
    0xbb, 0x20, 0x03, 0x52, 0x50, 0x00, 0x0b, 0x00, 0x00, 0x00, 0x00, 0x86, 0x10, 0x00, 0x0b, 0x00,
    0x00, 0x00, 0x00, 0x4e, 0x1b, 0xbb, 0xbf, 0xbb, 0xbb, 0xa0, 0x00, 0x5b, 0x50, 0x00, 0x0b, 0x00,
    0x00, 0x00, 0x01, 0x80, 0x7a, 0x41, 0x0a, 0x00, 0x00, 0x00, 0x09, 0x10, 0x01, 0x7b, 0xcc, 0xbb,
    0xbb, 0xb1, 0x12, 0x00, 0x00, 0x00, 0x00, 0x00, 0x00, 0x00, 0x01, 0x22, 0x22, 0x22, 0x22, 0x22,
    0x22, 0x20, 0x05, 0xbb, 0xbf, 0xbb, 0xbb, 0xbf, 0xbb, 0xb1, 0x00, 0x00, 0x0b, 0x00, 0x00, 0x0b,
    0x00, 0x00, 0x00, 0x00, 0x0b, 0x00, 0x00, 0x0b, 0x00, 0x00, 0x00, 0x00, 0x0b, 0x00, 0x00, 0x0b,
    0x00, 0x00, 0x00, 0x00, 0x0b, 0x00, 0x00, 0x0b, 0x00, 0x00, 0x1b, 0xbb, 0xcf, 0xbb, 0xbb, 0xbf,
    0xbb, 0xb7, 0x00, 0x00, 0x29, 0x00, 0x00, 0x0b, 0x00, 0x00, 0x00, 0x00, 0x47, 0x00, 0x00, 0x0b,
    0x00, 0x00, 0x00, 0x00, 0x84, 0x00, 0x00, 0x0b, 0x00, 0x00, 0x00, 0x00, 0xb0, 0x00, 0x00, 0x0b,
    0x00, 0x00, 0x00, 0x08, 0x40, 0x00, 0x00, 0x0b, 0x00, 0x00, 0x00, 0x66, 0x00, 0x00, 0x00, 0x0b,
    0x00, 0x00, 0x07, 0x40, 0x00, 0x00, 0x00, 0x0b, 0x00, 0x00, 0x00, 0x00, 0x00, 0x00, 0x01, 0x00,
    0x00, 0x00, 0x00, 0x00, 0x00, 0x00, 0x07, 0x04, 0x50, 0x00, 0x00, 0x00, 0x00, 0x00, 0x07, 0x00,
    0x37, 0x00, 0x00, 0x00, 0x00, 0x00, 0x07, 0x00, 0x02, 0x00, 0x1b, 0xbb, 0xbb, 0xbb, 0xbf, 0xcb,
    0xbb, 0xb1, 0x00, 0x00, 0x00, 0x00, 0x05, 0x20, 0x00, 0x00, 0x00, 0x00, 0x00, 0x00, 0x03, 0x40,
    0x00, 0x00, 0x08, 0xee, 0xff, 0xee, 0x91, 0x60, 0x00, 0x00, 0x00, 0x00, 0x34, 0x00, 0x00, 0x80,
    0x00, 0x00, 0x00, 0x00, 0x34, 0x00, 0x00, 0x80, 0x00, 0x00, 0x00, 0x00, 0x34, 0x00, 0x00, 0x71,
    0x00, 0x00, 0x00, 0x00, 0x34, 0x00, 0x00, 0x26, 0x00, 0x12, 0x00, 0x00, 0x36, 0x57, 0x71, 0x09,
    0x00, 0x34, 0x02, 0x68, 0x87, 0x20, 0x00, 0x03, 0x90, 0x62, 0x04, 0x20, 0x00, 0x00, 0x00, 0x00,
    0x5c, 0xa0, 0x4b, 0xbb, 0x80, 0x0b, 0x00, 0x00, 0x13, 0x00, 0x00, 0x0b, 0x00, 0xb0, 0x00, 0x07,
    0x00, 0x00, 0x00, 0xb0, 0x0b, 0x00, 0x06, 0x20, 0x00, 0x00, 0x0b, 0x00, 0xb0, 0x06, 0x30, 0x00,
    0x1f, 0xbb, 0x80, 0x0b, 0x17, 0x30, 0x00, 0x02, 0x50, 0x00, 0x00, 0xb1, 0x10, 0x00, 0x00, 0x33,
    0x00, 0x16, 0x6f, 0x67, 0x86, 0x66, 0x37, 0xdb, 0xbc, 0x00, 0xb0, 0x07, 0x00, 0x00, 0x00, 0x00,
    0xb0, 0x0b, 0x00, 0x70, 0x00, 0x00, 0x00, 0x1a, 0x00, 0xb0, 0x03, 0x40, 0x00, 0x00, 0x03, 0x90,
    0x0b, 0x00, 0x07, 0x00, 0x00, 0x00, 0x48, 0x00, 0xb0, 0x00, 0x26, 0x00, 0x00, 0x07, 0x60, 0x0b,
    0x48, 0x50, 0x54, 0x02, 0xbb, 0xc1, 0x08, 0xf5, 0x00, 0x00, 0x54, 0x00, 0x00, 0x00, 0x10, 0x00,
    0x00, 0x00, 0x00, 0xbb, 0xbb, 0xb2, 0x5b, 0xbb, 0xbb, 0xb0, 0x00, 0x00, 0x02, 0x37, 0x00, 0x00,
    0x0b, 0x00, 0x00, 0x00, 0x23, 0x70, 0x00, 0x00, 0xb0, 0x00, 0x00, 0x02, 0x37, 0x44, 0x44, 0x4c,
    0x00, 0x9b, 0xbb, 0xb3, 0x11, 0x1d, 0x11, 0x10, 0x07, 0x00, 0x00, 0x00, 0x00, 0xb0, 0x00, 0x00,
    0x70, 0x00, 0x00, 0xeb, 0xbf, 0xbb, 0xc6, 0x09, 0x22, 0x24, 0x0b, 0x00, 0xb0, 0x01, 0x60, 0x44,
    0x44, 0xf1, 0xb0, 0x0b, 0x00, 0x16, 0x00, 0x00, 0x1f, 0x0e, 0xbb, 0xfb, 0xbc, 0x60, 0x00, 0x02,
    0xd0, 0x00, 0x0b, 0x02, 0x00, 0x00, 0x00, 0x4b, 0x00, 0x00, 0xb0, 0x27, 0x00, 0x00, 0x08, 0x80,
    0x00, 0x0c, 0x23, 0x88, 0x01, 0xbb, 0xd3, 0x24, 0x55, 0x84, 0x32, 0x82, 0x00, 0x00, 0x00, 0x00,
    0x00, 0x00, 0x00, 0x10, 0x00, 0x00, 0x00, 0x60, 0x00, 0x00, 0x01, 0x40, 0x00, 0x0b, 0x00, 0x00,
    0x43, 0x07, 0x20, 0x00, 0xb0, 0x00, 0x08, 0x00, 0x18, 0x00, 0x0b, 0x00, 0x06, 0x20, 0x00, 0x53,
    0x00, 0xb0, 0x03, 0x50, 0x00, 0x00, 0x00, 0x0b, 0x00, 0x20, 0x00, 0x3b, 0xbb, 0xbb, 0xfb, 0xbb,
    0xbb, 0x31, 0x33, 0x33, 0x33, 0x33, 0x33, 0xc4, 0x00, 0x00, 0x00, 0x00, 0x00, 0x0b, 0x40, 0x00,
    0x00, 0x00, 0x00, 0x00, 0xb4, 0x08, 0xbb, 0xbb, 0xbb, 0xbb, 0xbf, 0x40, 0x00, 0x00, 0x00, 0x00,
    0x00, 0xb4, 0x00, 0x00, 0x00, 0x00, 0x00, 0x0b, 0x40, 0x00, 0x00, 0x00, 0x00, 0x00, 0xb4, 0x6b,
    0xbb, 0xbb, 0xbb, 0xbb, 0xbf, 0x40, 0x05, 0xbb, 0xbb, 0xbb, 0xbb, 0xbf, 0x30, 0x00, 0x00, 0x00,
    0x00, 0x00, 0x00, 0xa4, 0x00, 0x00, 0x00, 0x00, 0x00, 0x00, 0x0a, 0x30, 0x00, 0x0b, 0xbb, 0xbb,
    0xbb, 0xbb, 0xf2, 0x00, 0x00, 0x00, 0x00, 0x00, 0x00, 0x0c, 0x20, 0x01, 0x22, 0x22, 0x22, 0x22,
    0x22, 0xf3, 0x21, 0x7b, 0xbb, 0xbb, 0xbf, 0xbb, 0xbf, 0xbb, 0x50, 0x15, 0x00, 0x00, 0xf0, 0x00,
    0x05, 0x00, 0x00, 0x38, 0x10, 0x0f, 0x40, 0x18, 0x30, 0x00, 0x00, 0x16, 0x01, 0xd6, 0x76, 0x00,
    0x00, 0x00, 0x00, 0x27, 0x6c, 0x07, 0x30, 0x00, 0x00, 0x04, 0x75, 0x00, 0xb0, 0x04, 0x72, 0x00,
    0x27, 0x30, 0x00, 0x0b, 0x00, 0x00, 0x67, 0x40, 0x00, 0x05, 0xbb, 0x90, 0x00, 0x00, 0x00, 0x00,
    0x00, 0x00, 0x00, 0x00, 0x00, 0x00, 0x00, 0x00, 0x00, 0x20, 0x00, 0x00, 0x00, 0x00, 0x00, 0x00,
    0x06, 0x30, 0xab, 0xbb, 0xbb, 0xbc, 0x10, 0x00, 0x55, 0x00, 0xb0, 0x00, 0x00, 0x05, 0x20, 0x06,
    0x40, 0x00, 0xbb, 0xbb, 0xbb, 0xbd, 0x20, 0x12, 0x00, 0x40, 0xb0, 0x00, 0x00, 0x05, 0x20, 0x00,
    0x05, 0x30, 0xb0, 0x00, 0x00, 0x05, 0x20, 0x00, 0x2c, 0x00, 0x8b, 0xbb, 0xbb, 0xbb, 0x10, 0x01,
    0x8b, 0x04, 0x66, 0x66, 0x66, 0x66, 0x61, 0x28, 0x1b, 0x08, 0xbb, 0xbb, 0xbb, 0xfb, 0xb1, 0x30,
    0x0b, 0x00, 0x00, 0x00, 0x00, 0xb0, 0x00, 0x00, 0x0b, 0x0b, 0xbb, 0xbb, 0xbb, 0xfb, 0xb4, 0x00,
    0x0b, 0x00, 0x15, 0x00, 0x00, 0xb0, 0x00, 0x00, 0x0b, 0x00, 0x03, 0x70, 0x00, 0xb0, 0x00, 0x00,
    0x0b, 0x00, 0x00, 0x31, 0x00, 0xb0, 0x00, 0x00, 0x0b, 0x00, 0x00, 0x05, 0xbc, 0x90, 0x00, 0x00,
    0x00, 0x00, 0x00, 0x00, 0x00, 0x00, 0x00, 0x00, 0x00, 0x20, 0x00, 0x00, 0x00, 0x00, 0x00, 0x00,
    0x08, 0x20, 0x00, 0x13, 0xa8, 0x98, 0x40, 0x00, 0x64, 0x04, 0xf9, 0x86, 0xf1, 0x00, 0x00, 0x06,
    0x50, 0x13, 0xc0, 0x00, 0xb0, 0x00, 0x00, 0x01, 0x01, 0x73, 0xfb, 0xbb, 0xfb, 0xbb, 0xb9, 0x00,
    0x08, 0x13, 0xc0, 0x00, 0x90, 0x00, 0x00, 0x00, 0x5e, 0x03, 0xc0, 0x00, 0x80, 0x00, 0x00, 0x04,
    0x6c, 0x03, 0xc9, 0xff, 0xff, 0xff, 0xe0, 0x16, 0x0c, 0x03, 0xb7, 0x00, 0x00, 0x00, 0xe0, 0x00,
    0x0c, 0x04, 0xbb, 0xbb, 0xbb, 0xbb, 0xf0, 0x00, 0x0c, 0x05, 0x97, 0x00, 0x00, 0x00, 0xe0, 0x00,
    0x0c, 0x06, 0x7b, 0xbb, 0xbb, 0xbb, 0xf0, 0x00, 0x0c, 0x08, 0x47, 0x00, 0x00, 0x00, 0xe0, 0x00,
    0x0c, 0x0a, 0x07, 0x00, 0x00, 0x00, 0xe0, 0x00, 0x0c, 0x07, 0x0b, 0xbb, 0xbb, 0xbb, 0xf0, 0x00,
    0x00, 0x00, 0x00, 0x00, 0x00, 0x00, 0x00, 0x00, 0x00, 0x30, 0x00, 0x01, 0x20, 0x00, 0x00, 0x00,
    0x07, 0x20, 0x00, 0x04, 0x30, 0x00, 0x00, 0x00, 0x63, 0x0a, 0xbb, 0xbf, 0xcb, 0xbb, 0xb2, 0x07,
    0x30, 0x00, 0x00, 0x07, 0x00, 0x00, 0x00, 0x11, 0x00, 0x71, 0xdb, 0xdd, 0xbd, 0xbb, 0x60, 0x00,
    0x05, 0x31, 0x60, 0x70, 0x07, 0x01, 0x70, 0x00, 0x2d, 0x01, 0x60, 0x70, 0x07, 0x01, 0x70, 0x01,
    0x8b, 0x01, 0xdb, 0xdb, 0xbd, 0xbb, 0x70, 0x19, 0x1b, 0x00, 0x00, 0x00, 0x00, 0x00, 0x00, 0x21,
    0x0b, 0x0b, 0xbb, 0xbb, 0xbb, 0xbb, 0xb3, 0x00, 0x0b, 0x00, 0x00, 0x05, 0x00, 0x00, 0x00, 0x00,
    0x0b, 0x00, 0x35, 0x02, 0x50, 0x06, 0x00, 0x00, 0x0b, 0x06, 0x17, 0x00, 0x20, 0x23, 0x50, 0x00,
    0x0b, 0x16, 0x07, 0x00, 0x00, 0x70, 0x70, 0x00, 0x0b, 0x20, 0x05, 0xbb, 0xbb, 0x70, 0x10, 0x00,
    0x00, 0x04, 0x00, 0x00, 0x00, 0x00, 0x00, 0x00, 0x00, 0x18, 0x20, 0x00, 0x00, 0x00, 0x00, 0x00,
    0x00, 0x07, 0x30, 0x00, 0x00, 0x00, 0x00, 0x01, 0x00, 0x07, 0x30, 0x00, 0x00, 0x00, 0x00, 0xb0,
    0x00, 0x03, 0x00, 0x00, 0x00, 0x03, 0x0b, 0x00, 0x00, 0x00, 0x06, 0x00, 0x03, 0x40, 0xb0, 0x00,
    0x00, 0x00, 0x26, 0x00, 0x61, 0x0b, 0x00, 0x00, 0x00, 0x00, 0x70, 0x07, 0x00, 0xb0, 0x00, 0x00,
    0x00, 0x05, 0x30, 0x70, 0x0b, 0x00, 0x00, 0x00, 0x30, 0x07, 0x53, 0x00, 0xb0, 0x00, 0x00, 0x0b,
    0x00, 0x73, 0x00, 0x0b, 0x00, 0x00, 0x00, 0xc0, 0x02, 0x00, 0x00, 0xb1, 0x00, 0x00, 0x1b, 0x00,
    0x00, 0x00, 0x06, 0xcb, 0xbb, 0xbc, 0x50, 0x00, 0x00, 0x00, 0x00, 0x05, 0x00, 0x00, 0x00, 0x00,
    0x00, 0x00, 0x00, 0xb0, 0x00, 0x00, 0x00, 0x00, 0x00, 0x00, 0x0b, 0x00, 0x00, 0x00, 0x06, 0xbb,
    0xbb, 0xbb, 0xfb, 0xbb, 0xbb, 0xba, 0x00, 0x00, 0x00, 0x0b, 0x00, 0x00, 0x00, 0x00, 0x00, 0x00,
    0x00, 0xb0, 0x00, 0x00, 0x00, 0x00, 0x00, 0x00, 0x0b, 0x00, 0x00, 0x00, 0x00, 0x7d, 0xdd, 0xdd,
    0xfd, 0xdd, 0xdd, 0xc0, 0x00, 0x00, 0x00, 0x40, 0x00, 0x00, 0x00, 0x00, 0x00, 0x00, 0x04, 0x71,
    0x00, 0x00, 0x00, 0x00, 0x50, 0xb0, 0x01, 0x82, 0x00, 0x70, 0x00, 0x16, 0x0b, 0x00, 0x00, 0x40,
    0x03, 0x50, 0x07, 0x10, 0xb0, 0x00, 0x00, 0x08, 0x08, 0x03, 0x60, 0x0b, 0x00, 0x00, 0x00, 0xc0,
    0x26, 0x10, 0x00, 0x8c, 0xbb, 0xbb, 0xc8, 0x00, 0x20, 0x00, 0x00, 0x00, 0x05, 0x20, 0x00, 0x00,
    0x00, 0x00, 0x00, 0x00, 0x01, 0x80, 0x00, 0x00, 0x00, 0x0e, 0xff, 0xff, 0xff, 0xff, 0xff, 0xff,
    0xc0, 0x00, 0x0b, 0x00, 0x00, 0x00, 0x00, 0x00, 0x00, 0x00, 0x0b, 0x00, 0x00, 0x00, 0x00, 0x00,
    0x00, 0x00, 0x0b, 0x00, 0x00, 0x00, 0x00, 0x00, 0x00, 0x00, 0x0b, 0x00, 0x00, 0x00, 0x00, 0x00,
    0x00, 0x00, 0x09, 0xbb, 0xbb, 0xbb, 0xbb, 0xbb, 0x10, 0x00, 0x00, 0x00, 0x01, 0x00, 0x00, 0x00,
    0x00, 0x00, 0x00, 0x00, 0x06, 0x30, 0x00, 0x00, 0x00, 0x00, 0x40, 0x33, 0x00, 0x72, 0x00, 0x06,
    0x00, 0x00, 0x60, 0x44, 0x00, 0x06, 0x00, 0x05, 0x30, 0x05, 0x20, 0x44, 0x00, 0x00, 0x00, 0x70,
    0x80, 0x16, 0x00, 0x34, 0x00, 0x00, 0x02, 0xa0, 0x62, 0x00, 0x00, 0x1b, 0xbb, 0xbb, 0xbd, 0x50,
    0x00, 0x00, 0x00, 0x00, 0x01, 0x20, 0x00, 0x00, 0x00, 0x00, 0x00, 0x00, 0x53, 0x00, 0x00, 0x00,
    0x00, 0x00, 0x00, 0x07, 0x00, 0x00, 0x00, 0x00, 0xbb, 0xbb, 0xbb, 0xff, 0xbb, 0xbb, 0xbb, 0x00,
    0x00, 0x00, 0x26, 0x80, 0x00, 0x00, 0x00, 0x00, 0x00, 0x08, 0x12, 0x60, 0x00, 0x00, 0x00, 0x00,
    0x05, 0x50, 0x06, 0x50, 0x00, 0x00, 0x00, 0x06, 0x55, 0x50, 0x06, 0x60, 0x00, 0x01, 0x58, 0x30,
    0x03, 0x70, 0x04, 0x84, 0x00, 0x73, 0x00, 0x02, 0x31, 0x00, 0x00, 0x46, 0x00, 0x31, 0x50, 0x06,
    0x40, 0x00, 0x70, 0x00, 0x07, 0x07, 0x00, 0x06, 0x40, 0x02, 0x60, 0x01, 0x70, 0x70, 0x00, 0x03,
    0x02, 0x18, 0x00, 0x72, 0x07, 0x00, 0x00, 0x00, 0x62, 0x35, 0x03, 0x00, 0x6c, 0xbb, 0xbb, 0xbb,
    0x00, 0x20, 0x00, 0x04, 0x00, 0x00, 0x00, 0x40, 0x00, 0x00, 0x00, 0x0b, 0x00, 0x04, 0x00, 0xb0,
    0x00, 0x00, 0x00, 0x0b, 0x00, 0x07, 0x00, 0xb0, 0x00, 0x00, 0x03, 0x0b, 0x60, 0x17, 0x00, 0xb0,
    0x00, 0x00, 0x07, 0x0b, 0x43, 0x6d, 0xbb, 0xfb, 0xbb, 0x90, 0x07, 0x0b, 0x07, 0x70, 0x00, 0xb0,
    0x00, 0x00, 0x35, 0x0b, 0x06, 0x30, 0x00, 0xb0, 0x00, 0x00, 0x31, 0x0b, 0x01, 0x00, 0x00, 0xb0,
    0x00, 0x00, 0x00, 0x0b, 0x00, 0x7b, 0xbb, 0xfb, 0xbb, 0x50, 0x00, 0x0b, 0x00, 0x00, 0x00, 0xb0,
    0x00, 0x00, 0x00, 0x0b, 0x00, 0x00, 0x00, 0xb0, 0x00, 0x00, 0x00, 0x0b, 0x00, 0x00, 0x00, 0xb0,
    0x00, 0x00, 0x00, 0x0b, 0x00, 0x00, 0x00, 0xb0, 0x00, 0x00, 0x00, 0x0b, 0x00, 0x00, 0x00, 0xb0,
    0x00, 0x00, 0x00, 0x0b, 0x0c, 0xff, 0xff, 0xff, 0xff, 0xf1, 0x00, 0x00, 0x10, 0x00, 0x00, 0x02,
    0x00, 0x00, 0x00, 0x02, 0x60, 0x00, 0x05, 0x20, 0x00, 0x00, 0x00, 0x05, 0x20, 0x01, 0x70, 0x00,
    0x00, 0x00, 0x00, 0x04, 0x00, 0x81, 0x00, 0x00, 0x00, 0x0d, 0xbb, 0xbb, 0xbe, 0xbb, 0xa0, 0x00,
    0x00, 0xb0, 0x00, 0x00, 0x00, 0x07, 0x00, 0x00, 0x0b, 0x00, 0x00, 0x00, 0x00, 0x70, 0x00, 0x00,
    0xb0, 0x00, 0x00, 0x00, 0x07, 0x00, 0x00, 0x0b, 0xbb, 0xbb, 0xbb, 0xbb, 0x90, 0x00, 0x00, 0x00,
    0x05, 0x40, 0x00, 0x00, 0x00, 0x00, 0x30, 0x23, 0x05, 0x50, 0x00, 0x40, 0x00, 0x07, 0x03, 0x40,
    0x04, 0x50, 0x01, 0x70, 0x06, 0x20, 0x34, 0x00, 0x00, 0x04, 0x03, 0x51, 0x60, 0x03, 0x40, 0x00,
    0x00, 0xc0, 0x05, 0x00, 0x00, 0x1c, 0xbb, 0xbb, 0xca, 0x00, 0x00, 0x00, 0x40, 0x00, 0x02, 0x00,
    0x00, 0x00, 0x00, 0x0b, 0x00, 0x00, 0x70, 0x00, 0x00, 0x00, 0x00, 0xb0, 0x00, 0x07, 0x00, 0x00,
    0x00, 0x00, 0x1b, 0x57, 0xbb, 0xfb, 0xbb, 0xbb, 0xb0, 0x33, 0xb6, 0x00, 0x26, 0x00, 0x20, 0x00,
    0x06, 0x1b, 0x33, 0x04, 0x30, 0x07, 0x00, 0x00, 0x70, 0xb0, 0x20, 0x70, 0x30, 0x70, 0x04, 0x07,
    0x0b, 0x00, 0x08, 0x07, 0x07, 0x04, 0x40, 0x00, 0xb0, 0x02, 0x60, 0x70, 0x70, 0x70, 0x00, 0x0b,
    0x00, 0x71, 0x53, 0x2c, 0x27, 0x00, 0x00, 0xb0, 0x17, 0x02, 0x06, 0x90, 0x00, 0x00, 0x0b, 0x08,
    0x10, 0x00, 0x83, 0x40, 0x00, 0x00, 0xb4, 0x30, 0x00, 0x54, 0x08, 0x00, 0x00, 0x0b, 0x00, 0x00,
    0x47, 0x00, 0x28, 0x00, 0x00, 0xb0, 0x00, 0x85, 0x00, 0x00, 0x28, 0x00, 0x00, 0x00, 0x00, 0x03,
    0x10, 0x00, 0x00, 0x00, 0x00, 0x00, 0x00, 0x70, 0x00, 0x00, 0x00, 0x00, 0x0b, 0xbb, 0xbe, 0xbb,
    0xbb, 0x80, 0x00, 0x00, 0xb0, 0x00, 0x00, 0x00, 0x07, 0x00, 0x00, 0x0c, 0xbb, 0xbb, 0xbb, 0xbb,
    0x90, 0x00, 0x00, 0xb0, 0x00, 0x00, 0x00, 0x07, 0x00, 0x00, 0x0b, 0x00, 0x00, 0x00, 0x00, 0x70,
    0x00, 0x00, 0xcb, 0xbb, 0xbb, 0xbb, 0xb9, 0x00, 0x00, 0x0b, 0x00, 0x00, 0x00, 0x00, 0x70, 0x00,
    0x00, 0xab, 0xbb, 0xbb, 0xbb, 0xb7, 0x00, 0x00, 0x00, 0x00, 0x17, 0x00, 0x00, 0x00, 0x00, 0x05,
    0x07, 0x00, 0x27, 0x00, 0x04, 0x50, 0x02, 0x50, 0x70, 0x00, 0x31, 0x06, 0x07, 0x20, 0x80, 0x07,
    0x00, 0x00, 0x00, 0xc0, 0x06, 0x01, 0x00, 0x5b, 0xbb, 0xbb, 0xc9, 0x00, 0x00, 0x00, 0x00, 0x00,
    0x00, 0x00, 0x13, 0x30, 0x00, 0x79, 0xab, 0xaa, 0xe9, 0x86, 0x42, 0x00, 0x02, 0x32, 0x00, 0x0b,
    0x00, 0x15, 0x00, 0x00, 0x00, 0x91, 0x00, 0xb0, 0x08, 0x10, 0x00, 0x00, 0x03, 0x50, 0x0b, 0x04,
    0x20, 0x00, 0x08, 0xbb, 0xbb, 0xbf, 0xff, 0xbb, 0xbb, 0xb7, 0x00, 0x00, 0x07, 0x2b, 0x45, 0x00,
    0x00, 0x00, 0x00, 0x28, 0x10, 0xb0, 0x37, 0x10, 0x00, 0x01, 0x66, 0x00, 0x0b, 0x00, 0x07, 0x60,
    0x06, 0x71, 0x00, 0x20, 0x60, 0x00, 0x02, 0x75, 0x00, 0x00, 0x42, 0x75, 0x00, 0x13, 0x00, 0x00,
    0x15, 0x0b, 0x00, 0x35, 0x00, 0x56, 0x00, 0x06, 0x00, 0xb0, 0x00, 0x00, 0x50, 0x28, 0x05, 0x40,
    0x0b, 0x00, 0x00, 0x0c, 0x00, 0x26, 0x10, 0x00, 0xcb, 0xbb, 0xbc, 0x90, 0x00, 0x00, 0x00, 0x00,
    0x00, 0x00, 0x03, 0x24, 0x00, 0x00, 0x00, 0x00, 0x00, 0x00, 0x06, 0x03, 0x82, 0x00, 0x00, 0xfb,
    0xbb, 0xbb, 0xbf, 0xbb, 0xbb, 0xb1, 0x00, 0xf0, 0x00, 0x00, 0x04, 0x20, 0x00, 0x00, 0x00, 0xf4,
    0xbb, 0xbb, 0xb2, 0x40, 0x25, 0x00, 0x01, 0xe0, 0x00, 0x00, 0x00, 0x50, 0x70, 0x00, 0x01, 0xd1,
    0xdb, 0xbb, 0xb0, 0x62, 0x60, 0x00, 0x04, 0xa1, 0x60, 0x00, 0xb0, 0x2c, 0x00, 0x00, 0x07, 0x51,
    0x84, 0x44, 0xb0, 0x69, 0x00, 0x90, 0x0b, 0x10, 0x22, 0x22, 0x16, 0x41, 0x81, 0xc0, 0x26, 0x00,
    0x00, 0x03, 0x13, 0x00, 0x2a, 0x70, 0x00, 0x21, 0xa0, 0x05, 0x40, 0x00, 0x50, 0x00, 0x00, 0x80,
    0xb0, 0x00, 0x53, 0x04, 0x17, 0x00, 0x07, 0x10, 0xb0, 0x00, 0x00, 0x0c, 0x05, 0x30, 0x11, 0x00,
    0x9c, 0xbb, 0xbb, 0xc9, 0x00, 0x00, 0x00, 0x00, 0x00, 0x00, 0x09, 0x13, 0x00, 0x00, 0x00, 0x00,
    0x00, 0x00, 0x0b, 0x04, 0x70, 0x00, 0x00, 0x00, 0x00, 0x00, 0x0b, 0x00, 0x15, 0x00, 0x00, 0xfc,
    0xbb, 0xbb, 0xbf, 0xbb, 0xbb, 0xb0, 0x00, 0xf1, 0x00, 0x00, 0x0b, 0x00, 0x00, 0x00, 0x00, 0xf1,
    0x00, 0x00, 0x0b, 0x00, 0x00, 0x00, 0x00, 0xfc, 0xbb, 0xf3, 0x09, 0x20, 0x08, 0x00, 0x00, 0xf1,
    0x00, 0xb3, 0x07, 0x40, 0x35, 0x00, 0x01, 0xf0, 0x00, 0xb3, 0x04, 0x60, 0x70, 0x00, 0x02, 0xf0,
    0x00, 0xc2, 0x01, 0x93, 0x50, 0x00, 0x03, 0xd0, 0x00, 0xd1, 0x00, 0xa8, 0x00, 0x00, 0x06, 0xa0,
    0x00, 0xe0, 0x00, 0xf4, 0x00, 0x71, 0x09, 0x52, 0xbc, 0xa0, 0x08, 0x38, 0x00, 0xc1, 0x0c, 0x10,
    0x00, 0x02, 0x82, 0x07, 0x40, 0xd0, 0x65, 0x00, 0x00, 0x47, 0x00, 0x00, 0x8c, 0x80, 0x00, 0x00,
    0x00, 0x00, 0x00, 0x00, 0x00, 0x00, 0x00, 0x00, 0x00, 0x03, 0x00, 0x00, 0x00, 0x00, 0x00, 0x00,
    0x05, 0x20, 0x00, 0x00, 0x00, 0x00, 0x00, 0x00, 0x70, 0x00, 0x00, 0x00, 0x2f, 0xbb, 0xbb, 0xcb,
    0xbb, 0xd2, 0x00, 0x3d, 0x00, 0x00, 0x00, 0x00, 0xb2, 0x00, 0x3d, 0x00, 0x00, 0x00, 0x00, 0xb2,
    0x00, 0x3d, 0x00, 0x00, 0x00, 0x00, 0xb2, 0x00, 0x4f, 0xbb, 0xbb, 0xbb, 0xbb, 0xf2, 0x00, 0x4b,
    0x00, 0x00, 0x00, 0x00, 0xb2, 0x00, 0x68, 0x00, 0x00, 0x00, 0x00, 0x30, 0x00, 0x96, 0x00, 0x00,
    0x00, 0x00, 0x00, 0x00, 0xc1, 0x00, 0x00, 0x00, 0x00, 0x00, 0x03, 0xa0, 0x00, 0x00, 0x00, 0x00,
    0x00, 0x0a, 0x20, 0x00, 0x00, 0x00, 0x00, 0x00, 0x55, 0x00, 0x00, 0x00, 0x00, 0x00, 0x00, 0x00,
    0x00, 0x00, 0x00, 0x00, 0x00, 0x00, 0x00, 0x00, 0x00, 0x00, 0x00, 0x00, 0x00, 0x00, 0x00, 0x00,
    0x14, 0x75, 0x00, 0x01, 0x57, 0x50, 0x03, 0xd7, 0x63, 0x00, 0x3d, 0x65, 0x10, 0x00, 0x04, 0xc0,
    0x00, 0x00, 0x4c, 0x00, 0x00, 0x00, 0x04, 0xf6, 0x66, 0x60, 0x4c, 0x00, 0x00, 0x00, 0x04, 0xc0,
    0x00, 0xb0, 0x4d, 0x11, 0x11, 0x10, 0x04, 0xc0, 0x00, 0xb0, 0x4f, 0xee, 0xfe, 0xe4, 0x04, 0xc0,
    0x00, 0xb0, 0x4c, 0x00, 0xb0, 0x00, 0x04, 0xfb, 0xbb, 0xe0, 0x4c, 0x00, 0xb0, 0x00, 0x05, 0xb0,
    0x00, 0x00, 0x5b, 0x00, 0xb0, 0x00, 0x06, 0xa0, 0x00, 0x00, 0x69, 0x00, 0xb0, 0x00, 0x08, 0x70,
    0x00, 0x00, 0x86, 0x00, 0xb0, 0x00, 0x0a, 0x30, 0x00, 0x00, 0xc1, 0x00, 0xb0, 0x00, 0x0b, 0x00,
    0x00, 0x04, 0x90, 0x00, 0xb0, 0x00, 0x34, 0x00, 0x00, 0x09, 0x10, 0x00, 0xb0, 0x00, 0x00, 0x00,
    0x00, 0x00, 0x00, 0x01, 0x30, 0x00, 0x00, 0x12, 0x34, 0x87, 0x77, 0x62, 0x00, 0x04, 0x76, 0x54,
    0x2c, 0x00, 0x00, 0x00, 0x00, 0x00, 0x00, 0x00, 0xb0, 0x00, 0x00, 0x00, 0x00, 0x00, 0x00, 0x0b,
    0x00, 0x00, 0x00, 0x00, 0x9b, 0xbb, 0xbb, 0xfb, 0xbb, 0xbb, 0x80, 0x00, 0x00, 0x00, 0x0b, 0x00,
    0x00, 0x00, 0x00, 0x00, 0x00, 0x00, 0xb0, 0x00, 0x00, 0x00, 0x00, 0x00, 0x00, 0x0b, 0x00, 0x00,
    0x00, 0x0a, 0xbb, 0xbb, 0xbb, 0xfb, 0xbb, 0xbb, 0xb7, 0x00, 0x00, 0x00, 0x0b, 0x00, 0x00, 0x00,
    0x00, 0x00, 0x00, 0x00, 0xb0, 0x00, 0x00, 0x00, 0x00, 0x00, 0x00, 0x0b, 0x00, 0x00, 0x00, 0x00,
    0x00, 0x00, 0x00, 0xb0, 0x00, 0x00, 0x00, 0x00, 0x05, 0xcb, 0xc8, 0x00, 0x00, 0x00, 0x00, 0x00,
    0x00, 0x00, 0x00, 0x00, 0x00, 0x00, 0x00, 0x05, 0x00, 0x00, 0x00, 0x00, 0x00, 0x00, 0x00, 0x0b,
    0x00, 0x00, 0x00, 0x00, 0x00, 0x00, 0x00, 0x0b, 0x00, 0xbd, 0xdd, 0xdf, 0xdd, 0xd2, 0x00, 0x0b,
    0x00, 0x00, 0x00, 0x0b, 0x00, 0x00, 0x5b, 0xbf, 0xbb, 0x70, 0x00, 0x0b, 0x00, 0x00, 0x00, 0x0b,
    0x00, 0x00, 0x00, 0x0b, 0x00, 0x00, 0x00, 0x0b, 0x00, 0x00, 0x00, 0x0b, 0x00, 0x00, 0x00, 0x0b,
    0x00, 0x20, 0x00, 0x0b, 0x00, 0x00, 0x00, 0x2f, 0x76, 0x20, 0x00, 0x0b, 0x00, 0x00, 0x48, 0x6d,
    0x00, 0x00, 0x00, 0x0b, 0x00, 0x00, 0x00, 0x0b, 0x00, 0x00, 0x00, 0x0b, 0x00, 0x00, 0x00, 0x0b,
    0x00, 0x00, 0x00, 0x0b, 0x00, 0x00, 0x00, 0x0b, 0x00, 0x00, 0x00, 0x0b, 0x00, 0x00, 0x00, 0x0b,
    0x00, 0x00, 0x00, 0x0b, 0x00, 0x00, 0x09, 0xbc, 0x00, 0x00, 0x8b, 0xbb, 0x00, 0x00, 0x00, 0x00,
    0x00, 0x00, 0x00, 0x00, 0x00, 0x00, 0x00, 0x05, 0x00, 0x00, 0x00, 0x00, 0x00, 0x00, 0x00, 0xb0,
    0x00, 0x00, 0x02, 0x68, 0x30, 0x00, 0x0b, 0x00, 0x15, 0x77, 0xd1, 0x00, 0x00, 0x00, 0xb0, 0x01,
    0x10, 0x0b, 0x00, 0x00, 0x3b, 0xbf, 0xbb, 0x10, 0x00, 0xb0, 0x00, 0x00, 0x00, 0xb0, 0x00, 0x00,
    0x0b, 0x00, 0x00, 0x00, 0x0b, 0x00, 0x00, 0x00, 0xb0, 0x00, 0x10, 0x00, 0xb0, 0x00, 0x03, 0x5f,
    0x77, 0x74, 0x00, 0x0f, 0x77, 0x76, 0x42, 0xb0, 0x00, 0x03, 0x87, 0xe0, 0x00, 0x00, 0x0b, 0x00,
    0x00, 0x00, 0x0b, 0x00, 0x00, 0x00, 0xb0, 0x00, 0x00, 0x00, 0xb0, 0x00, 0x00, 0x0b, 0x00, 0x02,
    0x00, 0x0b, 0x00, 0x00, 0x00, 0xb0, 0x00, 0xb0, 0x00, 0xb0, 0x00, 0x00, 0x0b, 0x00, 0x0b, 0x0b,
    0xba, 0x00, 0x00, 0x00, 0xbb, 0xbc, 0x90, 0x00, 0x00, 0x00, 0x00, 0x00, 0x00, 0x00, 0x00, 0x05,
    0x00, 0x00, 0x00, 0x10, 0x00, 0x00, 0x00, 0x0b, 0x00, 0x00, 0x00, 0x44, 0x00, 0x00, 0x00, 0x0b,
    0x00, 0x00, 0x00, 0x06, 0x00, 0x00, 0x00, 0x0b, 0x00, 0x5f, 0x77, 0x77, 0x77, 0x74, 0x1b, 0xbf,
    0xb7, 0x5c, 0x00, 0x00, 0x00, 0x00, 0x00, 0x0b, 0x00, 0x5c, 0x00, 0x00, 0x00, 0x00, 0x00, 0x0b,
    0x00, 0x5c, 0x00, 0x00, 0x00, 0x00, 0x00, 0x0b, 0x00, 0x5c, 0x00, 0x00, 0x00, 0x00, 0x00, 0x1f,
    0x74, 0x6c, 0x00, 0x00, 0x00, 0x00, 0x18, 0x6d, 0x00, 0x7a, 0x00, 0x00, 0x00, 0x00, 0x00, 0x0b,
    0x00, 0x98, 0x00, 0x00, 0x00, 0x00, 0x00, 0x0b, 0x00, 0xb4, 0x00, 0x00, 0x00, 0x00, 0x00, 0x0b,
    0x00, 0xd0, 0x00, 0x00, 0x00, 0x00, 0x00, 0x0b, 0x04, 0x80, 0x00, 0x00, 0x00, 0x00, 0x0a, 0xc9,
    0x08, 0x10, 0x00, 0x00, 0x00, 0x00, 0x00, 0x04, 0x00, 0x00, 0x00, 0x00, 0x00, 0x00, 0x00, 0xb0,
    0x00, 0x00, 0x00, 0x00, 0x00, 0x00, 0x0b, 0x00, 0x9b, 0xbb, 0xbb, 0xbd, 0x30, 0x00, 0xb0, 0x00,
    0x00, 0x00, 0x00, 0xb3, 0x4b, 0xbf, 0xbb, 0x40, 0x00, 0x00, 0x0b, 0x30, 0x00, 0xb0, 0x00, 0x00,
    0x00, 0x00, 0xb3, 0x00, 0x0b, 0x00, 0x00, 0x00, 0x00, 0x0b, 0x30, 0x00, 0xb0, 0x05, 0xbb, 0xbb,
    0xbb, 0xf4, 0x00, 0x0f, 0x67, 0x30, 0x00, 0x00, 0x0b, 0x33, 0x87, 0xf0, 0x00, 0x00, 0x00, 0x00,
    0xb3, 0x00, 0x0b, 0x00, 0x00, 0x00, 0x00, 0x0b, 0x30, 0x00, 0xb0, 0x00, 0x00, 0x00, 0x00, 0xb3,
    0x00, 0x0b, 0x00, 0x00, 0x00, 0x00, 0x0b, 0x30, 0x00, 0xb0, 0x0a, 0xbb, 0xbb, 0xbb, 0xf3, 0x09,
    0xbc, 0x00, 0x00, 0x00, 0x00, 0x0b, 0x30, 0x00, 0x00, 0x00, 0x00, 0x00, 0x00, 0x00, 0x00, 0x05,
    0x00, 0x00, 0x04, 0x00, 0x00, 0x00, 0x00, 0x0b, 0x00, 0x00, 0x0b, 0x05, 0x20, 0x00, 0x00, 0x0b,
    0x00, 0x00, 0x0b, 0x00, 0x72, 0x00, 0x00, 0x0b, 0x00, 0x00, 0x0b, 0x00, 0x06, 0x00, 0x4b, 0xbf,
    0xbb, 0x20, 0x0a, 0x10, 0x12, 0x41, 0x00, 0x0b, 0x00, 0x47, 0x7f, 0x97, 0x64, 0x30, 0x00, 0x0b,
    0x00, 0x00, 0x06, 0x50, 0x02, 0x00, 0x00, 0x0b, 0x00, 0x10, 0x03, 0x80, 0x17, 0x00, 0x00, 0x2f,
    0x76, 0x10, 0x00, 0xb0, 0x71, 0x00, 0x38, 0x5c, 0x00, 0x00, 0x00, 0xb6, 0x40, 0x00, 0x00, 0x0b,
    0x00, 0x00, 0x00, 0xac, 0x00, 0x00, 0x00, 0x0b, 0x00, 0x00, 0x04, 0x8b, 0x00, 0x01, 0x00, 0x0b,
    0x00, 0x00, 0x66, 0x09, 0x40, 0x07, 0x00, 0x0b, 0x00, 0x48, 0x20, 0x01, 0xc2, 0x07, 0x09, 0xbc,
    0x00, 0x10, 0x00, 0x00, 0x2b, 0xc3, 0x00, 0x00, 0x00, 0x00, 0x00, 0x00, 0x00, 0x00, 0x00, 0x05,
    0x00, 0x00, 0x00, 0x00, 0x00, 0x00, 0x00, 0x0b, 0x00, 0xfd, 0xdd, 0xfd, 0xdd, 0xc0, 0x00, 0x0b,
    0x00, 0xf0, 0x00, 0xb0, 0x00, 0xe0, 0x00, 0x0b, 0x00, 0xf0, 0x00, 0xb0, 0x00, 0xe0, 0x1b, 0xbf,
    0xb7, 0xf0, 0x00, 0xb0, 0x00, 0xe0, 0x00, 0x0b, 0x00, 0xf0, 0x00, 0xb0, 0x00, 0xe0, 0x00, 0x0b,
    0x00, 0xf0, 0x00, 0xb0, 0x00, 0xe0, 0x00, 0x0b, 0x00, 0xf0, 0x00, 0xb0, 0x00, 0xe0, 0x00, 0x0f,
    0x99, 0xff, 0xff, 0xff, 0xff, 0xf0, 0x17, 0xbf, 0x51, 0xf0, 0x00, 0x00, 0x00, 0xe0, 0x24, 0x0b,
    0x00, 0xf0, 0x00, 0x00, 0x00, 0x10, 0x00, 0x0b, 0x00, 0xf0, 0x00, 0x00, 0x00, 0x00, 0x00, 0x0b,
    0x00, 0xf0, 0x00, 0x00, 0x00, 0x07, 0x00, 0x0b, 0x00, 0xf2, 0x00, 0x00, 0x00, 0x08, 0x07, 0xb9,
    0x00, 0x9d, 0xbb, 0xbb, 0xbb, 0xb5, 0x00, 0x05, 0x00, 0x00, 0x02, 0x00, 0x00, 0x00, 0x00, 0xb0,
    0x00, 0x00, 0x71, 0x00, 0x00, 0x00, 0x0b, 0x00, 0x00, 0x03, 0x50, 0x00, 0x00, 0x00, 0xb0, 0x04,
    0x44, 0x46, 0x44, 0x42, 0x1b, 0xbf, 0xb8, 0x44, 0x44, 0x44, 0x44, 0x20, 0x00, 0xb0, 0x00, 0x10,
    0x00, 0x02, 0x00, 0x00, 0x0b, 0x00, 0x07, 0x00, 0x00, 0x70, 0x00, 0x00, 0xb0, 0x00, 0x52, 0x00,
    0x08, 0x00, 0x00, 0x0f, 0x73, 0x02, 0x50, 0x00, 0x70, 0x01, 0x87, 0xe0, 0x00, 0x07, 0x00, 0x16,
    0x00, 0x00, 0x0b, 0x00, 0x00, 0x70, 0x04, 0x30, 0x00, 0x00, 0xb0, 0x00, 0x07, 0x00, 0x70, 0x00,
    0x00, 0x0b, 0x00, 0x00, 0x70, 0x07, 0x00, 0x00, 0x00, 0xb0, 0x00, 0x00, 0x01, 0x60, 0x00, 0x08,
    0xba, 0x07, 0xbb, 0xbb, 0xcc, 0xbb, 0xb0, 0x00, 0x05, 0x00, 0x00, 0x00, 0x20, 0x00, 0x00, 0x00,
    0xb0, 0x00, 0x00, 0x06, 0x00, 0x00, 0x00, 0x0b, 0x00, 0x00, 0x01, 0x50, 0x00, 0x00, 0x00, 0xb0,
    0x02, 0x77, 0xa8, 0x77, 0x72, 0x3b, 0xbf, 0xbb, 0x4b, 0x00, 0x00, 0x0b, 0x40, 0x00, 0xb0, 0x04,
    0xb0, 0x00, 0x00, 0xb4, 0x00, 0x0b, 0x00, 0x4b, 0x00, 0x00, 0x0b, 0x40, 0x00, 0xb0, 0x35, 0xb0,
    0x00, 0x00, 0xb4, 0x00, 0x4f, 0x74, 0x4f, 0xbb, 0xbb, 0xbf, 0x43, 0x84, 0xb0, 0x04, 0xb0, 0x00,
    0x00, 0xb4, 0x00, 0x0b, 0x00, 0x4b, 0x00, 0x00, 0x0b, 0x40, 0x00, 0xb0, 0x04, 0xb0, 0x00, 0x00,
    0xb4, 0x00, 0x0b, 0x00, 0x4b, 0x00, 0x00, 0x0b, 0x40, 0x00, 0xb0, 0x04, 0xfb, 0xbb, 0xbb, 0xf4,
    0x0b, 0xbb, 0x00, 0x4b, 0x00, 0x00, 0x0b, 0x40, 0x00, 0x00, 0x00, 0x10, 0x00, 0x00, 0x00, 0x00,
    0x00, 0x03, 0x67, 0x53, 0x44, 0x45, 0x44, 0x42, 0x06, 0x66, 0x60, 0x08, 0xbb, 0xbf, 0xbb, 0xb5,
    0x00, 0x02, 0x50, 0x00, 0x00, 0x0b, 0x00, 0x00, 0x00, 0x02, 0x50, 0x01, 0x55, 0x5f, 0x55, 0x50,
    0x0a, 0xbd, 0xfb, 0x80, 0x00, 0x0b, 0x00, 0x00, 0x00, 0x02, 0x50, 0x00, 0x00, 0x0b, 0x00, 0x00,
    0x00, 0x02, 0x50, 0x04, 0xbb, 0xbf, 0xbb, 0xb2, 0x00, 0x03, 0x40, 0x00, 0x00, 0x0b, 0x00, 0x00,
    0x06, 0x6b, 0x96, 0x60, 0x00, 0x0b, 0x00, 0x00, 0x00, 0x07, 0x00, 0x1b, 0xbb, 0xbf, 0xbb, 0xb7,
    0x00, 0x07, 0x00, 0x00, 0x00, 0x0b, 0x00, 0x00, 0x00, 0x35, 0x00, 0x00, 0x00, 0x0b, 0x00, 0x00,
    0x01, 0x80, 0x00, 0x00, 0x00, 0x0b, 0x00, 0x00, 0x08, 0x10, 0x00, 0x00, 0x00, 0x0b, 0x00, 0x00,
    0x00, 0x00, 0x00, 0x00, 0x00, 0x00, 0x00, 0x00, 0x00, 0x05, 0x00, 0x00, 0x00, 0x00, 0x00, 0x00,
    0x00, 0x0b, 0x00, 0x09, 0x00, 0x00, 0x0b, 0x00, 0x00, 0x0b, 0x00, 0x0b, 0x33, 0x00, 0x1b, 0x00,
    0x00, 0x0b, 0x00, 0x0b, 0x07, 0x00, 0x29, 0x00, 0x4b, 0xbf, 0xb5, 0x0b, 0x05, 0x20, 0x37, 0x00,
    0x00, 0x0b, 0x00, 0x0b, 0x00, 0x60, 0x45, 0x00, 0x00, 0x0b, 0x00, 0x0b, 0x00, 0x60, 0x62, 0x00,
    0x00, 0x0b, 0x00, 0x0b, 0x00, 0x10, 0x80, 0x00, 0x00, 0x2f, 0x74, 0x0b, 0x00, 0x00, 0xa0, 0x00,
    0x38, 0x5c, 0x00, 0x0b, 0x00, 0x31, 0xa4, 0x00, 0x00, 0x0b, 0x00, 0x0b, 0x28, 0x26, 0x18, 0x00,
    0x00, 0x0b, 0x00, 0x2f, 0x60, 0x18, 0x02, 0x60, 0x00, 0x0b, 0x00, 0x94, 0x00, 0x82, 0x00, 0x80,
    0x00, 0x0b, 0x00, 0x00, 0x07, 0x40, 0x00, 0x35, 0x0a, 0xc9, 0x00, 0x00, 0x54, 0x00, 0x00, 0x00,
    0x00, 0x05, 0x00, 0x00, 0x00, 0x00, 0x00, 0x00, 0x00, 0x0b, 0x00, 0x00, 0x00, 0x00, 0x00, 0x00,
    0x00, 0x0b, 0x00, 0x8f, 0xbb, 0xbb, 0xbf, 0x20, 0x00, 0x0b, 0x00, 0x02, 0x60, 0x00, 0x36, 0x00,
    0x4b, 0xbf, 0xbb, 0x00, 0x45, 0x05, 0x60, 0x00, 0x00, 0x0b, 0x00, 0x00, 0x06, 0xd4, 0x00, 0x00,
    0x00, 0x0b, 0x00, 0x04, 0x76, 0x28, 0x40, 0x00, 0x00, 0x0b, 0x03, 0x74, 0x00, 0x40, 0x37, 0x71,
    0x00, 0x3f, 0x84, 0x00, 0x00, 0x70, 0x00, 0x00, 0x39, 0x6c, 0x00, 0x3b, 0xbb, 0xfb, 0xbb, 0x00,
    0x00, 0x0b, 0x00, 0x00, 0x00, 0x70, 0x00, 0x00, 0x00, 0x0b, 0x01, 0xbb, 0xbb, 0xfb, 0xbb, 0xb3,
    0x00, 0x0b, 0x00, 0x00, 0x00, 0x70, 0x00, 0x00, 0x00, 0x0b, 0x00, 0x00, 0x00, 0x70, 0x00, 0x00,
    0x09, 0xba, 0x00, 0x00, 0x00, 0x70, 0x00, 0x00, 0x00, 0x00, 0x00, 0x00, 0x00, 0x00, 0x00, 0x00,
    0x00, 0x05, 0x00, 0x00, 0x00, 0x20, 0x00, 0x00, 0x00, 0x0b, 0x00, 0x00, 0x00, 0xb0, 0x00, 0x00,
    0x00, 0x0b, 0x00, 0x01, 0x11, 0xc1, 0x11, 0x00, 0x00, 0x0b, 0x00, 0x26, 0x66, 0xf6, 0x66, 0x40,
    0x4b, 0xbf, 0xb9, 0x00, 0x00, 0xb0, 0x00, 0x00, 0x00, 0x0b, 0x00, 0x11, 0x11, 0xc1, 0x11, 0x10,
    0x00, 0x0b, 0x04, 0xee, 0xee, 0xfe, 0xfe, 0xe4, 0x00, 0x0b, 0x00, 0x00, 0x00, 0x00, 0xb0, 0x00,
    0x00, 0x0e, 0x75, 0x00, 0x00, 0x00, 0xb0, 0x00, 0x27, 0x8f, 0x02, 0xbb, 0xbb, 0xbb, 0xfb, 0xb2,
    0x21, 0x0b, 0x00, 0x03, 0x10, 0x00, 0xb0, 0x00, 0x00, 0x0b, 0x00, 0x00, 0x70, 0x00, 0xb0, 0x00,
    0x00, 0x0b, 0x00, 0x00, 0x25, 0x00, 0xb0, 0x00, 0x00, 0x0b, 0x00, 0x00, 0x00, 0x00, 0xb0, 0x00,
    0x0a, 0xc9, 0x00, 0x00, 0x00, 0xbb, 0xc0, 0x00, 0x00, 0x05, 0x00, 0x00, 0x00, 0x20, 0x00, 0x00,
    0x00, 0x0b, 0x00, 0x00, 0x00, 0xb0, 0x00, 0x00, 0x00, 0x0b, 0x00, 0x00, 0x00, 0xb0, 0x00, 0x00,
    0x00, 0x0b, 0x00, 0x47, 0x77, 0xf7, 0x77, 0x20, 0x1b, 0xbf, 0xb8, 0x00, 0x00, 0xb0, 0x00, 0x00,
    0x00, 0x0b, 0x00, 0x00, 0x00, 0xb0, 0x00, 0x00, 0x00, 0x0b, 0x03, 0xbb, 0xbb, 0xfb, 0xbb, 0xb3,
    0x00, 0x0b, 0x01, 0x22, 0x22, 0x52, 0x22, 0x21, 0x00, 0x2f, 0x75, 0x00, 0x00, 0xb0, 0x00, 0x00,
    0x28, 0x5c, 0x00, 0x00, 0x00, 0xb0, 0x00, 0x00, 0x00, 0x0b, 0x00, 0xbb, 0xbb, 0xfb, 0xbb, 0x70,
    0x00, 0x0b, 0x00, 0x00, 0x00, 0xb0, 0x00, 0x00, 0x00, 0x0b, 0x00, 0x00, 0x00, 0xb0, 0x00, 0x00,
    0x00, 0x0b, 0x00, 0x00, 0x00, 0xb0, 0x00, 0x00, 0x0b, 0xba, 0x1e, 0xee, 0xee, 0xfe, 0xee, 0xe5,
    0x00, 0x00, 0x00, 0x00, 0x00, 0x00, 0x00, 0x00, 0x00, 0x05, 0x00, 0x00, 0x01, 0x20, 0x00, 0x00,
    0x00, 0x0b, 0x00, 0x00, 0x00, 0x70, 0x00, 0x00, 0x00, 0x0b, 0x00, 0x23, 0x33, 0xa3, 0x33, 0x30,
    0x00, 0x0b, 0x00, 0x94, 0x44, 0x54, 0x44, 0x90, 0x4b, 0xbf, 0xb8, 0x70, 0x05, 0x10, 0x00, 0x70,
    0x00, 0x0b, 0x00, 0x60, 0x07, 0x00, 0x00, 0x50, 0x00, 0x0b, 0x00, 0x00, 0x35, 0x00, 0x00, 0x00,
    0x00, 0x0b, 0x02, 0xbb, 0xfc, 0xbb, 0xed, 0xb3, 0x00, 0x0b, 0x36, 0x02, 0x60, 0x00, 0x80, 0x00,
    0x15, 0x7f, 0x30, 0x09, 0x00, 0x00, 0x80, 0x00, 0x22, 0x0b, 0x00, 0x09, 0x71, 0x04, 0x40, 0x00,
    0x00, 0x0b, 0x00, 0x00, 0x06, 0x88, 0x00, 0x00, 0x00, 0x0b, 0x00, 0x00, 0x02, 0xa8, 0x40, 0x00,
    0x00, 0x0b, 0x00, 0x01, 0x67, 0x00, 0x48, 0x10, 0x0a, 0xb9, 0x00, 0x77, 0x10, 0x00, 0x01, 0x70,
    0x00, 0x03, 0x00, 0x00, 0x03, 0x00, 0x00, 0x00, 0x00, 0x0b, 0x00, 0x00, 0x63, 0x00, 0x00, 0x00,
    0x00, 0x0b, 0x00, 0x02, 0xeb, 0xbb, 0xf2, 0x00, 0x00, 0x0b, 0x00, 0x0a, 0x10, 0x03, 0x70, 0x00,
    0x07, 0x7f, 0x73, 0xc7, 0x44, 0x6b, 0x44, 0x00, 0x00, 0x0b, 0x07, 0xfb, 0xbb, 0xfb, 0xbb, 0x00,
    0x00, 0x0b, 0x00, 0xb0, 0x00, 0x70, 0x06, 0x00, 0x00, 0x0b, 0x00, 0xb0, 0x00, 0x70, 0x06, 0x00,
    0x00, 0x1f, 0x60, 0xb0, 0x00, 0x70, 0x06, 0x00, 0x18, 0x7d, 0x1b, 0xfb, 0xbc, 0xfb, 0xbf, 0xb0,
    0x01, 0x0b, 0x02, 0x22, 0x28, 0xa3, 0x22, 0x20, 0x00, 0x0b, 0x00, 0x00, 0x27, 0x07, 0x00, 0x00,
    0x00, 0x0b, 0x00, 0x02, 0x80, 0x03, 0x60, 0x00, 0x00, 0x0b, 0x00, 0x56, 0x00, 0x00, 0x46, 0x00,
    0x06, 0xc9, 0x28, 0x30, 0x00, 0x00, 0x02, 0x81, 0x00, 0x00, 0x00, 0x00, 0x00, 0x00, 0x00, 0x00,
    0x00, 0x03, 0x00, 0x00, 0x00, 0x00, 0x00, 0x00, 0x00, 0x0b, 0x01, 0xfc, 0xbb, 0xbb, 0xbb, 0x90,
    0x00, 0x0b, 0x02, 0xf1, 0x00, 0x00, 0x00, 0xb0, 0x00, 0x0b, 0x02, 0xf1, 0x00, 0x00, 0x00, 0xb0,
    0x27, 0x7f, 0x77, 0xf7, 0x66, 0x66, 0x66, 0xc0, 0x00, 0x0b, 0x02, 0xfc, 0xbb, 0xbf, 0xbb, 0x90,
    0x00, 0x0b, 0x02, 0xf1, 0x00, 0x0b, 0x00, 0x00, 0x00, 0x0b, 0x02, 0xfc, 0xbb, 0xbf, 0xbb, 0xb7,
    0x00, 0x1f, 0x78, 0xf0, 0x00, 0x0b, 0x00, 0x00, 0x37, 0x6d, 0x04, 0xd0, 0x00, 0x0b, 0x00, 0x00,
    0x00, 0x0b, 0x05, 0xb4, 0xff, 0xff, 0xff, 0xc0, 0x00, 0x0b, 0x06, 0x84, 0x40, 0x00, 0x00, 0xb0,
    0x00, 0x0b, 0x08, 0x54, 0x30, 0x00, 0x00, 0xb0, 0x00, 0x0b, 0x09, 0x04, 0x30, 0x00, 0x00, 0xb0,
    0x0a, 0xb9, 0x16, 0x04, 0xfb, 0xbb, 0xbb, 0xe0, 0x00, 0x05, 0x00, 0x00, 0x01, 0x50, 0x00, 0x00,
    0x00, 0x0b, 0x00, 0x00, 0x02, 0xc0, 0x00, 0x00, 0x00, 0x0b, 0x04, 0xbb, 0xbd, 0xfb, 0xbb, 0xb3,
    0x00, 0x0b, 0x00, 0x00, 0x02, 0xc0, 0x00, 0x00, 0x39, 0x9f, 0x97, 0x7b, 0xbd, 0xfb, 0xbc, 0x00,
    0x00, 0x0b, 0x00, 0x00, 0x02, 0xc0, 0x0b, 0x00, 0x00, 0x0b, 0x06, 0xbb, 0xbd, 0xfb, 0xbf, 0xb3,
    0x00, 0x0b, 0x02, 0x00, 0x02, 0xc0, 0x0b, 0x00, 0x00, 0x3f, 0x83, 0x00, 0x02, 0xc0, 0x0b, 0x00,
    0x49, 0x6c, 0x00, 0x7b, 0xbd, 0xfb, 0xbb, 0x00, 0x00, 0x0b, 0x00, 0x42, 0x02, 0xc0, 0x00, 0x00,
    0x00, 0x0b, 0x00, 0xb1, 0x02, 0xfb, 0xbb, 0x70, 0x00, 0x0b, 0x00, 0x78, 0x02, 0xc0, 0x00, 0x00,
    0x00, 0x0b, 0x04, 0x35, 0x83, 0xc0, 0x00, 0x00, 0x0a, 0xc9, 0x17, 0x00, 0x3a, 0xcb, 0xbb, 0xb2,
    0x00, 0x05, 0x00, 0x00, 0x00, 0x20, 0x00, 0x00, 0x00, 0x0b, 0x00, 0x00, 0x00, 0x80, 0x00, 0x00,
    0x00, 0x0b, 0x00, 0x17, 0x77, 0xaa, 0x77, 0x72, 0x00, 0x0b, 0x00, 0x00, 0x30, 0x00, 0x04, 0x00,
    0x2b, 0xbf, 0xb7, 0x00, 0x52, 0x00, 0x35, 0x00, 0x00, 0x0b, 0x00, 0x00, 0x06, 0x00, 0x80, 0x00,
    0x00, 0x0b, 0x00, 0x9b, 0xbb, 0xbd, 0xdb, 0xb9, 0x00, 0x0b, 0x00, 0x00, 0x01, 0x40, 0x00, 0x00,
    0x00, 0x0e, 0x74, 0x00, 0x07, 0x00, 0x00, 0x00, 0x17, 0x8f, 0x00, 0xbb, 0xdf, 0xbb, 0xbf, 0xbb,
    0x12, 0x0b, 0x00, 0x00, 0x70, 0x00, 0x27, 0x00, 0x00, 0x0b, 0x00, 0x08, 0xa6, 0x10, 0x91, 0x00,
    0x00, 0x0b, 0x00, 0x00, 0x01, 0x9f, 0x50, 0x00, 0x00, 0x0b, 0x00, 0x02, 0x67, 0x50, 0x59, 0x30,
    0x07, 0xc9, 0x02, 0x75, 0x10, 0x00, 0x00, 0x63, 0x00, 0x05, 0x00, 0x00, 0x01, 0x10, 0x00, 0x00,
    0x00, 0x0b, 0x00, 0x00, 0x00, 0x80, 0x00, 0x00, 0x00, 0x0b, 0x00, 0x55, 0x55, 0xa8, 0x55, 0x54,
    0x00, 0x0b, 0x00, 0xc2, 0x22, 0x22, 0x22, 0x2b, 0x3b, 0xbf, 0xb8, 0xb0, 0x02, 0x01, 0x30, 0x0b,
    0x00, 0x0b, 0x00, 0x50, 0x53, 0x00, 0x63, 0x02, 0x00, 0x0b, 0x00, 0x04, 0x50, 0x00, 0x07, 0x20,
    0x00, 0x0b, 0x00, 0x45, 0x00, 0x00, 0x00, 0x70, 0x00, 0x0f, 0x82, 0x14, 0x44, 0x44, 0x44, 0x20,
    0x16, 0x9f, 0x00, 0x2b, 0xbb, 0xfb, 0xbb, 0x50, 0x23, 0x0b, 0x00, 0x00, 0x00, 0xb0, 0x00, 0x00,
    0x00, 0x0b, 0x00, 0x00, 0x00, 0xb0, 0x00, 0x00, 0x00, 0x0b, 0x00, 0x00, 0x00, 0xb0, 0x00, 0x00,
    0x00, 0x0b, 0x00, 0x00, 0x00, 0xb0, 0x00, 0x00, 0x0a, 0xc9, 0x08, 0xee, 0xee, 0xfe, 0xee, 0xe7,
    0x00, 0x03, 0x00, 0x00, 0x10, 0x00, 0x30, 0x00, 0x00, 0x0b, 0x00, 0x00, 0x42, 0x00, 0xb0, 0x00,
    0x00, 0x0b, 0x00, 0x00, 0x42, 0x00, 0xb0, 0x00, 0x00, 0x0b, 0x02, 0x77, 0xa8, 0x77, 0xf7, 0x72,
    0x2b, 0xbf, 0xb8, 0x00, 0x42, 0x00, 0xb0, 0x00, 0x00, 0x0b, 0x00, 0x00, 0x42, 0x00, 0xb0, 0x00,
    0x00, 0x0b, 0x00, 0x02, 0x22, 0x22, 0x32, 0x10, 0x00, 0x0b, 0x00, 0x3e, 0xbb, 0xfb, 0xbb, 0x70,
    0x00, 0x0f, 0x64, 0x3b, 0x00, 0xb0, 0x00, 0x60, 0x27, 0x7e, 0x00, 0x3b, 0x00, 0xb0, 0x00, 0x60,
    0x00, 0x0b, 0x00, 0x3f, 0xbb, 0xfb, 0xbb, 0x90, 0x00, 0x0b, 0x00, 0x3b, 0x00, 0xb0, 0x00, 0x60,
    0x00, 0x0b, 0x00, 0x3b, 0x00, 0xb0, 0x00, 0x60, 0x00, 0x0b, 0x00, 0x3f, 0xbb, 0xfb, 0xbb, 0x90,
    0x0a, 0xc9, 0x00, 0x3f, 0x33, 0x33, 0x33, 0x70, 0x00, 0x00, 0x00, 0x00, 0x00, 0x00, 0x00, 0x00,
    0x00, 0x03, 0x00, 0x00, 0x00, 0x00, 0x00, 0x00, 0x00, 0x0b, 0x00, 0xab, 0xbb, 0xbb, 0xbd, 0x00,
    0x00, 0x0b, 0x00, 0xb0, 0x00, 0x00, 0x0b, 0x00, 0x00, 0x0b, 0x00, 0xbb, 0xbb, 0xbb, 0xbe, 0x00,
    0x15, 0x5f, 0x54, 0xb0, 0x00, 0x00, 0x0b, 0x00, 0x00, 0x0b, 0x00, 0xbb, 0xbb, 0xbb, 0xbe, 0x00,
    0x00, 0x0b, 0x00, 0x00, 0x00, 0x00, 0x00, 0x00, 0x00, 0x0b, 0x00, 0x22, 0x22, 0x22, 0x22, 0x20,
    0x00, 0x1f, 0x99, 0xbb, 0xbd, 0xfb, 0xbb, 0xb2, 0x28, 0x8f, 0x20, 0x04, 0x02, 0xd0, 0x00, 0x00,
    0x00, 0x0b, 0x00, 0x25, 0x02, 0xfb, 0xbb, 0x30, 0x00, 0x0b, 0x00, 0x86, 0x02, 0xd0, 0x00, 0x00,
    0x00, 0x0b, 0x00, 0x78, 0x02, 0xd0, 0x00, 0x00, 0x00, 0x0b, 0x03, 0x42, 0xa6, 0xd0, 0x00, 0x00,
    0x0a, 0xb9, 0x17, 0x00, 0x28, 0xfc, 0xbb, 0xb7, 0x00, 0x03, 0x00, 0x00, 0x00, 0x40, 0x00, 0x00,
    0x00, 0x0b, 0x00, 0x01, 0x63, 0xb0, 0x00, 0x00, 0x00, 0x0b, 0x00, 0xc7, 0x20, 0xb6, 0xbb, 0xe1,
    0x02, 0x2d, 0x21, 0xf0, 0x00, 0xb0, 0x00, 0xf1, 0x03, 0x3f, 0x32, 0xfb, 0xb2, 0xb5, 0xbb, 0xf1,
    0x00, 0x0b, 0x00, 0xf0, 0x00, 0xb0, 0x00, 0xf1, 0x00, 0x0b, 0x00, 0xf0, 0x00, 0xb0, 0x00, 0xf1,
    0x00, 0x0b, 0x01, 0xfb, 0xbb, 0xfb, 0xbb, 0xc1, 0x00, 0x0f, 0x63, 0x00, 0x00, 0xb0, 0x00, 0x00,
    0x17, 0x7d, 0x00, 0xbb, 0xbb, 0xfb, 0xbf, 0x90, 0x01, 0x0b, 0x00, 0x6b, 0x55, 0x55, 0x6f, 0xa0,
    0x00, 0x0b, 0x00, 0x04, 0x50, 0x01, 0xbb, 0x10, 0x00, 0x0b, 0x00, 0x00, 0x37, 0x5c, 0x80, 0x00,
    0x00, 0x0b, 0x00, 0x00, 0x5b, 0xe9, 0x40, 0x00, 0x07, 0xc9, 0x06, 0x88, 0x50, 0x00, 0x25, 0x64,
    0x00, 0x00, 0x00, 0x00, 0x00, 0x00, 0x00, 0x00, 0x00, 0x07, 0x00, 0x00, 0x00, 0x00, 0x00, 0x00,
    0x00, 0x0b, 0x0d, 0xff, 0xff, 0xff, 0xff, 0xf9, 0x00, 0x0b, 0x00, 0x71, 0x00, 0x00, 0x0f, 0x00,
    0x0b, 0xbf, 0xb4, 0x89, 0x88, 0x88, 0x8f, 0x00, 0x00, 0x0b, 0x00, 0x71, 0x00, 0x00, 0x0f, 0x00,
    0x00, 0x0b, 0x00, 0x8c, 0xbb, 0xbb, 0xbf, 0x00, 0x00, 0x0b, 0x00, 0x71, 0x00, 0x00, 0x0f, 0x22,
    0x00, 0x0b, 0x38, 0xfc, 0xcb, 0xbb, 0xaf, 0x97, 0x03, 0x8f, 0x71, 0x00, 0x00, 0x00, 0x08, 0x00,
    0x27, 0x2b, 0x0b, 0xbb, 0xcb, 0xfb, 0xbb, 0xf2, 0x00, 0x0b, 0x05, 0x40, 0x61, 0x53, 0x00, 0x80,
    0x00, 0x0b, 0x00, 0x57, 0x60, 0x08, 0x07, 0x20, 0x00, 0x0b, 0x00, 0x1b, 0x70, 0x02, 0xd4, 0x00,
    0x00, 0x0b, 0x02, 0x81, 0x32, 0x18, 0x68, 0x10, 0x07, 0xb9, 0x47, 0x00, 0x17, 0x60, 0x01, 0x75,
    0x00, 0x00, 0x00, 0x00, 0x30, 0x00, 0x00, 0x00, 0x00, 0x00, 0x00, 0x00, 0x73, 0x00, 0x00, 0x00,
    0x06, 0xfb, 0xbb, 0xeb, 0xde, 0xbb, 0xeb, 0xb7, 0x06, 0xc0, 0x00, 0xb0, 0x00, 0x00, 0xb0, 0x00,
    0x06, 0xc7, 0xbc, 0xfb, 0xb8, 0xbd, 0xfc, 0xb4, 0x06, 0xc0, 0x07, 0xf6, 0x00, 0x18, 0xd8, 0x00,
    0x06, 0xc1, 0x71, 0xb2, 0x62, 0x91, 0xb2, 0x81, 0x06, 0xc5, 0x00, 0xb0, 0x05, 0x10, 0xb2, 0x14,
    0x06, 0xb0, 0x6a, 0xbb, 0xaf, 0x98, 0x62, 0x00, 0x07, 0xa0, 0x11, 0x00, 0x0b, 0x00, 0x00, 0x00,
    0x09, 0x80, 0xbb, 0xbb, 0xbf, 0xbb, 0xbb, 0xa0, 0x0b, 0x50, 0x00, 0x00, 0x0b, 0x00, 0x00, 0x00,
    0x0d, 0x1a, 0xbb, 0xbb, 0xbf, 0xbb, 0xbb, 0xb7, 0x49, 0x00, 0x00, 0x00, 0x0b, 0x00, 0x00, 0x00,
    0x72, 0x00, 0x00, 0x8b, 0xb9, 0x00, 0x00, 0x00, 0x00, 0x05, 0x00, 0x00, 0x30, 0x01, 0x20, 0x00,
    0x00, 0xb0, 0x00, 0x07, 0x00, 0x26, 0x00, 0x00, 0x0b, 0x07, 0xbb, 0xfb, 0xbd, 0xfb, 0xa0, 0x00,
    0xb0, 0x00, 0x07, 0x00, 0x26, 0x00, 0x00, 0x0c, 0x00, 0x8b, 0xeb, 0xbc, 0xdb, 0x20, 0x00, 0xb0,
    0x07, 0x00, 0x00, 0x00, 0x52, 0x00, 0x0b, 0x00, 0xab, 0xbb, 0xbb, 0xbd, 0x20, 0x00, 0xb0, 0x07,
    0x00, 0x00, 0x00, 0x52, 0x00, 0x0f, 0x73, 0x95, 0x55, 0x55, 0x59, 0x20, 0x68, 0xf0, 0x08, 0xbb,
    0xfe, 0xbb, 0xb2, 0x03, 0x0b, 0x00, 0x00, 0x07, 0x00, 0x00, 0x00, 0x00, 0xb0, 0x8b, 0xbb, 0xff,
    0xbb, 0xbb, 0x00, 0x0b, 0x00, 0x00, 0x54, 0x44, 0x00, 0x00, 0x00, 0xb0, 0x00, 0x66, 0x00, 0x36,
    0x20, 0x0a, 0xc9, 0x06, 0x72, 0x00, 0x00, 0x05, 0x60, 0x00, 0x03, 0x00, 0x00, 0x00, 0x00, 0x01,
    0x00, 0x00, 0x0b, 0x00, 0x34, 0x67, 0xc7, 0x76, 0x10, 0x00, 0x0b, 0x00, 0x24, 0x10, 0xb0, 0x31,
    0x00, 0x00, 0x0b, 0x00, 0x01, 0x50, 0xb0, 0x60, 0x00, 0x27, 0x7f, 0x76, 0x00, 0x40, 0xb1, 0x50,
    0x00, 0x00, 0x0b, 0x05, 0xbb, 0xbf, 0xff, 0xcb, 0xb4, 0x00, 0x0b, 0x00, 0x00, 0x54, 0xb7, 0x30,
    0x00, 0x00, 0x0b, 0x22, 0x07, 0x40, 0xb0, 0x65, 0x00, 0x00, 0x5f, 0x65, 0x82, 0x00, 0xb0, 0x04,
    0x82, 0x48, 0x3b, 0x03, 0x3e, 0xdd, 0xfd, 0xde, 0x43, 0x00, 0x0b, 0x00, 0x4b, 0x00, 0xb0, 0x0b,
    0x40, 0x00, 0x0b, 0x00, 0x4f, 0xbb, 0xfb, 0xbf, 0x40, 0x00, 0x0b, 0x00, 0x4b, 0x00, 0xb0, 0x0b,
    0x40, 0x00, 0x0b, 0x00, 0x4f, 0xbb, 0xfb, 0xbf, 0x40, 0x0a, 0xc9, 0x00, 0x4d, 0x22, 0x22, 0x2d,
    0x40, 0x00, 0x03, 0x00, 0x00, 0x00, 0x00, 0x00, 0x00, 0x00, 0x0b, 0x00, 0x02, 0xbb, 0xbb, 0xb0,
    0x00, 0x00, 0x0b, 0x00, 0x03, 0x30, 0x00, 0xb0, 0x00, 0x00, 0x0c, 0x00, 0x03, 0x30, 0x00, 0xb0,
    0x00, 0x06, 0x6f, 0x62, 0x01, 0x66, 0x66, 0x70, 0x00, 0x00, 0x0b, 0x00, 0xbb, 0xba, 0x1b, 0xbb,
    0xb0, 0x00, 0x0b, 0x00, 0xb0, 0x0b, 0x24, 0x00, 0xb0, 0x00, 0x0b, 0x12, 0xb0, 0x0b, 0x24, 0x00,
    0xb0, 0x00, 0x4f, 0x61, 0xeb, 0xbd, 0x3c, 0xbb, 0xe0, 0x08, 0x3b, 0x00, 0x00, 0x00, 0x60, 0x00,
    0x00, 0x00, 0x0b, 0x07, 0xbb, 0xbe, 0xfc, 0xbb, 0xb1, 0x00, 0x0b, 0x00, 0x00, 0x36, 0x67, 0x10,
    0x00, 0x00, 0x0b, 0x00, 0x06, 0x50, 0x60, 0x73, 0x00, 0x00, 0x0b, 0x06, 0x72, 0x00, 0x60, 0x05,
    0x81, 0x05, 0xc9, 0x01, 0x00, 0x00, 0x60, 0x00, 0x00, 0x00, 0x00, 0x00, 0x00, 0x00, 0x00, 0x00,
    0x00, 0x00, 0x03, 0x00, 0x00, 0x01, 0x10, 0x00, 0x00, 0x00, 0x0b, 0x00, 0x00, 0x01, 0x80, 0x00,
    0x00, 0x00, 0x0b, 0x00, 0xcb, 0xbb, 0xfc, 0xbb, 0xc0, 0x00, 0x0b, 0x00, 0xb0, 0x50, 0x00, 0x00,
    0xb0, 0x05, 0x5f, 0x52, 0x37, 0xfc, 0x8e, 0xcd, 0x40, 0x00, 0x0b, 0x00, 0x37, 0x16, 0x27, 0x05,
    0x00, 0x00, 0x0b, 0x03, 0x61, 0x89, 0x02, 0x75, 0x00, 0x00, 0x0b, 0x01, 0x18, 0xa0, 0x00, 0x63,
    0x00, 0x00, 0x3f, 0x72, 0x28, 0x3b, 0xbb, 0xb7, 0x30, 0x07, 0x4b, 0x03, 0x70, 0x00, 0x00, 0x00,
    0x60, 0x00, 0x0b, 0x00, 0xde, 0xee, 0xfe, 0xee, 0x60, 0x00, 0x0b, 0x00, 0x01, 0x30, 0x80, 0x11,
    0x00, 0x00, 0x0b, 0x00, 0x09, 0x10, 0x80, 0x07, 0x00, 0x00, 0x0b, 0x01, 0x82, 0x00, 0x80, 0x03,
    0x60, 0x05, 0xc9, 0x00, 0x00, 0x2b, 0x90, 0x00, 0x10, 0x00, 0x00, 0x00, 0x00, 0x00, 0x00, 0x00,
    0x00, 0x00, 0x00, 0x00, 0x06, 0x00, 0x00, 0x00, 0x00, 0x00, 0x00, 0x00, 0x0b, 0x00, 0x00, 0x00,
    0x00, 0x00, 0x00, 0x00, 0x0b, 0x00, 0x00, 0x00, 0x00, 0x2b, 0xbb, 0xbb, 0xbf, 0xbb, 0xbb, 0xbb,
    0x50, 0x00, 0x00, 0x00, 0x0b, 0x00, 0x00, 0x00, 0x00, 0x00, 0x00, 0x00, 0x0b, 0x00, 0x00, 0x00,
    0x00, 0x00, 0x00, 0x00, 0x0b, 0x00, 0x00, 0x00, 0x00, 0x07, 0xff, 0xff, 0xff, 0xff, 0xff, 0xb0,
    0x00, 0x00, 0x00, 0x70, 0x00, 0x00, 0x04, 0x50, 0x00, 0x00, 0x00, 0x44, 0x00, 0x00, 0x18, 0x00,
    0x00, 0x00, 0x00, 0x05, 0x30, 0x01, 0x91, 0x00, 0x00, 0x00, 0x00, 0x00, 0x55, 0x28, 0x10, 0x00,
    0x00, 0x00, 0x00, 0x00, 0x09, 0xe2, 0x00, 0x00, 0x00, 0x00, 0x00, 0x16, 0x72, 0x05, 0x74, 0x00,
    0x00, 0x03, 0x77, 0x61, 0x00, 0x00, 0x02, 0x76, 0x71, 0x25, 0x10, 0x00, 0x00, 0x00, 0x00, 0x00,
    0x00, 0x00, 0x01, 0x10, 0x00, 0x00, 0x10, 0x00, 0x00, 0x00, 0x01, 0x60, 0x00, 0x03, 0x30, 0x00,
    0x00, 0x00, 0x00, 0x60, 0x00, 0x06, 0x00, 0x00, 0x00, 0x48, 0x9b, 0x88, 0x88, 0x26, 0x00, 0x00,
    0x00, 0x24, 0x8f, 0x44, 0x44, 0x1f, 0xbb, 0xbf, 0xc0, 0x00, 0x4b, 0x00, 0x00, 0x49, 0x00, 0x07,
    0x00, 0x00, 0x4f, 0xbb, 0xf2, 0x86, 0x00, 0x07, 0x00, 0x00, 0x4b, 0x00, 0xb5, 0x53, 0x40, 0x34,
    0x00, 0x00, 0x5a, 0x00, 0xb2, 0x00, 0x70, 0x70, 0x00, 0x00, 0x69, 0x00, 0xc2, 0x00, 0x71, 0x70,
    0x00, 0x00, 0x87, 0x00, 0xd1, 0x00, 0x2d, 0x10, 0x00, 0x00, 0xb3, 0x00, 0xd1, 0x00, 0x3d, 0x10,
    0x00, 0x01, 0xc0, 0x00, 0xe0, 0x02, 0x81, 0x80, 0x00, 0x08, 0x40, 0x01, 0xd0, 0x38, 0x00, 0x38,
    0x00, 0x56, 0x01, 0xcc, 0x98, 0x50, 0x00, 0x02, 0x91, 0x10, 0x00, 0x00, 0x00, 0x00, 0x00, 0x00,
    0x00, 0x00, 0x04, 0x10, 0x00, 0x00, 0x60, 0x00, 0x00, 0x00, 0x01, 0x80, 0x00, 0x00, 0x70, 0x00,
    0x00, 0x05, 0x55, 0x85, 0x55, 0x01, 0x70, 0x00, 0x00, 0x02, 0x22, 0x22, 0x22, 0x06, 0xeb, 0xbc,
    0xb2, 0x00, 0x33, 0x02, 0x30, 0x07, 0x00, 0x06, 0x10, 0x00, 0x80, 0x00, 0x81, 0x0b, 0x00, 0x07,
    0x00, 0x06, 0x30, 0x00, 0x16, 0x68, 0x00, 0x07, 0x00, 0x16, 0x30, 0x03, 0x50, 0x73, 0x40, 0x25,
    0x00, 0x00, 0x18, 0x07, 0x00, 0x00, 0x70, 0x61, 0x00, 0x00, 0x01, 0x96, 0x00, 0x00, 0x71, 0x80,
    0x00, 0x00, 0x00, 0xa7, 0x00, 0x00, 0x2b, 0x30, 0x00, 0x00, 0x06, 0x35, 0x40, 0x00, 0x1e, 0x10,
    0x00, 0x00, 0x45, 0x00, 0x80, 0x01, 0x81, 0x80, 0x00, 0x06, 0x50, 0x00, 0x10, 0x18, 0x10, 0x28,
    0x00, 0x03, 0x00, 0x00, 0x05, 0x70, 0x00, 0x02, 0x91, 0x00, 0x00, 0x00, 0x00, 0x00, 0x00, 0x00,
    0x00, 0x00, 0x00, 0x30, 0x00, 0x00, 0x30, 0x00, 0x00, 0x00, 0x00, 0x80, 0x00, 0x00, 0x70, 0x00,
    0x00, 0x06, 0x66, 0xb7, 0x66, 0x31, 0x60, 0x00, 0x00, 0x01, 0x11, 0x11, 0x11, 0x15, 0x41, 0x11,
    0x10, 0x01, 0xcb, 0xbb, 0xb8, 0x0b, 0x88, 0x8e, 0x80, 0x01, 0x60, 0x00, 0x07, 0x0d, 0x10, 0x08,
    0x00, 0x01, 0xdb, 0xbb, 0xb9, 0x65, 0x40, 0x25, 0x00, 0x00, 0x00, 0x00, 0x00, 0x80, 0x70, 0x61,
    0x00, 0x07, 0xbb, 0xbb, 0xe5, 0x00, 0x70, 0x80, 0x00, 0x00, 0x00, 0x04, 0x60, 0x00, 0x54, 0x60,
    0x00, 0x00, 0x00, 0x63, 0x00, 0x10, 0x0f, 0x10, 0x00, 0x03, 0x56, 0xc8, 0x66, 0x20, 0x3c, 0x20,
    0x00, 0x24, 0x20, 0x61, 0x00, 0x01, 0x80, 0x80, 0x00, 0x00, 0x00, 0x61, 0x00, 0x19, 0x10, 0x28,
    0x00, 0x00, 0x6b, 0xc1, 0x04, 0x70, 0x00, 0x02, 0x91, 0x00, 0x00, 0x00, 0x00, 0x00, 0x00, 0x00,
    0x00, 0x00, 0x00, 0x20, 0x00, 0x00, 0x00, 0x00, 0x00, 0x04, 0x10, 0x70, 0x15, 0x00, 0x80, 0x00,
    0x00, 0x00, 0x70, 0x70, 0x71, 0x00, 0x70, 0x00, 0x00, 0x02, 0x52, 0x93, 0x52, 0x13, 0x40, 0x00,
    0x00, 0x18, 0x89, 0xf8, 0x88, 0x49, 0xcb, 0xbf, 0xb0, 0x00, 0x07, 0x97, 0x40, 0x0c, 0x20, 0x07,
    0x00, 0x01, 0x71, 0x70, 0x46, 0x35, 0x50, 0x16, 0x00, 0x06, 0x00, 0x30, 0x00, 0x80, 0x60, 0x52,
    0x00, 0x00, 0x06, 0x10, 0x00, 0x10, 0x60, 0x70, 0x00, 0x0b, 0xbf, 0xbb, 0xd6, 0x00, 0x35, 0x60,
    0x00, 0x00, 0x52, 0x00, 0x70, 0x00, 0x0e, 0x10, 0x00, 0x00, 0xb2, 0x02, 0x50, 0x00, 0x2b, 0x30,
    0x00, 0x00, 0x05, 0xab, 0x00, 0x01, 0x80, 0x80, 0x00, 0x00, 0x05, 0x75, 0x70, 0x28, 0x10, 0x18,
    0x00, 0x06, 0x73, 0x00, 0x05, 0x70, 0x00, 0x02, 0x81, 0x00, 0x00, 0x00, 0x00, 0x00, 0x00, 0x00,
    0x00, 0x00, 0x00, 0x00, 0x05, 0x00, 0x00, 0x00, 0x00, 0x00, 0x00, 0x00, 0x06, 0x30, 0x00, 0x00,
    0x00, 0x00, 0x00, 0x00, 0x00, 0x70, 0x00, 0x00, 0x00, 0x1b, 0xbc, 0xbb, 0xbb, 0xbb, 0xbb, 0xcb,
    0xb2, 0x00, 0x06, 0x10, 0x00, 0x00, 0x02, 0x60, 0x00, 0x00, 0x01, 0x70, 0x00, 0x00, 0x08, 0x00,
    0x00, 0x00, 0x00, 0x71, 0x00, 0x00, 0x27, 0x00, 0x00, 0x00, 0x00, 0x18, 0x00, 0x00, 0x81, 0x00,
    0x00, 0x00, 0x00, 0x04, 0x50, 0x05, 0x40, 0x00, 0x00, 0x00, 0x00, 0x00, 0x73, 0x37, 0x00, 0x00,
    0x00, 0x00, 0x00, 0x00, 0x0b, 0xa0, 0x00, 0x00, 0x00, 0x00, 0x00, 0x00, 0x57, 0x84, 0x00, 0x00,
    0x00, 0x00, 0x00, 0x18, 0x50, 0x06, 0x71, 0x00, 0x00, 0x00, 0x17, 0x71, 0x00, 0x00, 0x18, 0x61,
    0x00, 0x18, 0x71, 0x00, 0x00, 0x00, 0x00, 0x27, 0x81, 0x00, 0x00, 0x00, 0x00, 0x00, 0x00, 0x00,
    0x00, 0x00, 0x00, 0x00, 0x20, 0x03, 0x00, 0x00, 0x00, 0x00, 0x00, 0x00, 0x70, 0x07, 0x00, 0x00,
    0x00, 0x09, 0xbb, 0xbb, 0xb0, 0x0c, 0xbb, 0xbb, 0x90, 0x00, 0x00, 0x00, 0x70, 0x07, 0x00, 0x00,
    0x00, 0x04, 0xbb, 0xbb, 0xb0, 0x0c, 0xbb, 0xbb, 0x50, 0x00, 0x00, 0x00, 0x70, 0x07, 0x00, 0x00,
    0x00, 0x0a, 0xbb, 0xbb, 0xb0, 0x0c, 0xbb, 0xbb, 0xb1, 0x00, 0x00, 0x00, 0x71, 0x07, 0x00, 0x00,
    0x00, 0x00, 0x00, 0x00, 0x25, 0x52, 0x00, 0x00, 0x00, 0x08, 0xbb, 0xfb, 0xbb, 0xfb, 0xbf, 0xbb,
    0xb0, 0x00, 0x00, 0x45, 0x00, 0x00, 0x45, 0x00, 0x00, 0x00, 0x00, 0x04, 0x60, 0x05, 0x60, 0x00,
    0x00, 0x00, 0x00, 0x00, 0x2a, 0xc3, 0x00, 0x00, 0x00, 0x00, 0x00, 0x16, 0x75, 0x37, 0x62, 0x00,
    0x00, 0x16, 0x77, 0x61, 0x00, 0x00, 0x15, 0x77, 0x71, 0x02, 0x00, 0x00, 0x00, 0x00, 0x00, 0x00,
    0x00, 0x00, 0x00, 0x03, 0x00, 0x00, 0x00, 0x00, 0x10, 0x81, 0x10, 0xb0, 0x20, 0x35, 0x66, 0x64,
    0x0f, 0x16, 0x0b, 0x07, 0x2f, 0x20, 0x00, 0x00, 0xf0, 0x70, 0xb4, 0x32, 0xb0, 0x00, 0x00, 0x0f,
    0x03, 0x0b, 0x30, 0x2b, 0x00, 0x00, 0x00, 0xf5, 0x77, 0xf7, 0x74, 0xd1, 0x11, 0x11, 0x0f, 0x00,
    0x4f, 0x00, 0x2f, 0xee, 0xfe, 0xe0, 0xf0, 0x07, 0xf4, 0x02, 0xb0, 0x0b, 0x00, 0x0f, 0x04, 0x4b,
    0x63, 0x2b, 0x00, 0xb0, 0x00, 0xf1, 0x80, 0xb0, 0x73, 0xa0, 0x0b, 0x00, 0x0f, 0x81, 0x0b, 0x00,
    0x48, 0x00, 0xb0, 0x00, 0xf0, 0x00, 0xb0, 0x06, 0x60, 0x0b, 0x00, 0x0f, 0x00, 0x02, 0x00, 0x83,
    0x00, 0xb0, 0x00, 0xfb, 0xbb, 0xbb, 0xaa, 0x00, 0x0b, 0x00, 0x00, 0x00, 0x00, 0x02, 0x50, 0x00,
    0xb0, 0x00, 0x00, 0x30, 0x00, 0x21, 0x00, 0x00, 0x01, 0x20, 0x0e, 0x00, 0x0b, 0x30, 0x24, 0x77,
    0x72, 0x00, 0xe0, 0x00, 0xb3, 0x3f, 0x31, 0x00, 0x04, 0xbf, 0xbb, 0xbf, 0xe9, 0xb0, 0x00, 0x00,
    0x00, 0xe0, 0x00, 0xb3, 0x2b, 0x00, 0x00, 0x00, 0x0f, 0x66, 0x6f, 0x32, 0xd1, 0x11, 0x11, 0x00,
    0xe0, 0x00, 0xb3, 0x2f, 0xee, 0xfe, 0xe0, 0x0e, 0x00, 0x0b, 0x33, 0xb0, 0x0b, 0x00, 0x00, 0xfb,
    0xbb, 0xf4, 0x3a, 0x00, 0xb0, 0x00, 0x0e, 0x00, 0x0b, 0x34, 0x90, 0x0b, 0x00, 0x7b, 0xfb, 0xbb,
    0xfe, 0xe8, 0x00, 0xb0, 0x02, 0x33, 0x53, 0x43, 0x3a, 0x50, 0x0b, 0x00, 0x00, 0x54, 0x05, 0x50,
    0xb0, 0x00, 0xb0, 0x00, 0x37, 0x00, 0x06, 0x57, 0x00, 0x0b, 0x00, 0x07, 0x00, 0x00, 0x09, 0x00,
    0x00, 0xb0, 0x00, 0x00, 0x00, 0x00, 0x00, 0x00, 0x00, 0x00, 0x00, 0x01, 0x30, 0x00, 0x00, 0x00,
    0x00, 0x00, 0x00, 0x00, 0x80, 0x00, 0x01, 0x47, 0x87, 0x10, 0x0a, 0xbb, 0xfd, 0xbb, 0x6f, 0x41,
    0x00, 0x00, 0x00, 0x50, 0x00, 0x60, 0x5c, 0x00, 0x00, 0x00, 0x00, 0x43, 0x01, 0x70, 0x5c, 0x00,
    0x00, 0x00, 0x00, 0x05, 0x06, 0x20, 0x5c, 0x00, 0x00, 0x00, 0x2e, 0xee, 0xff, 0xee, 0x9f, 0xee,
    0xfe, 0xe0, 0x00, 0x00, 0x70, 0x00, 0x5c, 0x00, 0xb0, 0x00, 0x00, 0x00, 0x70, 0x00, 0x5c, 0x00,
    0xb0, 0x00, 0x1b, 0xbb, 0xfb, 0xbb, 0x8b, 0x00, 0xb0, 0x00, 0x00, 0x40, 0x71, 0x30, 0x89, 0x00,
    0xb0, 0x00, 0x01, 0x70, 0x70, 0x70, 0xa6, 0x00, 0xb0, 0x00, 0x08, 0x10, 0x70, 0x25, 0xc1, 0x00,
    0xb0, 0x00, 0x02, 0x00, 0x70, 0x03, 0x90, 0x00, 0xb0, 0x00, 0x00, 0x0b, 0x90, 0x07, 0x10, 0x00,
    0xb0, 0x00, 0x00, 0x00, 0x00, 0x00, 0x00, 0x00, 0x00, 0x00, 0x00, 0x00, 0x00, 0x00, 0x00, 0x00,
    0x00, 0x00, 0x00, 0x00, 0x00, 0x35, 0x00, 0x00, 0x00, 0x00, 0x00, 0x00, 0x00, 0x70, 0x00, 0x00,
    0x00, 0x23, 0x33, 0x33, 0x36, 0x33, 0x33, 0x33, 0x08, 0xbb, 0xbc, 0xfb, 0xbb, 0xbb, 0xbb, 0xb0,
    0x00, 0x00, 0x2a, 0x00, 0x00, 0x00, 0x00, 0x00, 0x00, 0x04, 0x80, 0x00, 0x00, 0x00, 0x00, 0x00,
    0x00, 0x6f, 0xbb, 0xbb, 0xbf, 0x40, 0x00, 0x00, 0x08, 0x30, 0x00, 0x00, 0xb3, 0x00, 0x00, 0x00,
    0xb0, 0x00, 0x00, 0x0d, 0x20, 0x00, 0x00, 0x39, 0x00, 0x00, 0x00, 0xe1, 0x00, 0x00, 0x09, 0x20,
    0x00, 0x00, 0x1e, 0x00, 0x00, 0x05, 0x70, 0x00, 0x00, 0x03, 0xc0, 0x00, 0x05, 0x80, 0x00, 0x00,
    0x00, 0x78, 0x00, 0x08, 0x50, 0x00, 0x00, 0x9b, 0xbd, 0x20, 0x00, 0x00, 0x00, 0x00, 0x00, 0x00,
    0x00, 0x00, 0x01, 0x22, 0x22, 0x22, 0x22, 0x22, 0x22, 0x00, 0x03, 0xbb, 0xbb, 0xbf, 0xcb, 0xbb,
    0xbb, 0x20, 0x00, 0x00, 0x00, 0x0b, 0x00, 0x00, 0x00, 0x00, 0x00, 0x00, 0x00, 0x0b, 0x00, 0x00,
    0x00, 0x00, 0x00, 0x00, 0x00, 0x0b, 0x00, 0x00, 0x00, 0x00, 0x05, 0x55, 0x55, 0x5f, 0x55, 0x55,
    0x55, 0x50, 0x1b, 0xbb, 0xbb, 0xff, 0xfb, 0xbb, 0xbb, 0xb1, 0x00, 0x00, 0x00, 0x74, 0x70, 0x00,
    0x00, 0x00, 0x00, 0x00, 0x00, 0xb0, 0x70, 0x00, 0x00, 0x00, 0x00, 0x00, 0x03, 0x80, 0x70, 0x00,
    0x00, 0x00, 0x00, 0x00, 0x0a, 0x10, 0x70, 0x00, 0x00, 0x10, 0x00, 0x00, 0x84, 0x00, 0x70, 0x00,
    0x00, 0xb0, 0x00, 0x08, 0x50, 0x00, 0x70, 0x00, 0x00, 0xc0, 0x05, 0x82, 0x00, 0x00, 0x5b, 0xbb,
    0xbc, 0x80, 0x03, 0x00, 0x00, 0x00, 0x00, 0x00, 0x00, 0x00, 0x1f, 0xbb, 0xbb, 0xbb, 0xbb, 0xe4,
    0x1e, 0x00, 0x00, 0x00, 0x00, 0xc4, 0x1e, 0x00, 0x00, 0x00, 0x00, 0xc4, 0x1e, 0x00, 0x00, 0x00,
    0x00, 0xc4, 0x1e, 0x00, 0x00, 0x00, 0x00, 0xc4, 0x1f, 0xbb, 0xbb, 0xbb, 0xbb, 0xf4, 0x1e, 0x00,
    0x00, 0x00, 0x00, 0xc4, 0x1e, 0x00, 0x00, 0x00, 0x00, 0xc4, 0x1e, 0x00, 0x00, 0x00, 0x00, 0xc4,
    0x1e, 0x00, 0x00, 0x00, 0x00, 0xc4, 0x1e, 0x00, 0x00, 0x00, 0x00, 0xc4, 0x1f, 0xbb, 0xbb, 0xbb,
    0xbb, 0xf4, 0x1e, 0x00, 0x00, 0x00, 0x00, 0xc4, 0x70, 0x00, 0x00, 0x00, 0x00, 0x00, 0x0b, 0x00,
    0x4e, 0xbb, 0xbb, 0xbb, 0xf2, 0xb0, 0x04, 0xb0, 0x00, 0x00, 0x0d, 0x2b, 0x00, 0x4b, 0x00, 0x00,
    0x00, 0xd2, 0xb0, 0x04, 0xb0, 0x00, 0x00, 0x0d, 0x2b, 0x00, 0x4b, 0x00, 0x00, 0x00, 0xd2, 0xb0,
    0x04, 0xfb, 0xbb, 0xbb, 0xbf, 0x2b, 0x00, 0x4b, 0x00, 0x00, 0x00, 0xd2, 0xb0, 0x04, 0xb0, 0x00,
    0x00, 0x0d, 0x2b, 0x00, 0x4b, 0x00, 0x00, 0x00, 0xd2, 0xb0, 0x04, 0xb0, 0x00, 0x00, 0x0d, 0x2b,
    0x00, 0x4b, 0x00, 0x00, 0x00, 0xd2, 0xb0, 0x04, 0xfb, 0xbb, 0xbb, 0xbf, 0x2b, 0x00, 0x4b, 0x00,
    0x00, 0x00, 0xd2, 0x10, 0x00, 0x00, 0x00, 0x00, 0x00, 0x00, 0x00, 0x00, 0x00, 0x00, 0x00, 0x00,
    0x40, 0x00, 0x00, 0x00, 0x00, 0x00, 0x00, 0x00, 0xb0, 0x00, 0x0f, 0xbb, 0xbe, 0x00, 0x00, 0x00,
    0xb0, 0x00, 0x0f, 0x00, 0x0d, 0x00, 0x00, 0x00, 0xb0, 0x00, 0x0f, 0x00, 0x0d, 0x6b, 0xbb, 0xbb,
    0xfb, 0xb1, 0x0f, 0x00, 0x0d, 0x00, 0x00, 0x00, 0xb0, 0x00, 0x0f, 0x00, 0x0d, 0x04, 0x10, 0x00,
    0xb0, 0x00, 0x0f, 0xbb, 0xbf, 0x01, 0x70, 0x00, 0xb0, 0x00, 0x0f, 0x00, 0x0d, 0x00, 0x35, 0x00,
    0xb0, 0x00, 0x0f, 0x00, 0x0d, 0x00, 0x07, 0x10, 0xb0, 0x00, 0x0f, 0x00, 0x0d, 0x00, 0x00, 0x10,
    0xb0, 0x00, 0x0f, 0xbb, 0xbe, 0x00, 0x00, 0x00, 0xb0, 0x00, 0x0f, 0x00, 0x00, 0x00, 0x00, 0x00,
    0xb0, 0x00, 0x04, 0x00, 0x00, 0x00, 0x00, 0x00, 0xb0, 0x00, 0x00, 0x00, 0x00, 0x00, 0x2b, 0xbb,
    0x90, 0x00, 0x00, 0xbb, 0xbb, 0xbb, 0xbb, 0xbb, 0x80, 0x00, 0x0b, 0x00, 0x00, 0x00, 0x00, 0x0b,
    0x00, 0x00, 0xb0, 0x00, 0x00, 0x00, 0x00, 0xb0, 0x00, 0x0e, 0xbb, 0xbb, 0xbb, 0xbb, 0xbb, 0x00,
    0x00, 0xb0, 0x00, 0x00, 0x00, 0x00, 0xb0, 0x00, 0x0e, 0xbb, 0xbb, 0xbb, 0xbb, 0xbb, 0x00, 0x00,
    0x06, 0x00, 0x07, 0x00, 0x00, 0x00, 0x00, 0x05, 0x30, 0x00, 0xb0, 0x00, 0x00, 0x00, 0x04, 0xcb,
    0xbb, 0xbf, 0xbb, 0xbb, 0xb5, 0x04, 0x60, 0x00, 0x00, 0xb0, 0x00, 0x00, 0x00, 0x10, 0xbb, 0xbb,
    0xbf, 0xbb, 0xbb, 0x80, 0x00, 0x00, 0x00, 0x00, 0xb0, 0x00, 0x00, 0x00, 0x00, 0x00, 0x00, 0x0b,
    0x00, 0x00, 0x00, 0x09, 0xff, 0xff, 0xff, 0xff, 0xff, 0xff, 0xf6, 0x00, 0x0b, 0xbb, 0xbb, 0xbb,
    0xbb, 0xb8, 0x00, 0x00, 0x0b, 0x00, 0x00, 0x00, 0x00, 0x0b, 0x00, 0x00, 0x0e, 0xbb, 0xbb, 0xbb,
    0xbb, 0xbb, 0x00, 0x00, 0x0b, 0x00, 0x00, 0x00, 0x00, 0x0b, 0x00, 0x00, 0x0b, 0x00, 0x00, 0x00,
    0x00, 0x0b, 0x00, 0x00, 0x0b, 0xbb, 0xbb, 0xbb, 0xbb, 0xb8, 0x00, 0x01, 0x11, 0x11, 0x11, 0x11,
    0x11, 0x11, 0x11, 0x0b, 0xbb, 0xbb, 0xbc, 0xfb, 0xbb, 0xbb, 0xb7, 0x00, 0x00, 0x40, 0x00, 0xd0,
    0x00, 0x00, 0x00, 0x00, 0x00, 0x80, 0x00, 0xd0, 0x00, 0x00, 0x00, 0x00, 0x04, 0xc0, 0x00, 0xfb,
    0xbb, 0xbb, 0x60, 0x00, 0x08, 0x47, 0x00, 0xd0, 0x00, 0x00, 0x00, 0x00, 0x63, 0x06, 0x93, 0xd0,
    0x00, 0x00, 0x00, 0x06, 0x50, 0x00, 0x39, 0xfc, 0xcb, 0xbb, 0xb8, 0x03, 0x00, 0x00, 0x00, 0x00,
    0x00, 0x00, 0x00, 0x00, 0x0b, 0xbb, 0xbb, 0xbb, 0xbb, 0xb8, 0x00, 0x00, 0x0b, 0x00, 0x00, 0x00,
    0x00, 0x0b, 0x00, 0x00, 0x0b, 0x00, 0x00, 0x00, 0x00, 0x0b, 0x00, 0x00, 0x0e, 0xbb, 0xbb, 0xbb,
    0xbb, 0xbb, 0x00, 0x00, 0x0b, 0x00, 0x00, 0x00, 0x00, 0x0b, 0x00, 0x00, 0x0b, 0x00, 0x00, 0x00,
    0x00, 0x0b, 0x00, 0x00, 0x0b, 0xbb, 0xbb, 0xbb, 0xbb, 0xb8, 0x00, 0x00, 0x00, 0x00, 0x70, 0x07,
    0x00, 0x00, 0x00, 0x00, 0x42, 0x00, 0xb0, 0x0b, 0x00, 0x07, 0x10, 0x00, 0x08, 0x10, 0xb0, 0x0b,
    0x00, 0x63, 0x00, 0x00, 0x01, 0x70, 0xb0, 0x0b, 0x06, 0x30, 0x00, 0x00, 0x00, 0x10, 0xb0, 0x0b,
    0x01, 0x00, 0x00, 0x1b, 0xbb, 0xbb, 0xfb, 0xbf, 0xbb, 0xbb, 0xb4, 0x04, 0x44, 0x44, 0x44, 0x44,
    0x44, 0x44, 0x41, 0x00, 0x00, 0x00, 0x00, 0x05, 0x00, 0x00, 0x09, 0x55, 0x50, 0x00, 0x00, 0xb0,
    0x00, 0x00, 0xf3, 0x3e, 0x1b, 0xbb, 0xbf, 0xbb, 0xbb, 0x0f, 0x00, 0xd1, 0x00, 0x00, 0xb0, 0x00,
    0x00, 0xf0, 0x0d, 0x16, 0xbb, 0xbf, 0xbb, 0xb8, 0x0f, 0x00, 0xd1, 0x00, 0x00, 0xb0, 0x00, 0x00,
    0xf0, 0x0d, 0x8f, 0xff, 0xff, 0xff, 0xff, 0x4f, 0x11, 0xf1, 0x2b, 0xbb, 0xbb, 0xbf, 0x20, 0xf0,
    0x0d, 0x13, 0xc0, 0x00, 0x00, 0xd3, 0x0f, 0x00, 0xd1, 0x3f, 0xbb, 0xbb, 0xbf, 0x30, 0xf0, 0x0d,
    0x13, 0xc0, 0x00, 0x00, 0xd3, 0x0f, 0x99, 0xd1, 0x3c, 0x00, 0x00, 0x0d, 0x30, 0xf0, 0x00, 0x03,
    0xfb, 0xbb, 0xbb, 0xf3, 0x01, 0x00, 0x00, 0x3c, 0x00, 0x00, 0x0d, 0x30, 0x00, 0x00, 0x03, 0xc0,
    0x00, 0x5b, 0xe2, 0x00, 0x00, 0x00, 0x00, 0x00, 0x00, 0x00, 0x00, 0x00, 0x00, 0x20, 0x00, 0x00,
    0x00, 0x00, 0x00, 0x00, 0x05, 0x40, 0x00, 0x03, 0x46, 0x88, 0x20, 0x1b, 0xcf, 0xbb, 0xbb, 0x3f,
    0x53, 0x00, 0x00, 0x00, 0x72, 0x25, 0x00, 0x1b, 0x00, 0x00, 0x00, 0x09, 0xfb, 0xdf, 0xbb, 0x3f,
    0xaa, 0xfa, 0xa2, 0x02, 0x00, 0x25, 0x00, 0x2a, 0x00, 0xb0, 0x00, 0x00, 0x01, 0x5a, 0x67, 0x67,
    0x00, 0xb0, 0x00, 0x07, 0x76, 0x68, 0x10, 0x73, 0x00, 0xb0, 0x00, 0x00, 0x00, 0x25, 0x00, 0x70,
    0x00, 0xb0, 0x00, 0x00, 0x0b, 0xbc, 0xbb, 0xbb, 0xbb, 0xb1, 0x00, 0x00, 0x07, 0x00, 0x00, 0x00,
    0x00, 0x91, 0x00, 0x00, 0x0f, 0xbb, 0xbb, 0xbb, 0xbb, 0xf1, 0x00, 0x00, 0x07, 0x00, 0x00, 0x00,
    0x00, 0x91, 0x00, 0x00, 0x07, 0x00, 0x00, 0x00, 0x00, 0x91, 0x00, 0x00, 0x0f, 0xbb, 0xbb, 0xbb,
    0xbb, 0xf1, 0x00, 0x00, 0x00, 0x00, 0x00, 0x00, 0x00, 0x00, 0x00, 0x00, 0x0c, 0xbb, 0xbb, 0xbb,
    0xbb, 0xba, 0x00, 0x00, 0x0b, 0x00, 0x00, 0x00, 0x00, 0x0b, 0x00, 0x00, 0x0e, 0xbb, 0xbb, 0xbb,
    0xbb, 0xbc, 0x00, 0x00, 0x0c, 0x44, 0x44, 0x44, 0x44, 0x4b, 0x00, 0x00, 0x0c, 0xcf, 0xcc, 0xcc,
    0xfc, 0xca, 0x00, 0x00, 0x00, 0x0b, 0x00, 0x00, 0xb0, 0x00, 0x00, 0x00, 0xbb, 0xbf, 0xbb, 0xbb,
    0xfb, 0xbb, 0x40, 0x00, 0x00, 0x0b, 0x00, 0x00, 0xb0, 0x00, 0x00, 0x0c, 0xff, 0xff, 0xff, 0xff,
    0xff, 0xff, 0xf3, 0x00, 0x00, 0x55, 0x00, 0x40, 0x27, 0x20, 0x00, 0x01, 0x66, 0x27, 0x10, 0xb0,
    0x44, 0x46, 0x40, 0x05, 0x10, 0x01, 0x62, 0xb5, 0x50, 0x00, 0x21, 0x00, 0x25, 0x65, 0x20, 0xb0,
    0x37, 0x74, 0x00, 0x00, 0x21, 0x00, 0xbb, 0xa0, 0x00, 0x03, 0x00, 0x00, 0x00, 0x01, 0x00, 0x01,
    0x00, 0x00, 0x00, 0x00, 0x0b, 0x00, 0x0b, 0x00, 0x00, 0x00, 0x00, 0x0b, 0x00, 0x0b, 0x00, 0x00,
    0x00, 0x00, 0x0b, 0x00, 0x0b, 0x00, 0x00, 0x4e, 0xbb, 0xbf, 0xbb, 0xbf, 0xbb, 0xbf, 0x4b, 0x00,
    0x0b, 0x00, 0x0b, 0x00, 0x0f, 0x4b, 0x00, 0x0b, 0x00, 0x0b, 0x00, 0x0f, 0x4b, 0x00, 0x0b, 0x00,
    0x0b, 0x00, 0x0f, 0x4f, 0xbb, 0xbf, 0xbb, 0xbf, 0xbb, 0xbf, 0x4b, 0x00, 0x0b, 0x00, 0x0b, 0x00,
    0x0f, 0x4b, 0x00, 0x0b, 0x00, 0x0b, 0x00, 0x0f, 0x4b, 0x00, 0x0b, 0x00, 0x0b, 0x00, 0x0f, 0x4b,
    0x00, 0x0b, 0x00, 0x0b, 0x00, 0x0f, 0x4f, 0xbb, 0xbf, 0xbb, 0xbf, 0xbb, 0xbf, 0x4f, 0x33, 0x33,
    0x33, 0x33, 0x33, 0x3f, 0x13, 0x33, 0x33, 0x33, 0x33, 0x33, 0x33, 0x25, 0xbb, 0xbb, 0xbb, 0xfb,
    0xbb, 0xbb, 0xb6, 0x00, 0x00, 0x00, 0x0b, 0x00, 0x00, 0x00, 0x00, 0x0b, 0xbb, 0xbb, 0xfb, 0xbb,
    0xbb, 0xb0, 0x00, 0xb0, 0x00, 0x0b, 0x00, 0x00, 0x0b, 0x00, 0x0b, 0xbb, 0xbb, 0xfb, 0xbb, 0xbb,
    0xb0, 0x00, 0xb0, 0x00, 0x0b, 0x00, 0x00, 0x0b, 0x00, 0x0b, 0x00, 0x00, 0xb0, 0x00, 0x00, 0xb0,
    0x00, 0xab, 0xbb, 0xbf, 0xbb, 0xbb, 0xba, 0x00, 0x00, 0x51, 0x02, 0x90, 0x00, 0x00, 0x00, 0x00,
    0x01, 0x81, 0x72, 0x00, 0x00, 0x00, 0x00, 0x00, 0x02, 0xe9, 0x00, 0x00, 0x00, 0x00, 0x00, 0x02,
    0x74, 0x6a, 0x84, 0x20, 0x00, 0x03, 0x77, 0x50, 0x00, 0x03, 0x69, 0xbb, 0xba, 0x20, 0x00, 0x00,
    0x00, 0x00, 0x00, 0x00, 0x00, 0x00, 0x0b, 0xbb, 0xbb, 0xbb, 0xbb, 0xc3, 0x00, 0x00, 0x07, 0x00,
    0x00, 0x00, 0x00, 0x43, 0x00, 0x00, 0x0d, 0xbb, 0xbb, 0xbb, 0xbb, 0xc3, 0x00, 0x00, 0x07, 0x11,
    0x11, 0x11, 0x11, 0x43, 0x00, 0x00, 0x05, 0x66, 0x66, 0x66, 0x66, 0x61, 0x00, 0x01, 0xbb, 0xbb,
    0xbb, 0xbb, 0xbb, 0xbb, 0x30, 0x02, 0x50, 0x04, 0x30, 0x04, 0x30, 0x03, 0x40, 0x02, 0xdb, 0xbc,
    0xcb, 0xbc, 0xcb, 0xbc, 0x40, 0x00, 0x00, 0x00, 0x00, 0x00, 0x00, 0x00, 0x00, 0x09, 0xbd, 0xcb,
    0xbb, 0xbb, 0xbb, 0xf2, 0x00, 0x00, 0x01, 0x82, 0x00, 0x00, 0x05, 0x50, 0x00, 0x00, 0x00, 0x06,
    0x61, 0x04, 0x72, 0x00, 0x00, 0x00, 0x00, 0x01, 0x5c, 0xd8, 0x20, 0x00, 0x00, 0x06, 0x77, 0x76,
    0x20, 0x01, 0x56, 0x67, 0x61, 0x01, 0x00, 0x00, 0x00, 0x00, 0x00, 0x00, 0x00, 0x00, 0x2c, 0xbb,
    0xbb, 0xbb, 0xbb, 0xd0, 0x00, 0x00, 0x26, 0x00, 0x00, 0x00, 0x00, 0xb0, 0x00, 0x00, 0x2d, 0xbb,
    0xbb, 0xbb, 0xbb, 0xe0, 0x00, 0x00, 0x26, 0x00, 0x00, 0x00, 0x00, 0xb0, 0x00, 0x00, 0x2c, 0xbb,
    0xbb, 0xbb, 0xbb, 0xd0, 0x00, 0x12, 0x22, 0x22, 0x22, 0x22, 0x22, 0x22, 0x20, 0x7b, 0xfb, 0xbb,
    0xfe, 0xbb, 0xbb, 0xbb, 0xb1, 0x00, 0xe0, 0x00, 0xc3, 0x11, 0x11, 0x12, 0x00, 0x00, 0xfb, 0xbb,
    0xf3, 0xab, 0x99, 0x9e, 0x20, 0x00, 0xe0, 0x00, 0xc3, 0x07, 0x00, 0x17, 0x00, 0x00, 0xfb, 0xbb,
    0xf3, 0x03, 0x50, 0x81, 0x00, 0x00, 0xe0, 0x00, 0xc3, 0x00, 0x5c, 0x30, 0x00, 0x35, 0xf6, 0x66,
    0xf8, 0x13, 0x86, 0x71, 0x00, 0x22, 0x00, 0x00, 0xc4, 0x75, 0x00, 0x17, 0x71, 0x00, 0x00, 0x00,
    0x00, 0x00, 0x00, 0x00, 0x00, 0x00, 0x0f, 0xbb, 0xbb, 0xbb, 0xbb, 0xf1, 0x00, 0x0e, 0x00, 0x00,
    0x00, 0x00, 0xf1, 0x00, 0x0e, 0x00, 0x00, 0x00, 0x00, 0xf1, 0x00, 0x0e, 0x00, 0x00, 0x00, 0x00,
    0xf1, 0x00, 0x0f, 0xbb, 0xbb, 0xbb, 0xbb, 0xf1, 0x00, 0x0e, 0x00, 0x00, 0x00, 0x00, 0xf1, 0x00,
    0x0e, 0x00, 0x00, 0x00, 0x00, 0xf1, 0x00, 0x1c, 0x00, 0x00, 0x00, 0x00, 0xf1, 0x00, 0x4f, 0xbb,
    0xbb, 0xbb, 0xbb, 0xf1, 0x00, 0x76, 0x00, 0x00, 0x00, 0x00, 0xf1, 0x00, 0xb1, 0x00, 0x00, 0x00,
    0x00, 0xf1, 0x04, 0x90, 0x00, 0x00, 0x00, 0x00, 0xf1, 0x0a, 0x10, 0x00, 0x00, 0x00, 0x00, 0xf1,
    0x82, 0x00, 0x00, 0x00, 0x5b, 0xbc, 0xc0, 0x00, 0x00, 0x00, 0x00, 0x00, 0x00, 0x00, 0x00, 0x00,
    0x00, 0x10, 0x00, 0x00, 0x00, 0x00, 0x00, 0x00, 0x07, 0x00, 0x00, 0x00, 0x00, 0x00, 0x00, 0x01,
    0x70, 0x00, 0x00, 0x00, 0x00, 0x8b, 0xbb, 0xfd, 0xbb, 0xbb, 0xbb, 0xbb, 0x00, 0x00, 0x17, 0x00,
    0x00, 0x00, 0x00, 0x00, 0x00, 0x06, 0x10, 0x00, 0x00, 0x00, 0x00, 0x00, 0x04, 0xeb, 0xbb, 0xbb,
    0xbb, 0xe0, 0x00, 0x02, 0x77, 0x00, 0x00, 0x00, 0x07, 0x00, 0x03, 0x80, 0xbb, 0xbb, 0xbb, 0xbb,
    0xf0, 0x00, 0x70, 0x07, 0x00, 0x00, 0x00, 0x07, 0x00, 0x00, 0x00, 0x70, 0x00, 0x00, 0x00, 0x70,
    0x00, 0x00, 0x0b, 0xbb, 0xbb, 0xbb, 0xbf, 0x00, 0x00, 0x00, 0x70, 0x00, 0x00, 0x00, 0x70, 0x00,
    0x00, 0x07, 0x00, 0x00, 0x00, 0x07, 0x00, 0x00, 0x00, 0x70, 0x00, 0x05, 0xbb, 0xa0, 0x00, 0x00,
    0x00, 0x80, 0x00, 0x00, 0x00, 0x00, 0x00, 0x00, 0x0b, 0x00, 0x02, 0xf7, 0x77, 0x7f, 0x2b, 0xbb,
    0xfb, 0xbb, 0x4b, 0x00, 0x00, 0xe0, 0x00, 0x0b, 0x00, 0x03, 0xb0, 0x00, 0x0e, 0x03, 0x44, 0xf4,
    0x43, 0x3b, 0x00, 0x00, 0xe0, 0xb5, 0x55, 0x55, 0xb3, 0xfb, 0xbb, 0xbf, 0x0b, 0x00, 0x00, 0x0b,
    0x3b, 0x00, 0x00, 0xe0, 0xbb, 0xbb, 0xbb, 0xb3, 0xb0, 0x00, 0x0e, 0x0b, 0x00, 0x00, 0x0b, 0x3b,
    0x11, 0x11, 0xe0, 0xbf, 0xff, 0xff, 0xb5, 0xf8, 0x88, 0x8f, 0x00, 0x00, 0xb0, 0x00, 0x67, 0x00,
    0x00, 0xe5, 0xbb, 0xbf, 0xbb, 0xbc, 0x40, 0x00, 0x0e, 0x00, 0x00, 0xb0, 0x00, 0xc0, 0x00, 0x00,
    0xe0, 0x00, 0x0b, 0x00, 0x65, 0x00, 0x00, 0x0e, 0x00, 0x00, 0xb0, 0x28, 0x00, 0x01, 0xbc, 0xb0,
    0x00, 0x00, 0x00, 0x00, 0x00, 0x00, 0x00, 0x00, 0x30, 0x00, 0x21, 0x00, 0x00, 0x00, 0x00, 0x0e,
    0x00, 0x0b, 0x40, 0xd8, 0x77, 0x7d, 0x00, 0xe0, 0x00, 0xb4, 0x0f, 0x10, 0x00, 0xf5, 0xbf, 0xbb,
    0xbf, 0xf6, 0xf1, 0x00, 0x0f, 0x00, 0xe0, 0x00, 0xb4, 0x0f, 0x10, 0x00, 0xf0, 0x0f, 0xbb, 0xbf,
    0x40, 0xfa, 0x99, 0x9f, 0x00, 0xe0, 0x00, 0xb4, 0x0f, 0x10, 0x00, 0xf0, 0x0e, 0x00, 0x0b, 0x40,
    0xf1, 0x00, 0x0f, 0x00, 0xfb, 0xbb, 0xf4, 0x0f, 0x00, 0x00, 0xf0, 0x0e, 0x00, 0x0b, 0x40, 0xf5,
    0x55, 0x5f, 0x7b, 0xfb, 0xbb, 0xff, 0x9d, 0x00, 0x00, 0xf2, 0x33, 0x53, 0x43, 0x35, 0xb0, 0x00,
    0x0f, 0x00, 0x63, 0x06, 0x40, 0x57, 0x00, 0x00, 0xf0, 0x37, 0x00, 0x07, 0x28, 0x30, 0x00, 0x0f,
    0x37, 0x00, 0x00, 0x01, 0x80, 0x02, 0xbc, 0xc0, 0x00, 0x00, 0x00, 0x01, 0x00, 0x00, 0x00, 0x00,
    0x00, 0x00, 0x06, 0x00, 0x00, 0x00, 0x00, 0x00, 0x00, 0x00, 0x0b, 0x00, 0x00, 0x00, 0x00, 0x00,
    0x00, 0x00, 0x0b, 0x00, 0x00, 0x00, 0x00, 0x03, 0xbb, 0xbb, 0xbf, 0xbb, 0xbb, 0xb8, 0x00, 0x00,
    0x00, 0x00, 0x0b, 0x00, 0x00, 0x00, 0x00, 0x00, 0x00, 0x00, 0x0b, 0x00, 0x00, 0x00, 0x00, 0x00,
    0x00, 0x00, 0x0b, 0x00, 0x00, 0x00, 0x00, 0x4b, 0xbb, 0xbb, 0xcf, 0xeb, 0xbb, 0xbb, 0x80, 0x00,
    0x00, 0x00, 0x8c, 0x71, 0x00, 0x00, 0x00, 0x00, 0x00, 0x06, 0x3b, 0x08, 0x00, 0x00, 0x00, 0x00,
    0x00, 0x54, 0x0b, 0x01, 0x80, 0x00, 0x00, 0x00, 0x06, 0x40, 0x0b, 0x00, 0x18, 0x10, 0x00, 0x02,
    0x82, 0x00, 0x0b, 0x00, 0x00, 0x75, 0x00, 0x46, 0x00, 0x00, 0x0b, 0x00, 0x00, 0x03, 0x80, 0x00,
    0x00, 0x00, 0x0b, 0x00, 0x00, 0x00, 0x00, 0x00, 0x00, 0x00, 0x05, 0x00, 0x00, 0x00, 0x00, 0x00,
    0x00, 0x00, 0x0b, 0x00, 0x00, 0x00, 0x00, 0x00, 0x00, 0x00, 0x0b, 0x00, 0x00, 0x00, 0x00, 0x00,
    0x00, 0x00, 0x0b, 0x00, 0x00, 0x00, 0x00, 0x4b, 0xbb, 0xbb, 0xef, 0xeb, 0xbb, 0xbb, 0x80, 0x00,
    0x00, 0x00, 0x7b, 0x25, 0x00, 0x00, 0x00, 0x00, 0x00, 0x06, 0x2b, 0x07, 0x00, 0x00, 0x00, 0x00,
    0x00, 0x16, 0x0b, 0x01, 0x60, 0x00, 0x00, 0x00, 0x00, 0x80, 0x0b, 0x00, 0x43, 0x00, 0x00, 0x00,
    0x07, 0x20, 0x0b, 0x00, 0x06, 0x20, 0x00, 0x00, 0x73, 0x00, 0x0b, 0x00, 0x00, 0x73, 0x00, 0x18,
    0x3a, 0xbb, 0xbf, 0xbb, 0xbb, 0x26, 0x70, 0x31, 0x00, 0x00, 0x0b, 0x00, 0x00, 0x00, 0x21, 0x00,
    0x00, 0x00, 0x0b, 0x00, 0x00, 0x00, 0x00, 0x00, 0x00, 0x00, 0x0b, 0x00, 0x00, 0x00, 0x00, 0x00,
    0x00, 0x50, 0x00, 0x00, 0x00, 0x00, 0x00, 0x00, 0x00, 0xb0, 0x00, 0xfb, 0xbb, 0xbf, 0x00, 0x00,
    0x00, 0xb0, 0x00, 0xf0, 0x00, 0x0e, 0x00, 0x00, 0x00, 0xb0, 0x00, 0xf0, 0x00, 0x0e, 0x00, 0x0b,
    0xbc, 0xfb, 0xb5, 0xf0, 0x00, 0x0e, 0x00, 0x00, 0x05, 0xd0, 0x00, 0xf0, 0x00, 0x0e, 0x00, 0x00,
    0x07, 0xe0, 0x01, 0xf0, 0x00, 0x0e, 0x00, 0x00, 0x25, 0xf6, 0x01, 0xe0, 0x00, 0x0e, 0x00, 0x00,
    0x70, 0xb4, 0x72, 0xe0, 0x00, 0x0e, 0x00, 0x02, 0x60, 0xb0, 0x45, 0xb0, 0x00, 0x0e, 0x00, 0x08,
    0x00, 0xb0, 0x05, 0x90, 0x00, 0x0e, 0x00, 0x23, 0x00, 0xb0, 0x08, 0x60, 0x00, 0x0e, 0x08, 0x00,
    0x00, 0xb0, 0x0b, 0x10, 0x00, 0x0e, 0x0a, 0x00, 0x00, 0xb0, 0x38, 0x00, 0x00, 0x0e, 0x0b, 0x00,
    0x00, 0xb0, 0x81, 0x00, 0x00, 0x0d, 0xc9, 0x00, 0x00, 0x50, 0x00, 0x00, 0x00, 0x01, 0x00, 0x00,
    0x00, 0xb0, 0x00, 0x00, 0x00, 0x46, 0x00, 0x00, 0x00, 0xb0, 0x00, 0x00, 0x05, 0x60, 0x00, 0x00,
    0x00, 0xb0, 0x00, 0x00, 0x84, 0x00, 0x00, 0x2b, 0xbc, 0xfb, 0xb6, 0x58, 0x20, 0x00, 0x00, 0x00,
    0x05, 0xf0, 0x00, 0x30, 0x00, 0x02, 0x40, 0x00, 0x07, 0xe7, 0x00, 0x00, 0x00, 0x38, 0x00, 0x00,
    0x25, 0xb2, 0x80, 0x00, 0x06, 0x60, 0x00, 0x00, 0x70, 0xb0, 0x22, 0x03, 0x83, 0x00, 0x00, 0x02,
    0x50, 0xb0, 0x00, 0x65, 0x00, 0x00, 0x21, 0x08, 0x00, 0xb0, 0x00, 0x00, 0x00, 0x01, 0x90, 0x43,
    0x00, 0xb0, 0x00, 0x00, 0x00, 0x18, 0x10, 0x00, 0x00, 0xb0, 0x00, 0x00, 0x05, 0x70, 0x00, 0x00,
    0x00, 0xb0, 0x00, 0x04, 0x84, 0x00, 0x00, 0x00, 0x00, 0xb0, 0x06, 0x84, 0x00, 0x00, 0x00, 0x00,
    0x00, 0x00, 0x00, 0x00, 0x00, 0x00, 0x00, 0x00, 0x00, 0x00, 0x07, 0x00, 0x00, 0x00, 0x00, 0x00,
    0x00, 0x00, 0x0b, 0x00, 0x00, 0x00, 0x00, 0x2b, 0xbb, 0xbb, 0xbf, 0xbb, 0xbb, 0xbb, 0x60, 0x00,
    0x00, 0x00, 0x0b, 0x00, 0x00, 0x00, 0x00, 0x00, 0x00, 0x00, 0x0b, 0x00, 0x00, 0x00, 0x00, 0x00,
    0x9b, 0xbb, 0xbf, 0xbb, 0xbb, 0xb9, 0x00, 0x00, 0xb0, 0x00, 0x0b, 0x00, 0x00, 0x0b, 0x00, 0x00,
    0xb0, 0x00, 0x0b, 0x00, 0x00, 0x0b, 0x00, 0x00, 0xb0, 0x00, 0x0b, 0x00, 0x00, 0x0b, 0x00, 0x00,
    0x8b, 0xbb, 0xbf, 0xdb, 0xbb, 0xb8, 0x00, 0x00, 0x00, 0x00, 0x7d, 0x82, 0x00, 0x00, 0x00, 0x00,
    0x00, 0x08, 0x2b, 0x06, 0x40, 0x00, 0x00, 0x00, 0x02, 0x81, 0x0b, 0x00, 0x37, 0x10, 0x00, 0x01,
    0x76, 0x00, 0x0b, 0x00, 0x00, 0x57, 0x30, 0x36, 0x10, 0x00, 0x0b, 0x00, 0x00, 0x00, 0x40, 0x00,
    0x03, 0x00, 0x00, 0x00, 0x00, 0x00, 0x00, 0x00, 0x0b, 0x00, 0x00, 0x00, 0x24, 0x67, 0x50, 0x00,
    0x0b, 0x00, 0x4f, 0x66, 0x53, 0x00, 0x00, 0x27, 0x7f, 0x77, 0x5c, 0x00, 0x00, 0x00, 0x00, 0x00,
    0x0f, 0x00, 0x4c, 0x00, 0x00, 0x00, 0x00, 0x00, 0x3f, 0x60, 0x4f, 0xbb, 0xbb, 0xbb, 0x90, 0x00,
    0x7c, 0x62, 0x4c, 0x60, 0x00, 0x02, 0x50, 0x00, 0x7b, 0x08, 0x5c, 0x34, 0x00, 0x06, 0x10, 0x04,
    0x3b, 0x00, 0x6b, 0x07, 0x00, 0x07, 0x00, 0x08, 0x0b, 0x00, 0x79, 0x06, 0x10, 0x62, 0x00, 0x53,
    0x0b, 0x00, 0x96, 0x00, 0x72, 0x70, 0x00, 0x10, 0x0b, 0x00, 0xc2, 0x00, 0x6c, 0x00, 0x00, 0x00,
    0x0b, 0x01, 0xc0, 0x02, 0x87, 0x20, 0x00, 0x00, 0x0b, 0x06, 0x50, 0x67, 0x00, 0x74, 0x00, 0x00,
    0x0b, 0x08, 0x05, 0x20, 0x00, 0x05, 0x81, 0x00, 0x00, 0x00, 0x00, 0x00, 0x00, 0x00, 0x00, 0x00,
    0x00, 0x50, 0x00, 0x00, 0x00, 0x01, 0x10, 0x00, 0x00, 0xb0, 0x00, 0x00, 0x26, 0x77, 0x20, 0x00,
    0x00, 0xb0, 0x02, 0xe6, 0x41, 0x00, 0x00, 0x00, 0x00, 0xb0, 0x02, 0xe0, 0x00, 0x00, 0x00, 0x07,
    0xbc, 0xfb, 0xb5, 0xe0, 0x00, 0x00, 0x00, 0x00, 0x04, 0xf0, 0x02, 0xe0, 0x00, 0x00, 0x00, 0x00,
    0x07, 0xf4, 0x02, 0xfe, 0xee, 0xfe, 0xe9, 0x00, 0x07, 0xb8, 0x12, 0xe0, 0x00, 0xb0, 0x00, 0x00,
    0x52, 0xb1, 0x93, 0xd0, 0x00, 0xb0, 0x00, 0x00, 0x80, 0xb0, 0x23, 0xc0, 0x00, 0xb0, 0x00, 0x06,
    0x30, 0xb0, 0x04, 0xa0, 0x00, 0xb0, 0x00, 0x06, 0x00, 0xb0, 0x06, 0x80, 0x00, 0xb0, 0x00, 0x00,
    0x00, 0xb0, 0x09, 0x40, 0x00, 0xb0, 0x00, 0x00, 0x00, 0xb0, 0x0a, 0x00, 0x00, 0xb0, 0x00, 0x00,
    0x00, 0xb0, 0x25, 0x00, 0x00, 0xb0, 0x00, 0x00, 0x00, 0x50, 0x00, 0x00, 0x05, 0x00, 0x00, 0x00,
    0x00, 0xb0, 0x00, 0x00, 0x0b, 0x00, 0x00, 0x00, 0x00, 0xb0, 0x00, 0x00, 0x0b, 0x00, 0x00, 0x00,
    0x00, 0xb0, 0x00, 0x00, 0x0b, 0x00, 0x00, 0x2b, 0xbc, 0xfb, 0xb4, 0xbb, 0xcf, 0xcb, 0xb0, 0x00,
    0x05, 0xf2, 0x00, 0x00, 0x4f, 0x40, 0x00, 0x00, 0x07, 0xb8, 0x10, 0x00, 0x7b, 0x70, 0x00, 0x00,
    0x25, 0xb0, 0x90, 0x01, 0x7b, 0x70, 0x00, 0x00, 0x70, 0xb0, 0x24, 0x07, 0x1b, 0x26, 0x00, 0x02,
    0x50, 0xb0, 0x00, 0x17, 0x0b, 0x08, 0x00, 0x08, 0x00, 0xb0, 0x00, 0x81, 0x0b, 0x03, 0x60, 0x43,
    0x00, 0xb0, 0x06, 0x50, 0x0b, 0x00, 0x83, 0x00, 0x00, 0xb0, 0x04, 0x00, 0x0b, 0x00, 0x01, 0x00,
    0x00, 0xb0, 0x00, 0x00, 0x0b, 0x00, 0x00, 0x00, 0x00, 0xb0, 0x00, 0x00, 0x0b, 0x00, 0x00, 0x00,
    0xad, 0xdd, 0xdf, 0xdd, 0xdd, 0xd0, 0x00, 0x0b, 0x00, 0x00, 0xb0, 0x00, 0x0b, 0x00, 0x00, 0xb0,
    0x00, 0x0b, 0x00, 0x00, 0xb0, 0x00, 0x0b, 0xbb, 0xbb, 0xfb, 0xbb, 0xbe, 0x00, 0x00, 0xb0, 0x00,
    0x0b, 0x00, 0x00, 0xb0, 0x00, 0x0b, 0x00, 0x00, 0xb0, 0x00, 0x0b, 0x00, 0x00, 0x8b, 0xbb, 0xbf,
    0xbb, 0xbb, 0xb0, 0x00, 0x00, 0x00, 0x00, 0xb0, 0x00, 0x00, 0x00, 0x4b, 0xbb, 0xbb, 0xef, 0xfb,
    0xbb, 0xbb, 0x80, 0x00, 0x00, 0x28, 0xb4, 0x50, 0x00, 0x00, 0x00, 0x00, 0x37, 0x0b, 0x03, 0x70,
    0x00, 0x00, 0x00, 0x64, 0x00, 0xb0, 0x01, 0x84, 0x00, 0x06, 0x82, 0x00, 0x0b, 0x00, 0x00, 0x48,
    0x43, 0x30, 0x00, 0x00, 0xb0, 0x00, 0x00, 0x03, 0x00, 0x02, 0x00, 0x00, 0x00, 0x10, 0x00, 0x00,
    0x00, 0xb0, 0x00, 0x00, 0x06, 0x00, 0x00, 0x00, 0x0b, 0x00, 0x00, 0x00, 0x60, 0x00, 0x00, 0x00,
    0xc0, 0x01, 0x44, 0x86, 0x44, 0x41, 0x4b, 0xcf, 0xbb, 0x4c, 0x44, 0x44, 0x4c, 0x40, 0x03, 0xf1,
    0x04, 0xc0, 0x00, 0x00, 0xb4, 0x00, 0x6c, 0x80, 0x4c, 0x00, 0x00, 0x0b, 0x40, 0x07, 0xb2, 0x84,
    0xc0, 0x00, 0x00, 0xb4, 0x03, 0x4b, 0x01, 0x4f, 0xbb, 0xbb, 0xbf, 0x40, 0x70, 0xb0, 0x04, 0xc0,
    0x00, 0x00, 0xb4, 0x36, 0x0b, 0x00, 0x4c, 0x00, 0x00, 0x0b, 0x41, 0x00, 0xb0, 0x04, 0xc0, 0x00,
    0x00, 0xb4, 0x00, 0x0b, 0x00, 0x4c, 0x00, 0x00, 0x0b, 0x40, 0x00, 0xb0, 0x04, 0xfb, 0xbb, 0xbb,
    0xf4, 0x00, 0x0b, 0x00, 0x4c, 0x00, 0x00, 0x0b, 0x40, 0x00, 0x00, 0x00, 0x00, 0x00, 0x00, 0x00,
    0x00, 0x01, 0x80, 0x00, 0x00, 0x07, 0x10, 0x00, 0x00, 0x02, 0xd0, 0x00, 0x00, 0x0c, 0x20, 0x00,
    0x4b, 0xbd, 0xfb, 0xbb, 0xbb, 0xbf, 0xdb, 0xb4, 0x00, 0x02, 0xd0, 0x00, 0x00, 0x0c, 0x20, 0x00,
    0x00, 0x02, 0xd0, 0x00, 0x00, 0x0c, 0x20, 0x00, 0x00, 0x02, 0xfb, 0xbb, 0xbb, 0xbf, 0x20, 0x00,
    0x00, 0x02, 0xd0, 0x00, 0x00, 0x0c, 0x20, 0x00, 0x00, 0x02, 0xfe, 0xef, 0xee, 0xef, 0x20, 0x00,
    0x00, 0x00, 0x00, 0x0b, 0x00, 0x00, 0x00, 0x00, 0x4b, 0xbb, 0xbb, 0xef, 0xeb, 0xbb, 0xbb, 0xb4,
    0x00, 0x00, 0x02, 0x6b, 0x46, 0x00, 0x00, 0x00, 0x00, 0x00, 0x47, 0x0b, 0x04, 0x70, 0x00, 0x00,
    0x00, 0x07, 0x50, 0x0b, 0x00, 0x18, 0x30, 0x00, 0x05, 0x81, 0x00, 0x0b, 0x00, 0x00, 0x58, 0x30,
    0x43, 0x00, 0x00, 0x0b, 0x00, 0x00, 0x00, 0x52, 0x00, 0x00, 0x00, 0x00, 0x20, 0x00, 0x00, 0x00,
    0x00, 0x00, 0x00, 0x00, 0x70, 0x00, 0x00, 0x00, 0x00, 0x00, 0x00, 0x00, 0x70, 0x00, 0x00, 0x00,
    0x0b, 0xbb, 0xbb, 0xbf, 0xfe, 0xbb, 0xbb, 0xb1, 0x00, 0x00, 0x00, 0x72, 0x76, 0x20, 0x00, 0x00,
    0x00, 0x00, 0x18, 0x20, 0x70, 0x64, 0x00, 0x00, 0x00, 0x05, 0x71, 0x00, 0x70, 0x04, 0x71, 0x00,
    0x04, 0x83, 0x00, 0x00, 0x40, 0x00, 0x17, 0x71, 0x02, 0x00, 0xcb, 0xbb, 0xbb, 0xbb, 0x80, 0x10,
    0x00, 0x00, 0x70, 0x00, 0x00, 0x00, 0x70, 0x00, 0x00, 0x00, 0xcb, 0xbb, 0xbb, 0xbb, 0x80, 0x00,
    0x00, 0x00, 0x70, 0x00, 0x00, 0x00, 0x70, 0x00, 0x00, 0x00, 0xcb, 0xbb, 0xbb, 0xbb, 0x80, 0x00,
    0x00, 0x00, 0x00, 0x00, 0x00, 0x00, 0x00, 0x00, 0x04, 0xbb, 0xbb, 0xbb, 0xbb, 0xbb, 0xbb, 0xb0,
    0x00, 0x05, 0x00, 0x00, 0x00, 0x00, 0x00, 0x00, 0x00, 0x0b, 0x00, 0x00, 0x00, 0x00, 0x00, 0x00,
    0x00, 0x0b, 0x00, 0x0a, 0xbb, 0xbb, 0xbb, 0x00, 0x00, 0x0b, 0x00, 0x00, 0x00, 0x00, 0x00, 0x00,
    0x5b, 0xbf, 0xbb, 0x40, 0x00, 0x00, 0x00, 0x00, 0x00, 0x1f, 0x10, 0x13, 0x33, 0x33, 0x33, 0x31,
    0x00, 0x6f, 0x80, 0x3b, 0xbb, 0xfb, 0xbb, 0xb2, 0x00, 0x9b, 0x27, 0x00, 0x00, 0x70, 0x00, 0x00,
    0x06, 0x3b, 0x05, 0x10, 0x10, 0x70, 0x20, 0x00, 0x28, 0x0b, 0x00, 0x05, 0x20, 0x70, 0x53, 0x00,
    0x81, 0x0b, 0x00, 0x07, 0x00, 0x70, 0x09, 0x00, 0x00, 0x0b, 0x00, 0x25, 0x00, 0x70, 0x05, 0x50,
    0x00, 0x0b, 0x00, 0x80, 0x00, 0x70, 0x00, 0xa0, 0x00, 0x0b, 0x00, 0x10, 0x00, 0x70, 0x00, 0x10,
    0x00, 0x0b, 0x00, 0x02, 0xbb, 0x70, 0x00, 0x00, 0x00, 0x00, 0x00, 0x00, 0x00, 0x00, 0x00, 0x00,
    0x00, 0x02, 0x00, 0x00, 0x02, 0x00, 0x00, 0x00, 0x00, 0x0b, 0x00, 0x00, 0x0b, 0x03, 0x00, 0x00,
    0x00, 0x0b, 0x00, 0x00, 0x0b, 0x05, 0x40, 0x00, 0x00, 0x0b, 0x00, 0x00, 0x0b, 0x00, 0x31, 0x00,
    0x0b, 0xbf, 0xbb, 0x00, 0x2f, 0x88, 0x86, 0x00, 0x00, 0x0f, 0x10, 0x48, 0x5c, 0x10, 0x00, 0x00,
    0x00, 0x5f, 0x70, 0x00, 0x08, 0x20, 0x00, 0x00, 0x00, 0x8b, 0x26, 0x00, 0x06, 0x75, 0x66, 0x20,
    0x03, 0x5b, 0x03, 0x26, 0x69, 0xc1, 0x00, 0x30, 0x09, 0x0b, 0x00, 0x00, 0x00, 0xa0, 0x06, 0x20,
    0x43, 0x0b, 0x00, 0x00, 0x00, 0x91, 0x63, 0x00, 0x00, 0x0b, 0x00, 0x00, 0x00, 0x6d, 0x20, 0x20,
    0x00, 0x0b, 0x00, 0x00, 0x06, 0x7a, 0x00, 0xc0, 0x00, 0x0b, 0x00, 0x26, 0x61, 0x04, 0x70, 0xc0,
    0x00, 0x0b, 0x00, 0x40, 0x00, 0x00, 0x6c, 0x80, 0x00, 0x05, 0x00, 0x00, 0x03, 0x00, 0x00, 0x00,
    0x00, 0x0b, 0x00, 0x00, 0x03, 0x50, 0x00, 0x00, 0x00, 0x0b, 0x00, 0x00, 0x00, 0x50, 0x00, 0x00,
    0x00, 0x0b, 0x00, 0x57, 0x77, 0x77, 0x77, 0x70, 0x0b, 0xbf, 0xbb, 0x00, 0x30, 0x02, 0x30, 0x00,
    0x00, 0x0f, 0x00, 0x00, 0x70, 0x00, 0x72, 0x00, 0x00, 0x2f, 0x50, 0x06, 0x20, 0x00, 0x08, 0x00,
    0x00, 0x7c, 0x71, 0x54, 0x40, 0x00, 0x51, 0x70, 0x00, 0x7b, 0x17, 0x20, 0x70, 0x01, 0x70, 0x10,
    0x05, 0x3b, 0x00, 0x00, 0x34, 0x06, 0x20, 0x00, 0x18, 0x0b, 0x00, 0x00, 0x07, 0x27, 0x00, 0x00,
    0x52, 0x0b, 0x00, 0x00, 0x01, 0xf1, 0x00, 0x00, 0x00, 0x0b, 0x00, 0x00, 0x07, 0x48, 0x00, 0x00,
    0x00, 0x0b, 0x00, 0x01, 0x82, 0x01, 0x83, 0x00, 0x00, 0x0b, 0x00, 0x66, 0x00, 0x00, 0x06, 0x80,
    0x00, 0x00, 0x00, 0x10, 0x00, 0x00, 0x00, 0x00, 0x00, 0x02, 0x00, 0x00, 0x00, 0x00, 0x01, 0x00,
    0x00, 0x0b, 0x00, 0x07, 0x00, 0x00, 0x08, 0x00, 0x00, 0x0b, 0x00, 0x02, 0x60, 0x00, 0x36, 0x00,
    0x00, 0x0b, 0x00, 0x00, 0x50, 0x00, 0x80, 0x00, 0x1b, 0xbf, 0xb9, 0x9b, 0xbb, 0xfc, 0xeb, 0x80,
    0x00, 0x0f, 0x00, 0x00, 0x00, 0xb0, 0x00, 0x00, 0x00, 0x4f, 0x60, 0x00, 0x00, 0xb0, 0x00, 0x00,
    0x00, 0x8b, 0x52, 0x3b, 0xbb, 0xfb, 0xbb, 0x10, 0x02, 0x6b, 0x02, 0x00, 0x00, 0xb0, 0x00, 0x00,
    0x08, 0x1b, 0x00, 0x00, 0x00, 0xb0, 0x00, 0x00, 0x36, 0x0b, 0x06, 0xbb, 0xbb, 0xfb, 0xbb, 0xb1,
    0x20, 0x0b, 0x00, 0x00, 0x00, 0xb0, 0x00, 0x00, 0x00, 0x0b, 0x00, 0x00, 0x00, 0xb0, 0x00, 0x00,
    0x00, 0x0b, 0x00, 0x00, 0x00, 0xb0, 0x00, 0x00, 0x00, 0x0b, 0x00, 0x00, 0x00, 0xb0, 0x00, 0x00,
    0x00, 0x02, 0x00, 0x00, 0x00, 0x10, 0x00, 0x00, 0x00, 0xb0, 0x00, 0x00, 0x08, 0x00, 0x00, 0x00,
    0x0b, 0x00, 0x00, 0x00, 0x53, 0x00, 0x00, 0x00, 0xb0, 0x05, 0x88, 0xab, 0x88, 0x88, 0x1b, 0xbf,
    0xbb, 0x00, 0x08, 0x00, 0x00, 0x00, 0x02, 0xf1, 0x00, 0x05, 0x40, 0x01, 0x00, 0x00, 0x6d, 0x70,
    0x01, 0x80, 0x01, 0x70, 0x00, 0x07, 0xb3, 0x51, 0xe8, 0x77, 0xb1, 0x00, 0x02, 0x5b, 0x04, 0x02,
    0x10, 0x72, 0x03, 0x20, 0x70, 0xb0, 0x00, 0x00, 0x82, 0x00, 0x80, 0x26, 0x0b, 0x00, 0x03, 0x81,
    0x00, 0x81, 0x03, 0x00, 0xb0, 0x04, 0x50, 0x00, 0xc3, 0x00, 0x00, 0x0b, 0x00, 0x00, 0x02, 0x83,
    0x81, 0x00, 0x00, 0xb0, 0x00, 0x06, 0x70, 0x01, 0x92, 0x00, 0x0b, 0x01, 0x67, 0x20, 0x00, 0x00,
    0x70, 0x00, 0x00, 0x12, 0x00, 0x00, 0x00, 0x00, 0x00, 0x03, 0x00, 0x00, 0x00, 0x00, 0x00, 0x00,
    0x00, 0x0b, 0x00, 0x4f, 0xbb, 0xbb, 0xbb, 0x00, 0x00, 0x0b, 0x00, 0x6b, 0x00, 0x00, 0x0f, 0x00,
    0x25, 0x5f, 0x55, 0x6b, 0x00, 0x00, 0x0f, 0x00, 0x01, 0x1f, 0x11, 0x6f, 0xbb, 0xbb, 0xbf, 0x00,
    0x00, 0x3f, 0x20, 0x6b, 0x00, 0x00, 0x0f, 0x00, 0x00, 0x7c, 0x80, 0x6b, 0x00, 0x00, 0x0f, 0x00,
    0x00, 0x7b, 0x27, 0x6f, 0xbc, 0xdb, 0xbf, 0x00, 0x05, 0x3b, 0x02, 0x6b, 0x00, 0x70, 0x00, 0x00,
    0x08, 0x0b, 0x00, 0x6b, 0x00, 0x71, 0x04, 0x70, 0x53, 0x0b, 0x00, 0x6b, 0x00, 0x27, 0x75, 0x00,
    0x10, 0x0b, 0x00, 0x6b, 0x00, 0x0a, 0x30, 0x00, 0x00, 0x0b, 0x00, 0x6b, 0x00, 0x00, 0x91, 0x00,
    0x00, 0x0b, 0x00, 0x6b, 0x15, 0x72, 0x18, 0x40, 0x00, 0x0b, 0x00, 0x9f, 0x62, 0x00, 0x00, 0x44,
    0x00, 0x05, 0x00, 0x00, 0x03, 0x00, 0x00, 0x00, 0x00, 0x0b, 0x00, 0x00, 0x26, 0x00, 0x00, 0x00,
    0x00, 0x0b, 0x00, 0x00, 0xbc, 0xbb, 0xb6, 0x00, 0x00, 0x0b, 0x00, 0x04, 0xb0, 0x00, 0x26, 0x00,
    0x5b, 0xbf, 0xbb, 0x68, 0x44, 0x00, 0x80, 0x00, 0x00, 0x1f, 0x00, 0x90, 0x07, 0x27, 0x30, 0x00,
    0x00, 0x5f, 0x50, 0x00, 0x00, 0xe6, 0x00, 0x00, 0x00, 0x7b, 0x55, 0x00, 0x17, 0x47, 0x30, 0x00,
    0x01, 0x6b, 0x06, 0x04, 0x71, 0x00, 0x57, 0x20, 0x07, 0x1b, 0x03, 0x8f, 0xbb, 0xbb, 0xbb, 0x53,
    0x17, 0x0b, 0x00, 0x0f, 0x00, 0x00, 0x0f, 0x00, 0x71, 0x0b, 0x00, 0x0f, 0x00, 0x00, 0x0f, 0x00,
    0x00, 0x0b, 0x00, 0x0f, 0x00, 0x00, 0x0f, 0x00, 0x00, 0x0b, 0x00, 0x0f, 0x00, 0x00, 0x0f, 0x00,
    0x00, 0x0b, 0x00, 0x0f, 0xbb, 0xbb, 0xbf, 0x00, 0x00, 0x00, 0x00, 0x01, 0x00, 0x00, 0x00, 0x00,
    0x00, 0x00, 0x00, 0x03, 0x00, 0x00, 0x00, 0x00, 0x00, 0x00, 0x01, 0x90, 0x00, 0x00, 0x00, 0x00,
    0x00, 0x00, 0x1f, 0xbb, 0xbb, 0xbb, 0x10, 0x00, 0x00, 0x01, 0x90, 0x00, 0x00, 0x00, 0x00, 0xff,
    0xff, 0xff, 0xff, 0xff, 0xb0, 0x00, 0x0c, 0x11, 0x11, 0x11, 0x11, 0x1b, 0x00, 0x00, 0xeb, 0xbb,
    0xbb, 0xbb, 0xbb, 0xb0, 0x00, 0x0b, 0x00, 0x00, 0x00, 0x00, 0x0b, 0x00, 0x00, 0xff, 0xff, 0xff,
    0xff, 0xff, 0xb0, 0x00, 0x00, 0x00, 0x00, 0xb0, 0x00, 0x00, 0x00, 0x9b, 0xbb, 0xbb, 0xff, 0xfb,
    0xbb, 0xbb, 0x70, 0x00, 0x00, 0x73, 0xb5, 0x50, 0x00, 0x00, 0x00, 0x02, 0x82, 0x0b, 0x03, 0x72,
    0x00, 0x00, 0x17, 0x60, 0x00, 0xb0, 0x00, 0x67, 0x20, 0x77, 0x10, 0x00, 0x0b, 0x00, 0x00, 0x05,
    0x50, 0x00, 0x6b, 0xbb, 0xbb, 0xbb, 0xbe, 0x00, 0x00, 0x00, 0x04, 0x66, 0x41, 0x05, 0x72, 0x00,
    0x00, 0x00, 0x00, 0x02, 0x8d, 0xd9, 0x40, 0x00, 0x00, 0x00, 0x67, 0x75, 0x10, 0x00, 0x48, 0x20,
    0x00, 0x0b, 0xbb, 0xbc, 0x72, 0xbb, 0xbb, 0xbd, 0x00, 0x03, 0x30, 0x18, 0x10, 0x33, 0x00, 0x64,
    0x00, 0x00, 0x4c, 0xc1, 0x00, 0x04, 0xdd, 0x40, 0x00, 0x16, 0x73, 0x28, 0x25, 0x76, 0x10, 0x58,
    0x20, 0x22, 0x00, 0x00, 0x0b, 0x00, 0x00, 0x00, 0x10, 0x7b, 0xbb, 0xbb, 0xff, 0xfb, 0xbb, 0xbb,
    0xa0, 0x00, 0x00, 0x04, 0x5b, 0x37, 0x00, 0x00, 0x00, 0x00, 0x01, 0x74, 0x0b, 0x02, 0x73, 0x00,
    0x00, 0x00, 0x58, 0x10, 0x0b, 0x00, 0x05, 0x73, 0x00, 0x48, 0x30, 0x00, 0x0b, 0x00, 0x00, 0x04,
    0x70, 0x00, 0x05, 0x00, 0x00, 0x30, 0x00, 0x30, 0x00, 0x00, 0x0b, 0x00, 0x00, 0x70, 0x01, 0x60,
    0x00, 0x00, 0x0b, 0x05, 0xbb, 0xfb, 0xbc, 0xfb, 0xb1, 0x00, 0x0b, 0x00, 0x00, 0x70, 0x01, 0x60,
    0x00, 0x14, 0x4f, 0x43, 0x6b, 0xeb, 0xbc, 0xeb, 0x20, 0x00, 0x1f, 0x10, 0x70, 0x00, 0x00, 0x04,
    0x20, 0x00, 0x5e, 0x70, 0x8b, 0xbb, 0xbb, 0xbc, 0x20, 0x00, 0x8b, 0x63, 0x70, 0x00, 0x00, 0x04,
    0x20, 0x01, 0x7b, 0x05, 0x75, 0x55, 0x55, 0x58, 0x20, 0x06, 0x2b, 0x00, 0x6b, 0xbe, 0xfb, 0xbb,
    0x20, 0x08, 0x0b, 0x00, 0x00, 0x06, 0x10, 0x00, 0x00, 0x32, 0x0b, 0x08, 0xbb, 0xbf, 0xfb, 0xbb,
    0xb0, 0x00, 0x0b, 0x00, 0x00, 0x45, 0x44, 0x00, 0x00, 0x00, 0x0b, 0x00, 0x05, 0x60, 0x05, 0x60,
    0x00, 0x00, 0x0b, 0x06, 0x73, 0x00, 0x00, 0x27, 0x71, 0x00, 0x00, 0x00, 0x00, 0x00, 0x00, 0x00,
    0x00, 0x00, 0x05, 0x00, 0x00, 0x50, 0x00, 0x50, 0x00, 0x00, 0x0b, 0x00, 0x00, 0xb0, 0x00, 0xb0,
    0x00, 0x00, 0x0b, 0x00, 0xab, 0xfb, 0xbb, 0xfb, 0xb0, 0x00, 0x0b, 0x00, 0x00, 0xb0, 0x00, 0xb0,
    0x00, 0x26, 0x6f, 0x67, 0x43, 0xf3, 0x33, 0xf3, 0x31, 0x00, 0x1f, 0x04, 0xbb, 0xbb, 0xfb, 0xfb,
    0xb3, 0x00, 0x5f, 0x00, 0x00, 0x00, 0xb0, 0x00, 0x00, 0x00, 0x7c, 0x80, 0xbb, 0xbb, 0xfb, 0xbb,
    0xb0, 0x01, 0x6b, 0x47, 0xb0, 0x00, 0xb0, 0x00, 0xb0, 0x07, 0x1b, 0x05, 0xbb, 0xbb, 0xfb, 0xbb,
    0xb0, 0x17, 0x0b, 0x00, 0xb0, 0x00, 0xb0, 0x00, 0xb0, 0x61, 0x0b, 0x00, 0xbb, 0xbb, 0xfb, 0xbb,
    0xb0, 0x00, 0x0b, 0x00, 0x23, 0x43, 0x33, 0x43, 0x20, 0x00, 0x0b, 0x00, 0x04, 0x81, 0x00, 0x67,
    0x10, 0x00, 0x0b, 0x03, 0x73, 0x00, 0x00, 0x01, 0x82, 0x00, 0x05, 0x00, 0x00, 0x03, 0x00, 0x00,
    0x00, 0x00, 0x0b, 0x00, 0x00, 0x02, 0x70, 0x00, 0x00, 0x00, 0x0b, 0x05, 0xbb, 0xbb, 0xcb, 0xbb,
    0xb2, 0x00, 0x0b, 0x00, 0x45, 0x55, 0x55, 0x55, 0x20, 0x0b, 0xbf, 0xb4, 0x70, 0x00, 0x00, 0x03,
    0x40, 0x00, 0x2f, 0x00, 0x70, 0x85, 0x58, 0x32, 0x40, 0x00, 0x6f, 0x40, 0x70, 0xab, 0xbc, 0x32,
    0x40, 0x00, 0x7b, 0x92, 0x83, 0x33, 0x33, 0x35, 0x40, 0x01, 0x7b, 0x12, 0x34, 0x44, 0x44, 0x44,
    0x10, 0x06, 0x2b, 0x00, 0x5b, 0xbb, 0xbb, 0xba, 0x00, 0x18, 0x0b, 0x00, 0x53, 0x22, 0x22, 0x28,
    0x00, 0x22, 0x0b, 0x00, 0x55, 0x44, 0x44, 0x48, 0x00, 0x00, 0x0b, 0x00, 0x5c, 0xbb, 0xbb, 0xbb,
    0x00, 0x00, 0x0b, 0x00, 0x00, 0x00, 0x00, 0x00, 0x00, 0x00, 0x0b, 0x2b, 0xbb, 0xbb, 0xbb, 0xbb,
    0xb4, 0x00, 0x00, 0x00, 0x05, 0x00, 0x00, 0x00, 0x00, 0x05, 0x00, 0x00, 0x07, 0x00, 0x00, 0x00,
    0x00, 0x02, 0x92, 0x00, 0x35, 0x00, 0x00, 0x00, 0x00, 0x00, 0x19, 0x20, 0xbc, 0xbb, 0xbb, 0xbc,
    0xf1, 0x00, 0x00, 0x00, 0x80, 0x00, 0x00, 0x04, 0xb0, 0x00, 0x00, 0x04, 0x40, 0x0b, 0x00, 0x09,
    0x30, 0x00, 0x00, 0x08, 0x00, 0x0b, 0x00, 0x19, 0x00, 0x00, 0x00, 0x02, 0x00, 0x0f, 0x00, 0x41,
    0x00, 0x00, 0x02, 0x40, 0x00, 0x0e, 0x30, 0x00, 0x00, 0x00, 0x08, 0x00, 0x00, 0x46, 0x70, 0x00,
    0x00, 0x00, 0x62, 0x00, 0x00, 0x80, 0x70, 0x00, 0x00, 0x03, 0x60, 0x00, 0x05, 0x40, 0x16, 0x00,
    0x00, 0x18, 0x00, 0x00, 0x46, 0x00, 0x05, 0x30, 0x00, 0x00, 0x00, 0x06, 0x50, 0x00, 0x00, 0x74,
    0x00, 0x00, 0x01, 0x82, 0x00, 0x00, 0x00, 0x05, 0x80, 0x00, 0x00, 0x00, 0x00, 0x22, 0x00, 0x00,
    0x04, 0x55, 0x55, 0x55, 0x15, 0x10, 0x00, 0x00, 0xb2, 0x22, 0x22, 0x21, 0x50, 0x00, 0x00, 0x0b,
    0x00, 0x00, 0x04, 0x0f, 0xbb, 0xbb, 0xf3, 0xb5, 0x10, 0x04, 0x41, 0x60, 0x00, 0x0d, 0x1b, 0x08,
    0x00, 0x70, 0x52, 0x09, 0x01, 0xb0, 0xb0, 0x26, 0x16, 0x08, 0x00, 0xb0, 0x44, 0x0b, 0x00, 0x69,
    0x10, 0x20, 0x0d, 0x02, 0x00, 0xb0, 0x01, 0xe0, 0x00, 0x01, 0xf0, 0x00, 0x0b, 0x00, 0x73, 0x60,
    0x00, 0x3e, 0x10, 0x00, 0xb0, 0x35, 0x07, 0x10, 0x05, 0x85, 0x00, 0x0b, 0x18, 0x00, 0x18, 0x00,
    0x92, 0x70, 0x00, 0xb7, 0x10, 0x00, 0x20, 0x1a, 0x05, 0x30, 0x0b, 0x00, 0x00, 0x00, 0x08, 0x30,
    0x08, 0x10, 0x9b, 0xbb, 0xbb, 0xb8, 0x70, 0x00, 0x19, 0x10, 0x00, 0x00, 0x00, 0x30, 0x00, 0x00,
    0x11, 0x00, 0x00, 0x00, 0x00, 0x04, 0x00, 0x00, 0x09, 0xbb, 0xbb, 0xbf, 0xb2, 0x50, 0x00, 0x00,
    0x00, 0x00, 0x00, 0xb0, 0x05, 0x00, 0x00, 0x00, 0xcb, 0xba, 0x0b, 0x06, 0xeb, 0xbb, 0xf3, 0x0b,
    0x00, 0xa0, 0xb0, 0x50, 0x00, 0x0d, 0x10, 0xb0, 0x0a, 0x0b, 0x05, 0x0a, 0x02, 0xa0, 0x0b, 0xbb,
    0xa0, 0xb1, 0x60, 0xb0, 0x63, 0x03, 0x44, 0x44, 0x4d, 0x42, 0x0f, 0x02, 0x00, 0xbc, 0xcc, 0xcc,
    0xfc, 0x30, 0xf0, 0x00, 0x00, 0x00, 0x00, 0x0b, 0x00, 0x0f, 0x40, 0x00, 0x3f, 0xbb, 0xb0, 0xb0,
    0x03, 0x88, 0x00, 0x03, 0x50, 0x0b, 0x0b, 0x00, 0x73, 0x81, 0x00, 0x3f, 0xbb, 0xb0, 0xb0, 0x0a,
    0x01, 0x90, 0x02, 0x50, 0x00, 0x0b, 0x07, 0x30, 0x04, 0x70, 0x00, 0x00, 0xbb, 0xa3, 0x60, 0x00,
    0x04, 0x60, 0x00, 0x00, 0x00, 0x00, 0x00, 0x00, 0x00, 0x00, 0x00, 0x00, 0x00, 0x60, 0x00, 0x00,
    0x00, 0x00, 0x00, 0x00, 0x01, 0xf0, 0x00, 0x00, 0x00, 0x00, 0x00, 0x00, 0x01, 0xf0, 0x00, 0x00,
    0x00, 0x00, 0x00, 0x00, 0x01, 0xf0, 0x00, 0x00, 0x00, 0x00, 0x08, 0x00, 0x01, 0xf0, 0x00, 0x00,
    0x00, 0x00, 0x0b, 0x00, 0x01, 0xf0, 0x00, 0x00, 0x00, 0x00, 0x0b, 0x00, 0x01, 0xfb, 0xbb, 0xbb,
    0x80, 0x00, 0x0b, 0x00, 0x01, 0xf0, 0x00, 0x00, 0x00, 0x00, 0x0b, 0x00, 0x01, 0xf0, 0x00, 0x00,
    0x00, 0x00, 0x0b, 0x00, 0x01, 0xf0, 0x00, 0x00, 0x00, 0x00, 0x0b, 0x00, 0x01, 0xf0, 0x00, 0x00,
    0x00, 0x00, 0x0b, 0x00, 0x01, 0xf0, 0x00, 0x00, 0x00, 0x00, 0x0b, 0x00, 0x01, 0xf0, 0x00, 0x00,
    0x00, 0x3b, 0xbf, 0xbb, 0xbc, 0xfb, 0xbb, 0xbb, 0xb3, 0x14, 0x44, 0x44, 0x44, 0x44, 0x44, 0x44,
    0x41, 0x01, 0x22, 0x22, 0x22, 0x22, 0x22, 0x22, 0x10, 0x07, 0xbb, 0xbb, 0xbe, 0xfb, 0xbb, 0xbb,
    0x80, 0x00, 0x00, 0x00, 0x02, 0xc0, 0x00, 0x00, 0x00, 0x00, 0x00, 0x00, 0x02, 0xc0, 0x00, 0x00,
    0x00, 0x00, 0x02, 0x00, 0x02, 0xc0, 0x00, 0x00, 0x00, 0x00, 0x0b, 0x00, 0x02, 0xc0, 0x00, 0x00,
    0x00, 0x00, 0x0b, 0x00, 0x02, 0xfb, 0xbb, 0xbb, 0x30, 0x00, 0x0b, 0x00, 0x02, 0xc0, 0x00, 0x00,
    0x00, 0x00, 0x0b, 0x00, 0x02, 0xc0, 0x00, 0x00, 0x00, 0x00, 0x0b, 0x00, 0x02, 0xc0, 0x00, 0x00,
    0x00, 0x00, 0x0b, 0x00, 0x02, 0xc0, 0x00, 0x00, 0x00, 0x00, 0x0b, 0x00, 0x02, 0xc0, 0x00, 0x00,
    0x00, 0x2b, 0xbf, 0xbb, 0xbe, 0xfb, 0xbb, 0xbb, 0xb4, 0x13, 0x33, 0x33, 0x33, 0x33, 0x33, 0x33,
    0x31, 0x00, 0x00, 0x02, 0x00, 0x01, 0x00, 0x00, 0x00, 0x00, 0x00, 0x0d, 0x00, 0x0b, 0x00, 0x00,
    0x00, 0x00, 0x00, 0x0d, 0x00, 0x0b, 0x00, 0x00, 0x00, 0x00, 0x00, 0x0d, 0x00, 0x0b, 0x00, 0x00,
    0x00, 0x00, 0xb0, 0x0d, 0x00, 0x0b, 0x00, 0x01, 0x50, 0x00, 0xb0, 0x0d, 0x00, 0x0b, 0x00, 0x49,
    0x10, 0x00, 0xb0, 0x0f, 0xbb, 0x7b, 0x18, 0x50, 0x00, 0x00, 0xb0, 0x0d, 0x00, 0x0f, 0x71, 0x00,
    0x00, 0x00, 0xb0, 0x0d, 0x00, 0x0b, 0x00, 0x00, 0x00, 0x00, 0xb0, 0x0d, 0x00, 0x0b, 0x00, 0x00,
    0x00, 0x00, 0xb0, 0x0d, 0x00, 0x0b, 0x00, 0x00, 0x00, 0x00, 0xb0, 0x0d, 0x00, 0x0b, 0x00, 0x00,
    0x09, 0x00, 0xb0, 0x0d, 0x00, 0x0b, 0x00, 0x00, 0x1b, 0x00, 0xb0, 0x3f, 0x88, 0x5b, 0x20, 0x00,
    0x58, 0x29, 0xb8, 0x52, 0x00, 0x04, 0xbb, 0xbb, 0xa2, 0x00, 0x00, 0x00, 0x00, 0x00, 0x00, 0x00,
    0x00, 0x00, 0x00, 0x00, 0x01, 0x00, 0x00, 0x00, 0x00, 0x00, 0x10, 0x00, 0xb0, 0x00, 0x00, 0x00,
    0x00, 0x0b, 0x00, 0x0b, 0x00, 0x00, 0x00, 0x00, 0x00, 0xb0, 0x00, 0xfb, 0xbb, 0xb9, 0x00, 0x00,
    0x0b, 0x00, 0x0b, 0x00, 0x00, 0x00, 0x01, 0x44, 0xf4, 0x44, 0xe4, 0x44, 0x44, 0x42, 0x4b, 0xbb,
    0xbb, 0xbf, 0xcb, 0xbb, 0xbb, 0x70, 0x00, 0x02, 0x00, 0xb0, 0x00, 0x04, 0x00, 0x00, 0x01, 0x70,
    0x0b, 0x00, 0x06, 0x30, 0x00, 0x00, 0x81, 0x00, 0xb0, 0x02, 0x70, 0x00, 0x01, 0x91, 0x00, 0x0b,
    0x02, 0x80, 0x00, 0x00, 0x41, 0x00, 0x00, 0x95, 0x80, 0x00, 0x00, 0x00, 0x00, 0x00, 0x38, 0x40,
    0x00, 0x00, 0x00, 0x00, 0x27, 0x85, 0x00, 0x00, 0x00, 0x00, 0x38, 0x86, 0x20, 0x00, 0x00, 0x00,
    0x00, 0x00, 0x00, 0x04, 0x00, 0x00, 0x00, 0x00, 0x00, 0x00, 0x00, 0x70, 0x00, 0x00, 0x00, 0x00,
    0x00, 0x00, 0x9d, 0xbb, 0xbb, 0xbb, 0xbb, 0xba, 0x00, 0x17, 0x00, 0x00, 0x00, 0x00, 0x00, 0x00,
    0x08, 0x10, 0x00, 0x00, 0x00, 0x00, 0x00, 0x06, 0x44, 0xdb, 0xbb, 0xbb, 0xbb, 0xf2, 0x00, 0x40,
    0x60, 0x03, 0x62, 0x00, 0x05, 0x10, 0x00, 0x06, 0x00, 0x00, 0x45, 0x00, 0x61, 0x00, 0xbb, 0xfb,
    0xbb, 0xbb, 0xbb, 0xbf, 0xcb, 0x30, 0x06, 0x01, 0x50, 0x00, 0x00, 0x70, 0x00, 0x00, 0x70, 0x03,
    0x82, 0x00, 0x07, 0x00, 0x00, 0x16, 0x00, 0x00, 0x73, 0x00, 0x80, 0x00, 0x03, 0xeb, 0xbb, 0xbb,
    0xbb, 0xbf, 0xbb, 0x00, 0x00, 0x00, 0x00, 0x00, 0x01, 0x80, 0x00, 0x00, 0x00, 0x00, 0x00, 0x9b,
    0xc3, 0x00, 0x00, 0x00, 0x00, 0x00, 0x02, 0x00, 0x00, 0x00, 0x0e, 0x00, 0x00, 0x0b, 0x00, 0x00,
    0x00, 0x0e, 0x00, 0x00, 0x0b, 0x00, 0x00, 0x00, 0x0e, 0x00, 0x00, 0x0b, 0x00, 0x00, 0x00, 0x0e,
    0x00, 0x00, 0x0b, 0x00, 0x00, 0x60, 0x0e, 0x00, 0x00, 0x0b, 0x00, 0x28, 0x30, 0x0f, 0xbb, 0xbb,
    0x4b, 0x17, 0x60, 0x00, 0x0e, 0x00, 0x00, 0x0d, 0x60, 0x00, 0x00, 0x0e, 0x00, 0x00, 0x0b, 0x00,
    0x00, 0x00, 0x0e, 0x00, 0x00, 0x0b, 0x00, 0x00, 0x00, 0x0e, 0x00, 0x00, 0x0b, 0x00, 0x00, 0x03,
    0x0e, 0x00, 0x00, 0x0b, 0x00, 0x00, 0x0b, 0x0e, 0x00, 0x00, 0x0b, 0x00, 0x00, 0x0c, 0x0e, 0x15,
    0x99, 0x3b, 0x10, 0x00, 0x3a, 0x4f, 0x94, 0x00, 0x07, 0xcb, 0xbb, 0xd4, 0x00, 0x00, 0x00, 0x00,
    0x00, 0x00, 0x00, 0x02, 0x50, 0x00, 0x00, 0x30, 0x00, 0x00, 0x00, 0x4b, 0x00, 0x00, 0x06, 0x00,
    0x01, 0x00, 0x04, 0xb0, 0x00, 0x00, 0x60, 0x06, 0x70, 0x00, 0x4f, 0xbb, 0xbb, 0x16, 0x48, 0x30,
    0x00, 0x04, 0xb0, 0x00, 0x00, 0xc3, 0x00, 0x00, 0x00, 0x4b, 0x00, 0x00, 0x06, 0x00, 0x00, 0x90,
    0x04, 0xb0, 0x02, 0x52, 0x70, 0x00, 0x0c, 0x00, 0x8a, 0x44, 0x20, 0x2a, 0xbb, 0xbc, 0x90, 0x00,
    0x00, 0x00, 0x0b, 0x00, 0x00, 0x00, 0x00, 0x00, 0x00, 0x00, 0xb0, 0x00, 0x00, 0x00, 0x9b, 0xbb,
    0xbb, 0xbf, 0xbb, 0xbb, 0xbb, 0x70, 0x00, 0x00, 0x00, 0xb0, 0x00, 0x00, 0x00, 0x00, 0x00, 0x00,
    0x0b, 0x00, 0x00, 0x00, 0x00, 0x00, 0x00, 0x00, 0xb0, 0x00, 0x00, 0x00, 0x00, 0x00, 0x00, 0x0b,
    0x00, 0x00, 0x00, 0x00, 0x00, 0x00, 0x00, 0x00, 0x00, 0x01, 0x00, 0x00, 0x00, 0x00, 0x00, 0x03,
    0x67, 0x61, 0x00, 0x00, 0x13, 0x57, 0xc7, 0x41, 0x00, 0x00, 0x01, 0x66, 0x41, 0x0b, 0x00, 0x00,
    0x00, 0x00, 0x00, 0x00, 0x00, 0xb0, 0x00, 0x00, 0x00, 0x00, 0x00, 0x00, 0x0e, 0x57, 0x77, 0x76,
    0x00, 0x07, 0x77, 0x76, 0xf2, 0x00, 0x00, 0x00, 0x00, 0x00, 0x00, 0x0b, 0x00, 0x00, 0x00, 0x00,
    0x00, 0x00, 0x00, 0xb0, 0x00, 0x02, 0x46, 0x20, 0x00, 0x13, 0x5f, 0x77, 0x76, 0x53, 0x10, 0x37,
    0x76, 0x42, 0xb0, 0x00, 0x00, 0x00, 0x00, 0x00, 0x00, 0x0b, 0x00, 0x00, 0x00, 0x01, 0x00, 0x00,
    0x00, 0xb0, 0x00, 0x00, 0x00, 0xb0, 0x00, 0x00, 0x0c, 0x00, 0x00, 0x00, 0x39, 0x00, 0x00, 0x00,
    0x9c, 0xbb, 0xbb, 0xbc, 0x30, 0x00, 0x00, 0x50, 0x00, 0x00, 0x00, 0x00, 0x00, 0x00, 0x00, 0x70,
    0x00, 0x00, 0x00, 0x00, 0x00, 0x00, 0x05, 0xeb, 0xbb, 0xbb, 0xbb, 0xbb, 0xb0, 0x00, 0x08, 0x00,
    0x00, 0x00, 0x00, 0x00, 0x00, 0x00, 0x53, 0x9b, 0xbb, 0xbb, 0xbb, 0xba, 0x00, 0x01, 0x80, 0x00,
    0x00, 0x00, 0x00, 0x00, 0x00, 0x09, 0x10, 0x00, 0x00, 0x00, 0x00, 0x00, 0x00, 0x12, 0x6b, 0xbb,
    0xbb, 0xbb, 0xbf, 0x20, 0x00, 0x00, 0x00, 0x00, 0x00, 0x00, 0x04, 0x30, 0x00, 0x00, 0x00, 0x00,
    0x00, 0x00, 0x02, 0x50, 0x00, 0x00, 0x00, 0x00, 0x00, 0x00, 0x01, 0x70, 0x00, 0x00, 0x00, 0x00,
    0x00, 0x00, 0x00, 0x90, 0x00, 0x00, 0x00, 0x00, 0x00, 0x00, 0x00, 0x90, 0x04, 0x00, 0x00, 0x00,
    0x00, 0x00, 0x00, 0x47, 0x16, 0x00, 0x00, 0x00, 0x00, 0x00, 0x00, 0x09, 0xc2, 0x00, 0x00, 0x00,
    0x02, 0x00, 0x00, 0x00, 0x00, 0x00, 0x00, 0x00, 0x0b, 0x00, 0x00, 0x00, 0x00, 0x00, 0x00, 0x00,
    0x0b, 0x00, 0x00, 0x00, 0x00, 0x00, 0x00, 0x00, 0x0b, 0x00, 0x00, 0x00, 0x00, 0x00, 0x00, 0x00,
    0x0c, 0x20, 0x00, 0x54, 0x00, 0x4b, 0xbb, 0xbf, 0x2b, 0x70, 0x03, 0x60, 0x00, 0x00, 0x00, 0x2d,
    0x0b, 0x34, 0x17, 0x00, 0x00, 0x00, 0x00, 0x77, 0x0b, 0x08, 0x80, 0x00, 0x00, 0x00, 0x01, 0xd1,
    0x0b, 0x01, 0x70, 0x00, 0x00, 0x00, 0x08, 0x60, 0x0b, 0x00, 0x36, 0x00, 0x00, 0x00, 0x49, 0x00,
    0x0b, 0x00, 0x04, 0x50, 0x00, 0x04, 0x90, 0x00, 0x0b, 0x00, 0x00, 0x56, 0x00, 0x57, 0x00, 0x00,
    0x0b, 0x00, 0x00, 0x03, 0x82, 0x00, 0x00, 0x00, 0x0b, 0x00, 0x00, 0x00, 0x01, 0x00, 0x00, 0x1b,
    0xbc, 0x00, 0x00, 0x00, 0x00, 0x00, 0x00, 0x00, 0x00, 0x00, 0x00, 0x00, 0x00, 0x00, 0x00, 0x00,
    0x07, 0x00, 0x40, 0x00, 0x00, 0x00, 0x00, 0x00, 0x0b, 0x00, 0x38, 0x20, 0x00, 0x00, 0x00, 0x00,
    0x0b, 0x00, 0x00, 0x70, 0x00, 0x4b, 0xbb, 0xbb, 0xbf, 0xbb, 0xbb, 0xbb, 0x80, 0x00, 0x00, 0x00,
    0x0c, 0x40, 0x00, 0x00, 0x00, 0x01, 0x50, 0x00, 0x0b, 0x70, 0x00, 0x26, 0x00, 0x00, 0x46, 0x00,
    0x0b, 0x52, 0x02, 0x70, 0x00, 0x00, 0x04, 0x50, 0x0b, 0x07, 0x27, 0x00, 0x00, 0x00, 0x00, 0x30,
    0x0c, 0x07, 0x80, 0x00, 0x00, 0x00, 0x00, 0x01, 0x7f, 0x00, 0x80, 0x00, 0x00, 0x00, 0x00, 0x67,
    0x1b, 0x00, 0x26, 0x00, 0x00, 0x00, 0x47, 0x20, 0x0b, 0x00, 0x03, 0x60, 0x00, 0x28, 0x30, 0x00,
    0x0b, 0x00, 0x00, 0x38, 0x10, 0x00, 0x00, 0x00, 0x0b, 0x00, 0x00, 0x01, 0x71, 0x00, 0x00, 0x8b,
    0xbb, 0x00, 0x00, 0x00, 0x00, 0x00, 0x00, 0x00, 0x00, 0x00, 0x00, 0x00, 0x00, 0x02, 0x00, 0x00,
    0x00, 0x00, 0x00, 0x00, 0x00, 0x58, 0x12, 0xbb, 0xbb, 0xbb, 0xf2, 0x00, 0x00, 0x18, 0x00, 0x00,
    0x00, 0x75, 0x00, 0x00, 0x00, 0x00, 0x00, 0x01, 0x82, 0x00, 0x00, 0x00, 0x00, 0x00, 0x05, 0x70,
    0x00, 0x00, 0x06, 0x30, 0x00, 0x37, 0x30, 0x00, 0x00, 0x00, 0x06, 0x60, 0x0d, 0xbb, 0xfb, 0xcf,
    0xbf, 0x30, 0x03, 0x20, 0x00, 0x25, 0x05, 0x20, 0xb2, 0x00, 0x00, 0x00, 0x08, 0x00, 0x70, 0x0c,
    0x10, 0x00, 0x40, 0x07, 0x20, 0x34, 0x00, 0xd0, 0x00, 0x17, 0x07, 0x30, 0x08, 0x00, 0x0d, 0x00,
    0x07, 0x13, 0x10, 0x06, 0x20, 0x01, 0xc0, 0x02, 0x60, 0x00, 0x05, 0x40, 0x00, 0x3a, 0x00, 0x80,
    0x00, 0x05, 0x50, 0x00, 0x06, 0x70, 0x24, 0x00, 0x18, 0x30, 0x00, 0x6b, 0xc1, 0x00, 0x00, 0x00,
    0x10, 0x00, 0x00, 0x00, 0x00, 0x00, 0x00, 0x00, 0x00, 0x03, 0x00, 0x00, 0x00, 0x05, 0x71, 0x00,
    0x00, 0x0b, 0x00, 0x00, 0x00, 0x00, 0x07, 0x30, 0x00, 0x0b, 0x00, 0x00, 0x00, 0x00, 0x00, 0x00,
    0x21, 0x0b, 0x00, 0x40, 0x00, 0x00, 0x00, 0x00, 0x70, 0x0b, 0x00, 0x35, 0x00, 0x35, 0x00, 0x00,
    0x70, 0x0b, 0x00, 0x07, 0x10, 0x03, 0x82, 0x04, 0x30, 0x0b, 0x00, 0x01, 0x70, 0x00, 0x02, 0x08,
    0x00, 0x0b, 0x00, 0x00, 0x70, 0x00, 0x00, 0x24, 0x00, 0x0b, 0x00, 0x07, 0x00, 0x00, 0x02, 0x20,
    0x00, 0x0b, 0x00, 0x53, 0x00, 0x00, 0x08, 0x00, 0x00, 0x00, 0x01, 0x80, 0x00, 0x00, 0x35, 0x00,
    0x00, 0x00, 0x19, 0x10, 0x00, 0x00, 0x80, 0x00, 0x00, 0x02, 0x81, 0x00, 0x00, 0x06, 0x30, 0x00,
    0x01, 0x77, 0x00, 0x00, 0x00, 0x06, 0x00, 0x16, 0x76, 0x10, 0x00, 0x00, 0x00, 0x00, 0x00, 0x01,
    0x00, 0x00, 0x00, 0x00, 0x00, 0x01, 0x00, 0x00, 0x00, 0x00, 0x00, 0x00, 0x00, 0x56, 0x00, 0x00,
    0xdb, 0xbb, 0xe3, 0x00, 0x00, 0x28, 0x10, 0x07, 0x00, 0x04, 0x30, 0x00, 0x00, 0x10, 0x00, 0x70,
    0x00, 0x43, 0x00, 0x00, 0x00, 0x00, 0x07, 0x00, 0x04, 0x30, 0x04, 0x20, 0x00, 0x06, 0x20, 0x00,
    0x44, 0x00, 0x05, 0x70, 0x06, 0x50, 0x00, 0x01, 0xbb, 0x70, 0x01, 0x35, 0x30, 0x00, 0x00, 0x00,
    0x00, 0x00, 0x00, 0x0b, 0xfb, 0xbb, 0xbb, 0xf5, 0x00, 0x00, 0x10, 0x06, 0x10, 0x00, 0x08, 0x00,
    0x00, 0x08, 0x00, 0x08, 0x00, 0x07, 0x20, 0x00, 0x04, 0x40, 0x00, 0x37, 0x06, 0x40, 0x00, 0x00,
    0x80, 0x00, 0x00, 0x5f, 0x30, 0x00, 0x00, 0x53, 0x00, 0x01, 0x67, 0x39, 0x30, 0x00, 0x08, 0x01,
    0x57, 0x61, 0x00, 0x05, 0x86, 0x20, 0x10, 0x02, 0x00, 0x00, 0x00, 0x00, 0x25, 0x00, 0x00, 0x00,
    0x00, 0x00, 0x00, 0x00, 0x00, 0x05, 0x50, 0x14, 0x44, 0x44, 0x44, 0x44, 0x41, 0x00, 0x27, 0x6b,
    0xbb, 0xbb, 0xbb, 0xbf, 0xb4, 0x00, 0x00, 0x20, 0x00, 0x00, 0x00, 0x0b, 0x00, 0x00, 0x00, 0x00,
    0x00, 0x00, 0x00, 0x0b, 0x00, 0x33, 0x00, 0x02, 0xfb, 0xbb, 0xe0, 0x0b, 0x00, 0x05, 0x71, 0x02,
    0xd0, 0x00, 0xb0, 0x0b, 0x00, 0x00, 0x13, 0x02, 0xd0, 0x00, 0xb0, 0x0b, 0x00, 0x00, 0x00, 0x02,
    0xd0, 0x00, 0xb0, 0x0b, 0x00, 0x00, 0x02, 0x22, 0xd0, 0x00, 0xb0, 0x0b, 0x00, 0x00, 0x08, 0x02,
    0xfb, 0xbb, 0xc0, 0x0b, 0x00, 0x00, 0x44, 0x02, 0xd0, 0x00, 0x00, 0x0b, 0x00, 0x00, 0x80, 0x00,
    0x00, 0x00, 0x00, 0x0b, 0x00, 0x06, 0x20, 0x00, 0x00, 0x00, 0x00, 0x0b, 0x00, 0x05, 0x00, 0x00,
    0x00, 0x02, 0xbb, 0xbb, 0x00, 0x00, 0x00, 0x00, 0x00, 0x00, 0x20, 0x00, 0x00, 0x01, 0x73, 0x00,
    0x00, 0x00, 0xb0, 0x00, 0x00, 0x00, 0x05, 0x70, 0x00, 0x00, 0xb0, 0x00, 0x00, 0x00, 0x00, 0x10,
    0x00, 0x00, 0xb0, 0x00, 0x00, 0x00, 0x00, 0x00, 0x8b, 0xbb, 0xfb, 0xbb, 0x70, 0x05, 0x20, 0x00,
    0x00, 0x00, 0xb0, 0x00, 0x00, 0x00, 0x46, 0x00, 0x00, 0x00, 0xb0, 0x00, 0x00, 0x00, 0x00, 0x05,
    0xbb, 0xbc, 0xfb, 0xbb, 0xb4, 0x00, 0x00, 0x01, 0x33, 0x39, 0x73, 0x33, 0x31, 0x00, 0x00, 0x50,
    0x00, 0x18, 0x00, 0x00, 0x00, 0x00, 0x03, 0x40, 0x00, 0x71, 0x01, 0x50, 0x00, 0x00, 0x08, 0x00,
    0x03, 0x50, 0x00, 0x53, 0x00, 0x00, 0x53, 0x00, 0x18, 0x00, 0x00, 0x19, 0x00, 0x01, 0x80, 0x00,
    0xc7, 0x77, 0x77, 0x64, 0x60, 0x04, 0x10, 0x00, 0x30, 0x00, 0x00, 0x00, 0x60, 0x01, 0x00, 0x00,
    0x00, 0x00, 0x50, 0x00, 0x00, 0x01, 0x84, 0x00, 0x00, 0x00, 0xb0, 0x00, 0x00, 0x00, 0x05, 0x40,
    0x00, 0x00, 0xb0, 0x00, 0x00, 0x00, 0x00, 0x03, 0xfb, 0xbb, 0xfb, 0xbb, 0xc9, 0x00, 0x00, 0x04,
    0xc0, 0x00, 0xb0, 0x00, 0x61, 0x18, 0x20, 0x04, 0xc0, 0x00, 0xb0, 0x00, 0x70, 0x01, 0xa6, 0x04,
    0xc0, 0x00, 0xb0, 0x01, 0x10, 0x00, 0x05, 0x04, 0xff, 0xff, 0xff, 0xff, 0x20, 0x00, 0x00, 0x04,
    0xc6, 0x10, 0x00, 0x08, 0x00, 0x00, 0x00, 0x05, 0xb1, 0x70, 0x00, 0x27, 0x00, 0x00, 0x06, 0x17,
    0x80, 0x53, 0x00, 0x80, 0x00, 0x00, 0x08, 0x0a, 0x50, 0x08, 0x26, 0x30, 0x00, 0x00, 0x62, 0x0d,
    0x10, 0x00, 0xe7, 0x00, 0x00, 0x00, 0x80, 0x49, 0x00, 0x28, 0x36, 0x71, 0x00, 0x06, 0x20, 0xa1,
    0x37, 0x60, 0x00, 0x28, 0x81, 0x01, 0x02, 0x20, 0x40, 0x00, 0x00, 0x00, 0x00, 0x01, 0x00, 0x00,
    0x00, 0x30, 0x00, 0x00, 0x00, 0x04, 0x72, 0x00, 0x00, 0x27, 0x00, 0x00, 0x00, 0x00, 0x06, 0x40,
    0x00, 0x06, 0x30, 0x00, 0x00, 0x00, 0x00, 0x14, 0x44, 0x44, 0x74, 0x44, 0x30, 0x00, 0x00, 0x3b,
    0xbb, 0xbf, 0xbb, 0xbb, 0x90, 0x32, 0x00, 0x00, 0x00, 0x0b, 0x00, 0x00, 0x00, 0x04, 0x72, 0x00,
    0x00, 0x0b, 0x00, 0x00, 0x00, 0x00, 0x01, 0x00, 0x00, 0x0b, 0x00, 0x00, 0x00, 0x00, 0x00, 0x08,
    0xbb, 0xbf, 0xbb, 0xbb, 0x20, 0x00, 0x03, 0x20, 0x00, 0x0b, 0x00, 0x00, 0x00, 0x00, 0x08, 0x00,
    0x00, 0x0b, 0x00, 0x00, 0x00, 0x00, 0x35, 0x00, 0x00, 0x0b, 0x00, 0x00, 0x00, 0x00, 0x80, 0x00,
    0x00, 0x0b, 0x00, 0x00, 0x00, 0x05, 0x40, 0x00, 0x00, 0x0b, 0x00, 0x00, 0x00, 0x08, 0x00, 0xbd,
    0xdd, 0xdf, 0xdd, 0xdd, 0xd2, 0x00, 0x00, 0x00, 0x00, 0x00, 0x00, 0x00, 0x00, 0x00, 0x00, 0x00,
    0x10, 0x00, 0x00, 0x20, 0x00, 0x72, 0x00, 0x06, 0x20, 0x00, 0x08, 0x00, 0x00, 0x75, 0x00, 0x08,
    0x00, 0x07, 0x20, 0x00, 0x00, 0x21, 0x33, 0x74, 0x35, 0xa3, 0x31, 0x00, 0x00, 0x4b, 0xbb, 0xbf,
    0xbb, 0xbb, 0x22, 0x00, 0x00, 0x00, 0x00, 0xb0, 0x00, 0x00, 0x49, 0x50, 0x00, 0x00, 0x0b, 0x00,
    0x00, 0x00, 0x06, 0x20, 0xab, 0xbb, 0xfb, 0xbb, 0x90, 0x00, 0x00, 0x00, 0x00, 0x0b, 0x00, 0x00,
    0x00, 0x01, 0x50, 0x00, 0x00, 0xb0, 0x00, 0x00, 0x00, 0x71, 0x9b, 0xbb, 0xbf, 0xbb, 0xbb, 0x80,
    0x17, 0x00, 0x00, 0x00, 0xb0, 0x00, 0x00, 0x07, 0x10, 0x00, 0x00, 0x0b, 0x00, 0x00, 0x02, 0x60,
    0x00, 0x00, 0x00, 0xb0, 0x00, 0x00, 0x40, 0x00, 0x00, 0x00, 0x0b, 0x00, 0x00, 0x00, 0x02, 0x00,
    0x00, 0x00, 0x40, 0x00, 0x00, 0x00, 0x04, 0x82, 0x00, 0x05, 0x40, 0x00, 0x00, 0x00, 0x00, 0x19,
    0x20, 0x1d, 0xbb, 0xbb, 0xc0, 0x00, 0x00, 0x00, 0x00, 0x88, 0x00, 0x02, 0x60, 0x00, 0x00, 0x00,
    0x06, 0x42, 0x60, 0x09, 0x00, 0x00, 0x36, 0x00, 0x64, 0x00, 0x44, 0x72, 0x00, 0x00, 0x02, 0x73,
    0x10, 0x00, 0x0c, 0x70, 0x00, 0x00, 0x00, 0x01, 0x00, 0x02, 0x82, 0x47, 0x10, 0x00, 0x00, 0x00,
    0x02, 0x76, 0x00, 0x01, 0x76, 0x10, 0x00, 0x00, 0x76, 0xdb, 0xbb, 0xbb, 0xbe, 0x63, 0x00, 0x05,
    0x00, 0xf0, 0x00, 0x00, 0x0f, 0x00, 0x00, 0x53, 0x00, 0xf0, 0x00, 0x00, 0x0f, 0x00, 0x00, 0x80,
    0x00, 0xf0, 0x00, 0x00, 0x0f, 0x00, 0x06, 0x20, 0x00, 0xf0, 0x00, 0x00, 0x0f, 0x00, 0x06, 0x00,
    0x00, 0xfb, 0xbb, 0xbb, 0xbf, 0x00, 0x00, 0x00, 0x00, 0x10, 0x00, 0x00, 0x00, 0x00, 0x00, 0x00,
    0x00, 0x10, 0x00, 0x00, 0x01, 0x18, 0x20, 0x00, 0xb0, 0x08, 0x00, 0x0b, 0x00, 0x74, 0x00, 0xb0,
    0x0b, 0x00, 0x0b, 0x00, 0x00, 0x00, 0xb0, 0x0b, 0x00, 0x0b, 0x00, 0x00, 0x00, 0xb0, 0x0b, 0x00,
    0x0b, 0x61, 0x00, 0x31, 0xb4, 0x0b, 0x41, 0x0b, 0x17, 0x50, 0x60, 0xb6, 0x0b, 0x07, 0x0b, 0x00,
    0x20, 0x71, 0xb3, 0x3b, 0x06, 0x1b, 0x00, 0x03, 0x41, 0xa0, 0x6b, 0x01, 0x6b, 0x00, 0x22, 0x02,
    0x90, 0x0b, 0x00, 0x0b, 0x00, 0x70, 0x05, 0x60, 0x0b, 0x00, 0x0b, 0x02, 0x60, 0x08, 0x20, 0x0b,
    0x00, 0x0b, 0x07, 0x00, 0x1a, 0x00, 0x0b, 0x00, 0x0b, 0x17, 0x00, 0x73, 0x00, 0x0b, 0x00, 0x0b,
    0x61, 0x03, 0x50, 0x00, 0x0b, 0x00, 0x0b, 0x03, 0x10, 0x00, 0x00, 0x70, 0x10, 0x00, 0x00, 0x00,
    0x75, 0x00, 0x00, 0xb0, 0x46, 0x00, 0x00, 0x00, 0x04, 0x20, 0x00, 0xa0, 0x02, 0x50, 0x00, 0x00,
    0x00, 0x00, 0x00, 0xa4, 0x45, 0x66, 0x10, 0x10, 0x00, 0x17, 0x77, 0xe7, 0x31, 0x00, 0x00, 0x17,
    0x50, 0x00, 0x00, 0x65, 0x00, 0x00, 0x00, 0x00, 0x35, 0x00, 0x00, 0x47, 0x01, 0x35, 0x60, 0x00,
    0x00, 0x15, 0x77, 0x8f, 0x76, 0x42, 0x10, 0x00, 0x00, 0x12, 0x00, 0x0a, 0x00, 0x04, 0x40, 0x00,
    0x07, 0x00, 0x00, 0x09, 0x10, 0x46, 0x00, 0x00, 0x17, 0x00, 0x00, 0x04, 0x66, 0x60, 0x00, 0x00,
    0x71, 0x00, 0x00, 0x02, 0xf3, 0x00, 0x90, 0x01, 0x70, 0x00, 0x02, 0x76, 0x74, 0x00, 0xc0, 0x07,
    0x10, 0x16, 0x86, 0x10, 0x0a, 0x21, 0xc0, 0x04, 0x00, 0x12, 0x00, 0x00, 0x01, 0xac, 0x70, 0x01,
    0x00, 0x00, 0x00, 0x00, 0x00, 0x00, 0x30, 0x28, 0x20, 0x66, 0x66, 0x64, 0x00, 0x0b, 0x00, 0x07,
    0x1c, 0x11, 0x11, 0xb0, 0xb0, 0xb0, 0x00, 0x00, 0xb0, 0x50, 0x0b, 0x0b, 0x0b, 0x00, 0x00, 0x0b,
    0x0b, 0x00, 0xb0, 0xb0, 0xb1, 0x60, 0x00, 0xb0, 0xb0, 0x0b, 0x0b, 0x0b, 0x01, 0x83, 0x0b, 0x0b,
    0x00, 0xb0, 0xb0, 0xb0, 0x00, 0x10, 0xb0, 0xb0, 0x0b, 0x0b, 0x0b, 0x00, 0x00, 0x0b, 0x0b, 0x00,
    0xb0, 0xb0, 0xb0, 0x00, 0x30, 0xb0, 0xb0, 0x0b, 0x0b, 0x0b, 0x00, 0x26, 0x0b, 0x0b, 0x00, 0xb0,
    0xb0, 0xb0, 0x07, 0x10, 0x34, 0x70, 0x03, 0x04, 0x0b, 0x01, 0x70, 0x00, 0xa2, 0x73, 0x00, 0x00,
    0xb0, 0x71, 0x00, 0x75, 0x00, 0x74, 0x00, 0x0b, 0x05, 0x00, 0x74, 0x00, 0x00, 0x70, 0x9b, 0xb0,
    0x02, 0x30, 0x00, 0x00, 0x15, 0x00, 0x00, 0x00, 0x00, 0x77, 0x00, 0x00, 0x08, 0x00, 0x00, 0x00,
    0x00, 0x04, 0x3b, 0xbd, 0xbf, 0xdb, 0xfb, 0xb1, 0x00, 0x00, 0x00, 0x08, 0x00, 0x02, 0x60, 0x00,
    0x00, 0x00, 0x00, 0x03, 0x50, 0x08, 0x10, 0x00, 0x17, 0x00, 0x00, 0x00, 0x64, 0x63, 0x00, 0x00,
    0x02, 0x92, 0x00, 0x00, 0x2d, 0x91, 0x00, 0x00, 0x00, 0x03, 0x02, 0x67, 0x50, 0x28, 0x73, 0x00,
    0x00, 0x00, 0x15, 0x12, 0x00, 0x00, 0x35, 0x82, 0x00, 0x04, 0x00, 0x07, 0x00, 0x00, 0x70, 0x00,
    0x00, 0x07, 0x00, 0x07, 0x00, 0x00, 0x70, 0x00, 0x00, 0x53, 0x00, 0x07, 0x00, 0x00, 0x70, 0x00,
    0x00, 0x80, 0x00, 0x62, 0x00, 0x00, 0x70, 0x00, 0x04, 0x40, 0x04, 0x60, 0x00, 0x00, 0x70, 0x00,
    0x06, 0x00, 0x45, 0x00, 0x00, 0x00, 0x70, 0x00, 0x03, 0x00, 0x00, 0x40, 0x00, 0x00, 0x0a, 0x05,
    0x60, 0x00, 0x80, 0x00, 0x00, 0x0b, 0x00, 0x53, 0x00, 0x33, 0x00, 0x70, 0x0b, 0x00, 0x00, 0x77,
    0x7c, 0x95, 0x70, 0x0b, 0x00, 0x00, 0x00, 0x07, 0x00, 0x70, 0x0b, 0x54, 0x00, 0x31, 0x07, 0x00,
    0x70, 0x0b, 0x04, 0x50, 0x08, 0x17, 0x00, 0x70, 0x0b, 0x00, 0x00, 0x02, 0xb3, 0x00, 0x70, 0x0b,
    0x00, 0x00, 0x00, 0xc4, 0x00, 0x70, 0x0b, 0x00, 0x61, 0x01, 0x68, 0x00, 0x70, 0x0b, 0x01, 0x70,
    0x07, 0x12, 0x70, 0x70, 0x0b, 0x07, 0x10, 0x36, 0x00, 0x70, 0x00, 0x0b, 0x26, 0x01, 0x80, 0x00,
    0x00, 0x00, 0x0b, 0x20, 0x06, 0x10, 0x00, 0x00, 0x08, 0xba, 0x02, 0x40, 0x00, 0x05, 0x00, 0x00,
    0x00, 0x00, 0x00, 0x49, 0x20, 0x25, 0x00, 0x00, 0x00, 0x00, 0x00, 0x00, 0x30, 0xbc, 0xbb, 0xbb,
    0xbb, 0xb1, 0x00, 0x00, 0x01, 0x70, 0x00, 0x00, 0x00, 0x00, 0x00, 0x00, 0x07, 0x10, 0x00, 0x00,
    0x00, 0x00, 0x01, 0x00, 0x35, 0x7b, 0xbb, 0xbb, 0xbf, 0x00, 0x05, 0x72, 0x00, 0x60, 0x07, 0x10,
    0x07, 0x00, 0x00, 0x02, 0x00, 0x60, 0x00, 0x71, 0x07, 0x00, 0x00, 0x00, 0x6b, 0xfb, 0xbb, 0xbb,
    0xbf, 0xb3, 0x00, 0x05, 0x00, 0x70, 0x31, 0x00, 0x07, 0x00, 0x00, 0x16, 0x00, 0x70, 0x07, 0x20,
    0x07, 0x00, 0x00, 0x52, 0x02, 0x50, 0x00, 0x60, 0x08, 0x00, 0x00, 0x70, 0x05, 0xeb, 0xbb, 0xbb,
    0xcf, 0xb0, 0x04, 0x40, 0x00, 0x00, 0x00, 0x00, 0x35, 0x00, 0x05, 0x00, 0x00, 0x00, 0x01, 0xbb,
    0xb1, 0x00, 0x02, 0x00, 0x00, 0x00, 0x00, 0x60, 0x00, 0x00, 0x28, 0x20, 0x34, 0x00, 0x0b, 0x00,
    0x17, 0x00, 0x07, 0x10, 0x73, 0x00, 0xb0, 0x07, 0x10, 0x00, 0x00, 0x00, 0x80, 0x0b, 0x05, 0x20,
    0x00, 0x00, 0x00, 0x01, 0x00, 0xb0, 0x10, 0x03, 0x71, 0x00, 0x2d, 0xdd, 0xdf, 0xdd, 0xf4, 0x01,
    0x81, 0x02, 0xe2, 0x22, 0x22, 0x2d, 0x40, 0x00, 0x20, 0x2d, 0x00, 0x00, 0x00, 0xb4, 0x00, 0x00,
    0x02, 0xfb, 0xbb, 0xbb, 0xbf, 0x40, 0x00, 0x30, 0x2d, 0x00, 0x00, 0x00, 0xb4, 0x00, 0x08, 0x02,
    0xd0, 0x00, 0x00, 0x0b, 0x40, 0x04, 0x40, 0x2f, 0xbb, 0xbb, 0xbb, 0xf4, 0x00, 0x80, 0x02, 0xd0,
    0x00, 0x00, 0x0b, 0x40, 0x53, 0x00, 0x2d, 0x00, 0x00, 0x00, 0xb4, 0x06, 0x00, 0x02, 0xd0, 0x00,
    0x07, 0xbe, 0x20, 0x04, 0x10, 0x00, 0x00, 0x00, 0x00, 0x00, 0x00, 0x17, 0x40, 0x9b, 0xbb, 0xbb,
    0xbb, 0xb8, 0x00, 0x05, 0x1b, 0x00, 0x00, 0x00, 0x00, 0xa0, 0x00, 0x00, 0xb0, 0x04, 0x01, 0x50,
    0x0a, 0x00, 0x00, 0x00, 0x06, 0x20, 0x04, 0x60, 0x03, 0x72, 0x00, 0x05, 0x40, 0x00, 0x04, 0x60,
    0x00, 0x75, 0x05, 0x50, 0x07, 0x00, 0x06, 0x20, 0x00, 0x00, 0x00, 0x00, 0xb0, 0x00, 0x00, 0x00,
    0x00, 0x1b, 0xbb, 0xcf, 0xeb, 0xbb, 0x80, 0x00, 0x30, 0x00, 0x07, 0xc7, 0x00, 0x00, 0x00, 0x16,
    0x00, 0x03, 0x5b, 0x16, 0x00, 0x00, 0x06, 0x10, 0x03, 0x70, 0xb0, 0x44, 0x00, 0x01, 0x60, 0x03,
    0x70, 0x0b, 0x00, 0x64, 0x00, 0x71, 0x06, 0x50, 0x00, 0xb0, 0x00, 0x56, 0x04, 0x00, 0x00, 0x00,
    0x0b, 0x00, 0x00, 0x00, 0x01, 0x00, 0x00, 0x00, 0x05, 0x00, 0x00, 0x00, 0x04, 0x70, 0x00, 0x00,
    0x0b, 0x00, 0x00, 0x00, 0x00, 0x18, 0x2b, 0xbb, 0xbf, 0xbb, 0xbb, 0x60, 0x00, 0x00, 0x00, 0x00,
    0x0b, 0x00, 0x00, 0x00, 0x00, 0x00, 0x0a, 0xbb, 0xbf, 0xbb, 0xbb, 0x20, 0x23, 0x00, 0x00, 0x00,
    0x0b, 0x00, 0x00, 0x00, 0x03, 0x50, 0xcf, 0xff, 0xff, 0xff, 0xff, 0xf1, 0x00, 0x01, 0x14, 0xdd,
    0xdd, 0xdd, 0xdf, 0x10, 0x00, 0x00, 0x04, 0xb0, 0x00, 0x00, 0x0f, 0x00, 0x00, 0x03, 0x04, 0xb0,
    0x00, 0x00, 0x0f, 0x00, 0x00, 0x07, 0x04, 0xfb, 0xbb, 0xbb, 0xbf, 0x00, 0x00, 0x52, 0x04, 0xb0,
    0x00, 0x00, 0x0f, 0x00, 0x00, 0x80, 0x04, 0xfb, 0xbb, 0xbb, 0xbf, 0x00, 0x05, 0x30, 0x04, 0xb0,
    0x00, 0x00, 0x0f, 0x00, 0x07, 0x00, 0x04, 0xb0, 0x00, 0x1b, 0xbd, 0x00, 0x00, 0x00, 0x00, 0x00,
    0x00, 0x00, 0x00, 0x00, 0x01, 0x10, 0x00, 0x00, 0x00, 0x00, 0x00, 0x00, 0x01, 0x75, 0x00, 0xbb,
    0xbb, 0xbb, 0xb8, 0x00, 0x00, 0x03, 0x50, 0x60, 0x00, 0x00, 0x0b, 0x00, 0x00, 0x00, 0x00, 0x60,
    0x00, 0x00, 0x0b, 0x00, 0x00, 0x00, 0x00, 0xcb, 0xbb, 0xbb, 0xbb, 0x00, 0x24, 0x00, 0x00, 0x60,
    0x00, 0x00, 0x0b, 0x00, 0x05, 0x92, 0x00, 0x60, 0x00, 0x00, 0x0b, 0x00, 0x00, 0x16, 0x00, 0xbb,
    0xbb, 0xbb, 0xb8, 0x00, 0x00, 0x00, 0x00, 0x00, 0x00, 0x00, 0x00, 0x00, 0x00, 0x00, 0x3b, 0xbb,
    0xeb, 0xbe, 0xbc, 0x30, 0x00, 0x05, 0x2b, 0x00, 0xb0, 0x0b, 0x03, 0x30, 0x00, 0x08, 0x0b, 0x00,
    0xb0, 0x0b, 0x03, 0x30, 0x00, 0x62, 0x0b, 0x00, 0xb0, 0x0b, 0x03, 0x30, 0x01, 0x70, 0x0b, 0x00,
    0xb0, 0x0b, 0x03, 0x30, 0x08, 0x14, 0xff, 0xff, 0xff, 0xff, 0xff, 0xf4, 0x01, 0x00, 0x00, 0x00,
    0x00, 0x00, 0x00, 0x00, 0x00, 0x00, 0x00, 0x00, 0x00, 0x00, 0x20, 0x00, 0x03, 0x71, 0x00, 0x03,
    0x30, 0x00, 0xb0, 0x00, 0x00, 0x29, 0x20, 0x03, 0x30, 0x00, 0xb0, 0x00, 0x00, 0x01, 0x3b, 0xbf,
    0xfb, 0xbb, 0xfb, 0xb5, 0x00, 0x00, 0x00, 0x03, 0x30, 0x00, 0xb0, 0x00, 0x18, 0x30, 0xab, 0xbf,
    0xfb, 0xbb, 0xfb, 0xba, 0x00, 0x55, 0x34, 0x49, 0x74, 0x44, 0xc4, 0x44, 0x00, 0x01, 0x00, 0x27,
    0x00, 0x00, 0x52, 0x00, 0x00, 0x00, 0x01, 0xbf, 0xbb, 0xbb, 0xb9, 0x10, 0x00, 0x02, 0x48, 0x4b,
    0x00, 0x00, 0x43, 0x73, 0x00, 0x08, 0x40, 0x4b, 0x00, 0x00, 0x43, 0x02, 0x00, 0x35, 0x00, 0x4f,
    0xbb, 0xbb, 0xb2, 0x00, 0x00, 0x80, 0x00, 0x4b, 0x00, 0x00, 0x00, 0x30, 0x03, 0x50, 0x00, 0x3c,
    0x00, 0x00, 0x00, 0x80, 0x06, 0x00, 0x00, 0x1d, 0xcb, 0xbb, 0xbc, 0x40, 0x00, 0x00, 0x00, 0x00,
    0x00, 0x00, 0x00, 0x01, 0x83, 0x00, 0x0b, 0x00, 0x3f, 0xbb, 0xf2, 0x00, 0x63, 0x00, 0xb0, 0x04,
    0xb0, 0x0d, 0x20, 0x00, 0x00, 0x0b, 0x00, 0x4b, 0x00, 0xd2, 0x00, 0x05, 0x77, 0xf7, 0x75, 0xb0,
    0x0d, 0x27, 0x30, 0x00, 0x0b, 0x00, 0x4f, 0xbb, 0xf2, 0x05, 0x60, 0x00, 0xb0, 0x04, 0xb0, 0x0d,
    0x20, 0x01, 0x00, 0x0b, 0x00, 0x4b, 0x00, 0xd2, 0x00, 0x03, 0xf7, 0xb7, 0x74, 0xb0, 0x0d, 0x20,
    0x01, 0x4b, 0x00, 0x07, 0x4f, 0xbb, 0xf2, 0x00, 0x74, 0xb0, 0x00, 0x76, 0x80, 0x0d, 0x20, 0x26,
    0x4b, 0x00, 0x07, 0x85, 0x00, 0xd2, 0x07, 0x14, 0xfb, 0xbb, 0x9c, 0x10, 0x0d, 0x21, 0x60, 0x4b,
    0x00, 0x03, 0x90, 0x00, 0xd2, 0x51, 0x02, 0x50, 0x00, 0x91, 0x06, 0xbe, 0x10, 0x00, 0x00, 0x00,
    0x00, 0x00, 0x00, 0x00, 0x01, 0x10, 0x00, 0x00, 0x00, 0x00, 0x00, 0x00, 0x01, 0x74, 0x00, 0xbb,
    0xbb, 0xbb, 0xbb, 0x80, 0x00, 0x04, 0x40, 0xb0, 0x00, 0x00, 0x00, 0xb0, 0x00, 0x00, 0x00, 0xb0,
    0x00, 0x00, 0x00, 0xb0, 0x00, 0x00, 0x00, 0xeb, 0xbb, 0xbb, 0xbb, 0xb0, 0x16, 0x00, 0x00, 0xb0,
    0x00, 0x00, 0x00, 0xb0, 0x03, 0xa4, 0x00, 0xb0, 0x00, 0x00, 0x00, 0xb0, 0x00, 0x04, 0x00, 0xbb,
    0xbb, 0xbb, 0xbb, 0x80, 0x00, 0x00, 0x00, 0x00, 0x70, 0x07, 0x00, 0x00, 0x00, 0x02, 0x03, 0x10,
    0xb0, 0x0b, 0x00, 0x41, 0x00, 0x07, 0x01, 0x70, 0xb0, 0x0b, 0x00, 0x80, 0x00, 0x26, 0x00, 0x61,
    0xb0, 0x0b, 0x05, 0x20, 0x00, 0x71, 0x00, 0x15, 0xb0, 0x0b, 0x16, 0x00, 0x01, 0x70, 0x00, 0x00,
    0xb0, 0x0b, 0x00, 0x00, 0x07, 0x10, 0xff, 0xff, 0xff, 0xff, 0xff, 0xfb, 0x01, 0x00, 0x00, 0x00,
    0x00, 0x00, 0x00, 0x00, 0x00, 0x00, 0x00, 0x00, 0x01, 0x00, 0x00, 0x00, 0x71, 0x00, 0x00, 0x00,
    0xb0, 0x00, 0x00, 0x00, 0x74, 0x0e, 0xbb, 0xbf, 0xbb, 0xd2, 0x00, 0x00, 0x30, 0xb0, 0x00, 0xb0,
    0x08, 0x20, 0x00, 0x00, 0x0c, 0xbb, 0xbf, 0xbb, 0xc2, 0x05, 0x20, 0x00, 0x00, 0x00, 0xb0, 0x00,
    0x00, 0x05, 0x60, 0x66, 0x66, 0x6a, 0x66, 0x66, 0x50, 0x00, 0x00, 0x8b, 0xbb, 0xbb, 0xb9, 0x00,
    0x00, 0x00, 0x0a, 0x00, 0x00, 0x00, 0xb0, 0x00, 0x00, 0x00, 0xa0, 0x00, 0x80, 0x0b, 0x00, 0x00,
    0x25, 0x0a, 0x00, 0x0b, 0x00, 0xb0, 0x00, 0x08, 0x00, 0xa0, 0x01, 0xa0, 0x0b, 0x00, 0x03, 0x50,
    0x04, 0x00, 0x84, 0x30, 0x50, 0x00, 0x80, 0x00, 0x02, 0x95, 0x04, 0x84, 0x00, 0x33, 0x00, 0x47,
    0x61, 0x00, 0x00, 0x57, 0x00, 0x00, 0x00, 0x00, 0x00, 0x00, 0x00, 0x00, 0x01, 0x00, 0x00, 0x00,
    0x00, 0x00, 0x00, 0x00, 0x05, 0x60, 0x0f, 0xcb, 0xbb, 0xbb, 0xbb, 0xb2, 0x00, 0x37, 0x0f, 0x10,
    0x00, 0x40, 0x00, 0x00, 0x00, 0x00, 0x0f, 0x10, 0x01, 0x70, 0x00, 0x00, 0x00, 0x00, 0x0f, 0x1d,
    0xbe, 0xdb, 0xbd, 0x00, 0x44, 0x00, 0x0f, 0x1b, 0x00, 0x00, 0x0b, 0x00, 0x04, 0x81, 0x0f, 0x1e,
    0xbb, 0xbb, 0xbe, 0x00, 0x00, 0x00, 0x1f, 0x0b, 0x00, 0x00, 0x0b, 0x00, 0x00, 0x00, 0x2d, 0x0c,
    0x22, 0x22, 0x2c, 0x00, 0x00, 0x03, 0x4b, 0x0b, 0xbb, 0xfb, 0xbb, 0x00, 0x00, 0x25, 0x68, 0x00,
    0x10, 0xb0, 0x20, 0x00, 0x00, 0x80, 0xa4, 0x06, 0x20, 0xb0, 0x37, 0x00, 0x03, 0x51, 0xc0, 0x35,
    0x00, 0xb0, 0x04, 0x70, 0x08, 0x06, 0x50, 0x60, 0x00, 0xb0, 0x00, 0x41, 0x12, 0x06, 0x00, 0x00,
    0x8b, 0xb0, 0x00, 0x00, 0x00, 0x00, 0x00, 0x00, 0x00, 0x00, 0x00, 0x01, 0x74, 0x00, 0x4c, 0xbb,
    0xbb, 0xba, 0x00, 0x00, 0x47, 0x05, 0xd0, 0x00, 0x00, 0xb0, 0x00, 0x00, 0x10, 0x5f, 0xbb, 0xc0,
    0x0b, 0x00, 0x00, 0x00, 0x05, 0xd0, 0x0b, 0x00, 0xb0, 0x06, 0x50, 0x0b, 0xff, 0xbb, 0xfb, 0xbf,
    0xb7, 0x03, 0x60, 0xc2, 0x22, 0x22, 0x22, 0x22, 0x80, 0x00, 0x0b, 0x4b, 0xbb, 0xbb, 0xbe, 0x07,
    0x00, 0x00, 0x05, 0xb0, 0x00, 0x00, 0xa0, 0x00, 0x02, 0x40, 0x5f, 0xbb, 0xbb, 0xbf, 0x00, 0x00,
    0x70, 0x05, 0xb0, 0x00, 0x00, 0xa0, 0x00, 0x26, 0x00, 0x5b, 0x00, 0x00, 0x0a, 0x00, 0x07, 0x10,
    0x05, 0xfb, 0xbb, 0xbb, 0xf0, 0x02, 0x60, 0x00, 0x5b, 0x00, 0x00, 0x0a, 0x00, 0x31, 0x00, 0x05,
    0xb0, 0x00, 0x9b, 0xc0, 0x00, 0x00, 0x00, 0x00, 0x00, 0x00, 0x00, 0x00, 0x01, 0x00, 0x00, 0x00,
    0x12, 0x00, 0x00, 0x00, 0x38, 0x00, 0x00, 0x00, 0x80, 0x00, 0x00, 0x00, 0x18, 0x1b, 0xbb, 0xbf,
    0xcb, 0xbb, 0x70, 0x00, 0x11, 0x00, 0x40, 0x00, 0x40, 0x00, 0x00, 0x00, 0x00, 0x45, 0x00, 0x04,
    0x70, 0x02, 0x40, 0x00, 0x56, 0x06, 0x30, 0x02, 0x80, 0x04, 0x80, 0x45, 0x05, 0x40, 0x42, 0x01,
    0x50, 0x01, 0x30, 0x05, 0x50, 0x23, 0xc4, 0x00, 0x00, 0x00, 0x08, 0xc8, 0xae, 0x42, 0x91, 0x00,
    0x00, 0x20, 0x00, 0x28, 0x52, 0x01, 0x21, 0x00, 0x08, 0x00, 0x57, 0x00, 0x80, 0x18, 0x10, 0x04,
    0x42, 0x8b, 0x00, 0x04, 0x76, 0x00, 0x00, 0x81, 0x60, 0x70, 0x00, 0x08, 0x30, 0x00, 0x44, 0x00,
    0x07, 0x00, 0x32, 0x07, 0x50, 0x07, 0x00, 0x00, 0xd8, 0x74, 0x00, 0x04, 0x70, 0x00, 0x00, 0x02,
    0x00, 0x00, 0x00, 0x00, 0x00, 0x00, 0x00, 0x04, 0x00, 0x40, 0x00, 0x00, 0x82, 0x00, 0x00, 0xb0,
    0x09, 0x00, 0x00, 0x00, 0x74, 0xbb, 0xbf, 0xbb, 0xfb, 0xbb, 0x10, 0x00, 0x10, 0x00, 0xb0, 0x09,
    0x00, 0x00, 0x00, 0x01, 0xee, 0xef, 0xfe, 0xfe, 0xee, 0x15, 0x10, 0x00, 0x00, 0x42, 0x0b, 0x00,
    0x00, 0x19, 0x60, 0x00, 0x05, 0x11, 0xa0, 0x00, 0x00, 0x03, 0x0d, 0xbb, 0xfb, 0xdf, 0xbb, 0xf0,
    0x00, 0x00, 0xb0, 0x06, 0x03, 0x70, 0x0f, 0x00, 0x01, 0x1b, 0x00, 0xa0, 0x6a, 0x00, 0xf0, 0x00,
    0x71, 0xb0, 0x54, 0x59, 0x54, 0x0f, 0x00, 0x17, 0x0b, 0x17, 0x03, 0x80, 0x71, 0xf0, 0x07, 0x10,
    0xb5, 0x00, 0x72, 0x00, 0x0f, 0x02, 0x70, 0x0b, 0x00, 0x00, 0x00, 0x00, 0xf0, 0x30, 0x00, 0xb0,
    0x00, 0x00, 0x3b, 0xcd, 0x00, 0x00, 0x00, 0x00, 0x00, 0x02, 0x00, 0x00, 0x00, 0x04, 0x60, 0x00,
    0x00, 0x08, 0x33, 0x33, 0x20, 0x00, 0x16, 0x00, 0x00, 0x08, 0x33, 0x33, 0x10, 0x00, 0x00, 0x0f,
    0xcb, 0xbf, 0xbb, 0xbb, 0xd0, 0x00, 0x00, 0x0f, 0x54, 0x55, 0x44, 0x44, 0xb0, 0x33, 0x00, 0x0f,
    0x10, 0x17, 0x00, 0x01, 0x50, 0x05, 0x81, 0x0f, 0x37, 0x8e, 0x77, 0x30, 0x10, 0x00, 0x11, 0x1f,
    0x10, 0x17, 0x00, 0x01, 0x50, 0x00, 0x00, 0x1f, 0x00, 0x0b, 0xbb, 0xbb, 0x20, 0x00, 0x02, 0x2d,
    0x00, 0x00, 0x00, 0x00, 0x00, 0x00, 0x35, 0x4b, 0x00, 0x01, 0x60, 0x00, 0x00, 0x00, 0x80, 0x78,
    0x34, 0xb0, 0x44, 0x07, 0x10, 0x03, 0x50, 0xa3, 0xa1, 0xb0, 0x03, 0x04, 0x70, 0x09, 0x01, 0xb4,
    0xa0, 0xb0, 0x00, 0x1b, 0x61, 0x14, 0x07, 0x33, 0x30, 0xcb, 0xbb, 0xc7, 0x00, 0x00, 0x01, 0x00,
    0x00, 0x00, 0x00, 0x00, 0x00, 0x14, 0x44, 0x44, 0x44, 0x44, 0x44, 0x44, 0x02, 0xbb, 0xbb, 0xbb,
    0xfb, 0xbb, 0xbb, 0xa0, 0x00, 0x00, 0x00, 0x0b, 0x00, 0x00, 0x00, 0x00, 0x00, 0x00, 0x00, 0xb0,
    0x00, 0x00, 0x00, 0x00, 0x01, 0x00, 0x3f, 0x00, 0x00, 0x10, 0x00, 0x00, 0x60, 0x03, 0xf0, 0x00,
    0x08, 0x00, 0x00, 0x15, 0x00, 0x5e, 0x00, 0x05, 0x30, 0x00, 0x07, 0x00, 0x08, 0xa1, 0x01, 0x70,
    0x00, 0x03, 0x40, 0x00, 0xb2, 0x60, 0x61, 0x00, 0x00, 0x00, 0x00, 0x39, 0x07, 0x10, 0x00, 0x00,
    0x00, 0x00, 0x0a, 0x20, 0x17, 0x00, 0x00, 0x00, 0x00, 0x07, 0x60, 0x00, 0x46, 0x00, 0x00, 0x00,
    0x07, 0x60, 0x00, 0x00, 0x38, 0x20, 0x00, 0x49, 0x30, 0x00, 0x00, 0x00, 0x17, 0x81, 0x64, 0x00,
    0x00, 0x00, 0x00, 0x00, 0x00, 0x00, 0x00, 0x00, 0x00, 0x51, 0x00, 0x00, 0x00, 0x00, 0x00, 0x00,
    0x06, 0x10, 0x00, 0x00, 0x00, 0x00, 0x00, 0x00, 0x8d, 0xbb, 0xbb, 0xbb, 0x10, 0x00, 0x00, 0x06,
    0x10, 0x00, 0x00, 0x00, 0x00, 0x00, 0x00, 0x61, 0x00, 0x00, 0x00, 0x00, 0x0b, 0xbb, 0xbf, 0xdb,
    0xbb, 0xb8, 0x00, 0x00, 0xc2, 0x22, 0x22, 0x22, 0x22, 0xb0, 0x00, 0x0b, 0x00, 0x00, 0x00, 0x00,
    0x0b, 0x00, 0x00, 0xb0, 0x00, 0x00, 0x00, 0x00, 0xb0, 0x00, 0x0b, 0x00, 0x00, 0x00, 0x00, 0x0b,
    0x00, 0x00, 0xbb, 0xbb, 0xbb, 0xbb, 0xbb, 0x80, 0x00, 0x00, 0x00, 0x00, 0x00, 0x00, 0x00, 0x00,
    0x00, 0x70, 0x05, 0x00, 0x50, 0x01, 0x70, 0x00, 0x53, 0x00, 0xa0, 0x04, 0x40, 0x03, 0x60, 0x36,
    0x00, 0x0b, 0x00, 0x08, 0x00, 0x06, 0x34, 0x00, 0x00, 0x30, 0x00, 0x20, 0x00, 0x02, 0x00, 0x04,
    0x00, 0x00, 0x31, 0x00, 0x00, 0x00, 0x00, 0xb0, 0x00, 0x0a, 0x20, 0x00, 0x00, 0x00, 0x0b, 0x00,
    0x00, 0xa1, 0x00, 0x00, 0x08, 0xbb, 0xfb, 0xbb, 0xbf, 0xcb, 0xbf, 0x00, 0x00, 0x0b, 0x00, 0x00,
    0xb0, 0x00, 0xf0, 0x00, 0x00, 0xb0, 0x00, 0x0b, 0x00, 0x0f, 0x00, 0x00, 0x1f, 0x77, 0x45, 0xb0,
    0x00, 0xf0, 0x06, 0x76, 0xd0, 0x00, 0x6f, 0x10, 0x0f, 0x00, 0x00, 0x0b, 0x00, 0x08, 0x37, 0x40,
    0xe1, 0x00, 0x00, 0xb0, 0x03, 0x80, 0x04, 0x0c, 0x28, 0x03, 0x4b, 0x04, 0x70, 0x00, 0x00, 0x96,
    0xb0, 0x34, 0x10, 0x00, 0x00, 0x00, 0x02, 0xa4, 0x01, 0x40, 0x05, 0x00, 0x60, 0x00, 0x70, 0x00,
    0x70, 0x00, 0x90, 0x05, 0x30, 0x02, 0x60, 0x62, 0x00, 0x0b, 0x00, 0x08, 0x00, 0x07, 0x22, 0x00,
    0x00, 0x20, 0x00, 0x10, 0x00, 0x11, 0x00, 0x00, 0x30, 0x00, 0x00, 0x01, 0x00, 0x00, 0x00, 0x03,
    0x50, 0x00, 0x00, 0x25, 0x61, 0x00, 0x00, 0x0c, 0xcb, 0xbd, 0x00, 0x25, 0x08, 0x10, 0x00, 0x26,
    0x00, 0x16, 0x00, 0x25, 0x01, 0x40, 0x00, 0x83, 0x82, 0x54, 0xbb, 0xff, 0xbb, 0xb0, 0x06, 0x30,
    0x07, 0xd0, 0x00, 0x5a, 0x00, 0x00, 0x25, 0x52, 0x05, 0x30, 0x00, 0x77, 0x00, 0x00, 0x00, 0x06,
    0x77, 0x00, 0x01, 0x73, 0x50, 0x00, 0x00, 0x01, 0xa0, 0x00, 0x07, 0x20, 0x70, 0x00, 0x00, 0x37,
    0x00, 0x00, 0x64, 0x00, 0x18, 0x00, 0x07, 0x50, 0x00, 0x18, 0x40, 0x00, 0x02, 0x81, 0x00, 0x00,
    0x00, 0x11, 0x00, 0x00, 0x00, 0x00, 0x00, 0x51, 0x03, 0x30, 0x06, 0x00, 0x35, 0x00, 0x01, 0x60,
    0x02, 0x70, 0x05, 0x30, 0x05, 0x30, 0x17, 0x00, 0x01, 0xb0, 0x00, 0x70, 0x00, 0x80, 0x11, 0x00,
    0x00, 0x10, 0x00, 0x00, 0x00, 0x10, 0x02, 0xfb, 0xbb, 0x5b, 0xbb, 0xfb, 0xbb, 0x50, 0x03, 0xb0,
    0x0b, 0x40, 0x01, 0x70, 0x00, 0x30, 0x03, 0xb0, 0x0b, 0x40, 0x07, 0x10, 0x00, 0x30, 0x03, 0xb0,
    0x0b, 0x41, 0x74, 0x01, 0x11, 0x10, 0x03, 0xf6, 0x6f, 0x66, 0x10, 0x02, 0x53, 0x00, 0x03, 0xb0,
    0x0b, 0x48, 0xbb, 0xbb, 0xbb, 0x80, 0x03, 0xb0, 0x0b, 0x4b, 0x00, 0x00, 0x00, 0xb0, 0x03, 0xb0,
    0x0b, 0x4b, 0x00, 0x00, 0x00, 0xb0, 0x03, 0xf4, 0x4c, 0x4b, 0x00, 0x00, 0x00, 0xb0, 0x03, 0xe3,
    0x33, 0x1b, 0xbb, 0xbb, 0xbb, 0xb0, 0x01, 0x22, 0x00, 0x00, 0x01, 0x00, 0x02, 0x00, 0x00, 0x35,
    0x00, 0x50, 0x04, 0x30, 0x07, 0x00, 0x00, 0x80, 0x00, 0x50, 0x00, 0x70, 0x02, 0x60, 0x08, 0x10,
    0x00, 0x50, 0x00, 0x70, 0x00, 0x80, 0x01, 0x00, 0x00, 0x00, 0x00, 0x00, 0x00, 0x10, 0x00, 0x01,
    0x10, 0x00, 0x00, 0x40, 0x00, 0x00, 0x00, 0x03, 0x30, 0x00, 0x00, 0x80, 0x00, 0x00, 0x00, 0x03,
    0x30, 0x0a, 0xbc, 0xfb, 0xbb, 0x60, 0x00, 0x13, 0x31, 0x2b, 0x00, 0x00, 0x00, 0x70, 0x01, 0xa3,
    0x35, 0x2b, 0xbb, 0xbb, 0xbb, 0x70, 0x03, 0x73, 0x37, 0x0b, 0x00, 0x00, 0x00, 0x70, 0x08, 0x23,
    0x54, 0x0b, 0xbb, 0xbb, 0xbb, 0x70, 0x05, 0x04, 0x20, 0x0b, 0x00, 0x00, 0x00, 0x70, 0x00, 0x05,
    0x20, 0x0b, 0xbb, 0xbb, 0xbb, 0x70, 0x00, 0x06, 0x00, 0x00, 0x04, 0x10, 0x00, 0x00, 0x00, 0x09,
    0x70, 0x00, 0x21, 0x73, 0x01, 0x00, 0x00, 0x07, 0x36, 0x50, 0x70, 0x03, 0x01, 0x70, 0x00, 0x62,
    0x02, 0x60, 0x70, 0x00, 0x05, 0x43, 0x02, 0x70, 0x02, 0x50, 0x70, 0x00, 0x1b, 0x07, 0x09, 0x00,
    0x00, 0x00, 0x8b, 0xbb, 0xc7, 0x00, 0x00, 0x00, 0x00, 0x00, 0x00, 0x00, 0x00, 0x00, 0x00, 0x00,
    0x00, 0x00, 0x03, 0x00, 0x00, 0x00, 0x02, 0xb0, 0x00, 0x00, 0xb0, 0x00, 0x00, 0x00, 0x2e, 0x00,
    0x00, 0x0b, 0x00, 0x00, 0x00, 0x02, 0xe0, 0x00, 0x00, 0xb0, 0x00, 0x00, 0x00, 0x2e, 0x00, 0x00,
    0x0b, 0x00, 0x00, 0x00, 0x02, 0xfe, 0xee, 0xee, 0xfe, 0xee, 0xed, 0x00, 0x2e, 0x00, 0x00, 0x00,
    0x00, 0x00, 0x00, 0x03, 0xd0, 0x00, 0x00, 0x00, 0x00, 0x00, 0x00, 0x4f, 0xbb, 0xbb, 0xbb, 0xb8,
    0x00, 0x00, 0x05, 0xb0, 0x00, 0x00, 0x00, 0xb0, 0x00, 0x00, 0x78, 0x00, 0x00, 0x00, 0x0b, 0x00,
    0x00, 0x0b, 0x40, 0x00, 0x00, 0x00, 0xb0, 0x00, 0x02, 0xc0, 0x00, 0x00, 0x00, 0x0b, 0x00, 0x00,
    0x93, 0x00, 0x00, 0x00, 0x00, 0xb0, 0x00, 0x35, 0x00, 0x00, 0x00, 0x00, 0x0b, 0x00, 0x00, 0x01,
    0x50, 0x08, 0x00, 0x00, 0x00, 0x02, 0x51, 0x03, 0xc0, 0x0b, 0x02, 0x96, 0x67, 0x75, 0x20, 0x03,
    0xc0, 0x0b, 0x05, 0xc0, 0x00, 0x00, 0x00, 0x03, 0xc0, 0x0b, 0x05, 0xc0, 0x00, 0x00, 0x00, 0x03,
    0xc0, 0x0c, 0x05, 0xc0, 0x00, 0x00, 0x00, 0x03, 0xfc, 0xcf, 0xcb, 0xfc, 0xbb, 0xbb, 0xe1, 0x03,
    0xc0, 0x00, 0x05, 0xc6, 0x00, 0x00, 0x70, 0x03, 0xc0, 0x00, 0x05, 0xc7, 0x00, 0x00, 0x70, 0x03,
    0xfb, 0xbb, 0x46, 0xc4, 0x30, 0x03, 0x50, 0x04, 0xb0, 0x02, 0x56, 0xb0, 0x70, 0x07, 0x00, 0x05,
    0x90, 0x02, 0x57, 0x90, 0x61, 0x35, 0x00, 0x08, 0x60, 0x02, 0x58, 0x70, 0x18, 0x80, 0x00, 0x0b,
    0x20, 0x02, 0x59, 0x40, 0x1d, 0x50, 0x00, 0x1b, 0x00, 0x02, 0x59, 0x12, 0x81, 0x65, 0x00, 0x53,
    0x00, 0x02, 0x57, 0x26, 0x00, 0x05, 0x81, 0x00, 0x00, 0x00, 0x00, 0x00, 0x00, 0x00, 0x00, 0x01,
    0x22, 0x22, 0x22, 0x22, 0x22, 0x22, 0x00, 0x3b, 0xbb, 0xbb, 0xbb, 0xbf, 0xbb, 0xb2, 0x00, 0x02,
    0x00, 0x00, 0x00, 0xb0, 0x00, 0x00, 0x00, 0x70, 0x00, 0x00, 0x0b, 0x00, 0x00, 0x00, 0x25, 0x00,
    0x00, 0x00, 0xb0, 0x00, 0x00, 0x06, 0x10, 0x00, 0x00, 0x0b, 0x00, 0x00, 0x00, 0xcb, 0xbb, 0xbb,
    0xbf, 0xfb, 0xbb, 0xb0, 0x00, 0x00, 0x00, 0x03, 0x7b, 0x00, 0x00, 0x00, 0x00, 0x00, 0x04, 0x70,
    0xb0, 0x00, 0x00, 0x00, 0x00, 0x06, 0x50, 0x0b, 0x00, 0x00, 0x00, 0x00, 0x28, 0x30, 0x00, 0xb0,
    0x00, 0x00, 0x00, 0x66, 0x00, 0x00, 0x0b, 0x00, 0x00, 0x17, 0x82, 0x00, 0x00, 0x00, 0xb0, 0x00,
    0x00, 0x10, 0x00, 0x00, 0x5c, 0xcc, 0x00, 0x00, 0x00, 0x00, 0x00, 0x00, 0x00, 0x00, 0x00, 0x00,
    0x00, 0x03, 0x00, 0x00, 0x00, 0x30, 0x00, 0x00, 0x01, 0x0b, 0x00, 0x00, 0x00, 0xb0, 0x00, 0x00,
    0x07, 0x0b, 0x00, 0x25, 0x55, 0xf5, 0x55, 0x20, 0x07, 0x0b, 0x00, 0x12, 0x22, 0xd2, 0x22, 0x10,
    0x0e, 0xbf, 0xb9, 0x00, 0x00, 0xb0, 0x00, 0x00, 0x07, 0x0b, 0x01, 0x44, 0x44, 0xe4, 0x44, 0x40,
    0x26, 0x0b, 0x03, 0xbb, 0xbb, 0xbb, 0xfb, 0xb1, 0x52, 0x0b, 0x00, 0x00, 0x00, 0x00, 0xb0, 0x00,
    0x00, 0x0b, 0x14, 0x00, 0x00, 0x00, 0xb0, 0x00, 0x01, 0x6f, 0x52, 0xbb, 0xbb, 0xbb, 0xfb, 0xb1,
    0x36, 0x1b, 0x00, 0x03, 0x00, 0x00, 0xb0, 0x00, 0x00, 0x0b, 0x00, 0x03, 0x60, 0x00, 0xb0, 0x00,
    0x00, 0x0b, 0x00, 0x00, 0x34, 0x00, 0xb0, 0x00, 0x00, 0x0b, 0x00, 0x00, 0x00, 0x00, 0xb0, 0x00,
    0x00, 0x0b, 0x00, 0x00, 0x04, 0xbb, 0xb0, 0x00, 0x00, 0x00, 0x40, 0x00, 0x04, 0x00, 0x00, 0x00,
    0x00, 0x00, 0xb0, 0x00, 0x0b, 0x01, 0x40, 0x00, 0x02, 0x00, 0xb0, 0x00, 0x0b, 0x00, 0x53, 0x00,
    0x07, 0x20, 0xb0, 0x00, 0x0b, 0x00, 0x08, 0x10, 0x00, 0x91, 0xb0, 0x00, 0x0b, 0x00, 0x00, 0x00,
    0x00, 0x14, 0xb5, 0xbb, 0xbf, 0xcb, 0xbb, 0xb0, 0x00, 0x00, 0xb0, 0x00, 0x0c, 0x60, 0x00, 0x00,
    0x00, 0x00, 0xd0, 0x00, 0x0b, 0x70, 0x00, 0x00, 0x00, 0x08, 0xd0, 0x00, 0x38, 0x70, 0x00, 0x00,
    0x00, 0x82, 0xb0, 0x00, 0x74, 0x43, 0x00, 0x00, 0x19, 0x20, 0xb0, 0x00, 0xb0, 0x07, 0x00, 0x00,
    0x32, 0x00, 0xb0, 0x04, 0x70, 0x06, 0x20, 0x00, 0x00, 0x00, 0xb0, 0x0a, 0x10, 0x00, 0x80, 0x00,
    0x00, 0x00, 0xb0, 0x83, 0x00, 0x00, 0x28, 0x00, 0x00, 0x00, 0xb5, 0x40, 0x00, 0x00, 0x02, 0x92,
    0x00, 0x00, 0x00, 0x00, 0x00, 0x00, 0x00, 0x00, 0x04, 0x44, 0x43, 0x35, 0x55, 0x55, 0x55, 0x51,
    0xbb, 0xfb, 0x75, 0x88, 0x8b, 0xc8, 0x88, 0x00, 0x0b, 0x00, 0x00, 0x00, 0x60, 0x00, 0x00, 0x00,
    0xb0, 0x00, 0x00, 0x1a, 0x00, 0x00, 0x00, 0x0b, 0x00, 0x00, 0x07, 0x85, 0x00, 0x00, 0xab, 0xfb,
    0x40, 0x04, 0x57, 0x45, 0x00, 0x00, 0x0b, 0x00, 0x01, 0x80, 0x70, 0x54, 0x00, 0x00, 0xb0, 0x01,
    0x81, 0x07, 0x00, 0x71, 0x00, 0x0b, 0x00, 0x81, 0x00, 0x70, 0x00, 0x60, 0x00, 0xb0, 0x00, 0x00,
    0x07, 0x00, 0x00, 0x00, 0x0f, 0x74, 0x00, 0x00, 0x70, 0x00, 0x00, 0x78, 0x60, 0x00, 0x00, 0x07,
    0x00, 0x00, 0x01, 0x00, 0x00, 0x00, 0x00, 0x70, 0x00, 0x00, 0x00, 0x00, 0x00, 0x00, 0x07, 0x00,
    0x00, 0x04, 0x44, 0x44, 0x1a, 0x77, 0x77, 0x78, 0x00, 0x1b, 0xbf, 0xbb, 0x2b, 0x00, 0x00, 0x0b,
    0x00, 0x00, 0x0b, 0x00, 0x0b, 0x00, 0x20, 0x0b, 0x00, 0x00, 0x0b, 0x00, 0x0b, 0x00, 0xb0, 0x0b,
    0x00, 0x00, 0x0b, 0x00, 0x0b, 0x00, 0xb0, 0x0b, 0x00, 0x09, 0xbf, 0xba, 0x0b, 0x00, 0xb0, 0x0b,
    0x00, 0x00, 0x0b, 0x00, 0x0b, 0x00, 0xb0, 0x0b, 0x00, 0x00, 0x0b, 0x00, 0x0b, 0x01, 0xa0, 0x0b,
    0x00, 0x00, 0x0b, 0x00, 0x0b, 0x03, 0x92, 0x0b, 0x00, 0x00, 0x0b, 0x00, 0x01, 0x07, 0x55, 0x01,
    0x00, 0x00, 0x0d, 0x67, 0x30, 0x0b, 0x15, 0x00, 0x32, 0x17, 0x77, 0x10, 0x00, 0x75, 0x05, 0x00,
    0x52, 0x01, 0x00, 0x00, 0x06, 0x70, 0x06, 0x00, 0x80, 0x00, 0x00, 0x01, 0x85, 0x00, 0x09, 0xbb,
    0x80, 0x00, 0x00, 0x01, 0x10, 0x00, 0x00, 0x00, 0x00, 0x00, 0x00, 0x00, 0x00, 0x00, 0x10, 0x00,
    0x00, 0x11, 0x11, 0x00, 0x00, 0x06, 0x00, 0x00, 0x15, 0x5f, 0x54, 0x00, 0x03, 0x30, 0x00, 0x00,
    0x00, 0xb0, 0x03, 0xbb, 0xfb, 0xbb, 0xb4, 0x00, 0x0b, 0x00, 0x4b, 0x00, 0x00, 0x0b, 0x50, 0x00,
    0xb0, 0x04, 0xb0, 0x00, 0x00, 0xb5, 0x0b, 0xbf, 0xb6, 0x4b, 0x00, 0x00, 0x0b, 0x50, 0x00, 0xb0,
    0x04, 0xb0, 0x00, 0x00, 0xb5, 0x00, 0x0b, 0x00, 0x4f, 0xbb, 0xbb, 0xbf, 0x50, 0x00, 0xb0, 0x04,
    0xb0, 0x00, 0x00, 0xb5, 0x00, 0x0b, 0x00, 0x4b, 0x00, 0x00, 0x0b, 0x50, 0x02, 0xf7, 0x54, 0xb0,
    0x00, 0x00, 0xb5, 0x27, 0x51, 0x00, 0x4b, 0x00, 0x00, 0x0b, 0x50, 0x00, 0x00, 0x04, 0xfb, 0xbb,
    0xbb, 0xf5, 0x00, 0x00, 0x00, 0x4b, 0x00, 0x00, 0x0b, 0x50, 0x00, 0x00, 0x00, 0x00, 0x03, 0x00,
    0x00, 0x00, 0x01, 0x11, 0x11, 0x00, 0x0c, 0x11, 0x11, 0x10, 0x1b, 0xbf, 0xba, 0x00, 0x0f, 0x77,
    0xf7, 0x72, 0x00, 0x0b, 0x00, 0x00, 0x0b, 0x00, 0xb0, 0x00, 0x00, 0x0b, 0x00, 0x80, 0x0b, 0x00,
    0xb0, 0x00, 0x00, 0x0b, 0x00, 0xb0, 0x0b, 0x00, 0xb0, 0x00, 0x00, 0x0b, 0x00, 0xb0, 0x0b, 0x00,
    0xb0, 0x00, 0x06, 0x7f, 0x74, 0xa0, 0x0b, 0x00, 0xb0, 0x00, 0x00, 0x0b, 0x00, 0x80, 0x1c, 0xbb,
    0xfb, 0xa0, 0x00, 0x0b, 0x00, 0x30, 0x1a, 0x00, 0xb0, 0x00, 0x00, 0x0b, 0x00, 0x00, 0x48, 0x00,
    0xb0, 0x00, 0x00, 0x0b, 0x00, 0x00, 0x74, 0x00, 0xb0, 0x00, 0x00, 0x3f, 0x76, 0x00, 0xb0, 0x00,
    0xb0, 0x00, 0x17, 0x41, 0x00, 0x07, 0x40, 0x00, 0xb0, 0x00, 0x00, 0x00, 0x00, 0x66, 0xae, 0xee,
    0xfe, 0xe9, 0x00, 0x00, 0x02, 0x30, 0x00, 0x00, 0x00, 0x00, 0x13, 0x33, 0x32, 0x55, 0x55, 0x85,
    0x55, 0x50, 0x2b, 0xbf, 0xb8, 0xb0, 0x00, 0xb0, 0x00, 0xb0, 0x00, 0x0b, 0x00, 0xb0, 0x00, 0xb0,
    0x00, 0xb0, 0x00, 0x0b, 0x00, 0xbb, 0xbb, 0xfb, 0xbb, 0xb0, 0x00, 0x0b, 0x00, 0xb0, 0x00, 0xb0,
    0x00, 0xb0, 0x07, 0x7f, 0x74, 0xb0, 0x00, 0xb0, 0x00, 0xb0, 0x01, 0x1d, 0x11, 0xb0, 0x00, 0xb0,
    0x00, 0xb0, 0x00, 0x0b, 0x00, 0x8b, 0xbb, 0xfb, 0xbb, 0x80, 0x00, 0x0b, 0x00, 0x00, 0x00, 0xb0,
    0x00, 0x00, 0x00, 0x0b, 0x00, 0xab, 0xbb, 0xfb, 0xbb, 0xb0, 0x00, 0x1f, 0x86, 0x00, 0x00, 0xb0,
    0x00, 0x00, 0x28, 0x84, 0x00, 0x00, 0x00, 0xb0, 0x00, 0x00, 0x00, 0x00, 0x00, 0x00, 0x00, 0xb0,
    0x00, 0x00, 0x00, 0x00, 0x3f, 0xff, 0xff, 0xff, 0xff, 0xf8, 0x00, 0x00, 0x01, 0x11, 0x11, 0x11,
    0x11, 0x10, 0x00, 0x00, 0x00, 0x00, 0x50, 0x00, 0x50, 0x00, 0x03, 0x33, 0x32, 0x00, 0xb0, 0x00,
    0xb0, 0x00, 0x0b, 0xbf, 0xb8, 0x00, 0xb0, 0x00, 0xb0, 0x00, 0x00, 0x0b, 0x00, 0x00, 0xb0, 0x00,
    0xb0, 0x00, 0x00, 0x0b, 0x06, 0xbd, 0xfb, 0xeb, 0xfd, 0xb6, 0x00, 0x0b, 0x00, 0x06, 0xc0, 0x00,
    0xf5, 0x00, 0x0b, 0xbf, 0xb6, 0x07, 0xf0, 0x00, 0xf6, 0x00, 0x00, 0x0b, 0x00, 0x07, 0xd3, 0x01,
    0xf6, 0x00, 0x00, 0x0b, 0x00, 0x43, 0xb2, 0x16, 0xd4, 0x20, 0x00, 0x0b, 0x00, 0x80, 0xb0, 0x08,
    0xb0, 0x60, 0x00, 0x0c, 0x57, 0x60, 0xb0, 0x44, 0xb0, 0x71, 0x16, 0x7a, 0x29, 0x00, 0xb1, 0x80,
    0xb0, 0x17, 0x01, 0x00, 0x23, 0x00, 0xb0, 0x10, 0xb0, 0x02, 0x00, 0x00, 0x00, 0x00, 0xb0, 0x00,
    0xb0, 0x00, 0x00, 0x00, 0x00, 0x00, 0xb0, 0x00, 0xb0, 0x00, 0x00, 0x00, 0x00, 0x04, 0x00, 0x00,
    0x00, 0x00, 0x00, 0x70, 0x00, 0xb0, 0x00, 0x00, 0x00, 0x00, 0x17, 0x00, 0x0b, 0x00, 0x00, 0x00,
    0x00, 0x06, 0x20, 0x00, 0xb0, 0x00, 0x00, 0x00, 0x00, 0xcb, 0xbb, 0xbf, 0xbb, 0xbb, 0xba, 0x00,
    0x72, 0x00, 0x00, 0xb0, 0x00, 0x00, 0x00, 0x45, 0x00, 0x00, 0x0b, 0x00, 0x00, 0x00, 0x01, 0x00,
    0x00, 0x00, 0xb0, 0x00, 0x00, 0x00, 0x02, 0xbb, 0xbb, 0xbf, 0xbb, 0xbb, 0xb4, 0x00, 0x00, 0x00,
    0x00, 0xb0, 0x00, 0x00, 0x00, 0x00, 0x00, 0x00, 0x0b, 0x00, 0x00, 0x00, 0x00, 0x00, 0x00, 0x00,
    0xb0, 0x00, 0x00, 0x00, 0x00, 0x00, 0x00, 0x0b, 0x00, 0x00, 0x00, 0x00, 0x00, 0x00, 0x00, 0xb0,
    0x00, 0x00, 0x00, 0xcf, 0xff, 0xff, 0xff, 0xff, 0xff, 0xff, 0x80, 0x00, 0x14, 0x22, 0x22, 0x22,
    0x22, 0x24, 0x10, 0x04, 0xfb, 0xbb, 0xbf, 0xbb, 0xbb, 0xf5, 0x00, 0x4b, 0x00, 0x00, 0xb0, 0x00,
    0x0b, 0x40, 0x04, 0xb0, 0x00, 0x0b, 0x00, 0x00, 0xb4, 0x00, 0x4f, 0xbb, 0xbb, 0xfb, 0xbb, 0xbf,
    0x40, 0x04, 0xb0, 0x00, 0x0b, 0x00, 0x00, 0xb4, 0x00, 0x4b, 0x00, 0x00, 0xb0, 0x00, 0x0b, 0x40,
    0x04, 0xb0, 0x00, 0x0b, 0x00, 0x00, 0xb4, 0x00, 0x5f, 0xbb, 0xbb, 0xfb, 0xbb, 0xbf, 0x40, 0x07,
    0x70, 0x00, 0x0b, 0x00, 0x00, 0xb4, 0x00, 0xa4, 0x00, 0x00, 0xb0, 0x00, 0x0b, 0x40, 0x0d, 0x00,
    0x00, 0x0b, 0x00, 0x00, 0xb4, 0x05, 0x70, 0x00, 0x00, 0xb0, 0x00, 0x0b, 0x41, 0x90, 0x00, 0x00,
    0x0b, 0x04, 0xbb, 0xd2, 0x00, 0x00, 0x00, 0x00, 0x00, 0x00, 0x00, 0x00, 0x00, 0x00, 0x00, 0x40,
    0x00, 0x00, 0x00, 0x00, 0x00, 0x00, 0x0b, 0x00, 0x00, 0x00, 0x00, 0x00, 0x00, 0x00, 0xb0, 0x00,
    0x00, 0x00, 0x01, 0xfb, 0xbb, 0xbf, 0xbb, 0xbb, 0xbf, 0x10, 0x1f, 0x00, 0x00, 0xb0, 0x00, 0x00,
    0xf1, 0x01, 0xf0, 0x00, 0x0b, 0x00, 0x00, 0x0f, 0x10, 0x1f, 0xbb, 0xbb, 0xfb, 0xbb, 0xbb, 0xf1,
    0x01, 0xf0, 0x00, 0x0b, 0x00, 0x00, 0x0f, 0x10, 0x1f, 0x00, 0x00, 0xb0, 0x00, 0x00, 0xf1, 0x01,
    0xf0, 0x00, 0x0b, 0x00, 0x00, 0x0f, 0x10, 0x1f, 0xbb, 0xbb, 0xfb, 0xbb, 0xbb, 0xc1, 0x01, 0xc0,
    0x00, 0x0b, 0x00, 0x00, 0x00, 0x02, 0x00, 0x00, 0x00, 0xb0, 0x00, 0x00, 0x00, 0x80, 0x00, 0x00,
    0x0b, 0x10, 0x00, 0x00, 0x27, 0x00, 0x00, 0x00, 0x6d, 0xbb, 0xbb, 0xbb, 0x20, 0x00, 0x00, 0x00,
    0x00, 0x00, 0x20, 0x00, 0x00, 0x09, 0x58, 0x55, 0x10, 0x06, 0x20, 0x00, 0x00, 0x1f, 0x0b, 0x0b,
    0x30, 0x1e, 0xbb, 0xba, 0x00, 0x1f, 0x0b, 0x0b, 0x31, 0xb3, 0x00, 0x07, 0x00, 0x1f, 0x0b, 0x0b,
    0x48, 0x17, 0x00, 0x72, 0x00, 0x1f, 0x0b, 0x0b, 0x71, 0x02, 0x75, 0x40, 0x00, 0x1f, 0xbf, 0xbf,
    0x30, 0x00, 0x7b, 0x00, 0x00, 0x1f, 0x0b, 0x0b, 0x30, 0x06, 0x53, 0x60, 0x00, 0x1f, 0x0b, 0x0b,
    0x32, 0x82, 0x00, 0x28, 0x30, 0x1f, 0x0b, 0x0b, 0x89, 0xcb, 0xbb, 0xbc, 0x64, 0x1f, 0x0b, 0x0b,
    0x35, 0xb0, 0x00, 0x0b, 0x30, 0x1f, 0xef, 0xee, 0x35, 0xb0, 0x00, 0x0b, 0x30, 0x1f, 0x00, 0x00,
    0x05, 0xb0, 0x00, 0x0b, 0x30, 0x07, 0x00, 0x00, 0x05, 0xb0, 0x00, 0x0b, 0x30, 0x00, 0x00, 0x00,
    0x05, 0xfb, 0xbb, 0xbf, 0x30, 0x00, 0x00, 0x00, 0x00, 0x10, 0x00, 0x00, 0x00, 0x00, 0x00, 0x00,
    0x00, 0x10, 0x00, 0x20, 0x00, 0x03, 0xbb, 0xbb, 0xd2, 0x61, 0x05, 0x50, 0x00, 0x00, 0x20, 0x00,
    0x80, 0x17, 0x55, 0x00, 0x10, 0x00, 0x56, 0x06, 0x30, 0x04, 0x80, 0x06, 0x40, 0x00, 0x02, 0xb4,
    0x00, 0x00, 0x46, 0x72, 0x00, 0x00, 0x06, 0x5b, 0xbb, 0xbb, 0xb5, 0x50, 0x00, 0x02, 0x83, 0x00,
    0x00, 0x00, 0x00, 0x38, 0x20, 0x26, 0x05, 0xbb, 0xbb, 0xbb, 0xbb, 0x20, 0x61, 0x00, 0x07, 0x00,
    0x00, 0x00, 0x04, 0x30, 0x00, 0x00, 0x07, 0x00, 0x00, 0x00, 0x04, 0x30, 0x00, 0x00, 0x07, 0xbb,
    0xbb, 0xbb, 0xbc, 0x30, 0x00, 0x00, 0x00, 0x13, 0x00, 0x00, 0x32, 0x00, 0x00, 0x00, 0x00, 0x08,
    0x00, 0x00, 0x80, 0x00, 0x00, 0x00, 0x00, 0x06, 0x10, 0x02, 0x60, 0x00, 0x00, 0x0b, 0xbb, 0xbb,
    0xbb, 0xbf, 0xcb, 0xbb, 0xb0, 0x00, 0x00, 0x30, 0x00, 0x03, 0x00, 0x00, 0x00, 0x00, 0x34, 0x00,
    0x01, 0x50, 0x00, 0x00, 0x00, 0x07, 0x00, 0x00, 0x42, 0x00, 0x00, 0x01, 0xfb, 0xeb, 0xbc, 0x0c,
    0xcc, 0xcc, 0xf4, 0x1f, 0x00, 0x00, 0xe0, 0x60, 0x00, 0x0a, 0x41, 0xf0, 0x00, 0x0e, 0x43, 0x00,
    0x00, 0xa3, 0x1f, 0x00, 0x00, 0xe7, 0x00, 0x00, 0x0b, 0x31, 0xf0, 0x00, 0x0e, 0x04, 0x40, 0x00,
    0xc2, 0x1f, 0xbb, 0xbb, 0xf0, 0x07, 0x10, 0x0c, 0x11, 0xf0, 0x00, 0x0e, 0x00, 0x08, 0x00, 0xd0,
    0x1f, 0x00, 0x00, 0xe0, 0x00, 0x33, 0x0e, 0x01, 0xf0, 0x00, 0x0e, 0x00, 0x00, 0x01, 0xc0, 0x1f,
    0x00, 0x00, 0xe0, 0x00, 0x00, 0x3a, 0x01, 0xfb, 0xbb, 0xba, 0x00, 0x00, 0x07, 0x70, 0x1f, 0x00,
    0x00, 0x00, 0x06, 0xaa, 0xb1, 0x00, 0x00, 0x00, 0x50, 0x00, 0x01, 0x20, 0x00, 0x00, 0x00, 0x00,
    0xb0, 0x00, 0x04, 0x50, 0x00, 0x00, 0x00, 0x00, 0xb0, 0x00, 0x04, 0x50, 0x00, 0x00, 0x2b, 0xbb,
    0xfb, 0xbb, 0x24, 0x72, 0x00, 0x00, 0x00, 0x00, 0xb0, 0x00, 0x04, 0x55, 0x60, 0x00, 0x00, 0x00,
    0xb0, 0x00, 0x04, 0x50, 0x17, 0x30, 0x00, 0x00, 0xb0, 0x03, 0x24, 0x50, 0x00, 0x40, 0x14, 0x67,
    0xc7, 0x64, 0x14, 0x50, 0x00, 0x00, 0x12, 0x00, 0x00, 0x00, 0x02, 0x30, 0x00, 0x00, 0x00, 0x9b,
    0xbb, 0xbb, 0xbb, 0xbb, 0xba, 0x00, 0x00, 0xb0, 0x03, 0x40, 0x0b, 0x00, 0x0b, 0x00, 0x00, 0xb0,
    0x03, 0x40, 0x0b, 0x00, 0x0b, 0x00, 0x00, 0xb0, 0x03, 0x40, 0x0b, 0x00, 0x0b, 0x00, 0x00, 0xb0,
    0x03, 0x40, 0x0b, 0x00, 0x0b, 0x00, 0x3f, 0xff, 0xff, 0xff, 0xff, 0xff, 0xff, 0xf1, 0x00, 0x00,
    0x02, 0x00, 0x00, 0x20, 0x00, 0x00, 0x00, 0x70, 0x0b, 0x00, 0x01, 0x70, 0x00, 0x00, 0x00, 0xb0,
    0x0b, 0x00, 0x05, 0x20, 0x00, 0x00, 0x00, 0xb0, 0x0b, 0x00, 0x0b, 0x77, 0x77, 0x71, 0x00, 0xb0,
    0x0b, 0x00, 0x53, 0x00, 0x00, 0x00, 0x00, 0xb0, 0x0b, 0x01, 0x80, 0x33, 0x00, 0x00, 0x00, 0xb0,
    0x0b, 0x08, 0x10, 0x05, 0x70, 0x00, 0x00, 0x70, 0x0b, 0x01, 0x00, 0x00, 0x28, 0x20, 0x00, 0x00,
    0x02, 0x00, 0x00, 0x00, 0x00, 0x10, 0x00, 0x1b, 0xbb, 0xbb, 0xbb, 0xbb, 0xb8, 0x00, 0x00, 0x24,
    0x00, 0x70, 0x0b, 0x00, 0x0b, 0x00, 0x00, 0x24, 0x00, 0x70, 0x0b, 0x00, 0x0b, 0x00, 0x00, 0x24,
    0x00, 0x70, 0x0b, 0x00, 0x0b, 0x00, 0x00, 0x24, 0x00, 0x70, 0x0b, 0x00, 0x0b, 0x00, 0x3f, 0xff,
    0xff, 0xff, 0xff, 0xff, 0xff, 0xfa, 0x00, 0x00, 0x00, 0x02, 0x00, 0x00, 0x00, 0x00, 0x00, 0x00,
    0x00, 0x06, 0x00, 0x00, 0x00, 0x00, 0x00, 0x05, 0xeb, 0xbe, 0xbb, 0xbb, 0xf0, 0x00, 0x00, 0x04,
    0x30, 0x15, 0x00, 0x00, 0xe0, 0x00, 0x00, 0x04, 0x30, 0x01, 0x40, 0x00, 0xe0, 0x00, 0x1b, 0xbf,
    0xdb, 0xbb, 0xbb, 0xbb, 0xfb, 0xb3, 0x00, 0x07, 0x00, 0x11, 0x00, 0x00, 0xe0, 0x00, 0x00, 0x08,
    0x00, 0x06, 0x20, 0x00, 0xe0, 0x00, 0x00, 0x82, 0x00, 0x00, 0x40, 0x11, 0xe0, 0x00, 0x06, 0x30,
    0x00, 0x00, 0x00, 0x56, 0x30, 0x00, 0x00, 0xbb, 0xbb, 0xeb, 0xbe, 0xbb, 0xb7, 0x00, 0x00, 0xb0,
    0x00, 0xb0, 0x0b, 0x00, 0x06, 0x00, 0x00, 0xb0, 0x00, 0xb0, 0x0b, 0x00, 0x06, 0x00, 0x00, 0xb0,
    0x00, 0xb0, 0x0b, 0x00, 0x06, 0x00, 0xaf, 0xff, 0xff, 0xff, 0xff, 0xff, 0xff, 0xf4, 0x00, 0x00,
    0x00, 0x00, 0x70, 0x40, 0x00, 0x00, 0x00, 0x00, 0x00, 0x0b, 0x01, 0x80, 0x00, 0x00, 0xfb, 0xbb,
    0xbb, 0xfb, 0xbc, 0xbb, 0xa0, 0x0f, 0x00, 0x00, 0x08, 0x30, 0x01, 0x10, 0x00, 0xf0, 0x00, 0x00,
    0x37, 0x00, 0x81, 0x00, 0x1f, 0xbb, 0xbf, 0x00, 0x90, 0x54, 0x00, 0x02, 0xc0, 0x00, 0x50, 0x04,
    0x95, 0x00, 0x00, 0x58, 0x00, 0x06, 0x00, 0x7b, 0x10, 0x09, 0x09, 0x20, 0xbb, 0x73, 0x82, 0x06,
    0x20, 0xb1, 0x70, 0x00, 0x00, 0x20, 0x00, 0x04, 0x63, 0x00, 0x1d, 0xbb, 0xeb, 0xbd, 0xbb, 0xe0,
    0x00, 0x01, 0x60, 0x0b, 0x00, 0x60, 0x0b, 0x00, 0x00, 0x16, 0x00, 0xb0, 0x06, 0x00, 0xb0, 0x00,
    0x01, 0x60, 0x0b, 0x00, 0x60, 0x0b, 0x00, 0x2f, 0xff, 0xff, 0xff, 0xff, 0xff, 0xff, 0xe0, 0x4e,
    0xbb, 0xbb, 0xbb, 0xbb, 0xe4, 0x4b, 0x00, 0x00, 0x00, 0x00, 0xb4, 0x4b, 0x00, 0x00, 0x00, 0x00,
    0xb4, 0x4f, 0xbb, 0xbb, 0xbb, 0xbb, 0xf4, 0x4b, 0x00, 0x00, 0x00, 0x00, 0xb4, 0x4b, 0x00, 0x00,
    0x00, 0x00, 0xb4, 0x4b, 0x00, 0x00, 0x00, 0x00, 0xb4, 0x4f, 0xbb, 0xbb, 0xbb, 0xbb, 0xf4, 0x4b,
    0x00, 0x00, 0x00, 0x00, 0xb4, 0x4b, 0x00, 0x00, 0x00, 0x00, 0xb4, 0x4b, 0x00, 0x00, 0x00, 0x00,
    0xb4, 0x4f, 0xbb, 0xbb, 0xbb, 0xbb, 0xf4, 0x4b, 0x00, 0x00, 0x00, 0x00, 0xb4, 0x00, 0x00, 0x30,
    0x00, 0x00, 0x00, 0x00, 0x00, 0x00, 0x00, 0xb0, 0x03, 0xbb, 0xbb, 0xbb, 0xb2, 0x00, 0x00, 0xb0,
    0x04, 0xc0, 0x00, 0x00, 0xc3, 0x00, 0x00, 0xc0, 0x04, 0xc0, 0x00, 0x00, 0xc3, 0x06, 0x78, 0xf7,
    0x76, 0xc0, 0x00, 0x00, 0xc3, 0x00, 0x05, 0xd0, 0x04, 0xfb, 0xbb, 0xbb, 0xf3, 0x00, 0x07, 0xf0,
    0x04, 0xc0, 0x00, 0x00, 0xc3, 0x00, 0x16, 0xe8, 0x04, 0xc0, 0x00, 0x00, 0xc3, 0x00, 0x61, 0xb3,
    0x94, 0xc0, 0x00, 0x00, 0xc3, 0x01, 0x70, 0xb0, 0x45, 0xfb, 0xbb, 0xbb, 0xf3, 0x08, 0x10, 0xb0,
    0x04, 0xc0, 0x00, 0x00, 0xc3, 0x14, 0x00, 0xb0, 0x04, 0xc0, 0x00, 0x00, 0xc3, 0x00, 0x00, 0xb0,
    0x04, 0xc0, 0x00, 0x00, 0xc3, 0x00, 0x00, 0xb0, 0x04, 0xfb, 0xbb, 0xbb, 0xf3, 0x00, 0x00, 0xb0,
    0x04, 0xc0, 0x00, 0x00, 0xc3, 0x00, 0x00, 0x10, 0x00, 0x00, 0x00, 0x00, 0x00, 0x00, 0x00, 0x00,
    0x00, 0x01, 0x24, 0x74, 0x00, 0x0a, 0xbb, 0xcb, 0xcb, 0x97, 0x51, 0x00, 0x00, 0x11, 0x00, 0x35,
    0x00, 0x00, 0x00, 0x00, 0x09, 0xbb, 0xbf, 0xcb, 0xbb, 0xbb, 0xb0, 0x00, 0x00, 0x00, 0x80, 0x00,
    0x00, 0x00, 0x00, 0x00, 0x00, 0x62, 0x00, 0x00, 0x00, 0x00, 0x0b, 0xbb, 0xcf, 0xbb, 0xbb, 0xbb,
    0xbb, 0xb0, 0x00, 0x08, 0x10, 0x00, 0x00, 0x00, 0x00, 0x00, 0x06, 0xeb, 0xbb, 0xbb, 0xbb, 0xc5,
    0x00, 0x06, 0x47, 0x00, 0x00, 0x00, 0x02, 0x50, 0x18, 0x40, 0xcb, 0xbb, 0xbb, 0xbb, 0xd6, 0x01,
    0x10, 0x07, 0x00, 0x00, 0x00, 0x02, 0x50, 0x00, 0x00, 0xcb, 0xbb, 0xbb, 0xbb, 0xd6, 0x00, 0x00,
    0x07, 0x00, 0x00, 0x00, 0x02, 0x50, 0x00, 0x00, 0xcb, 0xbb, 0xbb, 0xbb, 0xd6, 0x00, 0x00, 0x31,
    0x00, 0x00, 0x00, 0x00, 0x00, 0x00, 0x08, 0x00, 0x00, 0x00, 0x22, 0x22, 0x20, 0x00, 0xb4, 0x44,
    0x43, 0x2d, 0x55, 0x5d, 0x30, 0x2d, 0xbf, 0xbb, 0xa2, 0xb0, 0x00, 0xb3, 0x07, 0x00, 0xb0, 0x00,
    0x2b, 0x00, 0x0b, 0x33, 0x60, 0x0b, 0x00, 0x02, 0xb0, 0x00, 0xb3, 0x10, 0x00, 0xb0, 0x00, 0x2b,
    0x00, 0x0b, 0x35, 0xbb, 0xbf, 0xbb, 0xb7, 0xb0, 0x00, 0xb3, 0x00, 0x00, 0xb0, 0x00, 0x2b, 0x00,
    0x0b, 0x30, 0x00, 0x1c, 0x00, 0x02, 0xb0, 0x00, 0xb3, 0x00, 0x04, 0x96, 0x00, 0x2b, 0x00, 0x0b,
    0x30, 0x00, 0xa2, 0x36, 0x02, 0xb0, 0x00, 0xb3, 0x00, 0x38, 0x00, 0x55, 0x2b, 0x00, 0x0b, 0x30,
    0x1a, 0x10, 0x00, 0x63, 0xfb, 0xbb, 0xf3, 0x19, 0x10, 0x00, 0x00, 0x2b, 0x00, 0x0b, 0x32, 0x10,
    0x00, 0x00, 0x00, 0x00, 0x00, 0x00, 0x0b, 0xbe, 0xbb, 0x91, 0xfb, 0xbb, 0xf4, 0x00, 0x00, 0x07,
    0x00, 0x01, 0xe0, 0x00, 0xc4, 0x00, 0x00, 0x24, 0x00, 0x01, 0xe0, 0x00, 0xc4, 0x00, 0x00, 0x61,
    0x00, 0x01, 0xe0, 0x00, 0xc4, 0x00, 0x00, 0x70, 0x00, 0x01, 0xe0, 0x00, 0xc4, 0x00, 0x01, 0xfb,
    0xbb, 0x11, 0xe0, 0x00, 0xc4, 0x00, 0x06, 0x80, 0x06, 0x12, 0xe0, 0x00, 0xc4, 0x00, 0x18, 0x70,
    0x06, 0x12, 0xd0, 0x00, 0xc4, 0x00, 0x11, 0x70, 0x06, 0x14, 0xb0, 0x00, 0xc4, 0x00, 0x00, 0x70,
    0x06, 0x16, 0x80, 0x00, 0xc4, 0x00, 0x00, 0x70, 0x06, 0x1a, 0x40, 0x00, 0xc4, 0xa0, 0x00, 0xfb,
    0xbd, 0x2c, 0x00, 0x00, 0xc4, 0xb0, 0x00, 0x70, 0x00, 0x66, 0x00, 0x00, 0xb5, 0xb0, 0x00, 0x30,
    0x01, 0x90, 0x00, 0x00, 0x9d, 0xb0, 0x00, 0x00, 0x00, 0x00, 0x00, 0x00, 0x00, 0x00, 0x01, 0x11,
    0x11, 0x00, 0x00, 0x00, 0x00, 0x01, 0x99, 0xf9, 0x91, 0xbb, 0xbb, 0xbf, 0x30, 0x00, 0x16, 0x00,
    0x00, 0x00, 0x00, 0x61, 0x00, 0x05, 0x20, 0x00, 0x42, 0x00, 0x07, 0x00, 0x00, 0x70, 0x00, 0x05,
    0x10, 0x00, 0x70, 0x00, 0x0a, 0x33, 0x10, 0x70, 0x00, 0x07, 0x00, 0x05, 0xd4, 0x47, 0x07, 0x00,
    0x00, 0x70, 0x00, 0x87, 0x00, 0x70, 0xcc, 0xcc, 0xcf, 0xce, 0x33, 0x70, 0x07, 0x00, 0x00, 0x00,
    0x00, 0x80, 0x07, 0x00, 0x71, 0x11, 0x11, 0x11, 0x08, 0x00, 0x70, 0x07, 0x34, 0x44, 0x44, 0x31,
    0x70, 0x0f, 0xbb, 0x80, 0x00, 0x00, 0x00, 0x44, 0x00, 0x70, 0x00, 0x00, 0x00, 0x00, 0x09, 0x10,
    0x03, 0x00, 0x00, 0x00, 0x05, 0xbb, 0x80, 0x0b, 0xbe, 0xbb, 0x22, 0x22, 0x92, 0x22, 0x20, 0x00,
    0x07, 0x00, 0x00, 0x00, 0xb0, 0x00, 0x00, 0x00, 0x25, 0x00, 0x00, 0x00, 0xb0, 0x00, 0x00, 0x00,
    0x61, 0x00, 0x5c, 0xbb, 0xfb, 0xbb, 0xd0, 0x00, 0x70, 0x00, 0x51, 0x00, 0xb0, 0x00, 0xb0, 0x01,
    0xfb, 0xba, 0x5c, 0xbb, 0xfb, 0xbb, 0xd0, 0x06, 0x90, 0x07, 0x51, 0x00, 0xb0, 0x00, 0xb0, 0x18,
    0x70, 0x07, 0x51, 0x00, 0xb0, 0x00, 0xb0, 0x22, 0x70, 0x07, 0x5c, 0xbb, 0xfb, 0xbb, 0xc0, 0x00,
    0x70, 0x07, 0x04, 0x01, 0xb0, 0x00, 0x00, 0x00, 0x70, 0x07, 0x07, 0x15, 0x60, 0x00, 0x00, 0x00,
    0xeb, 0xbc, 0x00, 0x8d, 0x00, 0x00, 0x00, 0x00, 0x70, 0x00, 0x02, 0xa7, 0x73, 0x00, 0x00, 0x00,
    0x30, 0x01, 0x77, 0x00, 0x04, 0x77, 0x71, 0x00, 0x00, 0x00, 0x00, 0x00, 0x00, 0x00, 0x00, 0x00,
    0x00, 0x00, 0x00, 0x03, 0x00, 0x00, 0x00, 0x55, 0x65, 0x51, 0x04, 0x30, 0x00, 0x00, 0x03, 0x3a,
    0x33, 0x00, 0xbb, 0xbb, 0xd0, 0x00, 0x02, 0x50, 0x00, 0x44, 0x00, 0x63, 0x00, 0x00, 0x62, 0x00,
    0x2f, 0x55, 0x8b, 0x55, 0x90, 0x07, 0x00, 0x0b, 0xfb, 0xbf, 0xbb, 0xbf, 0x01, 0xc5, 0x54, 0x6d,
    0x00, 0xb0, 0x00, 0xf0, 0x69, 0x00, 0x73, 0xfb, 0xbf, 0xbb, 0xbf, 0x17, 0x70, 0x07, 0x3d, 0x00,
    0xb0, 0x00, 0xf1, 0x17, 0x00, 0x73, 0xd0, 0x0b, 0x00, 0x0f, 0x00, 0x70, 0x07, 0x4f, 0xbb, 0xfb,
    0xbb, 0xf0, 0x07, 0x00, 0x76, 0xa0, 0x0b, 0x00, 0x0f, 0x00, 0xfb, 0xb7, 0x96, 0x00, 0xb0, 0x00,
    0xf0, 0x07, 0x00, 0x0c, 0x00, 0x0b, 0x00, 0x0f, 0x00, 0x30, 0x07, 0x40, 0x00, 0xb0, 0xbb, 0xc0,
    0x00, 0x00, 0x00, 0x00, 0x00, 0x00, 0x00, 0x00, 0x2b, 0xbb, 0xbb, 0xbb, 0xbb, 0xbb, 0x00, 0x00,
    0x00, 0x00, 0x00, 0x00, 0x00, 0x00, 0x00, 0x00, 0x00, 0x00, 0x00, 0x00, 0x00, 0x00, 0x33, 0x33,
    0x33, 0x33, 0x33, 0x33, 0x33, 0x0b, 0xbb, 0xbb, 0xbb, 0xfb, 0xbb, 0xbb, 0xb0, 0x00, 0x00, 0x00,
    0x07, 0x00, 0x00, 0x00, 0x00, 0x00, 0x30, 0x00, 0x70, 0x02, 0x00, 0x00, 0x00, 0x08, 0x00, 0x07,
    0x00, 0x16, 0x00, 0x00, 0x07, 0x20, 0x00, 0x70, 0x00, 0x34, 0x00, 0x06, 0x40, 0x00, 0x07, 0x00,
    0x00, 0x60, 0x06, 0x40, 0x00, 0x00, 0x70, 0x00, 0x01, 0x50, 0x20, 0x00, 0x00, 0x07, 0x00, 0x00,
    0x02, 0x00, 0x00, 0x07, 0xbb, 0x60, 0x00, 0x00, 0x00, 0x00, 0x00, 0x00, 0x00, 0x00, 0x00, 0x04,
    0x00, 0x00, 0x03, 0x97, 0x50, 0x00, 0x00, 0x0b, 0x00, 0x03, 0x63, 0xc0, 0x00, 0x07, 0x40, 0x0b,
    0x00, 0x00, 0x00, 0xb0, 0x00, 0x00, 0x56, 0x0b, 0x00, 0x00, 0x00, 0xb0, 0x00, 0x00, 0x01, 0x0b,
    0x00, 0x0b, 0xbc, 0xfb, 0xb4, 0x00, 0x00, 0x0b, 0x00, 0x00, 0x06, 0xf1, 0x00, 0x53, 0x00, 0x0b,
    0x00, 0x00, 0x07, 0xb7, 0x00, 0x05, 0x60, 0x0b, 0x00, 0x00, 0x43, 0xb2, 0x60, 0x00, 0x23, 0x0b,
    0x00, 0x00, 0x70, 0xb0, 0x50, 0x00, 0x00, 0x0b, 0x00, 0x06, 0x20, 0xb0, 0x00, 0x01, 0x36, 0x7f,
    0x76, 0x15, 0x00, 0xb0, 0x05, 0x75, 0x31, 0x0b, 0x00, 0x00, 0x00, 0xb0, 0x00, 0x00, 0x00, 0x0b,
    0x00, 0x00, 0x00, 0xb0, 0x00, 0x00, 0x00, 0x0b, 0x00, 0x00, 0x00, 0xb0, 0x00, 0x00, 0x00, 0x0b,
    0x00, 0x00, 0x00, 0x00, 0x00, 0x00, 0x00, 0x00, 0x00, 0x00, 0x00, 0x46, 0x60, 0x00, 0xb0, 0x00,
    0x00, 0x03, 0x66, 0xf0, 0x00, 0x00, 0xb0, 0x00, 0x00, 0x00, 0x00, 0xb0, 0x00, 0x30, 0xb0, 0x13,
    0x00, 0x00, 0x00, 0xb0, 0x00, 0x60, 0xb0, 0x07, 0x00, 0x07, 0x78, 0xf7, 0x72, 0x60, 0xb0, 0x03,
    0x50, 0x00, 0x05, 0xf0, 0x02, 0x40, 0xb0, 0x00, 0x70, 0x00, 0x07, 0xd6, 0x06, 0x10, 0xb0, 0x00,
    0x52, 0x00, 0x34, 0xb4, 0x46, 0x00, 0xb0, 0x01, 0x10, 0x00, 0x80, 0xb0, 0x50, 0x00, 0xb0, 0x07,
    0x10, 0x04, 0x40, 0xb0, 0x00, 0x00, 0xa0, 0x26, 0x00, 0x17, 0x00, 0xb0, 0x00, 0x00, 0x01, 0x80,
    0x00, 0x00, 0x00, 0xb0, 0x00, 0x00, 0x28, 0x00, 0x00, 0x00, 0x00, 0xb0, 0x00, 0x17, 0x60, 0x00,
    0x00, 0x00, 0x00, 0xb0, 0x47, 0x61, 0x00, 0x00, 0x00, 0x00, 0x00, 0x00, 0x00, 0x00, 0x00, 0x00,
    0x00, 0x00, 0x00, 0x00, 0x10, 0x02, 0x00, 0x00, 0x00, 0x01, 0x46, 0xb7, 0x30, 0x34, 0x00, 0x00,
    0x00, 0x02, 0x20, 0xb0, 0x00, 0x75, 0x44, 0x44, 0x43, 0x00, 0x00, 0xb0, 0x00, 0xbc, 0xcf, 0xcc,
    0xf5, 0x00, 0x00, 0xb0, 0x00, 0x60, 0x0b, 0x00, 0x80, 0x09, 0xbc, 0xfb, 0xb5, 0x30, 0x0b, 0x01,
    0x30, 0x00, 0x06, 0xe0, 0x08, 0x01, 0x0b, 0x02, 0x00, 0x00, 0x07, 0xf4, 0x01, 0x34, 0x0b, 0x07,
    0x00, 0x00, 0x43, 0xb5, 0x40, 0x71, 0x0b, 0x04, 0x40, 0x00, 0x70, 0xb0, 0x30, 0x70, 0x0b, 0x00,
    0x70, 0x06, 0x20, 0xb0, 0x02, 0x40, 0x0b, 0x00, 0x70, 0x05, 0x00, 0xb0, 0x08, 0x00, 0x0b, 0x00,
    0x43, 0x00, 0x00, 0xb0, 0x01, 0x00, 0x0b, 0x00, 0x00, 0x00, 0x00, 0xb0, 0x00, 0x00, 0x0b, 0x00,
    0x00, 0x00, 0x00, 0xb0, 0x00, 0x09, 0xb9, 0x00, 0x00, 0x00, 0x00, 0x01, 0x00, 0x00, 0x30, 0x00,
    0x00, 0x02, 0x5c, 0x84, 0x00, 0x04, 0x50, 0x00, 0x00, 0x16, 0x3b, 0x00, 0x00, 0x3f, 0xbb, 0xbc,
    0x00, 0x00, 0x0b, 0x00, 0x06, 0x50, 0x00, 0x35, 0x00, 0x00, 0x0b, 0x00, 0x42, 0x45, 0x04, 0x70,
    0x00, 0x4b, 0xbf, 0xbb, 0x10, 0x05, 0xc5, 0x00, 0x00, 0x00, 0x1f, 0x10, 0x01, 0x67, 0x24, 0x00,
    0x00, 0x00, 0x5e, 0x70, 0x56, 0x20, 0x36, 0x00, 0x00, 0x00, 0x7b, 0x35, 0x00, 0x03, 0xdb, 0xbb,
    0xf0, 0x03, 0x4b, 0x04, 0x00, 0x56, 0x00, 0x02, 0x70, 0x07, 0x0b, 0x00, 0x27, 0x35, 0x00, 0x09,
    0x00, 0x53, 0x0b, 0x00, 0x10, 0x02, 0x81, 0x82, 0x00, 0x00, 0x0b, 0x00, 0x00, 0x00, 0x3d, 0x20,
    0x00, 0x00, 0x0b, 0x00, 0x00, 0x37, 0x50, 0x00, 0x00, 0x00, 0x0b, 0x01, 0x77, 0x40, 0x00, 0x00,
    0x00, 0x00, 0x00, 0x00, 0x00, 0x00, 0x00, 0x00, 0x00, 0x00, 0x00, 0x01, 0x00, 0x00, 0x50, 0x00,
    0x00, 0x02, 0x5c, 0x73, 0x05, 0x00, 0xb0, 0x00, 0x62, 0x15, 0x2b, 0x00, 0x05, 0x30, 0xb0, 0x03,
    0x60, 0x00, 0x0b, 0x00, 0x00, 0x70, 0xb0, 0x27, 0x00, 0x00, 0x0b, 0x00, 0x00, 0x10, 0xb0, 0x20,
    0x00, 0x4b, 0xbf, 0xbb, 0x3b, 0xbb, 0xfb, 0xbb, 0xf0, 0x00, 0x0f, 0x00, 0x0f, 0x00, 0x00, 0x00,
    0xf0, 0x00, 0x3f, 0x70, 0x0f, 0x00, 0x00, 0x00, 0xf0, 0x00, 0x7b, 0x35, 0x0f, 0xbb, 0xbb, 0xbb,
    0xf0, 0x02, 0x5b, 0x05, 0x0f, 0x00, 0x00, 0x00, 0xf0, 0x08, 0x0b, 0x00, 0x0f, 0x00, 0x00, 0x00,
    0xf0, 0x44, 0x0b, 0x00, 0x0f, 0xbb, 0xbb, 0xbb, 0xf0, 0x00, 0x0b, 0x00, 0x0f, 0x00, 0x00, 0x00,
    0xf0, 0x00, 0x0b, 0x00, 0x0f, 0x00, 0x00, 0x00, 0xf0, 0x00, 0x0b, 0x00, 0x0f, 0x00, 0x06, 0xbc,
    0xc0, 0x00, 0x00, 0x00, 0x00, 0x00, 0x00, 0x00, 0x00, 0x00, 0x00, 0x00, 0x00, 0x00, 0x00, 0x00,
    0x00, 0x00, 0x00, 0x02, 0x70, 0x00, 0x00, 0x00, 0x00, 0x00, 0x00, 0x08, 0x20, 0x00, 0x00, 0x00,
    0xbb, 0xbb, 0xbb, 0xcf, 0xbb, 0xbb, 0xbb, 0x0b, 0x00, 0x00, 0x00, 0x00, 0x00, 0x00, 0xb0, 0xb0,
    0x01, 0x70, 0x00, 0x26, 0x20, 0x0b, 0x06, 0x02, 0x71, 0x00, 0x00, 0x05, 0x60, 0x10, 0x16, 0x50,
    0x00, 0x00, 0x00, 0x01, 0x72, 0x01, 0x33, 0x33, 0x33, 0x33, 0x33, 0x30, 0x10, 0x09, 0xbb, 0xbb,
    0xfb, 0xbb, 0xbb, 0x10, 0x00, 0x00, 0x00, 0x0b, 0x00, 0x00, 0x00, 0x00, 0x00, 0x00, 0x00, 0xb0,
    0x00, 0x00, 0x00, 0x00, 0x00, 0x00, 0x0b, 0x00, 0x00, 0x00, 0x00, 0x00, 0x00, 0x00, 0xb0, 0x00,
    0x00, 0x00, 0x2e, 0xee, 0xee, 0xef, 0xee, 0xee, 0xee, 0x60, 0x00, 0x00, 0x00, 0x05, 0x00, 0x00,
    0x00, 0x00, 0x00, 0x00, 0x00, 0x04, 0x50, 0x00, 0x00, 0x00, 0x07, 0xbb, 0xbb, 0xbb, 0xfb, 0xbb,
    0xbb, 0x60, 0x07, 0x00, 0x00, 0x10, 0x00, 0x00, 0x00, 0x70, 0x07, 0x00, 0x08, 0x10, 0x03, 0x60,
    0x00, 0x70, 0x01, 0x02, 0x81, 0x00, 0x00, 0x18, 0x20, 0x10, 0x00, 0x67, 0x00, 0x01, 0x32, 0x10,
    0x64, 0x00, 0x00, 0x10, 0x00, 0x05, 0x31, 0x82, 0x00, 0x00, 0x00, 0x00, 0x00, 0x07, 0x00, 0x05,
    0x00, 0x00, 0x1b, 0xbb, 0xbb, 0xbf, 0xfb, 0xbb, 0xbb, 0xb1, 0x00, 0x00, 0x00, 0x25, 0x71, 0x00,
    0x00, 0x00, 0x00, 0x00, 0x00, 0x80, 0x18, 0x00, 0x00, 0x00, 0x00, 0x00, 0x07, 0x30, 0x03, 0x70,
    0x00, 0x00, 0x00, 0x01, 0x84, 0x00, 0x00, 0x39, 0x10, 0x00, 0x02, 0x77, 0x10, 0x00, 0x00, 0x01,
    0x78, 0x40, 0x04, 0x10, 0x00, 0x00, 0x00, 0x00, 0x00, 0x40, 0x00, 0x00, 0x00, 0x10, 0x00, 0x00,
    0x00, 0x00, 0x00, 0x00, 0x70, 0x00, 0x00, 0x00, 0x00, 0x00, 0x00, 0x52, 0x00, 0x00, 0x00, 0x00,
    0x00, 0x00, 0x13, 0x00, 0x00, 0x00, 0x4b, 0xbb, 0xbb, 0xbb, 0xbb, 0xbb, 0xb4, 0x00, 0x01, 0x00,
    0x00, 0x00, 0x00, 0x00, 0x00, 0x07, 0x00, 0x00, 0x00, 0x80, 0x00, 0x00, 0x06, 0x10, 0x00, 0x00,
    0x70, 0x00, 0x00, 0x02, 0x50, 0x00, 0x04, 0x30, 0x00, 0x00, 0x00, 0x70, 0x00, 0x07, 0x00, 0x00,
    0x00, 0x00, 0x70, 0x00, 0x07, 0x00, 0x00, 0x00, 0x00, 0x70, 0x00, 0x43, 0x00, 0x00, 0x00, 0x00,
    0x43, 0x00, 0x70, 0x00, 0x00, 0x00, 0x00, 0x00, 0x01, 0x60, 0x00, 0x00, 0xbb, 0xbb, 0xbb, 0xbd,
    0xcb, 0xbb, 0xbb, 0x00, 0x10, 0x07, 0x17, 0x66, 0x66, 0x66, 0x00, 0x00, 0x70, 0x07, 0x04, 0x61,
    0x11, 0x18, 0x00, 0x00, 0x70, 0x07, 0x00, 0x80, 0x00, 0x62, 0x00, 0x00, 0x70, 0x07, 0x00, 0x45,
    0x03, 0x60, 0x00, 0x00, 0x70, 0x07, 0x00, 0x06, 0x58, 0x00, 0x00, 0x00, 0x70, 0x07, 0x00, 0x05,
    0xf3, 0x00, 0x00, 0x00, 0x70, 0x07, 0x02, 0x85, 0x06, 0x71, 0x00, 0x00, 0x10, 0x06, 0x49, 0x10,
    0x00, 0x17, 0x70, 0x00, 0x00, 0x00, 0x03, 0x50, 0x00, 0x00, 0x00, 0x03, 0xbb, 0xbb, 0xbb, 0xdb,
    0xbb, 0xbb, 0x50, 0x00, 0x00, 0x60, 0x00, 0x00, 0x07, 0x00, 0x00, 0x00, 0x00, 0x34, 0x00, 0x00,
    0x17, 0x00, 0x00, 0x00, 0x00, 0x06, 0x00, 0x00, 0x61, 0x00, 0x00, 0x1b, 0xbb, 0xbb, 0xbb, 0xbb,
    0xfb, 0xbb, 0xb1, 0x00, 0x03, 0x00, 0x00, 0x03, 0x00, 0x00, 0x00, 0x00, 0x70, 0x00, 0x00, 0x70,
    0x00, 0x00, 0x00, 0x5e, 0xfc, 0xbb, 0x4e, 0xce, 0xbb, 0xa0, 0x27, 0x02, 0x50, 0x08, 0x00, 0x71,
    0x00, 0x07, 0x00, 0x04, 0x04, 0x10, 0x01, 0x30, 0x00, 0x0b, 0xee, 0xee, 0xff, 0xee, 0xee, 0xc0,
    0x00, 0x00, 0x00, 0x04, 0x30, 0x00, 0x07, 0x00, 0x00, 0x00, 0x00, 0x43, 0x00, 0x00, 0x70, 0x00,
    0x6d, 0xbb, 0xbf, 0xfb, 0xbb, 0xba, 0x00, 0x06, 0x00, 0x00, 0x43, 0x00, 0x00, 0x00, 0x00, 0xbb,
    0xbb, 0xbf, 0xfb, 0xbb, 0xbe, 0x10, 0x00, 0x00, 0x07, 0x63, 0x00, 0x00, 0x70, 0x00, 0x00, 0x17,
    0x34, 0x30, 0x00, 0x08, 0x00, 0x00, 0x37, 0x10, 0x43, 0x01, 0x01, 0x80, 0x02, 0x75, 0x00, 0x04,
    0x30, 0x6b, 0xb3, 0x00, 0x10, 0x00, 0x00, 0x00, 0x00, 0x00, 0x00, 0x00, 0x03, 0x00, 0x00, 0x03,
    0x00, 0x00, 0x00, 0x00, 0x35, 0x00, 0x00, 0x26, 0x00, 0x00, 0x00, 0x00, 0xcb, 0xfb, 0xbc, 0xcc,
    0xfc, 0xbb, 0xb4, 0x08, 0x20, 0x70, 0x08, 0x30, 0x18, 0x00, 0x00, 0x13, 0x00, 0x11, 0x01, 0x60,
    0x02, 0x10, 0x00, 0x00, 0x7b, 0xbb, 0xbc, 0xfb, 0xbb, 0xb8, 0x00, 0x00, 0x00, 0x00, 0x01, 0x60,
    0x00, 0x00, 0x00, 0x03, 0x33, 0x33, 0x34, 0x93, 0x33, 0x33, 0x32, 0x2c, 0xcc, 0xcc, 0xcc, 0xcc,
    0xcf, 0xcc, 0xc7, 0x00, 0x00, 0x00, 0x00, 0x00, 0x0b, 0x00, 0x00, 0x08, 0xbb, 0xbb, 0xbb, 0xbb,
    0xbf, 0xbb, 0xb2, 0x00, 0x00, 0x73, 0x00, 0x00, 0x0b, 0x00, 0x00, 0x00, 0x00, 0x06, 0x50, 0x00,
    0x0b, 0x00, 0x00, 0x00, 0x00, 0x00, 0x61, 0x00, 0x0b, 0x00, 0x00, 0x00, 0x00, 0x00, 0x00, 0x7b,
    0xbb, 0x00, 0x00, 0x00, 0x03, 0x00, 0x00, 0x03, 0x00, 0x00, 0x00, 0x00, 0x45, 0x00, 0x00, 0x36,
    0x00, 0x00, 0x00, 0x00, 0xdd, 0xeb, 0xbb, 0xcc, 0xfb, 0xbb, 0xb1, 0x02, 0x60, 0x70, 0x03, 0x60,
    0x26, 0x00, 0x00, 0x08, 0x00, 0x32, 0x08, 0x00, 0x05, 0x00, 0x00, 0x22, 0xdb, 0xbb, 0xbb, 0xbb,
    0xbb, 0xbf, 0x40, 0x00, 0xb0, 0x00, 0x00, 0x00, 0x00, 0x0c, 0x40, 0x00, 0xb0, 0x6b, 0xbb, 0xbb,
    0xbb, 0x0c, 0x40, 0x00, 0xb0, 0x00, 0x00, 0x00, 0x00, 0x0c, 0x40, 0x00, 0xb0, 0x0d, 0xbb, 0xbb,
    0xc2, 0x0c, 0x40, 0x00, 0xb0, 0x07, 0x00, 0x00, 0x52, 0x0c, 0x40, 0x00, 0xb0, 0x07, 0x00, 0x00,
    0x52, 0x0c, 0x40, 0x00, 0xb0, 0x0d, 0xbb, 0xbb, 0xc2, 0x0c, 0x40, 0x00, 0xb0, 0x07, 0x00, 0x00,
    0x00, 0x0c, 0x40, 0x00, 0xb0, 0x00, 0x00, 0x00, 0x1a, 0xac, 0x20, 0x00, 0x30, 0x00, 0x00, 0x30,
    0x00, 0x00, 0x00, 0x80, 0x00, 0x00, 0x70, 0x00, 0x00, 0x04, 0xde, 0xcb, 0xb2, 0xfc, 0xeb, 0xb7,
    0x18, 0x01, 0x90, 0x08, 0x00, 0x71, 0x00, 0x61, 0x10, 0x32, 0x12, 0x00, 0x14, 0x00, 0x00, 0x80,
    0x5b, 0xbb, 0xbb, 0xbb, 0xc0, 0x05, 0x16, 0x00, 0x00, 0x00, 0x00, 0x70, 0x0b, 0x01, 0x00, 0x00,
    0x00, 0x00, 0x70, 0x0b, 0x00, 0xfb, 0xbb, 0xbc, 0x00, 0x70, 0x0b, 0x00, 0xf0, 0x00, 0x07, 0x00,
    0x70, 0x0b, 0x00, 0xfb, 0xbb, 0xbf, 0x00, 0x70, 0x0b, 0x00, 0xf0, 0x00, 0x07, 0x00, 0x70, 0x0b,
    0x00, 0xfb, 0xbb, 0xbc, 0x00, 0x70, 0x0b, 0x00, 0x00, 0x00, 0x00, 0x00, 0x70, 0x0b, 0x00, 0x00,
    0x00, 0x00, 0xab, 0xa0, 0x00, 0x20, 0x00, 0x00, 0x20, 0x00, 0x00, 0x00, 0x25, 0x00, 0x00, 0x27,
    0x00, 0x00, 0x00, 0x0b, 0xbf, 0xbb, 0xbc, 0xcc, 0xfb, 0xbb, 0x56, 0x30, 0x44, 0x07, 0x30, 0x03,
    0x30, 0x00, 0x20, 0xab, 0xbb, 0xbb, 0xbb, 0xbb, 0xa0, 0x00, 0x08, 0x22, 0x22, 0x22, 0x22, 0x2b,
    0x00, 0x00, 0x83, 0x33, 0x33, 0x33, 0x33, 0xb0, 0x00, 0x0b, 0xbb, 0xbb, 0xbb, 0xbb, 0xbb, 0x00,
    0x00, 0x82, 0x22, 0x22, 0x22, 0x22, 0xb0, 0x00, 0x0c, 0xff, 0xff, 0xff, 0xff, 0xfb, 0x00, 0x00,
    0x00, 0x71, 0x00, 0x00, 0xb0, 0x00, 0x00, 0x00, 0x08, 0x00, 0x00, 0x0b, 0x00, 0x00, 0x7b, 0xbd,
    0xfb, 0xbb, 0xbb, 0xfb, 0xbb, 0x80, 0x02, 0x81, 0x00, 0x00, 0x0b, 0x00, 0x00, 0x17, 0x60, 0x00,
    0x00, 0x00, 0xb0, 0x00, 0x00, 0x00, 0x00, 0x00, 0x00, 0x00, 0x00, 0x00, 0x00, 0x21, 0x00, 0x00,
    0x02, 0x00, 0x00, 0x00, 0x07, 0x10, 0x00, 0x00, 0x70, 0x00, 0x00, 0x00, 0xdb, 0xde, 0xba, 0x2e,
    0xbe, 0xbb, 0xb0, 0x82, 0x00, 0x60, 0x07, 0x00, 0x61, 0x00, 0x04, 0x00, 0x02, 0x02, 0x50, 0x00,
    0x20, 0x00, 0x0d, 0xbb, 0xbb, 0xbf, 0xbb, 0xbb, 0xb7, 0x00, 0xb0, 0x00, 0x00, 0x00, 0x00, 0x01,
    0x70, 0x0a, 0x5f, 0xbb, 0xbb, 0xbb, 0xb7, 0x16, 0x00, 0x04, 0xb0, 0x00, 0x00, 0x00, 0x70, 0x00,
    0x00, 0x5f, 0xbb, 0xbb, 0xbb, 0xb7, 0x00, 0x00, 0x04, 0xb0, 0x00, 0x00, 0x00, 0x00, 0x00, 0x00,
    0x5f, 0xbb, 0xbb, 0xbb, 0xbb, 0x30, 0x00, 0x04, 0xb0, 0x00, 0x00, 0x00, 0x34, 0x00, 0x00, 0x4b,
    0x00, 0x00, 0x00, 0x03, 0x40, 0x00, 0x04, 0xfb, 0xbb, 0xbb, 0xbb, 0xe5, 0x00, 0x00, 0x01, 0x00,
    0x00, 0x00, 0x00, 0x00, 0x00, 0x00, 0x00, 0x04, 0x00, 0x00, 0x00, 0x00, 0x01, 0x10, 0x00, 0x0b,
    0x00, 0x00, 0x03, 0x00, 0x01, 0x80, 0x00, 0x0b, 0x00, 0x00, 0x44, 0x00, 0x00, 0x35, 0x00, 0x0b,
    0x00, 0x00, 0x80, 0x00, 0x00, 0x07, 0x10, 0x0b, 0x00, 0x06, 0x20, 0x00, 0x00, 0x01, 0x40, 0x0b,
    0x00, 0x15, 0x00, 0x00, 0x00, 0x00, 0x00, 0x0b, 0x00, 0x00, 0x00, 0x00, 0x5b, 0xbb, 0xbb, 0xff,
    0xfb, 0xbb, 0xbb, 0x80, 0x00, 0x00, 0x02, 0x6b, 0x53, 0x00, 0x00, 0x00, 0x00, 0x00, 0x18, 0x0b,
    0x07, 0x10, 0x00, 0x00, 0x00, 0x00, 0x81, 0x0b, 0x00, 0x81, 0x00, 0x00, 0x00, 0x18, 0x10, 0x0b,
    0x00, 0x18, 0x20, 0x00, 0x02, 0x81, 0x00, 0x0b, 0x00, 0x00, 0x74, 0x00, 0x57, 0x00, 0x00, 0x0b,
    0x00, 0x00, 0x05, 0x70, 0x00, 0x00, 0x00, 0x0b, 0x00, 0x00, 0x00, 0x00, 0x00, 0x00, 0x00, 0x01,
    0x35, 0x77, 0x40, 0x00, 0x66, 0x67, 0x7d, 0x64, 0x20, 0x00, 0x00, 0x00, 0x00, 0x08, 0x10, 0x00,
    0x00, 0x00, 0x00, 0x00, 0x18, 0x10, 0x00, 0x57, 0x00, 0x00, 0x00, 0x27, 0x10, 0x13, 0x84, 0x00,
    0x00, 0x00, 0x1f, 0xbb, 0xae, 0xf1, 0x00, 0x00, 0x00, 0x00, 0x00, 0x27, 0x30, 0x00, 0x53, 0x00,
    0x00, 0x02, 0x65, 0x23, 0x34, 0x56, 0xd8, 0x00, 0x0f, 0xff, 0xfe, 0xdf, 0xb9, 0x86, 0x93, 0x00,
    0x31, 0x02, 0x00, 0xb0, 0x15, 0x00, 0x60, 0x00, 0x05, 0x30, 0x0b, 0x00, 0x27, 0x00, 0x00, 0x05,
    0x50, 0x00, 0xb0, 0x00, 0x18, 0x10, 0x07, 0x50, 0x00, 0x0b, 0x00, 0x00, 0x18, 0x01, 0x20, 0x03,
    0xbb, 0x90, 0x00, 0x00, 0x00, 0x00, 0x00, 0x00, 0x50, 0x00, 0x00, 0x00, 0x00, 0x00, 0x00, 0xb0,
    0x00, 0x00, 0x00, 0xab, 0xbb, 0xbb, 0xfb, 0xbb, 0xbb, 0xba, 0x00, 0x00, 0x00, 0xb0, 0x00, 0x00,
    0x00, 0xab, 0xbb, 0xbb, 0xfb, 0xbb, 0xbb, 0xba, 0xb3, 0x33, 0x38, 0x43, 0x33, 0x33, 0x3c, 0xb0,
    0x01, 0x73, 0x00, 0x16, 0x00, 0x0c, 0x41, 0x9b, 0x77, 0x7b, 0x71, 0x00, 0x05, 0x02, 0x42, 0x16,
    0x82, 0x01, 0x40, 0x00, 0x00, 0x16, 0x72, 0x00, 0x12, 0x78, 0x00, 0x3f, 0xfd, 0xde, 0xff, 0xcb,
    0xaa, 0x70, 0x04, 0x33, 0x10, 0x73, 0x02, 0x20, 0x43, 0x00, 0x27, 0x00, 0x73, 0x00, 0x57, 0x10,
    0x06, 0x60, 0x00, 0x73, 0x00, 0x01, 0x73, 0x63, 0x00, 0x7b, 0xc1, 0x00, 0x00, 0x03, 0x00, 0x00,
    0x00, 0x00, 0x00, 0x00, 0x00, 0x00, 0x22, 0x00, 0x00, 0x00, 0x40, 0x00, 0x00, 0x00, 0xeb, 0xbb,
    0xbb, 0x41, 0x70, 0x00, 0x00, 0x04, 0x50, 0x00, 0x00, 0x09, 0x98, 0x8c, 0x81, 0x09, 0xbb, 0xcb,
    0xba, 0x2b, 0x40, 0x08, 0x00, 0x00, 0x70, 0x35, 0x07, 0x40, 0x80, 0x63, 0x00, 0x0b, 0xfb, 0xcb,
    0xdf, 0x70, 0x29, 0x70, 0x00, 0x00, 0x70, 0x53, 0x34, 0x00, 0x4b, 0x70, 0x00, 0x00, 0xfe, 0xee,
    0xff, 0x47, 0x40, 0x28, 0x50, 0x00, 0x00, 0x04, 0x60, 0x23, 0x60, 0x00, 0x31, 0x00, 0x0c, 0xfd,
    0xae, 0xb6, 0x01, 0x00, 0x00, 0x00, 0x02, 0x16, 0x74, 0x01, 0x29, 0x70, 0x00, 0x00, 0xdf, 0xfd,
    0xde, 0xfd, 0xca, 0xd7, 0x00, 0x00, 0x64, 0x54, 0x11, 0x80, 0x36, 0x22, 0x20, 0x00, 0x16, 0x50,
    0x01, 0x80, 0x00, 0x57, 0x20, 0x06, 0x71, 0x04, 0xbb, 0x60, 0x00, 0x00, 0x40, 0x00, 0x00, 0x50,
    0x00, 0x06, 0x00, 0x00, 0x00, 0x00, 0x02, 0x60, 0x00, 0x07, 0x00, 0x00, 0x00, 0x00, 0x08, 0x00,
    0x00, 0x34, 0x00, 0x00, 0x00, 0x00, 0x34, 0x00, 0x00, 0xcb, 0xbb, 0xbb, 0xf0, 0x00, 0x80, 0x05,
    0x32, 0x60, 0x00, 0x00, 0xd0, 0x07, 0x11, 0x37, 0x08, 0x00, 0x00, 0x00, 0xd0, 0x0a, 0x76, 0xc0,
    0x03, 0x41, 0x00, 0x00, 0xd0, 0x00, 0x06, 0x20, 0x00, 0x08, 0x10, 0x00, 0xd0, 0x00, 0x54, 0x00,
    0x00, 0x01, 0x81, 0x01, 0xc0, 0x05, 0x96, 0x77, 0x40, 0x00, 0x17, 0x02, 0xc0, 0x0a, 0x41, 0x00,
    0x00, 0x00, 0x01, 0x03, 0xb0, 0x00, 0x00, 0x00, 0x00, 0x00, 0x00, 0x04, 0x90, 0x00, 0x25, 0x77,
    0x50, 0x00, 0x00, 0x06, 0x80, 0x17, 0x52, 0x00, 0x00, 0x00, 0x00, 0x0a, 0x50, 0x00, 0x00, 0x00,
    0x00, 0x00, 0x8b, 0xbc, 0x10, 0x00, 0x00, 0x00, 0x00, 0x00, 0x00, 0x00, 0x00, 0x00, 0x05, 0x30,
    0x12, 0x22, 0x22, 0x20, 0x00, 0x00, 0x08, 0x00, 0x9b, 0xfb, 0xbb, 0xf1, 0x00, 0x00, 0x43, 0x00,
    0x00, 0xb0, 0x00, 0x70, 0x00, 0x00, 0x80, 0x05, 0x00, 0xb0, 0x01, 0x60, 0x00, 0x06, 0x20, 0x44,
    0x00, 0xf0, 0x06, 0x20, 0x00, 0x5e, 0x88, 0x90, 0x00, 0xf1, 0x0e, 0xbc, 0x80, 0x00, 0x07, 0x10,
    0x02, 0x86, 0x00, 0x04, 0x40, 0x00, 0x53, 0x01, 0x04, 0x47, 0x00, 0x08, 0x00, 0x04, 0x86, 0x75,
    0x06, 0x23, 0x50, 0x27, 0x00, 0x3e, 0x51, 0x00, 0x07, 0x00, 0x71, 0x81, 0x00, 0x00, 0x00, 0x03,
    0x17, 0x00, 0x1d, 0x40, 0x00, 0x00, 0x27, 0x75, 0x44, 0x00, 0x59, 0x60, 0x00, 0x37, 0x51, 0x00,
    0x80, 0x07, 0x50, 0x56, 0x00, 0x00, 0x00, 0x05, 0x45, 0x82, 0x00, 0x04, 0x91, 0x00, 0x00, 0x01,
    0x02, 0x00, 0x00, 0x00, 0x00, 0x00, 0x02, 0x00, 0x00, 0x00, 0x50, 0x00, 0x00, 0x00, 0x70, 0x00,
    0x00, 0x0b, 0x00, 0x00, 0x00, 0x25, 0x00, 0x00, 0x00, 0xb0, 0x00, 0x00, 0x07, 0x00, 0x00, 0x00,
    0x1b, 0x00, 0x00, 0x03, 0x50, 0x25, 0x9b, 0xbc, 0xfb, 0xbf, 0x30, 0x70, 0x07, 0x0b, 0x00, 0x38,
    0x00, 0xb4, 0x79, 0x6b, 0x40, 0xb0, 0x06, 0x90, 0x0b, 0x40, 0x02, 0x60, 0x0b, 0x00, 0x99, 0x00,
    0xb4, 0x00, 0x80, 0x00, 0xb0, 0x0a, 0x16, 0x0b, 0x40, 0x74, 0x66, 0x3b, 0x06, 0x50, 0x51, 0xb4,
    0x59, 0x41, 0x00, 0xb2, 0x80, 0x00, 0x6b, 0x40, 0x00, 0x00, 0x0b, 0x41, 0x00, 0x02, 0xb4, 0x02,
    0x56, 0x65, 0xb0, 0x00, 0x00, 0x0b, 0x44, 0x41, 0x00, 0x0b, 0x00, 0x00, 0x00, 0xb4, 0x00, 0x00,
    0x00, 0xb0, 0x00, 0x08, 0xbe, 0x20, 0x00, 0x00, 0x01, 0x00, 0x00, 0x00, 0x00, 0x00, 0x02, 0x30,
    0x00, 0x00, 0x00, 0x00, 0x00, 0x00, 0x71, 0x07, 0xdd, 0xfe, 0xdd, 0xf0, 0x00, 0x17, 0x00, 0x00,
    0x08, 0x00, 0x07, 0x00, 0x07, 0x10, 0x00, 0x00, 0x80, 0x00, 0x70, 0x02, 0x60, 0x17, 0x00, 0x08,
    0x00, 0x07, 0x00, 0x80, 0x08, 0x10, 0x00, 0x80, 0x00, 0x70, 0x49, 0x7a, 0x70, 0x00, 0x08, 0x00,
    0x07, 0x00, 0x01, 0x80, 0x05, 0xbc, 0xfb, 0xbb, 0xb0, 0x00, 0x81, 0x00, 0x00, 0x25, 0x00, 0x07,
    0x00, 0x64, 0x36, 0x30, 0x04, 0x40, 0x00, 0x70, 0x3b, 0x63, 0x10, 0x00, 0x62, 0x00, 0x16, 0x00,
    0x00, 0x00, 0x00, 0x07, 0x00, 0x02, 0x50, 0x00, 0x36, 0x74, 0x00, 0x80, 0x00, 0x44, 0x02, 0x74,
    0x10, 0x00, 0x08, 0x00, 0x05, 0x20, 0x00, 0x00, 0x09, 0xff, 0xff, 0xff, 0xff, 0xf0, 0x00, 0x03,
    0x00, 0x00, 0x07, 0x01, 0x00, 0x00, 0x00, 0x08, 0x00, 0x00, 0x0b, 0x05, 0x71, 0x00, 0x00, 0x35,
    0x00, 0x00, 0x0b, 0x00, 0x13, 0x00, 0x00, 0x80, 0x00, 0x00, 0x0c, 0x35, 0x76, 0x00, 0x03, 0x50,
    0x35, 0x37, 0x7f, 0x42, 0x00, 0x00, 0x08, 0x13, 0x80, 0x00, 0x0a, 0x10, 0x00, 0x00, 0x59, 0x6a,
    0x20, 0x00, 0x08, 0x33, 0x67, 0x30, 0x00, 0x36, 0x00, 0x36, 0x7e, 0xb4, 0x10, 0x00, 0x01, 0x80,
    0x00, 0x21, 0x05, 0x60, 0x01, 0x50, 0x1b, 0x77, 0x74, 0x00, 0x02, 0x90, 0x18, 0x00, 0x36, 0x10,
    0x00, 0x00, 0x00, 0xa1, 0x81, 0x00, 0x00, 0x00, 0x01, 0x00, 0x00, 0xc9, 0x00, 0x00, 0x02, 0x67,
    0x75, 0x00, 0x17, 0x87, 0x00, 0x60, 0x35, 0x10, 0x00, 0x37, 0x61, 0x09, 0x30, 0xc0, 0x00, 0x00,
    0x00, 0x40, 0x00, 0x01, 0x9c, 0x90, 0x00, 0x00, 0x40, 0x00, 0x00, 0x00, 0x00, 0x00, 0x00, 0x04,
    0x40, 0x0b, 0xbb, 0xbb, 0xbd, 0x00, 0x00, 0x08, 0x00, 0x00, 0x00, 0x00, 0x54, 0x00, 0x00, 0x53,
    0x00, 0x00, 0x00, 0x04, 0x60, 0x00, 0x01, 0x80, 0x07, 0x00, 0x00, 0x65, 0x00, 0x00, 0x07, 0x10,
    0x45, 0x00, 0x28, 0x77, 0x30, 0x00, 0x2b, 0x77, 0xb0, 0x17, 0x60, 0x00, 0x58, 0x30, 0x00, 0x07,
    0x10, 0x61, 0x00, 0x00, 0x00, 0x61, 0x00, 0x54, 0x00, 0x05, 0x55, 0x55, 0x55, 0x30, 0x03, 0x50,
    0x02, 0x1b, 0xbb, 0xfb, 0xbb, 0x60, 0x0c, 0x77, 0x64, 0x00, 0x00, 0x70, 0x00, 0x00, 0x01, 0x00,
    0x00, 0x00, 0x00, 0x70, 0x00, 0x00, 0x00, 0x03, 0x56, 0x10, 0x00, 0x70, 0x00, 0x00, 0x16, 0x63,
    0x00, 0x00, 0x00, 0x70, 0x00, 0x00, 0x00, 0x00, 0x01, 0xee, 0xee, 0xfe, 0xee, 0xe3, 0x00, 0x00,
    0x00, 0x00, 0x00, 0x40, 0x00, 0x00, 0x00, 0x80, 0x00, 0x00, 0x0b, 0x00, 0x00, 0x00, 0x26, 0x00,
    0x00, 0x00, 0xb0, 0x00, 0x00, 0x07, 0x00, 0x09, 0xbb, 0xbf, 0xbb, 0xba, 0x02, 0x50, 0x04, 0x00,
    0x00, 0xb0, 0x00, 0x00, 0x92, 0x37, 0x20, 0x00, 0x0b, 0x00, 0x00, 0x88, 0x44, 0x60, 0x4b, 0xbb,
    0xfb, 0xbb, 0x80, 0x00, 0x80, 0x01, 0x33, 0x33, 0x33, 0x32, 0x00, 0x71, 0x00, 0x00, 0x00, 0x00,
    0x00, 0x00, 0x64, 0x57, 0x80, 0xdb, 0xbb, 0xbb, 0xc3, 0x6c, 0x73, 0x00, 0x0f, 0x00, 0x00, 0x0b,
    0x40, 0x00, 0x00, 0x00, 0xf0, 0x00, 0x00, 0xb4, 0x00, 0x01, 0x56, 0x0f, 0x00, 0x00, 0x0b, 0x44,
    0x77, 0x52, 0x00, 0xf0, 0x00, 0x00, 0xb4, 0x00, 0x00, 0x00, 0x0f, 0xbb, 0xbb, 0xbf, 0x40, 0x00,
    0x00, 0x00, 0x10, 0x00, 0x00, 0x00, 0x00, 0x00, 0x10, 0x00, 0x04, 0x10, 0x00, 0x00, 0x00, 0x06,
    0x20, 0x00, 0x08, 0x00, 0x00, 0x00, 0x00, 0x08, 0x00, 0x00, 0x6d, 0xbb, 0xbb, 0xe2, 0x00, 0x43,
    0x00, 0x03, 0xc1, 0x00, 0x00, 0x80, 0x00, 0x80, 0x06, 0x28, 0x18, 0x00, 0x07, 0x20, 0x06, 0x20,
    0x44, 0x60, 0x02, 0x70, 0x73, 0x00, 0x2d, 0x77, 0xa0, 0x00, 0x00, 0x3f, 0x40, 0x00, 0x00, 0x07,
    0x10, 0x00, 0x06, 0x71, 0x66, 0x10, 0x00, 0x54, 0x00, 0x06, 0x72, 0x00, 0x01, 0x66, 0x03, 0x86,
    0x75, 0x03, 0xcb, 0xbb, 0xbb, 0xc0, 0x0e, 0x51, 0x00, 0x04, 0xb0, 0x00, 0x00, 0xf0, 0x00, 0x00,
    0x00, 0x04, 0xb0, 0x00, 0x00, 0xf0, 0x00, 0x36, 0x77, 0x14, 0xb0, 0x00, 0x00, 0xf0, 0x17, 0x41,
    0x00, 0x04, 0xfb, 0xbb, 0xbb, 0xf0, 0x00, 0x00, 0x00, 0x04, 0xb0, 0x00, 0x00, 0xf0, 0x00, 0x00,
    0x40, 0x00, 0x01, 0x30, 0x00, 0x00, 0x00, 0x03, 0x60, 0x00, 0x00, 0x80, 0x00, 0x00, 0x00, 0x08,
    0x00, 0x01, 0x11, 0x52, 0x11, 0x10, 0x00, 0x35, 0x00, 0x5f, 0xff, 0xff, 0xff, 0xf0, 0x00, 0x80,
    0x04, 0x00, 0x19, 0x00, 0x00, 0x00, 0x07, 0x20, 0x17, 0x00, 0x81, 0x00, 0x70, 0x00, 0x2a, 0x77,
    0xc0, 0x06, 0x40, 0x00, 0x27, 0x00, 0x02, 0x05, 0x30, 0x4a, 0x77, 0x77, 0x7b, 0x40, 0x00, 0x37,
    0x00, 0x12, 0x40, 0x04, 0x00, 0x50, 0x01, 0x82, 0x55, 0x00, 0x70, 0x07, 0x00, 0x00, 0x0f, 0x85,
    0x20, 0x00, 0x70, 0x07, 0x00, 0x00, 0x00, 0x00, 0x00, 0x00, 0x70, 0x07, 0x00, 0x00, 0x00, 0x03,
    0x65, 0x03, 0x50, 0x07, 0x00, 0x31, 0x17, 0x64, 0x10, 0x18, 0x00, 0x07, 0x00, 0x61, 0x00, 0x00,
    0x05, 0x81, 0x00, 0x06, 0xbb, 0xb0, 0x00, 0x00, 0x01, 0x00, 0x00, 0x00, 0x00, 0x00, 0x00, 0x00,
    0x10, 0x00, 0x00, 0x03, 0x00, 0x00, 0x00, 0x05, 0x20, 0x0a, 0x30, 0x0b, 0x00, 0x30, 0x00, 0x07,
    0x00, 0x0b, 0x34, 0x0b, 0x02, 0x60, 0x00, 0x34, 0x00, 0x0b, 0x07, 0x0b, 0x07, 0x10, 0x00, 0x70,
    0x07, 0x0b, 0x07, 0x0b, 0x07, 0x00, 0x05, 0x30, 0x44, 0x0b, 0x00, 0x0b, 0x00, 0x00, 0x0c, 0x9b,
    0xd0, 0x0b, 0xbb, 0xbf, 0xbb, 0xb2, 0x02, 0x07, 0x10, 0x0b, 0x00, 0x4f, 0x60, 0x00, 0x00, 0x53,
    0x00, 0x0b, 0x00, 0x7b, 0x35, 0x00, 0x03, 0x50, 0x36, 0x1b, 0x06, 0x2b, 0x06, 0x30, 0x0b, 0x87,
    0x41, 0x0b, 0x45, 0x0b, 0x00, 0x70, 0x00, 0x00, 0x00, 0x0b, 0x40, 0x0b, 0x00, 0x00, 0x00, 0x02,
    0x57, 0x2b, 0x00, 0x0b, 0x00, 0x00, 0x06, 0x64, 0x20, 0x0e, 0xbb, 0xbb, 0xbb, 0xb4, 0x00, 0x00,
    0x00, 0x00, 0x02, 0x00, 0x00, 0x00, 0x03, 0x50, 0x00, 0x00, 0xb0, 0x00, 0x10, 0x00, 0x70, 0x00,
    0x00, 0x0b, 0x00, 0x17, 0x00, 0x16, 0x00, 0x0b, 0xbb, 0xfb, 0xba, 0x10, 0x07, 0x10, 0x30, 0x00,
    0x0b, 0x05, 0x40, 0x02, 0x60, 0x07, 0x00, 0x00, 0xb4, 0x50, 0x00, 0x83, 0x5a, 0x1d, 0xff, 0xff,
    0xff, 0xff, 0x96, 0x45, 0x50, 0x00, 0x06, 0x50, 0x00, 0x00, 0x01, 0x70, 0x00, 0x4f, 0xeb, 0xbb,
    0xb2, 0x00, 0x72, 0x44, 0x69, 0xd0, 0x00, 0x0b, 0x30, 0xb8, 0x42, 0x00, 0x2d, 0x00, 0x00, 0xb3,
    0x00, 0x00, 0x00, 0x02, 0xfb, 0xbb, 0xbf, 0x30, 0x00, 0x14, 0x60, 0x2d, 0x00, 0x00, 0xb3, 0x06,
    0x76, 0x30, 0x02, 0xd0, 0x00, 0x0b, 0x30, 0x00, 0x00, 0x00, 0x2f, 0xbb, 0xbb, 0xf3, 0x00, 0x00,
    0x00, 0x00, 0x10, 0x00, 0x00, 0x00, 0x00, 0x00, 0x20, 0x00, 0x00, 0x40, 0x00, 0x00, 0x00, 0x05,
    0x30, 0x00, 0x00, 0x80, 0x00, 0x00, 0x00, 0x08, 0x00, 0x0b, 0xbb, 0xfb, 0xbb, 0x00, 0x00, 0x44,
    0x00, 0x00, 0x00, 0x80, 0x00, 0x00, 0x00, 0x80, 0x26, 0x7b, 0xbb, 0xfb, 0xbb, 0x90, 0x06, 0x20,
    0x80, 0x23, 0x33, 0x33, 0x36, 0x60, 0x1d, 0x7b, 0x50, 0x01, 0x71, 0x53, 0x08, 0x00, 0x00, 0x17,
    0x00, 0x11, 0x19, 0x53, 0x02, 0x00, 0x00, 0x80, 0x00, 0x06, 0x40, 0x52, 0x00, 0x00, 0x07, 0x57,
    0x84, 0x00, 0x40, 0x61, 0x00, 0x00, 0x0c, 0x72, 0x00, 0xab, 0xbb, 0xfb, 0xbb, 0xb0, 0x00, 0x00,
    0x00, 0x00, 0x01, 0x70, 0x00, 0x00, 0x00, 0x16, 0x74, 0x00, 0x08, 0x16, 0x40, 0x00, 0x18, 0x61,
    0x00, 0x01, 0x82, 0x00, 0x46, 0x00, 0x00, 0x00, 0x00, 0x67, 0x10, 0x00, 0x03, 0x80, 0x00, 0x00,
    0x00, 0x20, 0x00, 0x00, 0x00, 0x10, 0x00, 0x05, 0x00, 0x00, 0x51, 0x51, 0x00, 0x00, 0x00, 0x16,
    0x00, 0x00, 0x90, 0x18, 0x00, 0x00, 0x00, 0x71, 0x00, 0x05, 0x30, 0x05, 0x00, 0x00, 0x01, 0x60,
    0x00, 0x1f, 0xee, 0xef, 0xee, 0xd0, 0x06, 0x10, 0x34, 0x8f, 0x00, 0x0b, 0x00, 0x00, 0x36, 0x34,
    0x86, 0x3e, 0x00, 0x0b, 0x00, 0x00, 0x65, 0x36, 0x21, 0x0f, 0xbb, 0xbf, 0xbb, 0x60, 0x00, 0x26,
    0x00, 0x0e, 0x00, 0x0b, 0x00, 0x00, 0x00, 0x70, 0x00, 0x0e, 0x00, 0x0b, 0x00, 0x00, 0x07, 0x13,
    0x71, 0x0e, 0x00, 0x0b, 0x00, 0x00, 0x5b, 0x95, 0x10, 0x0f, 0xbb, 0xbf, 0xbb, 0x60, 0x00, 0x00,
    0x00, 0x0e, 0x00, 0x0b, 0x00, 0x00, 0x00, 0x14, 0x73, 0x0e, 0x00, 0x0b, 0x00, 0x00, 0x48, 0x74,
    0x00, 0x0f, 0xcc, 0xcf, 0xcc, 0xc3, 0x00, 0x00, 0x00, 0x0f, 0x22, 0x22, 0x22, 0x20, 0x00, 0x02,
    0x20, 0x00, 0x00, 0x40, 0x00, 0x00, 0x00, 0x71, 0x00, 0x00, 0x04, 0x30, 0x00, 0x00, 0x08, 0x00,
    0x3f, 0xbb, 0xbf, 0xbb, 0xb0, 0x06, 0x20, 0x04, 0xc0, 0x00, 0x00, 0x0b, 0x01, 0x70, 0x25, 0x4c,
    0x00, 0x00, 0x00, 0xb0, 0x71, 0x08, 0x04, 0xfb, 0xbb, 0xbb, 0xbd, 0x1a, 0x57, 0x60, 0x4d, 0x22,
    0x22, 0x22, 0x30, 0x00, 0x80, 0x04, 0xff, 0xff, 0xff, 0xff, 0x00, 0x71, 0x00, 0x6f, 0x10, 0xb0,
    0xb0, 0xb0, 0x55, 0x57, 0x27, 0xf1, 0x0b, 0x0b, 0x0b, 0x0d, 0x63, 0x00, 0x9c, 0x10, 0xb0, 0xb0,
    0xb0, 0x00, 0x00, 0x0c, 0x9c, 0xbf, 0xbf, 0xbf, 0x00, 0x05, 0x74, 0xb7, 0x10, 0xb0, 0xb0, 0xb1,
    0x77, 0x30, 0x74, 0x71, 0x0b, 0x0b, 0x0b, 0x00, 0x00, 0x04, 0x06, 0x10, 0x90, 0x97, 0xd0, 0x00,
    0x00, 0x00, 0x00, 0x00, 0x00, 0x00, 0x00, 0x01, 0x00, 0x00, 0x21, 0x00, 0x00, 0x00, 0x01, 0x60,
    0x00, 0x01, 0x70, 0x00, 0x00, 0x00, 0x71, 0x0c, 0xbb, 0xbf, 0xbb, 0xbb, 0x40, 0x16, 0x00, 0xb0,
    0x00, 0x00, 0x00, 0x55, 0x07, 0x10, 0x39, 0x13, 0x00, 0x00, 0x03, 0x33, 0x40, 0x44, 0x07, 0x4b,
    0xbf, 0xbb, 0xb0, 0xc6, 0x69, 0x01, 0x90, 0x00, 0x70, 0x00, 0x00, 0x06, 0x10, 0x78, 0x2b, 0xde,
    0xbb, 0x60, 0x03, 0x50, 0x45, 0x73, 0x40, 0x00, 0x07, 0x02, 0xb6, 0x64, 0x07, 0x34, 0x00, 0x00,
    0x70, 0xc4, 0x00, 0x00, 0x73, 0xfb, 0xbb, 0xbb, 0x00, 0x00, 0x01, 0x07, 0x34, 0x00, 0x00, 0x70,
    0x01, 0x68, 0x40, 0x73, 0x40, 0x00, 0x07, 0x08, 0x72, 0x00, 0x07, 0x34, 0x00, 0x00, 0x70, 0x00,
    0x00, 0x00, 0x73, 0xfb, 0xbb, 0xbb, 0x00, 0x00, 0x00, 0x00, 0x00, 0x00, 0x00, 0x00, 0x8b, 0xbb,
    0xbb, 0xbb, 0xbb, 0xbb, 0xf2, 0xb0, 0x00, 0x00, 0x00, 0x00, 0x00, 0xb3, 0xb0, 0x00, 0x01, 0x10,
    0x00, 0x10, 0xb3, 0xb0, 0x40, 0x06, 0x70, 0x00, 0x70, 0xb3, 0xb0, 0x43, 0x08, 0x17, 0x00, 0x80,
    0xb3, 0xb0, 0x07, 0x08, 0x05, 0x32, 0x60, 0xb3, 0xb0, 0x01, 0x94, 0x00, 0x86, 0x10, 0xb3, 0xb0,
    0x00, 0xd2, 0x00, 0x2d, 0x00, 0xb3, 0xb0, 0x01, 0x77, 0x00, 0x3b, 0x10, 0xb3, 0xb0, 0x07, 0x15,
    0x30, 0x71, 0x70, 0xb3, 0xb0, 0x45, 0x00, 0x06, 0x20, 0x50, 0xb3, 0xb1, 0x70, 0x00, 0x44, 0x00,
    0x00, 0xb3, 0xb0, 0x00, 0x00, 0x00, 0x00, 0x00, 0xb3, 0xb0, 0x00, 0x00, 0x00, 0x02, 0xbb, 0xd1,
    0x0b, 0xbb, 0xbb, 0xbb, 0xbb, 0xbb, 0xb3, 0x0b, 0x00, 0x25, 0x00, 0x34, 0x00, 0x34, 0x0b, 0x00,
    0x25, 0x00, 0x34, 0x00, 0x34, 0x0b, 0x00, 0x25, 0x00, 0x34, 0x00, 0x34, 0x0b, 0xbb, 0xbd, 0xbb,
    0xbb, 0xbb, 0xb3, 0x00, 0x00, 0x17, 0x00, 0x00, 0x00, 0x00, 0x00, 0x01, 0xfc, 0xbb, 0xbb, 0xbe,
    0x30, 0x00, 0x18, 0x10, 0x00, 0x00, 0x08, 0x00, 0x05, 0x70, 0x33, 0x00, 0x00, 0x45, 0x00, 0x03,
    0x00, 0x05, 0x50, 0x03, 0x70, 0x00, 0x00, 0x00, 0x00, 0x56, 0x56, 0x00, 0x00, 0x00, 0x00, 0x00,
    0x3d, 0x30, 0x00, 0x00, 0x00, 0x02, 0x67, 0x50, 0x00, 0x00, 0x00, 0x27, 0x75, 0x10, 0x00, 0x00,
    0x00, 0x00, 0x0c, 0xbb, 0xbb, 0xbb, 0xbb, 0xbb, 0xb1, 0x00, 0x70, 0x02, 0x40, 0x04, 0x30, 0x05,
    0x10, 0x0d, 0xbb, 0xcc, 0xdc, 0xcc, 0xbb, 0xd1, 0x00, 0x00, 0x00, 0x07, 0x00, 0x00, 0x00, 0x00,
    0xbb, 0xbb, 0xbb, 0xfb, 0xbb, 0xbb, 0xb7, 0x00, 0x00, 0x00, 0x07, 0x00, 0x00, 0x00, 0x00, 0x00,
    0x9f, 0xff, 0xff, 0xff, 0xf8, 0x00, 0x00, 0x07, 0x11, 0x11, 0x11, 0x11, 0x70, 0x00, 0x00, 0x95,
    0x55, 0x55, 0x55, 0x59, 0x00, 0x00, 0x0b, 0xbb, 0xbb, 0xbb, 0xbb, 0xa0, 0x00, 0x00, 0x70, 0x00,
    0x00, 0x00, 0x07, 0x00, 0x00, 0x0b, 0xbb, 0xbb, 0xbb, 0xbb, 0xb0, 0x00, 0x00, 0x70, 0x00, 0x00,
    0x00, 0x07, 0x00, 0x0e, 0xef, 0xee, 0xee, 0xee, 0xee, 0xfe, 0xe0, 0x00, 0x00, 0x30, 0x00, 0x00,
    0x03, 0x00, 0x00, 0x00, 0x00, 0x72, 0x00, 0x00, 0x18, 0x00, 0x00, 0x00, 0x00, 0x06, 0x00, 0x00,
    0x82, 0x00, 0x00, 0x05, 0xee, 0xee, 0xef, 0xfe, 0xfe, 0xee, 0x50, 0x00, 0x00, 0x00, 0x04, 0x30,
    0x00, 0x00, 0x00, 0x00, 0x6b, 0xbb, 0xbf, 0xeb, 0xbb, 0xb7, 0x00, 0x00, 0x00, 0x00, 0x04, 0x30,
    0x00, 0x00, 0x00, 0x0d, 0xdd, 0xdd, 0xdf, 0xfd, 0xdd, 0xdd, 0xd1, 0x04, 0x44, 0x44, 0x4a, 0x44,
    0x44, 0x44, 0x40, 0x00, 0x00, 0x00, 0x08, 0x00, 0x00, 0x00, 0x00, 0x07, 0xbb, 0xbb, 0xdf, 0xfb,
    0xbb, 0xbb, 0xb0, 0x00, 0x00, 0x00, 0x81, 0x71, 0x00, 0x00, 0x00, 0x00, 0x00, 0x28, 0x20, 0x09,
    0x10, 0x00, 0x00, 0x03, 0x67, 0x60, 0x00, 0x01, 0x85, 0x00, 0x00, 0x04, 0x10, 0x00, 0x00, 0x00,
    0x04, 0x87, 0x30, 0x00, 0x00, 0x00, 0x00, 0x00, 0x00, 0x01, 0x40, 0x00, 0x08, 0x00, 0x00, 0x00,
    0x05, 0x00, 0x00, 0x00, 0x0b, 0x00, 0x00, 0x00, 0x78, 0x30, 0x00, 0x7b, 0xbf, 0xbb, 0x90, 0x06,
    0x30, 0x74, 0x00, 0x00, 0x0b, 0x00, 0x00, 0x73, 0x00, 0x05, 0x70, 0x08, 0xbf, 0xbb, 0x98, 0x20,
    0x00, 0x00, 0x25, 0x0b, 0x44, 0x44, 0xb4, 0x77, 0xc5, 0x77, 0xd0, 0x0b, 0x00, 0x00, 0xb0, 0x00,
    0xe0, 0x00, 0xf0, 0x0b, 0xbb, 0xbb, 0xb3, 0x10, 0xe3, 0x10, 0xf0, 0x0b, 0x00, 0x00, 0xb1, 0x91,
    0xe0, 0x80, 0xf0, 0x0b, 0xcf, 0xcc, 0xb0, 0x22, 0xe0, 0x21, 0xf0, 0x00, 0x0b, 0x00, 0x00, 0x03,
    0xf0, 0x04, 0xf0, 0x9b, 0xbf, 0xbb, 0xb2, 0x75, 0xe1, 0x85, 0xf0, 0x00, 0x0b, 0x00, 0x36, 0x00,
    0xe5, 0x10, 0xf0, 0x00, 0x0b, 0x00, 0x00, 0x00, 0xe0, 0x00, 0xf0, 0x00, 0x0b, 0x00, 0x00, 0x7b,
    0xc0, 0x7c, 0xc0, 0x00, 0x00, 0x00, 0x00, 0x00, 0x00, 0x00, 0x00, 0x00, 0x00, 0x01, 0x42, 0x00,
    0x00, 0x00, 0x02, 0x8a, 0xaf, 0x84, 0x4b, 0xbf, 0xcb, 0xf4, 0x01, 0x30, 0xb0, 0x60, 0x00, 0xc1,
    0x0b, 0x60, 0x06, 0x0b, 0x35, 0x02, 0x0c, 0x20, 0xb6, 0x5b, 0xcb, 0xff, 0xb8, 0x70, 0xc8, 0x0b,
    0x60, 0x00, 0x4f, 0x30, 0x06, 0x1c, 0x44, 0xb6, 0x00, 0x36, 0xb3, 0x50, 0x16, 0xc1, 0x7b, 0x60,
    0x56, 0x0b, 0x01, 0x40, 0x1c, 0x10, 0xb6, 0x58, 0x44, 0x84, 0x41, 0x01, 0xf1, 0x0f, 0x80, 0xfb,
    0xbf, 0xbe, 0x51, 0x9d, 0x16, 0xf6, 0x0f, 0x00, 0xb0, 0xb5, 0x91, 0xc7, 0x6b, 0x60, 0xfb, 0xbf,
    0xbf, 0x82, 0x0d, 0x50, 0xb6, 0x0f, 0x00, 0xb0, 0xb5, 0x00, 0xc1, 0x0b, 0x60, 0xfb, 0xbf, 0xbf,
    0x50, 0x0c, 0x10, 0xb6, 0x0f, 0x33, 0x33, 0xe5, 0x4a, 0xc3, 0xbd, 0x30, 0x00, 0x00, 0x00, 0x01,
    0x20, 0x00, 0x03, 0x00, 0x5f, 0xfe, 0xef, 0xf1, 0x90, 0x00, 0x18, 0x00, 0x04, 0xb0, 0x0d, 0x40,
    0x27, 0x00, 0x81, 0x00, 0x04, 0xb0, 0x0d, 0x40, 0x05, 0x03, 0x60, 0x00, 0x04, 0xb0, 0x0d, 0x49,
    0x99, 0xfc, 0x99, 0x60, 0x04, 0xfb, 0xbf, 0x40, 0x00, 0xb0, 0x00, 0x00, 0x04, 0xb0, 0x0d, 0x40,
    0x00, 0xb0, 0x00, 0x00, 0x04, 0xb0, 0x0d, 0x40, 0x00, 0xb0, 0x00, 0x00, 0x04, 0xfb, 0xbf, 0x4b,
    0xbb, 0xfb, 0xbb, 0xb4, 0x04, 0xb0, 0x0d, 0x40, 0x01, 0xf2, 0x00, 0x00, 0x04, 0xb0, 0x0d, 0x40,
    0x04, 0x77, 0x00, 0x00, 0x04, 0xc3, 0x5f, 0xa1, 0x0a, 0x16, 0x10, 0x00, 0x38, 0x94, 0x1d, 0x40,
    0x37, 0x01, 0x80, 0x00, 0x00, 0x00, 0x0d, 0x42, 0x90, 0x00, 0x27, 0x00, 0x00, 0x00, 0x0d, 0x58,
    0x10, 0x00, 0x02, 0x91, 0x00, 0x00, 0x00, 0x00, 0x00, 0x00, 0x00, 0x00, 0x00, 0x00, 0x06, 0x10,
    0x05, 0x00, 0x00, 0x00, 0x00, 0x00, 0xd2, 0x00, 0xb0, 0x01, 0x50, 0x2b, 0xbb, 0xbf, 0x20, 0x0b,
    0x28, 0x71, 0x00, 0x00, 0x00, 0xd2, 0x00, 0xf5, 0x10, 0x00, 0x00, 0x00, 0x1f, 0x20, 0x0b, 0x00,
    0x00, 0x64, 0x77, 0x76, 0xf2, 0x00, 0xc2, 0x22, 0x3a, 0x10, 0x00, 0x07, 0x10, 0x03, 0x55, 0x55,
    0x10, 0x00, 0xfb, 0xbb, 0xbb, 0xbb, 0xbf, 0x00, 0x00, 0x0f, 0x00, 0x00, 0x00, 0x00, 0xf0, 0x00,
    0x00, 0xfb, 0xbb, 0xbb, 0xbb, 0xbf, 0x00, 0x00, 0x0f, 0x00, 0x00, 0x00, 0x00, 0xf0, 0x00, 0x00,
    0xf0, 0x00, 0x00, 0x00, 0x0f, 0x00, 0x00, 0x0f, 0xbb, 0xbb, 0xbb, 0xbb, 0xf0, 0x00, 0x00, 0xf0,
    0x00, 0x00, 0x00, 0x0f, 0x00, 0x00, 0x0f, 0x00, 0x00, 0x01, 0xbb, 0xd0, 0x00, 0x00, 0x00, 0x00,
    0x00, 0x00, 0x00, 0x00, 0x00, 0x11, 0x00, 0x00, 0x50, 0x00, 0x00, 0x00, 0x07, 0x03, 0x00, 0x0b,
    0x00, 0x00, 0x00, 0x03, 0x40, 0x53, 0x00, 0xb0, 0x15, 0x84, 0x01, 0x70, 0x01, 0x91, 0x0f, 0x87,
    0x30, 0x00, 0xcd, 0xcb, 0xaa, 0x90, 0xc0, 0x00, 0x00, 0x00, 0x00, 0x00, 0x02, 0x0b, 0x00, 0x00,
    0x09, 0x3c, 0xbb, 0xbf, 0x40, 0xb0, 0x00, 0x02, 0x94, 0xb0, 0x00, 0xb4, 0x06, 0x55, 0x55, 0x61,
    0x4f, 0xbb, 0xbf, 0x40, 0xb0, 0x00, 0x00, 0x04, 0xb0, 0x00, 0xb4, 0x0b, 0x00, 0x16, 0x60, 0x4b,
    0x00, 0x0b, 0x40, 0xc6, 0x76, 0x20, 0x04, 0xfb, 0xbb, 0xf4, 0x0d, 0x10, 0x00, 0x00, 0x4b, 0x00,
    0x0b, 0x40, 0xb0, 0x00, 0x00, 0x74, 0xb0, 0x00, 0xb4, 0x0c, 0x00, 0x00, 0x0b, 0x4b, 0x04, 0xbd,
    0x30, 0xbc, 0xbb, 0xbc, 0x70, 0x00, 0x00, 0x00, 0x03, 0x00, 0x00, 0x00, 0x00, 0xf6, 0x5f, 0x10,
    0xb0, 0x00, 0xbb, 0xf2, 0x0f, 0x10, 0xf1, 0x0b, 0x00, 0x0b, 0x0b, 0x30, 0xf1, 0x0f, 0x56, 0xf6,
    0x60, 0xb0, 0xb3, 0x0f, 0x10, 0xf1, 0x1c, 0x11, 0x0b, 0x0b, 0x30, 0xfc, 0xbf, 0x10, 0xb0, 0x00,
    0xb0, 0xb3, 0x0f, 0x10, 0xf1, 0x0b, 0x00, 0x0b, 0x0b, 0x30, 0xf0, 0x0f, 0xff, 0xff, 0xf3, 0xb0,
    0xb3, 0x0f, 0x00, 0xf1, 0x28, 0x00, 0x0b, 0x0b, 0x31, 0xfb, 0xbf, 0x15, 0x32, 0x20, 0xb0, 0xb3,
    0x2d, 0x00, 0xf1, 0x80, 0x05, 0x0b, 0x0b, 0x34, 0xa0, 0x0f, 0x17, 0x00, 0x40, 0xb0, 0xc3, 0x67,
    0x00, 0xf8, 0x67, 0x7a, 0x0b, 0x9b, 0x19, 0x20, 0x0f, 0x73, 0x00, 0x11, 0xb0, 0x00, 0x70, 0x4c,
    0xd0, 0x00, 0x00, 0x0b, 0x00, 0x00, 0x00, 0x00, 0x00, 0x00, 0x00, 0x00, 0x00, 0x00, 0x00, 0x00,
    0x20, 0x00, 0x00, 0x00, 0x00, 0x04, 0x30, 0x00, 0x00, 0x00, 0x00, 0x07, 0x00, 0x00, 0x00, 0x5e,
    0xbb, 0xbe, 0xbb, 0xbb, 0xbf, 0x5b, 0x00, 0x00, 0x00, 0x00, 0x0f, 0x5b, 0x00, 0x00, 0x00, 0x00,
    0x0f, 0x5f, 0xbb, 0xbb, 0xbb, 0xbb, 0xbf, 0x5b, 0x00, 0x00, 0x00, 0x00, 0x0f, 0x5b, 0x00, 0x00,
    0x00, 0x00, 0x0f, 0x5b, 0x00, 0x00, 0x00, 0x00, 0x0f, 0x5f, 0xbb, 0xbb, 0xbb, 0xbb, 0xbf, 0x5b,
    0x00, 0x00, 0x00, 0x00, 0x0f, 0x5b, 0x00, 0x00, 0x00, 0x00, 0x0f, 0x5f, 0xbb, 0xbb, 0xbb, 0xbb,
    0xbf, 0x5b, 0x00, 0x00, 0x00, 0x00, 0x0f, 0x00, 0x02, 0x20, 0x00, 0x04, 0x10, 0x00, 0x00, 0x00,
    0x05, 0x10, 0x00, 0x01, 0x60, 0x00, 0x00, 0x02, 0xfa, 0x7e, 0x20, 0x00, 0x60, 0x00, 0x00, 0x03,
    0xc0, 0x0b, 0x7b, 0xbb, 0xbb, 0xbb, 0xb4, 0x03, 0xc4, 0x0b, 0x40, 0x00, 0x00, 0x00, 0x00, 0x03,
    0xc4, 0x1b, 0x40, 0x00, 0x00, 0x00, 0x00, 0x03, 0xc0, 0x5b, 0x40, 0xfb, 0xbb, 0xf2, 0x00, 0x03,
    0xc0, 0x0b, 0x40, 0xe0, 0x00, 0xb2, 0x00, 0x4e, 0xfb, 0xbf, 0x40, 0xe0, 0x00, 0xb2, 0x00, 0x03,
    0xc3, 0x0b, 0x40, 0xe0, 0x00, 0xb2, 0x00, 0x04, 0xb4, 0x2b, 0x40, 0xe0, 0x00, 0xb2, 0x00, 0x06,
    0x90, 0x5b, 0x41, 0xc0, 0x00, 0xb2, 0x00, 0x08, 0x50, 0x0b, 0x45, 0x90, 0x00, 0xb2, 0x07, 0x0b,
    0x10, 0x0b, 0x49, 0x20, 0x00, 0xb2, 0x0b, 0x37, 0x02, 0xbe, 0x57, 0x00, 0x00, 0x9c, 0xc7, 0x10,
    0x00, 0x00, 0x10, 0x00, 0x00, 0x00, 0x00, 0x00, 0x00, 0x00, 0x20, 0x00, 0x00, 0x00, 0x00, 0x00,
    0x00, 0x06, 0x20, 0x00, 0x00, 0x00, 0x00, 0x00, 0x00, 0x2f, 0xbb, 0xbb, 0xe0, 0x00, 0x00, 0x00,
    0x02, 0x80, 0x00, 0x07, 0x40, 0x00, 0x00, 0x00, 0x2a, 0x11, 0x11, 0x6a, 0x11, 0x11, 0x00, 0x04,
    0xbf, 0xcc, 0xcc, 0xfd, 0xcc, 0xcf, 0x00, 0x26, 0x3b, 0x00, 0x00, 0xb0, 0x00, 0x0f, 0x00, 0x00,
    0x3b, 0x00, 0x00, 0xb0, 0x00, 0x0f, 0x00, 0x00, 0x3b, 0x00, 0x00, 0xb0, 0x00, 0x0f, 0x00, 0x00,
    0x3f, 0xff, 0xff, 0xff, 0xff, 0xff, 0x00, 0x00, 0x3b, 0x00, 0x00, 0x00, 0x00, 0x0d, 0x00, 0x00,
    0x3b, 0x00, 0x00, 0x00, 0x00, 0x00, 0x01, 0x00, 0x3b, 0x00, 0x00, 0x00, 0x00, 0x00, 0x08, 0x00,
    0x2d, 0x00, 0x00, 0x00, 0x00, 0x00, 0x46, 0x00, 0x09, 0xcb, 0xbb, 0xbb, 0xbb, 0xbb, 0xa0, 0x00,
    0x00, 0x30, 0x00, 0x04, 0x00, 0x00, 0x00, 0x00, 0x16, 0x00, 0x00, 0x70, 0x00, 0x00, 0xab, 0xbc,
    0xfb, 0xbb, 0xbf, 0xbb, 0xb9, 0x00, 0x00, 0x16, 0x00, 0x00, 0x70, 0x00, 0x00, 0x00, 0x01, 0x60,
    0x50, 0x06, 0x00, 0x00, 0x00, 0x00, 0x00, 0x03, 0x50, 0x00, 0x00, 0x00, 0x0b, 0xbb, 0xbb, 0xbd,
    0xbb, 0xbe, 0x10, 0x00, 0x00, 0x00, 0x00, 0x00, 0x04, 0x60, 0x00, 0x00, 0x00, 0x00, 0x00, 0x05,
    0x50, 0x00, 0x00, 0x00, 0x00, 0x00, 0x07, 0x40, 0x00, 0x00, 0x00, 0x00, 0x00, 0x28, 0x20, 0x00,
    0x00, 0x00, 0x00, 0x01, 0x66, 0x00, 0x00, 0x00, 0x00, 0x02, 0xaa, 0x71, 0x00, 0x00, 0x00, 0x00,
    0x02, 0xa1, 0x97, 0x00, 0x00, 0x00, 0x00, 0x00, 0xa1, 0x00, 0x5b, 0xba, 0xaa, 0xbb, 0xbc, 0x20,
    0x00, 0x00, 0x00, 0x11, 0x10, 0x00, 0x00, 0x00, 0x00, 0x02, 0x00, 0x00, 0x30, 0x00, 0x00, 0x00,
    0x00, 0x09, 0x00, 0x00, 0xb0, 0x00, 0x00, 0x00, 0x00, 0x09, 0x00, 0x00, 0xb0, 0x00, 0x00, 0x0a,
    0xbb, 0xbf, 0xbb, 0xbb, 0xfb, 0xbb, 0xb0, 0x00, 0x00, 0x09, 0x00, 0x00, 0xb0, 0x00, 0x00, 0x00,
    0x00, 0x07, 0x03, 0x00, 0x90, 0x00, 0x00, 0x00, 0x00, 0x00, 0x05, 0x20, 0x00, 0x00, 0x00, 0x00,
    0x00, 0x02, 0x00, 0x70, 0x00, 0x00, 0x00, 0x00, 0x12, 0x0b, 0x00, 0x52, 0x00, 0x22, 0x00, 0x00,
    0x52, 0x0b, 0x00, 0x06, 0x00, 0x07, 0x00, 0x00, 0x70, 0x0b, 0x00, 0x00, 0x00, 0x06, 0x10, 0x02,
    0x50, 0x0b, 0x00, 0x00, 0x01, 0x11, 0x70, 0x08, 0x00, 0x0b, 0x00, 0x00, 0x03, 0x50, 0x70, 0x13,
    0x00, 0x0b, 0x00, 0x00, 0x05, 0x30, 0x31, 0x00, 0x00, 0x0b, 0xcb, 0xbb, 0xbb, 0x00, 0x00, 0x00,
    0x00, 0x60, 0x00, 0x06, 0x00, 0x00, 0x00, 0x00, 0x0b, 0x00, 0x00, 0xb0, 0x00, 0x00, 0xab, 0xbb,
    0xfb, 0xbb, 0xbf, 0xbb, 0xbb, 0x00, 0x00, 0x0b, 0x00, 0x00, 0xb0, 0x00, 0x00, 0x00, 0x00, 0xb0,
    0x60, 0x0b, 0x00, 0x00, 0x00, 0x00, 0x00, 0x1b, 0x00, 0x00, 0x00, 0x00, 0x09, 0xbb, 0xbd, 0xfb,
    0xbb, 0xd0, 0x00, 0x00, 0x00, 0x00, 0x47, 0x00, 0x07, 0x00, 0x00, 0x00, 0x10, 0x07, 0x40, 0x00,
    0x71, 0x10, 0x00, 0x07, 0x00, 0xa1, 0x00, 0x07, 0x17, 0x00, 0x03, 0x50, 0x1a, 0x00, 0x00, 0x70,
    0x35, 0x02, 0x80, 0x08, 0x30, 0x00, 0x07, 0x00, 0x70, 0x20, 0x04, 0x80, 0x00, 0x00, 0x80, 0x00,
    0x00, 0x06, 0x80, 0x00, 0x00, 0x18, 0x00, 0x00, 0x48, 0x30, 0x00, 0x05, 0xbc, 0x30, 0x00, 0x00,
    0x00, 0x00, 0x00, 0x00, 0x00, 0x00, 0x00, 0x00, 0x00, 0x50, 0x00, 0x00, 0x50, 0x00, 0x00, 0x00,
    0x0b, 0x00, 0x00, 0x0b, 0x00, 0x00, 0x6b, 0xbb, 0xfb, 0xbb, 0xbb, 0xfb, 0xbb, 0x50, 0x00, 0x0b,
    0x00, 0x10, 0x0b, 0x00, 0x00, 0x00, 0x00, 0xa0, 0x0b, 0x00, 0xa0, 0x00, 0x00, 0x00, 0x00, 0x00,
    0xb0, 0x00, 0x00, 0x00, 0x00, 0xeb, 0xbb, 0xbf, 0xbb, 0xbb, 0xc0, 0x00, 0x0b, 0x00, 0x00, 0xb0,
    0x00, 0x0b, 0x00, 0x00, 0xb0, 0x00, 0x0b, 0x00, 0x00, 0xb0, 0x08, 0xbf, 0xbb, 0xbd, 0xfb, 0xbb,
    0xbf, 0xb6, 0x45, 0x55, 0x55, 0xbb, 0xb5, 0x55, 0x55, 0x30, 0x00, 0x00, 0x19, 0x08, 0x10, 0x00,
    0x00, 0x00, 0x00, 0x18, 0x10, 0x19, 0x10, 0x00, 0x00, 0x01, 0x67, 0x10, 0x00, 0x18, 0x50, 0x00,
    0x47, 0x72, 0x00, 0x00, 0x00, 0x03, 0x88, 0x41, 0x00, 0x00, 0x00, 0x00, 0x00, 0x00, 0x01, 0x00,
    0x00, 0x02, 0x00, 0x00, 0x20, 0x00, 0x00, 0x00, 0x00, 0x07, 0x00, 0x00, 0x70, 0x00, 0x00, 0x0a,
    0xbb, 0xcf, 0xbb, 0xbb, 0xfb, 0xbb, 0xb0, 0x00, 0x00, 0x07, 0x00, 0x00, 0x70, 0x00, 0x00, 0x00,
    0x1c, 0xbd, 0xbb, 0xbb, 0xdb, 0xb3, 0x00, 0x00, 0x16, 0x00, 0x00, 0x00, 0x00, 0x34, 0x00, 0x00,
    0x1d, 0xbb, 0xbb, 0xbb, 0xbb, 0xc4, 0x00, 0x00, 0x16, 0x00, 0x00, 0x00, 0x00, 0x34, 0x00, 0x00,
    0x18, 0x44, 0x44, 0x44, 0x44, 0x64, 0x00, 0x00, 0x1b, 0xbb, 0xbd, 0xfb, 0xbb, 0xb3, 0x00, 0x00,
    0x00, 0x00, 0x06, 0x10, 0x00, 0x00, 0x00, 0x0b, 0xbb, 0xbb, 0xcf, 0xfb, 0xbb, 0xbb, 0xb1, 0x00,
    0x00, 0x01, 0x81, 0x37, 0x00, 0x00, 0x00, 0x00, 0x01, 0x67, 0x10, 0x03, 0x83, 0x00, 0x00, 0x17,
    0x76, 0x10, 0x00, 0x00, 0x05, 0x76, 0x40, 0x00, 0x00, 0x00, 0x00, 0x00, 0x00, 0x00, 0x30, 0x00,
    0x00, 0x50, 0x00, 0x05, 0x00, 0x00, 0x00, 0x00, 0x0b, 0x00, 0x00, 0xb0, 0x00, 0x00, 0xab, 0xbb,
    0xfb, 0xbb, 0xbf, 0xbb, 0xbb, 0x00, 0x00, 0x0b, 0x00, 0x60, 0xb0, 0x00, 0x00, 0x00, 0x00, 0x40,
    0x0b, 0x04, 0x00, 0x00, 0x00, 0x9b, 0xbb, 0xbb, 0xfb, 0xbb, 0xbb, 0x90, 0x00, 0x33, 0x00, 0x0b,
    0x00, 0x17, 0x00, 0x00, 0x00, 0x91, 0x00, 0xb0, 0x09, 0x10, 0x00, 0x00, 0x02, 0x50, 0x0b, 0x05,
    0x20, 0x00, 0x09, 0xbb, 0xbb, 0xbe, 0xfd, 0xbb, 0xbb, 0xb7, 0x00, 0x00, 0x02, 0x6b, 0x81, 0x00,
    0x00, 0x00, 0x00, 0x03, 0x60, 0xb0, 0x82, 0x00, 0x00, 0x00, 0x06, 0x50, 0x0b, 0x00, 0x66, 0x00,
    0x00, 0x38, 0x20, 0x00, 0xb0, 0x00, 0x38, 0x50, 0x55, 0x00, 0x00, 0x0b, 0x00, 0x00, 0x03, 0x40,
    0x00, 0x00, 0x03, 0x00, 0x00, 0x30, 0x00, 0x00, 0x00, 0x00, 0x06, 0x00, 0x00, 0x70, 0x00, 0x00,
    0x0a, 0xbb, 0xbf, 0xbb, 0xbb, 0xfb, 0xbb, 0x70, 0x00, 0x00, 0x06, 0x00, 0x00, 0x70, 0x00, 0x00,
    0x01, 0x10, 0x02, 0x00, 0x04, 0x20, 0x00, 0x00, 0x01, 0x82, 0x25, 0x00, 0x0b, 0x08, 0x20, 0x00,
    0x00, 0x0e, 0x60, 0x00, 0x0b, 0x00, 0x74, 0x00, 0x01, 0x78, 0x60, 0x00, 0x0b, 0x00, 0x02, 0x00,
    0x05, 0x00, 0xa5, 0xbb, 0xbf, 0xfb, 0xbb, 0x80, 0x00, 0x01, 0xf0, 0x00, 0x0b, 0x80, 0x00, 0x00,
    0x00, 0x18, 0xc0, 0x00, 0x47, 0x44, 0x00, 0x00, 0x04, 0x81, 0xb0, 0x00, 0xa1, 0x08, 0x00, 0x00,
    0x14, 0x00, 0xb0, 0x05, 0x70, 0x03, 0x60, 0x00, 0x00, 0x00, 0xb0, 0x38, 0x00, 0x00, 0x65, 0x00,
    0x01, 0x68, 0x45, 0x70, 0x00, 0x00, 0x05, 0x80, 0x00, 0x00, 0x00, 0x00, 0x00, 0x00, 0x00, 0x00,
    0x00, 0x00, 0x03, 0x00, 0x00, 0x20, 0x00, 0x00, 0x00, 0x00, 0x0b, 0x00, 0x00, 0x70, 0x00, 0x00,
    0x1b, 0xbb, 0xbf, 0xbb, 0xbb, 0xfb, 0xbb, 0xb1, 0x00, 0x00, 0x0b, 0x10, 0x02, 0x70, 0x00, 0x00,
    0x00, 0x00, 0x02, 0x60, 0x0f, 0x10, 0x00, 0x00, 0x08, 0xbb, 0xbb, 0xa0, 0x0f, 0xbb, 0xbb, 0x90,
    0x00, 0x00, 0x00, 0x60, 0x0f, 0x00, 0x00, 0x00, 0x00, 0x00, 0x00, 0x60, 0x0f, 0x00, 0x00, 0x00,
    0x05, 0xbb, 0xbb, 0x90, 0x0f, 0xbb, 0xbb, 0x60, 0x00, 0x00, 0x00, 0x60, 0x0f, 0x00, 0x00, 0x00,
    0x00, 0x00, 0x00, 0x60, 0x0f, 0x00, 0x00, 0x00, 0x3b, 0xbb, 0xbb, 0x80, 0x0f, 0xaa, 0xaa, 0xa3,
    0x00, 0x00, 0x00, 0x60, 0x0f, 0x00, 0x00, 0x00, 0x00, 0x00, 0x00, 0x60, 0x0f, 0x00, 0x00, 0x00,
    0x00, 0x00, 0x00, 0x60, 0x0f, 0x00, 0x00, 0x00, 0x00, 0x00, 0x00, 0x00, 0x00, 0x00, 0x00, 0x00,
    0x00, 0x00, 0x02, 0x00, 0x00, 0x50, 0x00, 0x00, 0x00, 0x00, 0x06, 0x10, 0x00, 0xb0, 0x00, 0x00,
    0x1b, 0xbb, 0xbf, 0xcb, 0xbb, 0xfb, 0xbb, 0xb3, 0x00, 0x00, 0x06, 0x10, 0x00, 0xb0, 0x00, 0x00,
    0x00, 0x75, 0x58, 0x00, 0x02, 0x80, 0x00, 0x00, 0x00, 0xb0, 0x07, 0x5b, 0xbb, 0xdc, 0xbb, 0x60,
    0x00, 0xb0, 0x52, 0x00, 0x60, 0x00, 0x60, 0x00, 0x00, 0xb0, 0x60, 0x00, 0x43, 0x02, 0x60, 0x00,
    0x00, 0xb0, 0x81, 0xcb, 0xbb, 0xbe, 0xbb, 0xa0, 0x00, 0xb0, 0x28, 0x70, 0x00, 0x00, 0x00, 0x00,
    0x00, 0xb0, 0x0b, 0x70, 0x00, 0x00, 0x00, 0x00, 0x00, 0xb0, 0x0c, 0x70, 0x00, 0x00, 0x00, 0x00,
    0x00, 0xb3, 0xb6, 0x60, 0x00, 0x00, 0x00, 0x00, 0x00, 0xb0, 0x05, 0x20, 0x00, 0x00, 0x00, 0x00,
    0x00, 0xb0, 0x07, 0x00, 0x00, 0x00, 0x00, 0x00, 0x00, 0x00, 0x04, 0x00, 0x00, 0x40, 0x00, 0x00,
    0x00, 0x00, 0x0b, 0x00, 0x00, 0xb0, 0x00, 0x00, 0x0a, 0xbb, 0xbf, 0xbb, 0xbb, 0xfb, 0xbb, 0xb1,
    0x00, 0x00, 0x0b, 0x00, 0x11, 0xb0, 0x00, 0x00, 0x00, 0x61, 0x05, 0x00, 0x80, 0x50, 0x00, 0x00,
    0x00, 0x17, 0x50, 0x06, 0xbb, 0xbb, 0xbf, 0x10, 0x00, 0x00, 0x30, 0x56, 0x70, 0x00, 0x54, 0x00,
    0x06, 0x30, 0x04, 0x40, 0x27, 0x37, 0x30, 0x00, 0x00, 0x46, 0x00, 0x00, 0x16, 0xc7, 0x10, 0x00,
    0x00, 0x00, 0x00, 0x37, 0x71, 0x01, 0x67, 0x30, 0x00, 0x01, 0x64, 0x5b, 0xbb, 0xbb, 0xbc, 0x72,
    0x00, 0x07, 0x10, 0x2c, 0x00, 0x00, 0x0c, 0x30, 0x00, 0x45, 0x00, 0x2c, 0x00, 0x00, 0x0c, 0x30,
    0x01, 0x80, 0x00, 0x2c, 0x00, 0x00, 0x0c, 0x30, 0x06, 0x10, 0x00, 0x2f, 0xbb, 0xbb, 0xbf, 0x30,
    0x00, 0x00, 0x20, 0x00, 0x00, 0x20, 0x00, 0x00, 0x00, 0x00, 0x70, 0x00, 0x01, 0x60, 0x00, 0x00,
    0x0b, 0xbb, 0xfc, 0xbb, 0xbc, 0xfb, 0xbb, 0xb1, 0x00, 0x00, 0x60, 0x00, 0x01, 0x60, 0x00, 0x00,
    0x0b, 0xbb, 0xbb, 0xbb, 0xbb, 0xbb, 0xbe, 0x00, 0x0b, 0x00, 0x00, 0x00, 0x00, 0x00, 0x0b, 0x00,
    0x06, 0x09, 0xbb, 0xbb, 0xbb, 0xbb, 0x06, 0x00, 0x00, 0xab, 0xbb, 0xcf, 0xbb, 0xbb, 0xb1, 0x00,
    0x00, 0x00, 0x06, 0x91, 0x00, 0x01, 0x00, 0x00, 0x00, 0x37, 0x61, 0x94, 0x01, 0x75, 0x00, 0x00,
    0x17, 0x40, 0x26, 0x48, 0x89, 0x10, 0x00, 0x00, 0x00, 0x47, 0x50, 0x47, 0x68, 0x10, 0x00, 0x00,
    0x05, 0x30, 0x27, 0x30, 0x70, 0x73, 0x00, 0x00, 0x00, 0x47, 0x50, 0x01, 0x80, 0x05, 0x72, 0x00,
    0x05, 0x30, 0x02, 0xbb, 0x30, 0x00, 0x15, 0x00, 0x00, 0x00, 0x04, 0x00, 0x00, 0x30, 0x00, 0x00,
    0x00, 0x00, 0x0b, 0x00, 0x00, 0x70, 0x00, 0x00, 0x1b, 0xbb, 0xbf, 0xbb, 0xbb, 0xfb, 0xbb, 0xb1,
    0x00, 0x00, 0x0a, 0x00, 0x00, 0x60, 0x00, 0x00, 0x00, 0x20, 0x06, 0x00, 0x07, 0x00, 0x00, 0x00,
    0x00, 0xb0, 0x09, 0x00, 0x2f, 0xbb, 0xbb, 0x30, 0x00, 0xb0, 0x09, 0x00, 0x70, 0x30, 0x00, 0x00,
    0x00, 0xb0, 0x09, 0x01, 0x60, 0x27, 0x00, 0x00, 0x00, 0xb0, 0x09, 0x04, 0x10, 0x06, 0x30, 0x00,
    0x00, 0x20, 0x06, 0x00, 0x00, 0x00, 0x50, 0x00, 0x00, 0x4b, 0xbb, 0xbb, 0xbb, 0xbb, 0xb3, 0x00,
    0x00, 0x53, 0x00, 0x60, 0x07, 0x00, 0x34, 0x00, 0x00, 0x53, 0x00, 0x60, 0x07, 0x00, 0x34, 0x00,
    0x00, 0x53, 0x00, 0x60, 0x07, 0x00, 0x34, 0x00, 0x3f, 0xff, 0xff, 0xff, 0xff, 0xff, 0xff, 0xf3,
    0x00, 0x00, 0x01, 0x00, 0x00, 0x11, 0x00, 0x00, 0x00, 0x00, 0x05, 0x00, 0x00, 0x35, 0x00, 0x00,
    0x0b, 0xbb, 0xbf, 0xbb, 0xbb, 0xff, 0xbb, 0xb0, 0x00, 0x00, 0x05, 0x00, 0x00, 0x3b, 0x25, 0x00,
    0x04, 0x40, 0xcc, 0xbb, 0xbb, 0xcf, 0xbb, 0xc2, 0x05, 0x50, 0xc0, 0x00, 0x00, 0x06, 0x00, 0x00,
    0x05, 0x50, 0xc8, 0xee, 0xfe, 0xb6, 0x04, 0x00, 0x05, 0xb5, 0xf8, 0x00, 0xb0, 0x05, 0x17, 0x00,
    0x04, 0x50, 0xcb, 0xdd, 0xfd, 0xa4, 0x36, 0x00, 0x03, 0x53, 0xe8, 0x00, 0x00, 0xb2, 0xa2, 0x00,
    0x00, 0xb0, 0xbc, 0xdd, 0xfd, 0xb0, 0xd0, 0x00, 0x01, 0xb2, 0x98, 0x00, 0xb0, 0x05, 0x90, 0x00,
    0x03, 0x94, 0x6b, 0xbb, 0xfb, 0xd8, 0x60, 0x04, 0x08, 0x47, 0x29, 0x33, 0x34, 0xb1, 0x16, 0x2b,
    0x08, 0x07, 0x02, 0x00, 0x19, 0x10, 0x05, 0xc6, 0x00, 0x00, 0x00, 0x00, 0x00, 0x00, 0x00, 0x00,
    0x00, 0x00, 0x60, 0x00, 0x00, 0x00, 0x00, 0x00, 0x00, 0x07, 0x20, 0x0b, 0xbb, 0xbb, 0xbb, 0xa0,
    0x00, 0x82, 0x00, 0x00, 0x00, 0x00, 0x00, 0x00, 0x18, 0x20, 0x01, 0x00, 0x00, 0x00, 0x00, 0x00,
    0x00, 0x00, 0x44, 0x00, 0x00, 0x00, 0x00, 0x00, 0x00, 0x02, 0x70, 0x11, 0x11, 0x11, 0x11, 0x10,
    0x00, 0x1e, 0x00, 0xbc, 0xcc, 0xcc, 0xfc, 0xc2, 0x01, 0x8c, 0x00, 0x00, 0x00, 0x00, 0x70, 0x00,
    0x38, 0x1c, 0x00, 0x00, 0x00, 0x00, 0x70, 0x00, 0x20, 0x0c, 0x00, 0x00, 0x00, 0x00, 0x70, 0x00,
    0x00, 0x0c, 0x00, 0x00, 0x00, 0x00, 0x70, 0x00, 0x00, 0x0c, 0x00, 0x00, 0x00, 0x00, 0x70, 0x00,
    0x00, 0x0c, 0x00, 0x00, 0x00, 0x00, 0x70, 0x00, 0x00, 0x0c, 0x00, 0x00, 0x00, 0x00, 0x70, 0x00,
    0x00, 0x0c, 0x00, 0x00, 0x09, 0xbb, 0x80, 0x00, 0x00, 0x00, 0x00, 0x05, 0x00, 0x00, 0x00, 0x00,
    0x00, 0x00, 0x00, 0xb0, 0x00, 0x00, 0x00, 0x08, 0xbb, 0xbb, 0xbf, 0xbb, 0xbb, 0xbb, 0x20, 0x00,
    0x00, 0x00, 0xb0, 0x00, 0x00, 0x00, 0x00, 0xab, 0xbb, 0xbf, 0xbb, 0xbb, 0xb4, 0x00, 0x00, 0x00,
    0x00, 0xb0, 0x00, 0x00, 0x00, 0x00, 0x00, 0x00, 0x0b, 0x00, 0x00, 0x00, 0x03, 0xbb, 0xbb, 0xbe,
    0xfd, 0xbb, 0xbb, 0xb7, 0x00, 0x00, 0x04, 0x61, 0x70, 0x00, 0x02, 0x00, 0x00, 0x08, 0x40, 0x06,
    0x20, 0x04, 0x50, 0x00, 0x67, 0xc0, 0x00, 0x08, 0x16, 0x30, 0x03, 0x72, 0x0b, 0x00, 0x00, 0x1c,
    0x10, 0x00, 0x00, 0x00, 0xb0, 0x00, 0x00, 0x28, 0x20, 0x00, 0x00, 0x0b, 0x02, 0x67, 0x10, 0x07,
    0x72, 0x00, 0x01, 0xf8, 0x51, 0x00, 0x00, 0x01, 0x40, 0x00, 0x01, 0x00, 0x00, 0x00, 0x00, 0x00,
    0x00, 0x10, 0x00, 0x00, 0x00, 0x30, 0x00, 0x00, 0x00, 0x34, 0x00, 0x00, 0x00, 0xb0, 0x00, 0x00,
    0x00, 0x05, 0x00, 0x02, 0x11, 0xd1, 0x11, 0x20, 0x6b, 0xbb, 0xcf, 0x4f, 0x55, 0xf5, 0x55, 0xb0,
    0x00, 0x00, 0x67, 0x4b, 0x00, 0xb0, 0x00, 0x70, 0x00, 0x00, 0xc1, 0x4b, 0x00, 0xb0, 0x02, 0x50,
    0x00, 0x07, 0x61, 0x5b, 0x00, 0xb0, 0x01, 0x00, 0x00, 0x2f, 0x08, 0x5f, 0xfc, 0xfc, 0xcf, 0x20,
    0x00, 0xaf, 0xc1, 0x5a, 0x60, 0x00, 0x08, 0x00, 0x08, 0x3b, 0x46, 0x69, 0x34, 0x00, 0x35, 0x00,
    0x34, 0x0b, 0x05, 0x87, 0x07, 0x01, 0x80, 0x00, 0x00, 0x0b, 0x00, 0x94, 0x01, 0x78, 0x10, 0x00,
    0x00, 0x0b, 0x00, 0xb0, 0x01, 0xb9, 0x00, 0x00, 0x00, 0x0b, 0x01, 0x90, 0x58, 0x12, 0x82, 0x00,
    0x00, 0x0b, 0x05, 0x58, 0x40, 0x00, 0x06, 0x81, 0x00, 0x00, 0x00, 0x00, 0x00, 0x00, 0x00, 0x00,
    0x00, 0x00, 0x11, 0x00, 0x00, 0x20, 0x00, 0x00, 0x01, 0x00, 0x43, 0x00, 0x00, 0x70, 0x00, 0x00,
    0x02, 0x81, 0x43, 0x00, 0x00, 0x70, 0x00, 0x00, 0x00, 0x15, 0x43, 0x77, 0x77, 0xe7, 0x77, 0x50,
    0x00, 0x00, 0x74, 0x00, 0x00, 0x70, 0x00, 0x00, 0x00, 0x48, 0x83, 0x00, 0x00, 0x70, 0x00, 0x00,
    0x18, 0x40, 0x43, 0x01, 0x11, 0x81, 0x11, 0x10, 0x00, 0x00, 0x43, 0x27, 0x66, 0x76, 0x66, 0x30,
    0x00, 0x00, 0x00, 0x04, 0x40, 0x00, 0x00, 0x00, 0x1b, 0xbb, 0xbb, 0xbf, 0xfb, 0xbb, 0xbb, 0xb1,
    0x00, 0x00, 0x01, 0x72, 0x80, 0x00, 0x03, 0x00, 0x00, 0x01, 0x96, 0x00, 0x18, 0x03, 0x73, 0x00,
    0x16, 0x76, 0x80, 0x00, 0x02, 0xc5, 0x00, 0x00, 0x02, 0x00, 0x70, 0x01, 0x52, 0x18, 0x50, 0x00,
    0x00, 0x01, 0xf7, 0x75, 0x20, 0x00, 0x38, 0x70, 0x00, 0x01, 0x20, 0x00, 0x00, 0x00, 0x00, 0x10,
    0x34, 0x44, 0x44, 0x44, 0x44, 0x44, 0x44, 0xab, 0xbb, 0xbf, 0xbb, 0xfb, 0xbb, 0xbb, 0x00, 0x00,
    0x0b, 0x00, 0xb0, 0x00, 0x00, 0x00, 0x00, 0x0b, 0x00, 0xb0, 0x00, 0x00, 0x3c, 0xbb, 0xcf, 0xbb,
    0xfb, 0xbb, 0xc3, 0x4c, 0x00, 0x29, 0x00, 0xb0, 0x00, 0xb3, 0x4c, 0x00, 0x66, 0x00, 0xb0, 0x00,
    0xb3, 0x4c, 0x00, 0xb1, 0x00, 0xb0, 0x00, 0xb3, 0x4c, 0x19, 0x30, 0x00, 0x9c, 0xbb, 0xf4, 0x4c,
    0x52, 0x00, 0x00, 0x00, 0x00, 0xb3, 0x4c, 0x00, 0x00, 0x00, 0x00, 0x00, 0xb3, 0x4c, 0x00, 0x00,
    0x00, 0x00, 0x00, 0xb3, 0x4f, 0xbb, 0xbb, 0xbb, 0xbb, 0xbb, 0xf3, 0x4c, 0x00, 0x00, 0x00, 0x00,
    0x00, 0xb3, 0x0a, 0xee, 0xef, 0xfe, 0xef, 0xfe, 0xee, 0xb0, 0x00, 0x00, 0x34, 0x00, 0x61, 0x00,
    0x00, 0x00, 0x00, 0x03, 0x40, 0x06, 0x10, 0x00, 0x00, 0x0c, 0xbb, 0xff, 0xbb, 0xfc, 0xbb, 0xd0,
    0x00, 0x70, 0x03, 0x40, 0x06, 0x10, 0x07, 0x00, 0x07, 0x00, 0x34, 0x00, 0x61, 0x00, 0x70, 0x00,
    0xde, 0xef, 0xfe, 0xef, 0xfe, 0xee, 0x00, 0x00, 0x00, 0x07, 0x00, 0x00, 0x00, 0x00, 0x0b, 0xbb,
    0xbf, 0xdb, 0xbb, 0xbe, 0xbb, 0xb0, 0x00, 0x03, 0x50, 0x00, 0x01, 0x70, 0x00, 0x00, 0x01, 0x60,
    0x00, 0x01, 0x91, 0x00, 0x00, 0x00, 0x77, 0x76, 0x34, 0x81, 0x00, 0x00, 0x00, 0x00, 0x01, 0x6b,
    0xb7, 0x73, 0x00, 0x00, 0x67, 0x77, 0x62, 0x00, 0x00, 0x48, 0x83, 0x00, 0x00, 0x00, 0x00, 0x00,
    0x00, 0x00, 0x10, 0x00, 0x0a, 0xbb, 0xbb, 0xbb, 0xbb, 0xa0, 0x00, 0x00, 0x0b, 0x00, 0x00, 0x00,
    0x00, 0xb0, 0x00, 0x00, 0x0b, 0x00, 0x02, 0x00, 0x00, 0xb0, 0x00, 0x00, 0x0b, 0x00, 0x0b, 0x00,
    0x00, 0xb0, 0x00, 0x00, 0x0b, 0x00, 0x0b, 0x00, 0x00, 0xb0, 0x00, 0x00, 0x0b, 0x00, 0x0b, 0x00,
    0x00, 0xb0, 0x00, 0x00, 0x0b, 0x00, 0x0b, 0x00, 0x00, 0xb0, 0x00, 0x00, 0x0b, 0x00, 0x0b, 0x00,
    0x00, 0xb0, 0x00, 0x00, 0x0b, 0x00, 0x38, 0x60, 0x00, 0xb0, 0x00, 0x00, 0x06, 0x00, 0x74, 0x70,
    0x00, 0x60, 0x00, 0x00, 0x00, 0x01, 0xb0, 0x70, 0x00, 0x00, 0x40, 0x00, 0x00, 0x09, 0x40, 0x70,
    0x00, 0x00, 0xc0, 0x00, 0x01, 0x94, 0x00, 0x70, 0x00, 0x00, 0xc0, 0x05, 0x87, 0x10, 0x00, 0x4c,
    0xbb, 0xbc, 0x80, 0x03, 0x00, 0x00, 0x00, 0x00, 0x00, 0x00, 0x00, 0x00, 0x21, 0x00, 0x00, 0x00,
    0x00, 0x00, 0x00, 0x00, 0x07, 0x00, 0x08, 0xbb, 0xbb, 0xbb, 0x00, 0x00, 0x01, 0x50, 0x0b, 0x00,
    0x00, 0x0b, 0x00, 0x3b, 0xbb, 0xbf, 0x1b, 0x00, 0x80, 0x0b, 0x00, 0x00, 0x00, 0x3c, 0x0b, 0x00,
    0xb0, 0x0b, 0x00, 0x00, 0x00, 0xb3, 0x0b, 0x00, 0xb0, 0x0b, 0x00, 0x00, 0x07, 0x70, 0x0b, 0x00,
    0xb0, 0x0b, 0x00, 0x00, 0x4f, 0x40, 0x0b, 0x00, 0xb0, 0x0b, 0x00, 0x03, 0x9b, 0x54, 0x0b, 0x00,
    0xb0, 0x0b, 0x00, 0x47, 0x0b, 0x06, 0x2b, 0x01, 0xc2, 0x0b, 0x00, 0x00, 0x0b, 0x00, 0x00, 0x05,
    0x95, 0x00, 0x00, 0x00, 0x0b, 0x00, 0x00, 0x0a, 0x35, 0x00, 0x30, 0x00, 0x0b, 0x00, 0x00, 0x65,
    0x25, 0x00, 0x71, 0x00, 0x0b, 0x00, 0x06, 0x60, 0x25, 0x00, 0x80, 0x00, 0x0b, 0x00, 0x74, 0x00,
    0x1c, 0xbb, 0xa0, 0x00, 0x00, 0x10, 0x00, 0x01, 0x00, 0x00, 0x04, 0x00, 0xb0, 0x00, 0x52, 0x00,
    0x00, 0x0b, 0x00, 0xb0, 0x00, 0xa5, 0x55, 0x55, 0x0b, 0x00, 0xb0, 0x01, 0x66, 0x22, 0x22, 0x0b,
    0x00, 0xb0, 0x07, 0x12, 0x80, 0x00, 0x0b, 0x00, 0xb0, 0x14, 0x00, 0x28, 0x00, 0x00, 0x00, 0x50,
    0x00, 0x00, 0x03, 0x10, 0x00, 0x6b, 0xbb, 0xbb, 0xbb, 0xbd, 0x00, 0x00, 0x60, 0x00, 0x04, 0x00,
    0x0b, 0x00, 0x00, 0x60, 0x00, 0x0b, 0x00, 0x0b, 0x00, 0x00, 0x60, 0x00, 0x1a, 0x00, 0x0b, 0x00,
    0x00, 0x60, 0x00, 0x65, 0x50, 0x0b, 0x00, 0x00, 0x20, 0x02, 0x80, 0x60, 0x04, 0x03, 0x00, 0x00,
    0x66, 0x00, 0x60, 0x00, 0x0c, 0x14, 0x77, 0x20, 0x00, 0xab, 0xbb, 0xc9, 0x23, 0x00, 0x00, 0x00,
    0x00, 0x00, 0x00, 0x00, 0x00, 0x01, 0x00, 0x00, 0x00, 0x00, 0x00, 0x00, 0x54, 0x00, 0x00, 0x00,
    0x00, 0x00, 0x03, 0xcb, 0xbb, 0xbf, 0x20, 0x00, 0x00, 0x27, 0x00, 0x00, 0x26, 0x00, 0x00, 0x04,
    0xfd, 0xdd, 0xdf, 0xfd, 0xdd, 0xf1, 0x56, 0xe0, 0x00, 0x07, 0x00, 0x00, 0xf1, 0x11, 0xe0, 0x00,
    0x07, 0x00, 0x00, 0xf1, 0x01, 0xfb, 0xbb, 0xbf, 0xbb, 0xbb, 0xf1, 0x01, 0xd0, 0x00, 0x07, 0x00,
    0x00, 0xf1, 0x02, 0xd0, 0x00, 0x07, 0x00, 0x00, 0xf1, 0x03, 0xfb, 0xbb, 0xbf, 0xbb, 0xbb, 0xf1,
    0x05, 0x80, 0x00, 0x07, 0x00, 0x00, 0xf1, 0x09, 0x20, 0x00, 0x07, 0x00, 0x00, 0xf1, 0x1a, 0x00,
    0x00, 0x07, 0x00, 0x00, 0xf1, 0x82, 0x00, 0x00, 0x07, 0x03, 0xbc, 0xd0, 0x10, 0x00, 0x00, 0x00,
    0x00, 0x00, 0x00, 0x00, 0x02, 0x00, 0x00, 0x00, 0x00, 0x00, 0x00, 0x00, 0x07, 0x00, 0x00, 0x56,
    0x96, 0x66, 0xb0, 0x00, 0x5b, 0xbc, 0xb0, 0x00, 0x70, 0x00, 0xe0, 0x00, 0x80, 0x06, 0x20, 0x00,
    0x70, 0x00, 0xe0, 0x07, 0xa4, 0x6a, 0x47, 0x06, 0x20, 0x03, 0xc0, 0x3a, 0xc0, 0xb0, 0x0f, 0x66,
    0x09, 0xbc, 0x50, 0x04, 0xc0, 0xb0, 0x0f, 0x43, 0x07, 0x00, 0x00, 0x04, 0xf7, 0xf7, 0x7f, 0x17,
    0x0b, 0x00, 0x00, 0x04, 0xc0, 0xc0, 0x0f, 0x3f, 0xbf, 0xbb, 0x80, 0x04, 0xc0, 0xb0, 0x0f, 0x90,
    0x0b, 0x00, 0x00, 0x05, 0xf5, 0xf5, 0x5f, 0x40, 0x0b, 0x00, 0x00, 0x06, 0xa1, 0xd1, 0x1f, 0xcb,
    0xbf, 0xbb, 0xb2, 0x09, 0x50, 0xb0, 0x0f, 0x10, 0x0b, 0x00, 0x00, 0x0b, 0x00, 0xb0, 0x0f, 0x10,
    0x0b, 0x00, 0x00, 0x45, 0x00, 0x57, 0xbc, 0x00, 0x0b, 0x00, 0x00, 0x00, 0x00, 0x00, 0x00, 0x00,
    0x00, 0x00, 0x00, 0x00, 0x03, 0x00, 0x00, 0x00, 0x04, 0x00, 0x00, 0x00, 0x08, 0x00, 0x00, 0x00,
    0x0b, 0x00, 0x00, 0x00, 0x4c, 0xbe, 0x10, 0x00, 0x0b, 0x00, 0x00, 0x00, 0x90, 0x06, 0x00, 0x00,
    0x0c, 0x00, 0x00, 0x05, 0x93, 0x39, 0x51, 0xc7, 0x7f, 0x77, 0xb0, 0x1c, 0xfb, 0xfd, 0xf4, 0xb0,
    0x0b, 0x00, 0xb0, 0x25, 0xc0, 0xb0, 0xb4, 0xb0, 0x0b, 0x00, 0xb0, 0x04, 0xfb, 0xfb, 0xf4, 0xb0,
    0x0b, 0x00, 0xb0, 0x04, 0xc0, 0xb0, 0xb4, 0xb0, 0x0c, 0x00, 0xb0, 0x04, 0xc0, 0xb0, 0xb4, 0x57,
    0x7f, 0x77, 0x50, 0x04, 0xfb, 0xfb, 0xf4, 0x00, 0x0b, 0x01, 0x00, 0x06, 0x90, 0xb0, 0xb4, 0x00,
    0x0b, 0x08, 0x00, 0x08, 0x60, 0xb0, 0xb4, 0x00, 0x0b, 0x02, 0x60, 0x0b, 0x10, 0xb0, 0xb4, 0x45,
    0x6f, 0x66, 0xc1, 0x36, 0x00, 0xb7, 0xe3, 0x21, 0x00, 0x00, 0x26, 0x10, 0x00, 0x00, 0x00, 0x00,
    0x00, 0x00, 0x01, 0x00, 0x00, 0x00, 0x02, 0x00, 0x00, 0x00, 0x00, 0x00, 0x00, 0x00, 0x06, 0x30,
    0x00, 0x00, 0x00, 0x00, 0x00, 0x00, 0x00, 0x70, 0x00, 0x00, 0x00, 0x0b, 0xbb, 0xbb, 0xbb, 0xbb,
    0xbb, 0xbb, 0xb1, 0x00, 0x00, 0x00, 0x00, 0x00, 0x00, 0x00, 0x00, 0x00, 0x07, 0xbb, 0xbb, 0xbb,
    0xbb, 0x60, 0x00, 0x00, 0x00, 0x00, 0x00, 0x00, 0x00, 0x00, 0x00, 0x00, 0x00, 0x00, 0x00, 0x00,
    0x00, 0x00, 0x00, 0x00, 0x07, 0xbb, 0xbb, 0xbb, 0xbb, 0x60, 0x00, 0x00, 0x00, 0x00, 0x00, 0x00,
    0x00, 0x00, 0x00, 0x00, 0x09, 0xbb, 0xbb, 0xbb, 0xbb, 0x90, 0x00, 0x00, 0x07, 0x00, 0x00, 0x00,
    0x00, 0x70, 0x00, 0x00, 0x07, 0x00, 0x00, 0x00, 0x00, 0x70, 0x00, 0x00, 0x07, 0x00, 0x00, 0x00,
    0x00, 0x70, 0x00, 0x00, 0x0c, 0xbb, 0xbb, 0xbb, 0xbb, 0xc0, 0x00, 0x00, 0x00, 0x00, 0x00, 0x00,
    0x00, 0x00, 0x00, 0x00, 0x02, 0x01, 0x10, 0x00, 0x20, 0x00, 0x00, 0x77, 0xe7, 0x9b, 0x73, 0x17,
    0x00, 0x00, 0x00, 0x25, 0x01, 0x30, 0x0a, 0xdb, 0xbf, 0xa0, 0x0a, 0x66, 0x66, 0x85, 0x76, 0x03,
    0x50, 0x07, 0xfb, 0xb7, 0x07, 0x30, 0x63, 0x80, 0x01, 0x27, 0x00, 0x70, 0x70, 0x03, 0xf3, 0x00,
    0x00, 0xd7, 0x76, 0x36, 0x37, 0x50, 0x57, 0x20, 0x00, 0x00, 0x7b, 0x64, 0x00, 0x00, 0x14, 0x05,
    0x55, 0x55, 0x55, 0x85, 0x55, 0x55, 0x20, 0x00, 0x8b, 0xbb, 0xbb, 0xbb, 0xb6, 0x00, 0x00, 0x02,
    0x22, 0x22, 0x22, 0x22, 0x10, 0x00, 0x00, 0x34, 0x44, 0x44, 0x44, 0x42, 0x00, 0x00, 0x09, 0xbb,
    0xbb, 0xbb, 0xbb, 0x70, 0x00, 0x00, 0x70, 0x00, 0x00, 0x00, 0x07, 0x00, 0x00, 0x0d, 0xbb, 0xbb,
    0xbb, 0xbb, 0xb0, 0x00, 0x00, 0x00, 0x00, 0x00, 0x00, 0x00, 0x00, 0x00, 0x00, 0x00, 0x00, 0x00,
    0x50, 0x00, 0x00, 0x00, 0x54, 0x00, 0x00, 0x00, 0xb0, 0x00, 0x00, 0x00, 0x05, 0x50, 0x00, 0x00,
    0xb0, 0x00, 0x00, 0x00, 0x00, 0x51, 0x00, 0x00, 0xb0, 0x00, 0x00, 0x00, 0x00, 0x00, 0x00, 0x00,
    0xb0, 0x00, 0x00, 0x25, 0x59, 0x10, 0x00, 0x00, 0xb0, 0x00, 0x00, 0x13, 0x3e, 0x32, 0xbb, 0xbb,
    0xfb, 0xbb, 0xb3, 0x00, 0x0b, 0x30, 0x00, 0x00, 0xb0, 0x00, 0x00, 0x00, 0x0b, 0x30, 0x00, 0x00,
    0xb0, 0x00, 0x00, 0x00, 0x0b, 0x30, 0x00, 0x00, 0xb0, 0x00, 0x00, 0x00, 0x0b, 0x30, 0x00, 0x00,
    0xb0, 0x00, 0x00, 0x00, 0x0b, 0x30, 0x10, 0x00, 0xb0, 0x00, 0x00, 0x00, 0x0b, 0x67, 0x10, 0x00,
    0xb0, 0x00, 0x00, 0x00, 0x1f, 0x70, 0x00, 0x00, 0xb0, 0x00, 0x00, 0x00, 0x22, 0x00, 0x00, 0x00,
    0xb0, 0x00, 0x00, 0x00, 0x00, 0x00, 0x00, 0x00, 0x20, 0x00, 0x00, 0x00, 0x61, 0x00, 0x00, 0x00,
    0xb0, 0x00, 0x00, 0x00, 0x19, 0x20, 0x00, 0x00, 0xb0, 0x00, 0x00, 0x00, 0x00, 0x71, 0x00, 0x00,
    0xb0, 0x00, 0x00, 0x00, 0x00, 0x00, 0x00, 0x00, 0xb0, 0x00, 0x00, 0x00, 0x00, 0x00, 0x00, 0x01,
    0xa0, 0x00, 0x00, 0x9b, 0xbf, 0x50, 0x00, 0x02, 0xd0, 0x00, 0x00, 0x00, 0x0b, 0x50, 0x00, 0x03,
    0xe0, 0x00, 0x00, 0x00, 0x0b, 0x50, 0x00, 0x05, 0x92, 0x00, 0x00, 0x00, 0x0b, 0x50, 0x00, 0x08,
    0x36, 0x00, 0x00, 0x00, 0x0b, 0x50, 0x00, 0x0a, 0x07, 0x00, 0x00, 0x00, 0x0b, 0x50, 0x20, 0x29,
    0x04, 0x30, 0x00, 0x00, 0x0b, 0x77, 0x40, 0x83, 0x00, 0x80, 0x00, 0x00, 0x1f, 0x90, 0x02, 0x80,
    0x00, 0x26, 0x00, 0x00, 0x42, 0x00, 0x29, 0x00, 0x00, 0x05, 0x60, 0x00, 0x00, 0x00, 0x50, 0x00,
    0x00, 0x00, 0x31, 0x00, 0x40, 0x00, 0x10, 0x04, 0x00, 0x02, 0x10, 0x00, 0x47, 0x00, 0x80, 0x05,
    0x30, 0x06, 0x10, 0x00, 0x02, 0x70, 0x71, 0x00, 0x80, 0x07, 0x00, 0x00, 0x00, 0x00, 0x44, 0x00,
    0x32, 0x08, 0x00, 0x00, 0x00, 0x00, 0x07, 0x00, 0x00, 0x25, 0x00, 0x4b, 0xbf, 0x10, 0x08, 0x00,
    0x00, 0x71, 0x00, 0x00, 0x0b, 0x10, 0x04, 0x40, 0x00, 0x80, 0x00, 0x00, 0x0b, 0x10, 0x00, 0x90,
    0x05, 0x30, 0x00, 0x00, 0x0b, 0x10, 0x00, 0x54, 0x08, 0x00, 0x00, 0x00, 0x0b, 0x10, 0x00, 0x09,
    0x82, 0x00, 0x00, 0x00, 0x0b, 0x10, 0x00, 0x07, 0xd0, 0x00, 0x00, 0x00, 0x0b, 0x12, 0x30, 0x55,
    0x38, 0x00, 0x00, 0x00, 0x0d, 0x86, 0x18, 0x30, 0x02, 0x93, 0x00, 0x00, 0x2f, 0x16, 0x71, 0x00,
    0x00, 0x06, 0x92, 0x00, 0x00, 0x00, 0x00, 0x00, 0x00, 0x00, 0x00, 0x00, 0x50, 0x00, 0x00, 0x00,
    0x00, 0x00, 0x00, 0x00, 0x38, 0x00, 0x5b, 0xbb, 0xbb, 0xbf, 0x00, 0x00, 0x02, 0x80, 0x00, 0x00,
    0x00, 0x0e, 0x00, 0x00, 0x00, 0x00, 0x00, 0x00, 0x00, 0x0e, 0x00, 0x12, 0x23, 0x00, 0x00, 0x00,
    0x00, 0x0e, 0x00, 0x25, 0x5f, 0x30, 0x00, 0x00, 0x00, 0x0e, 0x00, 0x00, 0x0b, 0x30, 0x3f, 0xbb,
    0xbb, 0xbf, 0x00, 0x00, 0x0b, 0x30, 0x3b, 0x00, 0x00, 0x0b, 0x00, 0x00, 0x0b, 0x30, 0x3b, 0x00,
    0x00, 0x00, 0x00, 0x00, 0x0b, 0x30, 0x3b, 0x00, 0x00, 0x00, 0x00, 0x00, 0x0b, 0x30, 0x3b, 0x00,
    0x00, 0x00, 0x11, 0x00, 0x0b, 0x68, 0x4b, 0x00, 0x00, 0x00, 0x34, 0x00, 0x1f, 0x80, 0x3c, 0x00,
    0x00, 0x00, 0x62, 0x00, 0x43, 0x00, 0x1c, 0xcb, 0xbb, 0xbb, 0x90, 0x00, 0x10, 0x00, 0x03, 0x30,
    0x00, 0x00, 0x00, 0x00, 0x53, 0x00, 0x06, 0x00, 0x00, 0x00, 0x00, 0x00, 0x05, 0x30, 0x06, 0x00,
    0x00, 0x00, 0x00, 0x00, 0x00, 0x50, 0x1f, 0xff, 0xff, 0xff, 0xa0, 0x00, 0x00, 0x00, 0x52, 0x00,
    0xb0, 0x00, 0x00, 0x00, 0x00, 0x00, 0x80, 0x00, 0xb0, 0x00, 0x00, 0x6b, 0xbf, 0x34, 0x30, 0x00,
    0xb0, 0x00, 0x00, 0x00, 0x0b, 0x30, 0x00, 0x00, 0xb0, 0x00, 0x00, 0x00, 0x0b, 0x36, 0xbb, 0xbb,
    0xfb, 0xbb, 0xb2, 0x00, 0x0b, 0x30, 0x00, 0x00, 0xb0, 0x00, 0x00, 0x00, 0x0b, 0x30, 0x00, 0x00,
    0xb0, 0x00, 0x00, 0x00, 0x0b, 0x31, 0x10, 0x00, 0xb0, 0x00, 0x00, 0x00, 0x0b, 0x77, 0x10, 0x00,
    0xb0, 0x00, 0x00, 0x00, 0x0f, 0x60, 0x00, 0x00, 0xb0, 0x00, 0x00, 0x00, 0x01, 0x00, 0x00, 0x00,
    0xb0, 0x00, 0x00, 0x00, 0x82, 0x00, 0x00, 0xcb, 0xbb, 0xa0, 0x00, 0x00, 0x08, 0x30, 0x00, 0x70,
    0x00, 0x70, 0x00, 0x00, 0x00, 0x81, 0x00, 0x70, 0x00, 0x70, 0x00, 0x00, 0x00, 0x00, 0x01, 0x70,
    0x00, 0x70, 0x00, 0x00, 0x00, 0x00, 0x06, 0x20, 0x00, 0x70, 0x00, 0x5b, 0xbf, 0x30, 0x56, 0x00,
    0x00, 0x7b, 0xb2, 0x00, 0x0d, 0x31, 0x40, 0x00, 0x00, 0x00, 0x00, 0x00, 0x0d, 0x30, 0x7f, 0xbb,
    0xbb, 0xbf, 0x30, 0x00, 0x0d, 0x30, 0x07, 0x00, 0x00, 0x09, 0x00, 0x00, 0x0d, 0x30, 0x02, 0x70,
    0x00, 0x63, 0x00, 0x00, 0x0d, 0x30, 0x00, 0x54, 0x03, 0x70, 0x00, 0x00, 0x0d, 0x32, 0x20, 0x07,
    0x88, 0x00, 0x00, 0x00, 0x0f, 0xa6, 0x00, 0x18, 0xc7, 0x00, 0x00, 0x00, 0x8d, 0x10, 0x16, 0x82,
    0x02, 0x87, 0x20, 0x00, 0x00, 0x00, 0x52, 0x00, 0x00, 0x02, 0x62, 0x00, 0x30, 0x00, 0x00, 0x03,
    0x20, 0x00, 0x00, 0x03, 0x80, 0x00, 0x00, 0x07, 0x00, 0x00, 0x00, 0x01, 0x70, 0x00, 0x00, 0x50,
    0x00, 0x00, 0x00, 0x00, 0x3f, 0xff, 0xff, 0xff, 0xff, 0x00, 0x00, 0x00, 0x00, 0xa0, 0x00, 0x00,
    0x02, 0x44, 0x71, 0x00, 0x0a, 0x00, 0x00, 0x00, 0x23, 0x3f, 0x40, 0x00, 0xa0, 0x00, 0x00, 0x00,
    0x00, 0xb4, 0x00, 0x0f, 0xbb, 0xbb, 0xf1, 0x00, 0x0b, 0x40, 0x00, 0x90, 0x00, 0x0f, 0x00, 0x00,
    0xb4, 0x00, 0x27, 0x00, 0x01, 0xe0, 0x00, 0x0b, 0x40, 0x05, 0x40, 0x00, 0x2d, 0x00, 0x00, 0xb4,
    0x50, 0x90, 0x00, 0x03, 0xc0, 0x00, 0x0f, 0xb2, 0x18, 0x00, 0x00, 0x5a, 0x00, 0x04, 0xa0, 0x08,
    0x10, 0x00, 0x08, 0x80, 0x00, 0x00, 0x06, 0x40, 0x03, 0xbb, 0xd3, 0x00, 0x00, 0x00, 0x00, 0x00,
    0x00, 0x00, 0x00, 0x00, 0x40, 0x00, 0x00, 0x00, 0x00, 0x00, 0x00, 0x00, 0x64, 0x00, 0x8f, 0xbb,
    0xbb, 0xbf, 0x20, 0x00, 0x07, 0x20, 0x02, 0x60, 0x00, 0x27, 0x00, 0x00, 0x00, 0x20, 0x00, 0x54,
    0x03, 0x70, 0x00, 0x00, 0x00, 0x00, 0x00, 0x05, 0xa6, 0x00, 0x00, 0x5b, 0xbf, 0x30, 0x00, 0x48,
    0x67, 0x20, 0x00, 0x00, 0x0b, 0x31, 0x77, 0x40, 0x40, 0x57, 0x51, 0x00, 0x0b, 0x31, 0x10, 0x00,
    0x70, 0x00, 0x21, 0x00, 0x0b, 0x30, 0x3b, 0xbb, 0xfb, 0xbb, 0x10, 0x00, 0x0b, 0x30, 0x00, 0x00,
    0x70, 0x00, 0x00, 0x00, 0x0b, 0x31, 0xbb, 0xbb, 0xfb, 0xbb, 0xb1, 0x00, 0x0b, 0x56, 0x00, 0x00,
    0x70, 0x00, 0x00, 0x00, 0x2f, 0x70, 0x00, 0x00, 0x70, 0x00, 0x00, 0x00, 0x21, 0x00, 0x00, 0x00,
    0x70, 0x00, 0x00, 0x00, 0x00, 0x00, 0x00, 0x00, 0x13, 0x10, 0x00, 0x00, 0x73, 0x00, 0x00, 0x00,
    0x2a, 0x27, 0x00, 0x00, 0x07, 0x40, 0x00, 0x00, 0x1a, 0x03, 0x50, 0x00, 0x00, 0x30, 0x00, 0x00,
    0x1b, 0x00, 0x20, 0x00, 0x00, 0x07, 0xbb, 0xbb, 0xbf, 0xbb, 0xb5, 0x24, 0x47, 0x00, 0x00, 0x00,
    0x0b, 0x00, 0x00, 0x12, 0x2f, 0x10, 0x00, 0x00, 0x0b, 0x00, 0x00, 0x00, 0x0d, 0x10, 0xdd, 0xfd,
    0x7b, 0x00, 0x00, 0x00, 0x0d, 0x10, 0x00, 0xb0, 0x0a, 0x10, 0x00, 0x00, 0x0d, 0x10, 0x00, 0xb0,
    0x08, 0x30, 0x00, 0x00, 0x0d, 0x10, 0x00, 0xb0, 0x05, 0x60, 0x00, 0x00, 0x0d, 0x11, 0x00, 0xb0,
    0x22, 0x90, 0x01, 0x00, 0x0e, 0x86, 0x36, 0xe7, 0x30, 0xb0, 0x06, 0x00, 0x5f, 0x22, 0x51, 0x00,
    0x00, 0x76, 0x34, 0x00, 0x10, 0x00, 0x00, 0x00, 0x00, 0x0a, 0xb0, 0x00, 0x10, 0x00, 0x00, 0x02,
    0x20, 0x00, 0x00, 0x1a, 0x40, 0x00, 0x00, 0x08, 0x00, 0x00, 0x00, 0x1b, 0x60, 0x22, 0x22, 0x72,
    0x22, 0x20, 0x00, 0x0b, 0x3f, 0xff, 0xff, 0xff, 0xff, 0x00, 0x00, 0x00, 0x00, 0x37, 0x00, 0x00,
    0x01, 0x22, 0x41, 0x00, 0x18, 0x00, 0x03, 0x00, 0x24, 0x4f, 0x40, 0x18, 0x10, 0x14, 0x60, 0x00,
    0x00, 0xb4, 0x0a, 0xdb, 0xbb, 0xc0, 0x00, 0x00, 0x0b, 0x40, 0x00, 0x01, 0x70, 0x02, 0x60, 0x00,
    0xb4, 0x00, 0x02, 0x70, 0x01, 0x80, 0x00, 0x0b, 0x40, 0x06, 0x60, 0x00, 0x81, 0x00, 0x00, 0xb4,
    0x07, 0x20, 0x01, 0xa1, 0x00, 0x00, 0x0b, 0x43, 0x00, 0x04, 0x76, 0x60, 0x00, 0x00, 0xec, 0x40,
    0x27, 0x40, 0x03, 0x80, 0x00, 0x5c, 0x02, 0x76, 0x00, 0x00, 0x02, 0x80, 0x00, 0x00, 0x20, 0x00,
    0x00, 0x00, 0x00, 0x01, 0x60, 0x04, 0xbb, 0xbe, 0xbb, 0xbb, 0x60, 0x03, 0x70, 0x00, 0x00, 0x80,
    0x00, 0x00, 0x00, 0x02, 0x40, 0x00, 0x17, 0x00, 0x00, 0x00, 0x00, 0x00, 0x08, 0xbf, 0xfb, 0xbb,
    0x80, 0x14, 0x46, 0x00, 0x00, 0x70, 0x00, 0x15, 0x01, 0x33, 0xf1, 0x00, 0x08, 0x00, 0x03, 0x40,
    0x00, 0x0c, 0x1b, 0xbc, 0xfb, 0xbb, 0xfd, 0xb0, 0x00, 0xc1, 0x44, 0x44, 0x44, 0x44, 0x44, 0x00,
    0x0c, 0x10, 0x00, 0x00, 0x00, 0x00, 0x00, 0x00, 0xc1, 0x05, 0xcb, 0xbb, 0xbb, 0xd0, 0x00, 0x0c,
    0x10, 0x52, 0x00, 0x00, 0x07, 0x00, 0x00, 0xc3, 0x76, 0x20, 0x00, 0x00, 0x70, 0x00, 0x1f, 0xa1,
    0x52, 0x00, 0x00, 0x07, 0x00, 0x01, 0x50, 0x06, 0xeb, 0xbb, 0xbb, 0xe0, 0x00, 0x00, 0x00, 0x00,
    0x00, 0x00, 0x00, 0x00, 0x02, 0x60, 0x00, 0x0a, 0xbb, 0xbb, 0xbb, 0x10, 0x00, 0x47, 0x00, 0x07,
    0x00, 0x00, 0x06, 0x10, 0x00, 0x03, 0x60, 0x07, 0x00, 0x00, 0x06, 0x10, 0x00, 0x00, 0x00, 0x07,
    0x00, 0x00, 0x06, 0x10, 0x00, 0x00, 0x00, 0x0a, 0xbb, 0xbb, 0xbb, 0x10, 0x25, 0x5f, 0x10, 0x00,
    0x00, 0x00, 0x00, 0x00, 0x00, 0x0c, 0x10, 0x6d, 0xdd, 0xfd, 0xdd, 0x80, 0x00, 0x0c, 0x10, 0x00,
    0x00, 0x70, 0x00, 0x00, 0x00, 0x0c, 0x10, 0x00, 0x00, 0x70, 0x00, 0x00, 0x00, 0x0c, 0x11, 0xbb,
    0xbd, 0xfb, 0xbb, 0xb3, 0x00, 0x0c, 0x10, 0x00, 0x06, 0x71, 0x00, 0x00, 0x00, 0x0c, 0x47, 0x10,
    0x17, 0x18, 0x00, 0x00, 0x00, 0x0f, 0x80, 0x01, 0x81, 0x02, 0x71, 0x00, 0x00, 0x15, 0x02, 0x77,
    0x10, 0x00, 0x17, 0x61, 0x00, 0x00, 0x01, 0x00, 0x00, 0x00, 0x00, 0x10, 0x00, 0x00, 0x00, 0x00,
    0x00, 0x50, 0x00, 0x00, 0x00, 0x70, 0x00, 0x00, 0x00, 0xb0, 0x00, 0x00, 0x00, 0x18, 0x10, 0xab,
    0xbb, 0xfb, 0xbb, 0xa0, 0x00, 0x01, 0x60, 0x00, 0x00, 0xb0, 0x00, 0x00, 0x00, 0x00, 0x00, 0x6b,
    0xbb, 0xfb, 0xbb, 0x40, 0x23, 0x35, 0x10, 0x11, 0x11, 0xc1, 0x11, 0x10, 0x12, 0x2e, 0x42, 0x44,
    0x44, 0x54, 0x44, 0x42, 0x00, 0x0b, 0x40, 0x3b, 0xbb, 0xbb, 0xbf, 0x00, 0x00, 0x0b, 0x40, 0x4b,
    0x00, 0x00, 0x0f, 0x00, 0x00, 0x0b, 0x40, 0x4b, 0x00, 0x00, 0x0f, 0x00, 0x00, 0x0b, 0x40, 0x4f,
    0xbb, 0xbb, 0xbf, 0x00, 0x00, 0x0b, 0x40, 0x4b, 0x00, 0x00, 0x0f, 0x00, 0x00, 0x0b, 0x77, 0x4f,
    0xbb, 0xbb, 0xbf, 0x00, 0x00, 0x1f, 0x90, 0x4b, 0x00, 0x00, 0x0f, 0x00, 0x00, 0x34, 0x00, 0x4b,
    0x00, 0x09, 0xbd, 0x00, 0x00, 0x00, 0x00, 0x00, 0x00, 0x00, 0x00, 0x00, 0x00, 0x00, 0x00, 0x00,
    0x00, 0x40, 0x00, 0x00, 0x01, 0x70, 0x00, 0x00, 0x00, 0x80, 0x00, 0x00, 0x00, 0x28, 0x00, 0x4b,
    0xbb, 0xfb, 0xbb, 0x10, 0x00, 0x02, 0x70, 0x00, 0x00, 0x80, 0x00, 0x00, 0x00, 0x00, 0x00, 0x33,
    0x33, 0xb3, 0x33, 0x20, 0x00, 0x00, 0x00, 0x44, 0x44, 0x44, 0x44, 0x80, 0x6b, 0xbf, 0x40, 0x03,
    0x10, 0x61, 0x06, 0x20, 0x00, 0x0b, 0x40, 0x01, 0x74, 0x61, 0x05, 0x00, 0x00, 0x0b, 0x40, 0x46,
    0x13, 0x61, 0x00, 0x00, 0x00, 0x0b, 0x40, 0x01, 0x50, 0x70, 0x00, 0x00, 0x00, 0x0b, 0x44, 0xbb,
    0xbb, 0xfb, 0xbb, 0xb0, 0x00, 0x0b, 0x40, 0x00, 0x02, 0x60, 0x00, 0x00, 0x00, 0x0b, 0x68, 0x00,
    0x19, 0x07, 0x30, 0x00, 0x00, 0x0f, 0x90, 0x02, 0x91, 0x00, 0x56, 0x00, 0x00, 0x55, 0x02, 0x86,
    0x00, 0x00, 0x03, 0x70, 0x00, 0x00, 0x01, 0x10, 0x00, 0x00, 0x00, 0x20, 0x00, 0x00, 0x00, 0x00,
    0x00, 0x00, 0x00, 0x00, 0x01, 0x81, 0x01, 0xfc, 0xbb, 0xbb, 0xbb, 0xf1, 0x00, 0x18, 0x12, 0xf1,
    0x00, 0x50, 0x00, 0xf1, 0x00, 0x00, 0x52, 0xf1, 0x00, 0xb0, 0x00, 0xf1, 0x00, 0x00, 0x02, 0xf2,
    0xbb, 0xfb, 0xb0, 0xf1, 0x12, 0x23, 0x02, 0xf1, 0x00, 0xb0, 0x00, 0xf1, 0x25, 0x5f, 0x32, 0xf1,
    0x00, 0xb0, 0x00, 0xf1, 0x00, 0x0d, 0x32, 0xf8, 0xee, 0xfe, 0xe6, 0xf1, 0x00, 0x0d, 0x33, 0xf0,
    0x00, 0x00, 0x00, 0xf1, 0x00, 0x0d, 0x33, 0xe1, 0xfb, 0xbb, 0xb0, 0xf1, 0x00, 0x0d, 0x35, 0xc1,
    0xe0, 0x00, 0xb0, 0xf1, 0x00, 0x0d, 0x36, 0x91, 0xe0, 0x00, 0xb0, 0xf1, 0x00, 0x0d, 0x8b, 0x41,
    0xfb, 0xbb, 0x90, 0xf1, 0x00, 0x3f, 0x3b, 0x00, 0x70, 0x00, 0x00, 0xf1, 0x00, 0x40, 0x45, 0x00,
    0x00, 0x01, 0xcc, 0xd0, 0x00, 0x00, 0x00, 0x00, 0x00, 0x00, 0x00, 0x00, 0x00, 0x00, 0x14, 0x00,
    0x03, 0x40, 0x00, 0x00, 0x00, 0x18, 0x00, 0x00, 0x04, 0x60, 0x00, 0x00, 0x28, 0x00, 0x00, 0x00,
    0x02, 0x80, 0x00, 0x57, 0x00, 0x02, 0xa0, 0x00, 0x01, 0x90, 0x02, 0x00, 0x00, 0x94, 0x50, 0x00,
    0x01, 0x00, 0x00, 0x00, 0x82, 0x05, 0x50, 0x00, 0x00, 0x00, 0x01, 0x71, 0x00, 0x05, 0x60, 0x00,
    0x00, 0x04, 0x80, 0x00, 0x00, 0x03, 0x92, 0x00, 0x49, 0x8e, 0xbb, 0xbb, 0xbb, 0xbf, 0x97, 0x14,
    0x03, 0xb0, 0x00, 0x00, 0x00, 0xf1, 0x25, 0x00, 0x3b, 0x00, 0x00, 0x00, 0x0f, 0x10, 0x00, 0x03,
    0xb0, 0x00, 0x00, 0x00, 0xf1, 0x00, 0x00, 0x3b, 0x00, 0x00, 0x00, 0x0f, 0x10, 0x00, 0x03, 0xfb,
    0xbb, 0xbb, 0xbb, 0xf1, 0x00, 0x00, 0x01, 0x00, 0x00, 0x00, 0x00, 0x00, 0x00, 0x00, 0x00, 0x00,
    0x00, 0x02, 0x10, 0x00, 0x00, 0x08, 0xbb, 0xbb, 0x80, 0x07, 0x00, 0x00, 0x00, 0x0b, 0x00, 0x00,
    0xb0, 0x07, 0x00, 0x00, 0x00, 0x0b, 0x0a, 0x00, 0xb0, 0x0f, 0xbb, 0xbd, 0xa0, 0x0b, 0x0b, 0x00,
    0xb0, 0x53, 0x00, 0x15, 0x00, 0x0b, 0x0b, 0x00, 0xb0, 0xa0, 0x00, 0x43, 0x00, 0x0b, 0x0b, 0x00,
    0xb3, 0xc0, 0x00, 0x61, 0x00, 0x0b, 0x0b, 0x00, 0xb4, 0x25, 0x00, 0x70, 0x00, 0x0b, 0x0b, 0x00,
    0xb0, 0x07, 0x00, 0x70, 0x00, 0x0b, 0x0b, 0x00, 0xb0, 0x04, 0x35, 0x30, 0x00, 0x0b, 0x1a, 0x00,
    0xb0, 0x00, 0x78, 0x00, 0x00, 0x01, 0x47, 0x30, 0x10, 0x00, 0x79, 0x00, 0x00, 0x00, 0x91, 0x37,
    0x00, 0x02, 0x75, 0x40, 0x00, 0x05, 0x60, 0x04, 0x60, 0x28, 0x00, 0x65, 0x00, 0x47, 0x00, 0x00,
    0x56, 0x70, 0x00, 0x04, 0x80, 0x00, 0x00, 0x00, 0x00, 0x00, 0x00, 0x00, 0x00, 0x00, 0x00, 0x00,
    0x00, 0x10, 0x00, 0x00, 0x00, 0x08, 0xbb, 0xbb, 0x00, 0xb0, 0x00, 0x06, 0x00, 0x0b, 0x00, 0x0b,
    0x00, 0xb0, 0x00, 0x26, 0x00, 0x0b, 0x08, 0x0b, 0x00, 0xb0, 0x00, 0x80, 0x00, 0x0b, 0x0b, 0x0b,
    0x00, 0xb0, 0x08, 0x10, 0x00, 0x0b, 0x0b, 0x0b, 0x00, 0xb1, 0x81, 0x00, 0x00, 0x0b, 0x0b, 0x0b,
    0x00, 0xb0, 0x10, 0x00, 0x00, 0x0b, 0x0b, 0x0b, 0x8b, 0xfb, 0xec, 0xbb, 0xa0, 0x0b, 0x0b, 0x0b,
    0x00, 0xb0, 0x15, 0x00, 0x00, 0x0b, 0x0b, 0x0b, 0x00, 0xb0, 0x07, 0x00, 0x00, 0x0b, 0x0a, 0x0b,
    0x00, 0xb0, 0x06, 0x10, 0x00, 0x01, 0x37, 0x41, 0x00, 0xb0, 0x01, 0x70, 0x00, 0x00, 0x92, 0x52,
    0x00, 0xb0, 0x00, 0x53, 0x00, 0x05, 0x60, 0x07, 0x00, 0xb2, 0x64, 0x07, 0x30, 0x46, 0x00, 0x01,
    0x15, 0xf6, 0x10, 0x00, 0x61, 0x00, 0x00, 0x00, 0x01, 0x00, 0x00, 0x00, 0x00, 0x00, 0x00, 0x02,
    0x00, 0x02, 0x00, 0x00, 0x00, 0x00, 0x00, 0xb0, 0x00, 0xb0, 0x00, 0x00, 0x2b, 0xbb, 0xbf, 0xbb,
    0xbf, 0xbb, 0xd3, 0x00, 0x00, 0x00, 0xb0, 0x00, 0xb0, 0x07, 0x30, 0x08, 0xbb, 0xcf, 0xbb, 0xbf,
    0xbb, 0xb2, 0x00, 0x60, 0x04, 0x60, 0x00, 0xb0, 0x00, 0x00, 0x0a, 0xbb, 0xfc, 0xbb, 0xbf, 0xbb,
    0xbf, 0x30, 0x01, 0x82, 0x00, 0x00, 0xb0, 0x11, 0x90, 0x37, 0xfc, 0xbb, 0xbb, 0xbf, 0xbf, 0x52,
    0x02, 0x0b, 0x00, 0x00, 0x10, 0x00, 0xb0, 0x00, 0x00, 0xb0, 0x00, 0x17, 0x00, 0x0b, 0x00, 0x00,
    0x0b, 0x00, 0x05, 0x20, 0x00, 0xb0, 0x00, 0x00, 0xb0, 0x02, 0x70, 0x66, 0x1b, 0x00, 0x00, 0x00,
    0x16, 0x60, 0x00, 0x16, 0x85, 0x00, 0x46, 0x65, 0x10, 0x00, 0x00, 0x00, 0x38, 0x10, 0x00, 0x00,
    0x20, 0x00, 0x00, 0x01, 0x00, 0x00, 0x00, 0x00, 0x60, 0x00, 0x00, 0x06, 0x00, 0x00, 0x00, 0x00,
    0x60, 0x00, 0x00, 0x06, 0x00, 0x00, 0x05, 0xbb, 0xfb, 0xa0, 0x5b, 0xbf, 0xbb, 0x40, 0x00, 0x00,
    0x60, 0x00, 0x00, 0x06, 0x00, 0x00, 0x02, 0x22, 0x82, 0x22, 0x22, 0x28, 0x22, 0x20, 0x2b, 0xbf,
    0xdf, 0xb9, 0xbb, 0xfc, 0xfb, 0xb1, 0x00, 0x0b, 0x0b, 0x00, 0x00, 0xb0, 0xb0, 0x00, 0x03, 0x4a,
    0x0b, 0x60, 0x23, 0xa0, 0xb5, 0x00, 0x07, 0x29, 0x0b, 0x63, 0x52, 0x90, 0xb2, 0x60, 0x08, 0x47,
    0x0b, 0x16, 0x64, 0x70, 0xb0, 0x80, 0x22, 0x74, 0x0b, 0x02, 0x27, 0x40, 0xb0, 0x43, 0x00, 0xa0,
    0x0b, 0x00, 0x0a, 0x00, 0xb0, 0x00, 0x03, 0x70, 0x0b, 0x00, 0x46, 0x00, 0xb0, 0x00, 0x18, 0x09,
    0xc9, 0x01, 0x80, 0x6b, 0xa0, 0x00, 0x00, 0x00, 0x00, 0x00, 0x00, 0x00, 0x00, 0x00, 0x00, 0x00,
    0x20, 0x00, 0x00, 0x00, 0x00, 0x00, 0x00, 0x00, 0xb0, 0x06, 0xdd, 0xfe, 0xdd, 0xc0, 0x00, 0x00,
    0xb0, 0x00, 0x00, 0xb0, 0x00, 0x30, 0x07, 0xbb, 0xfb, 0xb7, 0x01, 0xb0, 0x00, 0x30, 0x00, 0x00,
    0xb0, 0x00, 0x05, 0x60, 0x00, 0x30, 0x03, 0x33, 0xe3, 0x33, 0x1a, 0x10, 0x01, 0x50, 0x06, 0x77,
    0xf7, 0x78, 0x92, 0x05, 0xbb, 0x10, 0x00, 0x10, 0xd0, 0x03, 0x44, 0x44, 0x44, 0x30, 0x00, 0xb0,
    0xd0, 0x00, 0xb2, 0x22, 0x22, 0xb0, 0x01, 0xa0, 0xfc, 0xb6, 0xb0, 0x00, 0x00, 0xb0, 0x02, 0xf0,
    0xd0, 0x00, 0xb0, 0x00, 0x00, 0xb0, 0x04, 0xf0, 0xd0, 0x00, 0xb0, 0x00, 0x00, 0xb0, 0x06, 0x87,
    0xd0, 0x00, 0x8b, 0xbb, 0xbb, 0x90, 0x08, 0x17, 0xf3, 0x00, 0x00, 0x00, 0x00, 0x00, 0x09, 0x00,
    0x39, 0xcc, 0xbb, 0xbb, 0xbb, 0xb4, 0x12, 0x00, 0x00, 0x00, 0x00, 0x00, 0x00, 0x00, 0x00, 0xbb,
    0xbb, 0xbb, 0xbb, 0xbb, 0xa0, 0x00, 0x0b, 0x00, 0x00, 0x00, 0x00, 0x0b, 0x00, 0x00, 0xb0, 0x00,
    0x00, 0x00, 0x00, 0xb0, 0x00, 0x0b, 0x00, 0x00, 0x00, 0x00, 0x0b, 0x00, 0x00, 0xc1, 0x11, 0x11,
    0x11, 0x11, 0xb0, 0x00, 0x0e, 0xee, 0xef, 0xfe, 0xee, 0xec, 0x00, 0x00, 0x00, 0x00, 0x3c, 0x00,
    0x00, 0x00, 0x00, 0x00, 0x80, 0x03, 0xc0, 0x00, 0x00, 0x00, 0x00, 0x09, 0x00, 0x3f, 0xbb, 0xbb,
    0xb4, 0x00, 0x03, 0xc0, 0x03, 0xc0, 0x00, 0x00, 0x00, 0x00, 0x76, 0x30, 0x3c, 0x00, 0x00, 0x00,
    0x00, 0x18, 0x0a, 0x23, 0xc0, 0x00, 0x00, 0x00, 0x08, 0x10, 0x1a, 0xad, 0x00, 0x00, 0x00, 0x07,
    0x40, 0x00, 0x05, 0xdb, 0xbb, 0xbb, 0xb7, 0x20, 0x00, 0x00, 0x00, 0x00, 0x00, 0x00, 0x00, 0x00,
    0x00, 0x02, 0x00, 0x00, 0x00, 0x00, 0x00, 0x00, 0x17, 0x00, 0x00, 0x00, 0x00, 0x00, 0x00, 0x62,
    0x00, 0x00, 0x00, 0x00, 0xbb, 0xbb, 0xfb, 0xbb, 0xbb, 0xbb, 0xb3, 0x00, 0x05, 0x30, 0x04, 0x00,
    0x00, 0x00, 0x00, 0x07, 0x00, 0x07, 0x00, 0x00, 0x00, 0x00, 0x62, 0x00, 0x07, 0x00, 0x00, 0x00,
    0x04, 0xfb, 0xbb, 0xbf, 0xbb, 0xbb, 0x70, 0x02, 0x10, 0x00, 0x07, 0x00, 0x00, 0x00, 0x00, 0x00,
    0x00, 0x07, 0x00, 0x00, 0x00, 0x00, 0x00, 0x00, 0x07, 0x00, 0x00, 0x00, 0x9b, 0xbb, 0xbb, 0xbf,
    0xbb, 0xbb, 0xba, 0x00, 0x00, 0x00, 0x07, 0x00, 0x00, 0x00, 0x00, 0x00, 0x00, 0x07, 0x00, 0x00,
    0x00, 0x00, 0x00, 0x00, 0x07, 0x00, 0x00, 0x00, 0x00, 0x00, 0x00, 0x00, 0x00, 0x00, 0x00, 0x00,
    0x00, 0x05, 0x20, 0x00, 0x00, 0x07, 0x00, 0x00, 0x00, 0x07, 0x00, 0x00, 0x00, 0x25, 0x00, 0x00,
    0x0b, 0xbf, 0xbb, 0x85, 0xbb, 0xfc, 0xbb, 0x80, 0x00, 0x25, 0x00, 0x00, 0x00, 0x80, 0x00, 0x00,
    0x00, 0x71, 0x70, 0x00, 0x02, 0x60, 0x00, 0x00, 0x00, 0x70, 0x70, 0x2b, 0xbf, 0xdb, 0xbb, 0xb4,
    0x07, 0x74, 0xb4, 0x30, 0x08, 0x00, 0x00, 0x00, 0x03, 0x00, 0x70, 0x00, 0x2f, 0xbb, 0xbf, 0x30,
    0x00, 0x00, 0x70, 0x00, 0x00, 0x00, 0x09, 0x00, 0x00, 0x01, 0xb7, 0x71, 0x00, 0x00, 0x72, 0x00,
    0x08, 0x87, 0xa0, 0x00, 0x05, 0x12, 0x60, 0x00, 0x00, 0x00, 0x70, 0x00, 0x01, 0x8a, 0x00, 0x00,
    0x00, 0x00, 0x70, 0x00, 0x00, 0x06, 0x50, 0x00, 0x00, 0x00, 0x70, 0x00, 0x00, 0x00, 0x54, 0x00,
    0x00, 0x00, 0x05, 0x00, 0x01, 0x40, 0x00, 0x00, 0x00, 0x00, 0x0b, 0x00, 0x01, 0x91, 0x60, 0x00,
    0x03, 0xbb, 0xbf, 0xbb, 0xa1, 0xa0, 0x35, 0x00, 0x00, 0x00, 0x0b, 0x00, 0x00, 0xa0, 0x02, 0x00,
    0x2c, 0xcc, 0xcf, 0xcc, 0xcc, 0xfc, 0xcc, 0xc3, 0x14, 0x44, 0x84, 0x44, 0x44, 0xe4, 0x44, 0x41,
    0x00, 0x03, 0x50, 0x00, 0x00, 0xa0, 0x05, 0x20, 0x0a, 0xbf, 0xcc, 0xdb, 0xb7, 0xa0, 0x07, 0x00,
    0x00, 0x17, 0x02, 0x50, 0x00, 0x91, 0x26, 0x00, 0x00, 0xfc, 0xbd, 0xfb, 0xb1, 0x64, 0x71, 0x00,
    0x00, 0x50, 0x02, 0x50, 0x00, 0x38, 0x60, 0x00, 0x00, 0x00, 0x02, 0x51, 0x22, 0x0f, 0x00, 0x50,
    0x06, 0x77, 0x79, 0xc6, 0x42, 0x6c, 0x10, 0xc0, 0x00, 0x00, 0x02, 0x50, 0x04, 0x63, 0x80, 0xc0,
    0x00, 0x00, 0x02, 0x50, 0x46, 0x00, 0x6c, 0x80, 0x00, 0x00, 0x00, 0x00, 0x00, 0x00, 0x00, 0x00,
    0x00, 0x02, 0x00, 0x00, 0x00, 0x05, 0x20, 0x00, 0x00, 0x07, 0x00, 0x00, 0x00, 0x0b, 0x27, 0x30,
    0x05, 0x5c, 0x55, 0x30, 0x00, 0x0b, 0x00, 0x30, 0x03, 0x58, 0x33, 0x28, 0xbb, 0xbf, 0xbb, 0xb7,
    0x00, 0x61, 0x00, 0x00, 0x00, 0x0b, 0x00, 0x00, 0x00, 0x70, 0x70, 0x03, 0xbb, 0xbf, 0xbb, 0xf0,
    0x01, 0x60, 0x70, 0x04, 0xb0, 0x0b, 0x00, 0xe0, 0x0a, 0x76, 0xd6, 0x44, 0xb0, 0x0b, 0x00, 0xe0,
    0x02, 0x00, 0x80, 0x04, 0xfb, 0xbf, 0xbb, 0xf0, 0x00, 0x00, 0x70, 0x04, 0xb0, 0x0b, 0x00, 0xe0,
    0x00, 0x00, 0x95, 0x44, 0xb0, 0x0b, 0x00, 0xe0, 0x06, 0x87, 0xd2, 0x04, 0xfb, 0xbf, 0xbb, 0xf0,
    0x02, 0x00, 0x70, 0x04, 0xb0, 0x0b, 0x00, 0xe0, 0x00, 0x00, 0x70, 0x04, 0xb0, 0x0b, 0x00, 0xe0,
    0x00, 0x00, 0x70, 0x04, 0xb0, 0x0b, 0x3b, 0xb0, 0x00, 0x03, 0x00, 0x00, 0x00, 0x00, 0x00, 0x00,
    0x00, 0x08, 0x00, 0x00, 0xdb, 0xbb, 0xbc, 0x40, 0x00, 0x07, 0x00, 0x00, 0xb0, 0x00, 0x08, 0x50,
    0x0b, 0xdf, 0xbb, 0x80, 0xb0, 0x00, 0x08, 0x50, 0x00, 0x61, 0x00, 0x00, 0x85, 0x55, 0x57, 0x30,
    0x00, 0x70, 0x70, 0x1d, 0xfd, 0xdd, 0xdf, 0xf5, 0x01, 0x60, 0x70, 0x00, 0xb0, 0x00, 0x0b, 0x40,
    0x09, 0x65, 0xc5, 0x30, 0xb0, 0x00, 0x0b, 0x40, 0x04, 0x43, 0xa3, 0x20, 0xfb, 0xbb, 0xbf, 0x40,
    0x00, 0x00, 0x70, 0x00, 0xb0, 0x00, 0x0b, 0x40, 0x00, 0x00, 0xa6, 0x70, 0xfb, 0xbb, 0xbf, 0x50,
    0x07, 0x98, 0xd2, 0x00, 0xb0, 0x00, 0x0b, 0x40, 0x02, 0x00, 0x70, 0x00, 0xb0, 0x00, 0x1e, 0x82,
    0x00, 0x00, 0x70, 0x39, 0xf9, 0x98, 0x7f, 0x81, 0x00, 0x00, 0x70, 0x00, 0x00, 0x00, 0x0b, 0x40,
    0x00, 0x07, 0x00, 0x00, 0x00, 0xa1, 0x00, 0x00, 0x00, 0x35, 0x00, 0x00, 0x04, 0x95, 0x00, 0x00,
    0x0b, 0xfd, 0xba, 0x00, 0x56, 0x03, 0x71, 0x00, 0x00, 0x70, 0x00, 0x07, 0x50, 0x00, 0x17, 0x71,
    0x00, 0x72, 0x50, 0x83, 0x9b, 0xbb, 0xb5, 0x13, 0x03, 0x43, 0x50, 0x02, 0x22, 0x30, 0x00, 0x50,
    0x07, 0x24, 0x61, 0x4d, 0x55, 0xf0, 0xb0, 0xb0, 0x08, 0x58, 0xa5, 0x4b, 0x00, 0xf0, 0xb0, 0xb0,
    0x00, 0x03, 0x50, 0x4f, 0x77, 0xf0, 0xb0, 0xb0, 0x00, 0x03, 0x64, 0x4b, 0x00, 0xf0, 0xb0, 0xb0,
    0x05, 0x7a, 0xa1, 0x4f, 0x77, 0xf0, 0xb0, 0xb0, 0x03, 0x03, 0x50, 0x4b, 0x00, 0xf0, 0x80, 0xb0,
    0x00, 0x03, 0x50, 0x4b, 0x00, 0xf0, 0x00, 0xb0, 0x00, 0x03, 0x50, 0x4b, 0x0b, 0xd0, 0x5b, 0x90,
    0x00, 0x00, 0x00, 0x00, 0x00, 0x00, 0x00, 0x00, 0x00, 0x00, 0x00, 0x02, 0x00, 0x00, 0x00, 0x00,
    0x00, 0x00, 0x00, 0x06, 0x10, 0x00, 0x00, 0x00, 0x00, 0x00, 0x00, 0x01, 0x70, 0x00, 0x00, 0x00,
    0x00, 0x8b, 0xbb, 0xbb, 0xfb, 0xbb, 0xbb, 0x00, 0x00, 0x00, 0x61, 0x00, 0x00, 0x08, 0x00, 0x00,
    0x00, 0x00, 0x07, 0x00, 0x00, 0x45, 0x00, 0x00, 0x03, 0x33, 0x37, 0x33, 0x33, 0xc3, 0x33, 0x30,
    0x1c, 0xcc, 0xcc, 0xcf, 0xfc, 0xdc, 0xcc, 0xc1, 0x00, 0x00, 0x00, 0x03, 0x40, 0x00, 0x00, 0x00,
    0x00, 0x00, 0x00, 0x03, 0x40, 0x00, 0x00, 0x00, 0x03, 0xbb, 0xbb, 0xbe, 0xfb, 0xbb, 0xbb, 0x40,
    0x00, 0x00, 0x00, 0x03, 0x40, 0x00, 0x00, 0x00, 0x00, 0x00, 0x00, 0x03, 0x40, 0x00, 0x00, 0x00,
    0x00, 0x00, 0x00, 0x03, 0x40, 0x00, 0x00, 0x00, 0x00, 0x00, 0x00, 0x03, 0x40, 0x00, 0x00, 0x00,
    0x02, 0x30, 0x00, 0x00, 0x08, 0x00, 0x00, 0x00, 0x00, 0x64, 0x00, 0x00, 0x1b, 0x00, 0x00, 0x00,
    0x00, 0x06, 0x30, 0x00, 0x1a, 0x00, 0x00, 0x00, 0x00, 0x00, 0x25, 0xbb, 0xdf, 0xbb, 0xbb, 0xf0,
    0x00, 0x00, 0x00, 0x00, 0x48, 0x00, 0x00, 0xe0, 0x4b, 0xbb, 0x00, 0x00, 0x66, 0x00, 0x01, 0xd0,
    0x00, 0x0b, 0x00, 0x00, 0x92, 0x00, 0x03, 0xc0, 0x00, 0x0b, 0x00, 0x00, 0xb0, 0x00, 0x04, 0xb0,
    0x00, 0x0b, 0x00, 0x05, 0x70, 0x00, 0x06, 0x90, 0x00, 0x0b, 0x00, 0x1a, 0x00, 0x00, 0x08, 0x70,
    0x00, 0x0b, 0x03, 0x91, 0x00, 0x10, 0x0c, 0x30, 0x00, 0x6f, 0x23, 0x00, 0x00, 0x8c, 0xc8, 0x00,
    0x07, 0x83, 0xb6, 0x00, 0x00, 0x00, 0x00, 0x00, 0x47, 0x00, 0x07, 0xbb, 0xa9, 0x9a, 0xab, 0xb9,
    0x00, 0x00, 0x00, 0x00, 0x01, 0x11, 0x00, 0x00, 0x00, 0x00, 0x00, 0x00, 0x02, 0x00, 0x00, 0x00,
    0x04, 0x30, 0x00, 0x00, 0x06, 0x10, 0x00, 0x00, 0x00, 0x92, 0x00, 0x00, 0x07, 0x00, 0x00, 0x00,
    0x00, 0x1a, 0x00, 0x00, 0x07, 0x00, 0x00, 0x00, 0x00, 0x03, 0x0b, 0xbb, 0xbf, 0xbb, 0xbb, 0xb0,
    0x00, 0x00, 0x00, 0x00, 0x07, 0x00, 0x00, 0x00, 0x00, 0x00, 0x00, 0x00, 0x1c, 0x30, 0x00, 0x00,
    0x4b, 0xbe, 0x00, 0x00, 0x62, 0x73, 0x00, 0x00, 0x00, 0x0b, 0x00, 0x00, 0x80, 0x08, 0x20, 0x00,
    0x00, 0x0b, 0x00, 0x04, 0x40, 0x00, 0x91, 0x00, 0x00, 0x0b, 0x00, 0x37, 0x00, 0x00, 0x19, 0x00,
    0x00, 0x0b, 0x05, 0x60, 0x00, 0x00, 0x02, 0x60, 0x00, 0x8f, 0x60, 0x00, 0x00, 0x00, 0x00, 0x00,
    0x08, 0x60, 0x8a, 0x30, 0x00, 0x00, 0x00, 0x10, 0x35, 0x00, 0x03, 0x8b, 0xbb, 0xbb, 0xbb, 0xa0,
    0x02, 0x00, 0x00, 0x00, 0x00, 0x09, 0x00, 0x00, 0x18, 0x00, 0x00, 0x00, 0x00, 0xb0, 0x00, 0x00,
    0x18, 0x00, 0x00, 0x00, 0x0b, 0x00, 0x00, 0x00, 0x24, 0xbb, 0xbb, 0xbb, 0xfb, 0xb5, 0x00, 0x00,
    0x00, 0x00, 0x00, 0x0b, 0x00, 0x00, 0x00, 0x00, 0x00, 0x00, 0x00, 0xb0, 0x00, 0x00, 0x00, 0x00,
    0x60, 0x00, 0x0b, 0x00, 0x04, 0xbb, 0xe0, 0x03, 0x40, 0x00, 0xb0, 0x00, 0x00, 0x0b, 0x00, 0x07,
    0x10, 0x0b, 0x00, 0x00, 0x00, 0xb0, 0x00, 0x14, 0x00, 0xb0, 0x00, 0x00, 0x0b, 0x00, 0x00, 0x00,
    0x0b, 0x00, 0x00, 0x00, 0xb0, 0x00, 0x00, 0x00, 0xc0, 0x00, 0x00, 0x7d, 0x50, 0x00, 0x9b, 0xb8,
    0x00, 0x00, 0x73, 0x05, 0x93, 0x00, 0x00, 0x00, 0x01, 0x25, 0x00, 0x02, 0x8b, 0xbb, 0xbb, 0xbb,
    0xa0, 0x02, 0x00, 0x05, 0x55, 0x55, 0x55, 0x55, 0x51, 0x03, 0x70, 0x1c, 0xcc, 0xfc, 0xcc, 0xcc,
    0xc2, 0x00, 0x28, 0x00, 0x01, 0xa0, 0x00, 0x00, 0x00, 0x00, 0x02, 0x20, 0x02, 0x90, 0x00, 0x00,
    0x00, 0x00, 0x00, 0x00, 0x04, 0xd6, 0x66, 0x6c, 0x20, 0x4b, 0xbb, 0x00, 0x06, 0x40, 0x00, 0x0b,
    0x30, 0x00, 0x0b, 0x00, 0x09, 0x10, 0x00, 0x0c, 0x20, 0x00, 0x0b, 0x00, 0x0a, 0x00, 0x00, 0x0d,
    0x10, 0x00, 0x0b, 0x00, 0x55, 0x00, 0x00, 0x0e, 0x00, 0x00, 0x0b, 0x01, 0x90, 0x00, 0x00, 0x2c,
    0x00, 0x00, 0x0b, 0x18, 0x10, 0x00, 0x56, 0x96, 0x00, 0x00, 0x5f, 0x20, 0x00, 0x00, 0x00, 0x00,
    0x00, 0x05, 0xa3, 0xb5, 0x00, 0x00, 0x00, 0x00, 0x00, 0x29, 0x00, 0x07, 0xbb, 0xaa, 0xaa, 0xbb,
    0xc4, 0x00, 0x00, 0x00, 0x00, 0x11, 0x10, 0x00, 0x00, 0x00, 0x00, 0x00, 0x00, 0x00, 0x00, 0x00,
    0x00, 0x05, 0x60, 0x00, 0xbb, 0xbb, 0xbb, 0xbb, 0x00, 0x00, 0x28, 0x20, 0x00, 0x00, 0x00, 0x00,
    0x00, 0x00, 0x00, 0x20, 0x00, 0x00, 0x00, 0x00, 0x00, 0x00, 0x00, 0x06, 0x66, 0x76, 0x66, 0x66,
    0x61, 0x4b, 0xba, 0x00, 0x00, 0x71, 0x00, 0x00, 0x00, 0x00, 0x0b, 0x00, 0x01, 0x70, 0x04, 0x00,
    0x00, 0x00, 0x0b, 0x00, 0x06, 0x20, 0x03, 0x40, 0x00, 0x00, 0x0b, 0x00, 0x17, 0x00, 0x00, 0x61,
    0x00, 0x00, 0x0b, 0x00, 0x71, 0x00, 0x01, 0x29, 0x00, 0x00, 0x0b, 0x02, 0xc8, 0x77, 0x76, 0x57,
    0x40, 0x00, 0x5f, 0x20, 0x00, 0x00, 0x00, 0x00, 0x10, 0x05, 0x82, 0xa7, 0x10, 0x00, 0x00, 0x00,
    0x00, 0x28, 0x00, 0x06, 0xbb, 0xba, 0xab, 0xbc, 0xc1, 0x00, 0x00, 0x00, 0x00, 0x01, 0x11, 0x00,
    0x00, 0x00, 0x00, 0x00, 0x00, 0x00, 0x00, 0x02, 0x20, 0x04, 0x40, 0x00, 0x19, 0x66, 0x66, 0x75,
    0x10, 0x00, 0x55, 0x00, 0x3d, 0x00, 0x00, 0x00, 0x00, 0x00, 0x05, 0x30, 0x3c, 0x00, 0x00, 0x00,
    0x00, 0x00, 0x00, 0x00, 0x3c, 0x00, 0x00, 0x00, 0x00, 0x00, 0x00, 0x00, 0x3f, 0x55, 0x57, 0x55,
    0x51, 0x4b, 0xbb, 0x00, 0x4c, 0x00, 0x0b, 0x00, 0x00, 0x00, 0x0b, 0x00, 0x4b, 0x00, 0x0b, 0x00,
    0x00, 0x00, 0x0b, 0x00, 0x68, 0x00, 0x0b, 0x00, 0x00, 0x00, 0x0b, 0x00, 0x96, 0x00, 0x0b, 0x00,
    0x00, 0x00, 0x0b, 0x00, 0xb1, 0x00, 0x0b, 0x00, 0x00, 0x00, 0x0b, 0x01, 0xa0, 0x00, 0x0b, 0x00,
    0x00, 0x00, 0x7f, 0x78, 0x20, 0x00, 0x0b, 0x00, 0x00, 0x08, 0x82, 0x9b, 0x30, 0x00, 0x03, 0x00,
    0x10, 0x36, 0x00, 0x03, 0x8b, 0xbb, 0xbb, 0xbb, 0xa2, 0x03, 0x10, 0x00, 0x00, 0x12, 0x46, 0x98,
    0x30, 0x01, 0x81, 0x00, 0xf9, 0x97, 0x53, 0x10, 0x00, 0x00, 0x18, 0x00, 0xe0, 0x00, 0x00, 0x00,
    0x00, 0x00, 0x01, 0x00, 0xe0, 0x00, 0x00, 0x00, 0x00, 0x00, 0x00, 0x00, 0xfb, 0xbb, 0xbb, 0xbf,
    0x10, 0x00, 0x00, 0x00, 0xe0, 0x10, 0x00, 0x17, 0x00, 0x3b, 0xbb, 0x01, 0xc0, 0x74, 0x00, 0x71,
    0x00, 0x00, 0x0b, 0x04, 0x90, 0x05, 0x66, 0x20, 0x00, 0x00, 0x0b, 0x07, 0x40, 0x00, 0xab, 0x00,
    0x00, 0x00, 0x0b, 0x0a, 0x00, 0x28, 0x22, 0x81, 0x00, 0x00, 0x0b, 0x54, 0x27, 0x60, 0x00, 0x19,
    0x10, 0x00, 0x6f, 0x20, 0x30, 0x00, 0x00, 0x01, 0x10, 0x08, 0x85, 0xc7, 0x20, 0x00, 0x00, 0x00,
    0x11, 0x35, 0x00, 0x06, 0x9b, 0xbb, 0xbb, 0xbb, 0xa3, 0x02, 0x30, 0x00, 0x00, 0x00, 0x00, 0x00,
    0x00, 0x00, 0x54, 0x0b, 0xbb, 0xbb, 0xfc, 0xbb, 0x60, 0x00, 0x06, 0x30, 0x00, 0x01, 0x70, 0x00,
    0x00, 0x00, 0x00, 0x00, 0x00, 0x0a, 0x10, 0x00, 0x00, 0x00, 0x00, 0x00, 0x00, 0x5b, 0x04, 0x00,
    0x00, 0x4b, 0xbb, 0x00, 0x04, 0x67, 0x04, 0x40, 0x00, 0x00, 0x0b, 0x00, 0x37, 0x07, 0x00, 0x54,
    0x00, 0x00, 0x0b, 0x06, 0x60, 0x07, 0x00, 0x05, 0x30, 0x00, 0x0b, 0x23, 0x00, 0x07, 0x00, 0x00,
    0x30, 0x00, 0x0b, 0x00, 0x00, 0x07, 0x00, 0x00, 0x00, 0x00, 0x0b, 0x00, 0x00, 0x07, 0x00, 0x00,
    0x00, 0x00, 0x7f, 0x10, 0x00, 0x07, 0x00, 0x00, 0x00, 0x08, 0x74, 0xb4, 0x00, 0x03, 0x00, 0x00,
    0x00, 0x47, 0x00, 0x18, 0xba, 0xa9, 0xaa, 0xbb, 0xb2, 0x00, 0x00, 0x00, 0x00, 0x11, 0x10, 0x00,
    0x00, 0x00, 0x00, 0x00, 0x00, 0x03, 0x00, 0x00, 0x00, 0x05, 0x10, 0x00, 0x00, 0x07, 0x00, 0x00,
    0x00, 0x01, 0x91, 0x00, 0x00, 0x02, 0x50, 0x00, 0x00, 0x00, 0x18, 0x1b, 0xbb, 0xbb, 0xbb, 0xfc,
    0xb3, 0x00, 0x01, 0x00, 0x00, 0x00, 0x00, 0x80, 0x00, 0x00, 0x00, 0x03, 0x71, 0x00, 0x04, 0x40,
    0x00, 0x00, 0x00, 0x00, 0x18, 0x30, 0x08, 0x00, 0x00, 0x3b, 0xbc, 0x00, 0x00, 0x66, 0x62, 0x00,
    0x00, 0x00, 0x0b, 0x00, 0x00, 0x08, 0xd0, 0x00, 0x00, 0x00, 0x0b, 0x00, 0x00, 0x65, 0x19, 0x10,
    0x00, 0x00, 0x0b, 0x00, 0x38, 0x30, 0x01, 0x83, 0x00, 0x00, 0x0b, 0x18, 0x60, 0x00, 0x00, 0x08,
    0x30, 0x00, 0x5f, 0x20, 0x00, 0x00, 0x00, 0x00, 0x00, 0x06, 0xa5, 0xc4, 0x00, 0x00, 0x00, 0x00,
    0x00, 0x29, 0x00, 0x18, 0xbb, 0xaa, 0xab, 0xbb, 0xc3, 0x00, 0x00, 0x00, 0x00, 0x11, 0x10, 0x00,
    0x00, 0x04, 0x20, 0x00, 0x00, 0x90, 0x00, 0xa0, 0x00, 0x00, 0x83, 0x00, 0x00, 0xb0, 0x00, 0xb0,
    0x00, 0x00, 0x08, 0x30, 0x00, 0xb0, 0x00, 0xb0, 0x00, 0x00, 0x00, 0x16, 0xbb, 0xfb, 0xbb, 0xfb,
    0xb1, 0x00, 0x00, 0x00, 0x00, 0xb0, 0x00, 0xb0, 0x00, 0x25, 0x59, 0x00, 0x00, 0xb0, 0x00, 0xb0,
    0x00, 0x00, 0x0b, 0x07, 0xbc, 0xfb, 0xbb, 0xfb, 0xb4, 0x00, 0x0b, 0x00, 0x02, 0x90, 0x00, 0xb0,
    0x00, 0x00, 0x0b, 0x00, 0x05, 0x60, 0x00, 0xb0, 0x00, 0x00, 0x0b, 0x00, 0x0a, 0x10, 0x00, 0xb0,
    0x00, 0x00, 0x0b, 0x00, 0x66, 0x00, 0x00, 0xb0, 0x00, 0x00, 0x7f, 0x82, 0x50, 0x00, 0x00, 0x70,
    0x00, 0x07, 0x70, 0x6b, 0x41, 0x00, 0x00, 0x00, 0x11, 0x26, 0x00, 0x02, 0x7a, 0xbb, 0xbb, 0xbb,
    0xa5, 0x01, 0x00, 0x00, 0x00, 0x21, 0x00, 0x00, 0x00, 0x03, 0x70, 0x00, 0x00, 0x70, 0x00, 0x00,
    0x00, 0x00, 0x36, 0x0b, 0xbc, 0xfb, 0xbb, 0xbb, 0x40, 0x00, 0x04, 0x20, 0x06, 0x20, 0x10, 0x00,
    0x00, 0x00, 0x00, 0x00, 0x08, 0x00, 0x80, 0x00, 0x00, 0x00, 0x00, 0x00, 0x62, 0x00, 0x80, 0x00,
    0x00, 0x39, 0x9b, 0x00, 0xfb, 0xbb, 0xfb, 0xbb, 0x10, 0x00, 0x0b, 0x00, 0x10, 0x00, 0x80, 0x00,
    0x00, 0x00, 0x0b, 0x00, 0x00, 0x00, 0x80, 0x00, 0x00, 0x00, 0x0b, 0x00, 0x00, 0x00, 0x80, 0x00,
    0x00, 0x00, 0x0b, 0x0b, 0xbb, 0xbb, 0xfb, 0xbb, 0xb0, 0x00, 0x0b, 0x00, 0x00, 0x00, 0x80, 0x00,
    0x00, 0x00, 0x7f, 0x10, 0x00, 0x00, 0x80, 0x00, 0x00, 0x06, 0x83, 0xb5, 0x00, 0x00, 0x80, 0x00,
    0x00, 0x29, 0x00, 0x18, 0xba, 0xa9, 0xca, 0xab, 0xb4, 0x00, 0x00, 0x00, 0x00, 0x11, 0x11, 0x00,
    0x00, 0x00, 0x00, 0x00, 0x00, 0x08, 0x00, 0x00, 0x00, 0x05, 0x10, 0x00, 0x00, 0x0b, 0x00, 0x00,
    0x00, 0x01, 0x95, 0x00, 0x00, 0x0b, 0x00, 0x00, 0x00, 0x00, 0x06, 0x50, 0xbb, 0xbf, 0xbb, 0xbb,
    0x00, 0x00, 0x00, 0x00, 0xb0, 0x0b, 0x00, 0x0b, 0x00, 0x00, 0x00, 0x00, 0xb0, 0x0b, 0x00, 0x0b,
    0x00, 0x27, 0x7a, 0x00, 0xb0, 0x0b, 0x00, 0x0b, 0x00, 0x00, 0x0b, 0x00, 0xeb, 0xbf, 0xbb, 0xbe,
    0x00, 0x00, 0x0b, 0x00, 0xb0, 0x0b, 0x00, 0x0b, 0x00, 0x00, 0x0b, 0x00, 0xb0, 0x0b, 0x00, 0x0b,
    0x00, 0x00, 0x0b, 0x00, 0xb0, 0x0b, 0x00, 0x0b, 0x00, 0x00, 0x0b, 0x00, 0xd7, 0x7f, 0x77, 0x7d,
    0x00, 0x00, 0x5f, 0x20, 0x00, 0x00, 0x00, 0x00, 0x00, 0x06, 0x82, 0xb6, 0x00, 0x00, 0x00, 0x00,
    0x00, 0x28, 0x00, 0x06, 0xbb, 0xba, 0xab, 0xbc, 0xc0, 0x00, 0x00, 0x00, 0x00, 0x11, 0x11, 0x00,
    0x00, 0x03, 0x40, 0x00, 0xfb, 0xbb, 0xbb, 0xba, 0x00, 0x00, 0x64, 0x00, 0xe0, 0x00, 0x00, 0x0d,
    0x00, 0x00, 0x07, 0x20, 0xe0, 0x00, 0x00, 0x0d, 0x00, 0x00, 0x00, 0x10, 0xfb, 0xbb, 0xbb, 0xbf,
    0x00, 0x00, 0x00, 0x00, 0xe0, 0x00, 0x00, 0x0d, 0x00, 0x16, 0x66, 0x00, 0xe0, 0x00, 0x00, 0x0d,
    0x00, 0x02, 0x2c, 0x00, 0xfb, 0xbc, 0xbb, 0xba, 0x00, 0x00, 0x0b, 0x00, 0xe0, 0x03, 0x70, 0x05,
    0x70, 0x00, 0x0b, 0x00, 0xe0, 0x00, 0x1c, 0x82, 0x00, 0x00, 0x0b, 0x00, 0xe0, 0x02, 0x11, 0x73,
    0x00, 0x00, 0x0b, 0x02, 0xf9, 0xb7, 0x10, 0x06, 0x40, 0x00, 0x5f, 0x54, 0xa3, 0x00, 0x00, 0x00,
    0x20, 0x06, 0xa4, 0xaa, 0x41, 0x00, 0x00, 0x00, 0x11, 0x27, 0x00, 0x03, 0x8b, 0xbb, 0xbb, 0xbb,
    0xb7, 0x00, 0x00, 0x00, 0x11, 0x00, 0x00, 0x12, 0x00, 0x03, 0x70, 0x00, 0x17, 0x00, 0x00, 0x71,
    0x00, 0x00, 0x27, 0x00, 0x05, 0x20, 0x02, 0x70, 0x00, 0x00, 0x03, 0x31, 0x23, 0x42, 0x2b, 0x32,
    0x20, 0x00, 0x00, 0x05, 0xbb, 0xbf, 0xfc, 0xbb, 0x70, 0x00, 0x00, 0x00, 0x00, 0x04, 0x30, 0x00,
    0x00, 0x16, 0x68, 0x00, 0x00, 0x04, 0x30, 0x00, 0x00, 0x00, 0x0b, 0x0b, 0xbb, 0xbf, 0xdb, 0xbb,
    0xb0, 0x00, 0x0b, 0x00, 0x00, 0x09, 0x30, 0x00, 0x00, 0x00, 0x0b, 0x00, 0x00, 0x08, 0x73, 0x00,
    0x00, 0x00, 0x0b, 0x00, 0x00, 0x72, 0x07, 0x30, 0x00, 0x00, 0x0b, 0x00, 0x07, 0x40, 0x00, 0x72,
    0x00, 0x00, 0x7f, 0x13, 0x82, 0x00, 0x00, 0x08, 0x10, 0x07, 0x84, 0xb5, 0x00, 0x00, 0x00, 0x00,
    0x00, 0x38, 0x00, 0x18, 0xba, 0xa9, 0xaa, 0xbb, 0xb3, 0x00, 0x00, 0x00, 0x00, 0x11, 0x10, 0x00,
    0x00, 0x00, 0x00, 0x00, 0x00, 0x00, 0x40, 0x00, 0x00, 0x03, 0x10, 0x00, 0x06, 0x00, 0xb0, 0x00,
    0x00, 0x00, 0x81, 0x00, 0x08, 0x00, 0xb0, 0x00, 0x00, 0x00, 0x08, 0x10, 0x4e, 0xbb, 0xfb, 0xbb,
    0x90, 0x00, 0x01, 0x10, 0x90, 0x00, 0xb0, 0x00, 0x00, 0x00, 0x00, 0x01, 0x20, 0x00, 0xb0, 0x00,
    0x00, 0x00, 0x00, 0x06, 0x88, 0xa8, 0xfc, 0x88, 0x80, 0x1b, 0xbc, 0x02, 0x22, 0xa2, 0x2a, 0x22,
    0x20, 0x00, 0x0b, 0x00, 0x00, 0x70, 0x07, 0x00, 0x00, 0x00, 0x0b, 0x00, 0x05, 0x30, 0x07, 0x00,
    0x10, 0x00, 0x0b, 0x00, 0x27, 0x00, 0x07, 0x00, 0xb0, 0x00, 0x0b, 0x06, 0x60, 0x00, 0x06, 0x66,
    0x90, 0x00, 0x4f, 0x30, 0x00, 0x00, 0x00, 0x00, 0x00, 0x04, 0xb4, 0xb5, 0x00, 0x00, 0x00, 0x00,
    0x00, 0x1a, 0x00, 0x07, 0xbb, 0xaa, 0xaa, 0xbb, 0xb2, 0x00, 0x00, 0x00, 0x00, 0x11, 0x10, 0x00,
    0x00, 0x02, 0x10, 0x03, 0xbb, 0xbb, 0xbb, 0xbe, 0x40, 0x01, 0x81, 0x00, 0x01, 0x00, 0x00, 0x66,
    0x00, 0x00, 0x18, 0x10, 0x02, 0x77, 0x58, 0x30, 0x00, 0x00, 0x01, 0x20, 0x22, 0x22, 0x9a, 0x32,
    0x10, 0x00, 0x00, 0x02, 0xdb, 0xbd, 0xfd, 0xdb, 0xa0, 0x15, 0x55, 0x02, 0x50, 0x02, 0x50, 0x00,
    0x70, 0x00, 0x0b, 0x02, 0xfb, 0xbd, 0xfb, 0xbb, 0xb0, 0x00, 0x0b, 0x02, 0x50, 0x02, 0x50, 0x00,
    0x70, 0x00, 0x0b, 0x02, 0xfb, 0xbd, 0xfb, 0xbb, 0xb0, 0x00, 0x0b, 0x02, 0x50, 0x02, 0x50, 0x00,
    0x70, 0x00, 0x0b, 0x02, 0x50, 0x02, 0x50, 0x00, 0x70, 0x00, 0x7f, 0x52, 0x50, 0x02, 0x52, 0xbb,
    0x60, 0x06, 0x60, 0x88, 0x10, 0x00, 0x00, 0x00, 0x00, 0x28, 0x00, 0x04, 0xab, 0xba, 0xab, 0xbb,
    0xc4, 0x00, 0x00, 0x00, 0x00, 0x01, 0x11, 0x00, 0x00, 0x00, 0x00, 0x00, 0x00, 0x08, 0x00, 0x00,
    0x00, 0x06, 0x10, 0x00, 0x00, 0x0b, 0x00, 0x00, 0x00, 0x00, 0x81, 0x5b, 0xbb, 0xbf, 0xbb, 0xbb,
    0xa0, 0x00, 0x18, 0x00, 0x00, 0x0b, 0x00, 0x00, 0x00, 0x00, 0x02, 0x03, 0x44, 0x4f, 0x44, 0x44,
    0x00, 0x00, 0x00, 0x0b, 0x44, 0x4f, 0x44, 0x4c, 0x00, 0x5b, 0xbb, 0x0b, 0x00, 0x0b, 0x00, 0x0b,
    0x00, 0x00, 0x0b, 0x0b, 0x00, 0x0b, 0x00, 0x0b, 0x00, 0x00, 0x0b, 0x08, 0xbb, 0xbf, 0xfc, 0xbb,
    0x00, 0x00, 0x0b, 0x00, 0x00, 0x5e, 0x18, 0x10, 0x00, 0x00, 0x0b, 0x00, 0x04, 0x4b, 0x01, 0x82,
    0x00, 0x00, 0x0b, 0x00, 0x54, 0x0b, 0x00, 0x08, 0x20, 0x00, 0x5f, 0x28, 0x30, 0x0b, 0x00, 0x00,
    0x10, 0x06, 0x94, 0xb5, 0x00, 0x09, 0x00, 0x00, 0x00, 0x38, 0x00, 0x18, 0xbb, 0xaa, 0xab, 0xbb,
    0xb0, 0x00, 0x00, 0x00, 0x00, 0x11, 0x10, 0x00, 0x00, 0x00, 0x00, 0x50, 0x00, 0x00, 0x00, 0x00,
    0x00, 0x00, 0x03, 0x40, 0x00, 0x0a, 0x77, 0x7a, 0x06, 0xbb, 0xbf, 0xbb, 0xa0, 0xb0, 0x01, 0x70,
    0x03, 0x20, 0x00, 0x50, 0x0b, 0x00, 0x61, 0x00, 0x17, 0x00, 0x08, 0x00, 0xb0, 0x07, 0x00, 0x00,
    0x80, 0x04, 0x40, 0x0b, 0x04, 0x20, 0x00, 0x03, 0x10, 0x80, 0x00, 0xb0, 0x80, 0x01, 0xbb, 0xbb,
    0xbe, 0xbb, 0x2b, 0x03, 0x70, 0x00, 0x00, 0x00, 0x00, 0x00, 0xb0, 0x07, 0x40, 0x0b, 0xbb, 0xbb,
    0xb4, 0x0b, 0x00, 0x1a, 0x00, 0x70, 0x00, 0x02, 0x50, 0xb0, 0x00, 0xb0, 0x07, 0x00, 0x00, 0x25,
    0x0b, 0x00, 0x29, 0x00, 0x70, 0x00, 0x02, 0x50, 0xb2, 0x66, 0x10, 0x0f, 0xbb, 0xbb, 0xd7, 0x0b,
    0x00, 0x00, 0x00, 0x70, 0x00, 0x02, 0x50, 0xb0, 0x00, 0x00, 0x00, 0x00, 0x22, 0x00, 0x00, 0x00,
    0x00, 0x00, 0x00, 0x00, 0x33, 0x00, 0x60, 0xa7, 0x77, 0x8a, 0x05, 0xbb, 0xee, 0xb5, 0x50, 0xb0,
    0x00, 0x74, 0x00, 0x00, 0x33, 0x08, 0x00, 0xb0, 0x01, 0x90, 0x00, 0x00, 0x33, 0x72, 0x00, 0xb0,
    0x07, 0x30, 0x2b, 0xbb, 0xef, 0xfb, 0xb2, 0xb0, 0x18, 0x00, 0x13, 0x33, 0x88, 0x33, 0x30, 0xb0,
    0x72, 0x00, 0x00, 0x06, 0x40, 0x00, 0x00, 0xb0, 0x19, 0x20, 0x02, 0xcf, 0xbb, 0xbb, 0xf0, 0xb0,
    0x01, 0xa1, 0x37, 0x5b, 0x00, 0x00, 0xf0, 0xb0, 0x00, 0x47, 0x00, 0x6f, 0xbb, 0xbb, 0xf0, 0xb0,
    0x00, 0x1b, 0x00, 0x5b, 0x00, 0x00, 0xf0, 0xb0, 0x00, 0x39, 0x00, 0x5b, 0x00, 0x00, 0xf0, 0xb0,
    0x67, 0x81, 0x00, 0x5f, 0xbb, 0xbb, 0xf0, 0xb0, 0x00, 0x00, 0x00, 0x5b, 0x00, 0x00, 0xf0, 0xb0,
    0x00, 0x00, 0x4b, 0xbf, 0xbf, 0xbb, 0x4b, 0xbb, 0xbb, 0xb0, 0x00, 0x0b, 0x0b, 0x00, 0x00, 0x00,
    0x00, 0xf0, 0x02, 0x2d, 0x2d, 0x22, 0x00, 0x00, 0x00, 0xf0, 0x0e, 0xff, 0xff, 0xff, 0x00, 0x00,
    0x00, 0xf0, 0x0e, 0x2d, 0x2d, 0x2f, 0x00, 0x00, 0x00, 0xf0, 0x0e, 0x0b, 0x0b, 0x0f, 0x2f, 0xbb,
    0xbb, 0xf0, 0x0e, 0x28, 0x0b, 0x0f, 0x3b, 0x00, 0x00, 0xf0, 0x0e, 0x82, 0x0d, 0xbf, 0x3b, 0x00,
    0x00, 0x30, 0x0e, 0x20, 0x00, 0x0f, 0x3b, 0x00, 0x00, 0x00, 0x0f, 0xbb, 0xbb, 0xbf, 0x3b, 0x00,
    0x00, 0x00, 0x0e, 0x00, 0x00, 0x0f, 0x3b, 0x00, 0x00, 0x03, 0x0e, 0x00, 0x00, 0x0f, 0x3b, 0x00,
    0x00, 0x08, 0x0f, 0xbb, 0xbb, 0xbf, 0x3c, 0x00, 0x00, 0x27, 0x0e, 0x00, 0x00, 0x0f, 0x1d, 0xcb,
    0xbb, 0xc2, 0x00, 0x00, 0x01, 0x23, 0x56, 0x88, 0x84, 0x00, 0x07, 0xbb, 0xba, 0x87, 0x53, 0x10,
    0x00, 0x00, 0x00, 0x10, 0x00, 0x41, 0x00, 0x00, 0x33, 0x00, 0x00, 0x62, 0x00, 0x18, 0x00, 0x00,
    0x80, 0x00, 0x00, 0x08, 0x00, 0x09, 0x10, 0x06, 0x20, 0x00, 0x00, 0x03, 0x00, 0x07, 0x00, 0x34,
    0x00, 0x00, 0x00, 0x00, 0x00, 0x0b, 0x00, 0x00, 0x00, 0x00, 0x5b, 0xbb, 0xbb, 0xef, 0xfb, 0xbb,
    0xbb, 0x80, 0x00, 0x00, 0x01, 0x8b, 0x53, 0x00, 0x00, 0x00, 0x00, 0x00, 0x18, 0x1b, 0x06, 0x30,
    0x00, 0x00, 0x00, 0x01, 0x81, 0x0b, 0x00, 0x64, 0x00, 0x00, 0x00, 0x38, 0x10, 0x0b, 0x00, 0x04,
    0x70, 0x00, 0x17, 0x50, 0x00, 0x0b, 0x00, 0x00, 0x17, 0x60, 0x31, 0x00, 0x00, 0x0b, 0x00, 0x00,
    0x00, 0x20, 0x00, 0x11, 0x11, 0x11, 0x11, 0x11, 0x11, 0x00, 0x0b, 0xff, 0xff, 0xff, 0xff, 0xff,
    0xb0, 0x00, 0xb0, 0x00, 0x0b, 0x00, 0x00, 0x0b, 0x00, 0x0b, 0x00, 0x00, 0xb0, 0x00, 0x00, 0xb0,
    0x00, 0xbb, 0xbb, 0xbf, 0xbb, 0xbb, 0xbb, 0x00, 0x0b, 0x00, 0x00, 0xb0, 0x00, 0x00, 0xb0, 0x00,
    0xb0, 0x00, 0x0b, 0x00, 0x00, 0x0b, 0x00, 0x0b, 0x00, 0x00, 0xb0, 0x00, 0x00, 0xb0, 0x00, 0x8b,
    0xbb, 0xbf, 0xbb, 0xbb, 0xb8, 0x00, 0x00, 0x00, 0x00, 0xb0, 0x00, 0x00, 0x00, 0x06, 0xbb, 0xbb,
    0xbf, 0xbb, 0xbb, 0xba, 0x00, 0x00, 0x00, 0x00, 0xb0, 0x00, 0x00, 0x00, 0x00, 0x00, 0x00, 0x0b,
    0x00, 0x00, 0x00, 0x00, 0x00, 0x00, 0x00, 0xb0, 0x00, 0x00, 0x00, 0x9f, 0xff, 0xff, 0xff, 0xff,
    0xff, 0xff, 0xd0, 0x00, 0x00, 0x00, 0x00, 0x02, 0x35, 0x50, 0x00, 0x19, 0xab, 0xba, 0xf9, 0x75,
    0x20, 0x00, 0x00, 0x10, 0x00, 0x0b, 0x00, 0x00, 0x00, 0x05, 0xbb, 0xbb, 0xbb, 0xfb, 0xbb, 0xbb,
    0xb9, 0x00, 0x00, 0x00, 0x0b, 0x00, 0x00, 0x00, 0x00, 0x09, 0xbb, 0xbb, 0xfb, 0xbb, 0xbc, 0x00,
    0x00, 0xb0, 0x00, 0x0b, 0x00, 0x00, 0xb0, 0x00, 0x0b, 0xbb, 0xbb, 0xfb, 0xbb, 0xbe, 0x00, 0x00,
    0xb0, 0x00, 0x0b, 0x00, 0x00, 0xb0, 0x00, 0x0b, 0xbb, 0xbb, 0xfb, 0xbb, 0xbe, 0x00, 0x00, 0x00,
    0x00, 0x0b, 0x00, 0x00, 0x00, 0x00, 0x4b, 0xbb, 0xbb, 0xfb, 0xbb, 0xbb, 0xa0, 0x00, 0x00, 0x00,
    0x0b, 0x00, 0x00, 0x00, 0x00, 0x00, 0x00, 0x00, 0xb0, 0x00, 0x00, 0x00, 0x8f, 0xff, 0xff, 0xff,
    0xff, 0xff, 0xff, 0xd0, 0x11, 0x11, 0x11, 0x11, 0x11, 0x11, 0x11, 0x00, 0x1c, 0xbb, 0xbb, 0xbb,
    0xbb, 0xc1, 0x00, 0x00, 0x17, 0x22, 0x22, 0x22, 0x22, 0x72, 0x00, 0x00, 0x18, 0x44, 0x44, 0x44,
    0x44, 0x82, 0x00, 0x00, 0x1d, 0xbb, 0xbb, 0xbb, 0xbb, 0xd2, 0x00, 0x04, 0x44, 0x44, 0x44, 0x44,
    0x44, 0x44, 0x40, 0x03, 0x33, 0x33, 0x33, 0x33, 0x33, 0x33, 0x30, 0x00, 0x5e, 0xee, 0xef, 0xfe,
    0xee, 0xe9, 0x00, 0x00, 0x61, 0x00, 0x04, 0x30, 0x00, 0x07, 0x00, 0x00, 0x6c, 0xbb, 0xbf, 0xeb,
    0xbb, 0xb9, 0x00, 0x00, 0x64, 0x33, 0x37, 0x63, 0x33, 0x38, 0x00, 0x00, 0x13, 0x33, 0x37, 0x63,
    0x33, 0x32, 0x00, 0x00, 0xbb, 0xbb, 0xbf, 0xeb, 0xbb, 0xbb, 0x10, 0x00, 0x00, 0x00, 0x04, 0x30,
    0x00, 0x00, 0x00, 0x3f, 0xff, 0xff, 0xff, 0xff, 0xff, 0xff, 0xf3, 0x00, 0x00, 0x00, 0x07, 0x30,
    0x00, 0x00, 0x00, 0x00, 0x00, 0x00, 0x38, 0x70, 0x00, 0x00, 0x00, 0x00, 0x00, 0x03, 0x70, 0x37,
    0x00, 0x00, 0x00, 0x00, 0x00, 0x56, 0x00, 0x02, 0x91, 0x00, 0x00, 0x00, 0x28, 0x30, 0x00, 0x00,
    0x18, 0x50, 0x00, 0x28, 0x87, 0xee, 0xef, 0xee, 0xeb, 0x49, 0x40, 0x41, 0x00, 0x00, 0x0b, 0x00,
    0x00, 0x00, 0x40, 0x00, 0x00, 0x00, 0x0b, 0x00, 0x00, 0x00, 0x00, 0x00, 0x00, 0x00, 0x0b, 0x00,
    0x00, 0x00, 0x00, 0x08, 0xbb, 0xbb, 0xbf, 0xbb, 0xbb, 0xbb, 0x10, 0x00, 0x03, 0x00, 0x0b, 0x00,
    0x02, 0x10, 0x00, 0x00, 0x06, 0x20, 0x0b, 0x00, 0x08, 0x00, 0x00, 0x00, 0x00, 0x70, 0x0b, 0x00,
    0x62, 0x00, 0x00, 0x00, 0x00, 0x30, 0x0b, 0x00, 0x30, 0x00, 0x00, 0x5e, 0xee, 0xee, 0xef, 0xee,
    0xee, 0xee, 0xa0, 0x00, 0x10, 0x00, 0x00, 0x00, 0x30, 0x00, 0x00, 0x08, 0x00, 0x00, 0x00, 0x0b,
    0x00, 0x00, 0x02, 0x60, 0x00, 0x00, 0x00, 0xb0, 0x00, 0x00, 0x8b, 0xbb, 0xb5, 0x00, 0x0b, 0x00,
    0x00, 0x42, 0x00, 0x00, 0x29, 0x44, 0xf4, 0x44, 0xa0, 0x9f, 0xff, 0xf5, 0xb0, 0x0b, 0x00, 0x0d,
    0x00, 0x0b, 0x00, 0x3b, 0x00, 0xb0, 0x00, 0xd0, 0x00, 0xb0, 0x03, 0xb0, 0x0b, 0x00, 0x0d, 0x25,
    0x5f, 0x55, 0x6b, 0x00, 0xb0, 0x00, 0xd1, 0x22, 0xd2, 0x24, 0xfb, 0xbf, 0xbb, 0xbf, 0x00, 0x0b,
    0x00, 0x3b, 0x00, 0xb0, 0x00, 0xc0, 0x00, 0xb0, 0x00, 0x00, 0x0b, 0x00, 0x00, 0x00, 0x0b, 0x01,
    0x30, 0x00, 0xb0, 0x00, 0x00, 0x00, 0xf7, 0x50, 0x00, 0x0b, 0x00, 0x00, 0x00, 0x6a, 0x00, 0x00,
    0x00, 0xb0, 0x00, 0x00, 0x00, 0x00, 0x00, 0x00, 0x00, 0x00, 0x00, 0x00, 0x00, 0x80, 0x00, 0x10,
    0x00, 0x72, 0x00, 0x00, 0x01, 0x70, 0x00, 0x71, 0x11, 0x81, 0x11, 0x10, 0x06, 0xcb, 0xb7, 0x17,
    0xbd, 0xfb, 0xbb, 0xb3, 0x17, 0x00, 0x00, 0x01, 0x07, 0x09, 0x00, 0x00, 0x13, 0x44, 0x42, 0x00,
    0x16, 0x0b, 0x00, 0x00, 0x03, 0x5f, 0x52, 0x00, 0xb9, 0x8f, 0x88, 0x60, 0x00, 0x0b, 0x0a, 0xbd,
    0x20, 0x0b, 0x00, 0x00, 0x02, 0x2d, 0x21, 0x0b, 0x00, 0x0b, 0x00, 0x00, 0x03, 0x3e, 0x32, 0x0d,
    0xbb, 0xbf, 0xbb, 0xb1, 0x00, 0x0b, 0x00, 0x0b, 0x00, 0x0b, 0x00, 0x00, 0x00, 0x0b, 0x00, 0x0b,
    0x00, 0x0b, 0x00, 0x00, 0x00, 0x0b, 0x34, 0x5f, 0x10, 0x0b, 0x00, 0x00, 0x00, 0x2f, 0x74, 0xc3,
    0x92, 0x03, 0x00, 0x00, 0x00, 0xa5, 0x0b, 0x10, 0x19, 0xbb, 0xbb, 0xb5, 0x00, 0x00, 0x00, 0x00,
    0x00, 0x00, 0x00, 0x00, 0x00, 0x00, 0x00, 0x00, 0x00, 0x10, 0x00, 0x00, 0x08, 0x00, 0x01, 0x20,
    0x0b, 0x00, 0x04, 0x02, 0x60, 0x00, 0x08, 0x00, 0xb0, 0x06, 0x20, 0xab, 0xbb, 0xb4, 0x16, 0x0b,
    0x04, 0x30, 0x42, 0x00, 0x00, 0x00, 0x30, 0xc0, 0x31, 0x00, 0xae, 0xfe, 0xe4, 0xfd, 0xdf, 0xdd,
    0xf3, 0x00, 0x0b, 0x00, 0x3c, 0x00, 0x00, 0x0b, 0x30, 0x00, 0xb0, 0x03, 0xc0, 0x00, 0x00, 0xb3,
    0x00, 0x0b, 0x00, 0x3f, 0x88, 0x88, 0x8f, 0x34, 0xbb, 0xfb, 0xb8, 0xc0, 0x00, 0x00, 0xb3, 0x00,
    0x0b, 0x00, 0x3c, 0x00, 0x00, 0x0b, 0x30, 0x00, 0xb0, 0x03, 0xfb, 0xbb, 0xbb, 0xf3, 0x00, 0x0b,
    0x02, 0x3c, 0x00, 0x00, 0x0b, 0x30, 0x01, 0xf8, 0x43, 0xc0, 0x00, 0x00, 0xb3, 0x00, 0x56, 0x00,
    0x3c, 0x00, 0x07, 0xbe, 0x20, 0x00, 0x00, 0x00, 0x00, 0x00, 0x00, 0x00, 0x00, 0x00, 0x00, 0x00,
    0x00, 0x30, 0x00, 0x00, 0x07, 0x10, 0x00, 0x30, 0x0b, 0x00, 0x20, 0x02, 0x70, 0x00, 0x06, 0x10,
    0xb0, 0x07, 0x00, 0x8b, 0xbb, 0xb6, 0x07, 0x0b, 0x06, 0x10, 0x42, 0x11, 0x11, 0x03, 0x53, 0xf4,
    0x53, 0x00, 0x8f, 0xff, 0xf1, 0xdc, 0xcd, 0xcc, 0xc0, 0x00, 0x0b, 0x00, 0x0b, 0x00, 0x00, 0x0b,
    0x00, 0x00, 0xb0, 0x00, 0xb0, 0x0b, 0x00, 0xb0, 0x00, 0x0b, 0x00, 0x0b, 0x00, 0xb0, 0x0b, 0x01,
    0xbb, 0xfb, 0xb5, 0xb0, 0x0b, 0x00, 0xb0, 0x00, 0x0b, 0x00, 0x0b, 0x00, 0xb0, 0x0b, 0x00, 0x00,
    0xb0, 0x00, 0xb0, 0x39, 0x00, 0xb0, 0x00, 0x0b, 0x01, 0x16, 0x0a, 0x42, 0x06, 0x00, 0x00, 0xe7,
    0x61, 0x19, 0x50, 0x57, 0x30, 0x00, 0x6a, 0x10, 0x68, 0x20, 0x00, 0x05, 0x70, 0x00, 0x00, 0x00,
    0x00, 0x00, 0x00, 0x00, 0x00, 0x20, 0x00, 0x00, 0x11, 0x00, 0x40, 0x00, 0x00, 0x80, 0x00, 0x00,
    0x43, 0x00, 0xb0, 0x00, 0x02, 0xa4, 0x44, 0x10, 0x43, 0x00, 0xb0, 0x00, 0x08, 0x65, 0x55, 0x19,
    0xfe, 0xbb, 0xfb, 0xa0, 0x45, 0x00, 0x00, 0x00, 0x43, 0x00, 0xb0, 0x00, 0x03, 0x59, 0x55, 0x00,
    0x43, 0x00, 0xb0, 0x00, 0x00, 0x0b, 0x00, 0x3f, 0xff, 0xff, 0xff, 0xf4, 0x00, 0x0b, 0x00, 0x00,
    0x00, 0x00, 0x00, 0x00, 0x00, 0x0b, 0x00, 0x06, 0x66, 0x66, 0x65, 0x00, 0x3b, 0xbf, 0xbb, 0x5f,
    0x22, 0x22, 0x28, 0x00, 0x00, 0x0b, 0x00, 0x0f, 0x00, 0x00, 0x07, 0x00, 0x00, 0x0b, 0x00, 0x0f,
    0xbb, 0xbb, 0xbf, 0x00, 0x00, 0x0b, 0x02, 0x0f, 0x00, 0x00, 0x07, 0x00, 0x00, 0x0d, 0x65, 0x0f,
    0x00, 0x00, 0x07, 0x00, 0x00, 0x59, 0x00, 0x0f, 0xbb, 0xbb, 0xbf, 0x00, 0x00, 0x00, 0x00, 0x01,
    0x00, 0x00, 0x00, 0x00, 0x00, 0x11, 0x00, 0x00, 0x00, 0x04, 0x00, 0x00, 0x00, 0x71, 0x00, 0x44,
    0x50, 0x0b, 0x00, 0x00, 0x00, 0x91, 0x10, 0x55, 0xbb, 0xbf, 0xbb, 0xb0, 0x04, 0x85, 0x53, 0x03,
    0x40, 0x0b, 0x00, 0xb0, 0x08, 0x00, 0x00, 0x07, 0x3b, 0xbf, 0xbb, 0xf9, 0x24, 0x59, 0x53, 0x35,
    0x00, 0x0b, 0x00, 0xb0, 0x00, 0x0b, 0x00, 0xfb, 0xcb, 0xbf, 0xbb, 0xb0, 0x00, 0x0b, 0x00, 0x00,
    0x70, 0x0b, 0x00, 0x00, 0x00, 0x0b, 0x00, 0x00, 0x72, 0x2d, 0x22, 0x20, 0x1b, 0xbf, 0xb8, 0x60,
    0x78, 0x8f, 0x88, 0x60, 0x00, 0x0b, 0x00, 0x46, 0x40, 0x0b, 0x00, 0x00, 0x00, 0x0b, 0x00, 0x0f,
    0x6b, 0xbf, 0xbb, 0xb3, 0x00, 0x0b, 0x00, 0x1a, 0x80, 0x0b, 0x00, 0x00, 0x00, 0x0f, 0x74, 0x81,
    0x6a, 0x4b, 0x00, 0x00, 0x00, 0xaa, 0x08, 0x20, 0x02, 0x8e, 0xbb, 0xb5, 0x00, 0x00, 0x00, 0x00,
    0x00, 0x00, 0x00, 0x00, 0x00, 0x00, 0x30, 0x00, 0x00, 0x00, 0x00, 0x00, 0x00, 0x00, 0xb0, 0x00,
    0x00, 0x00, 0x70, 0x00, 0x00, 0x00, 0xb0, 0x00, 0x00, 0x07, 0x10, 0x00, 0x00, 0x00, 0xb0, 0x00,
    0x02, 0x71, 0x00, 0x00, 0x00, 0x00, 0xb0, 0x00, 0x56, 0x00, 0x00, 0x00, 0x00, 0x00, 0xb0, 0x28,
    0x20, 0x00, 0x00, 0x00, 0x00, 0x00, 0xb0, 0x00, 0x00, 0x00, 0x00, 0x00, 0x2b, 0xbb, 0xfb, 0xbc,
    0xfb, 0xbb, 0xbb, 0xb2, 0x00, 0x00, 0xb0, 0x00, 0x70, 0x00, 0x00, 0x00, 0x00, 0x00, 0xb0, 0x00,
    0x35, 0x00, 0x00, 0x00, 0x00, 0x00, 0xb0, 0x00, 0x07, 0x10, 0x00, 0x00, 0x00, 0x00, 0xb0, 0x00,
    0x00, 0x81, 0x00, 0x00, 0x00, 0x00, 0xb0, 0x00, 0x00, 0x18, 0x20, 0x00, 0x00, 0x00, 0xb0, 0x15,
    0x62, 0x00, 0x67, 0x10, 0x00, 0x02, 0xf7, 0x62, 0x00, 0x00, 0x01, 0x71, 0x00, 0x01, 0x10, 0x00,
    0x00, 0x00, 0x00, 0x00, 0x02, 0x00, 0x00, 0x00, 0x00, 0x00, 0x00, 0x05, 0x20, 0xbb, 0xbb, 0xbb,
    0xbb, 0xf3, 0x00, 0x70, 0x00, 0x00, 0x00, 0x00, 0xb3, 0x60, 0x22, 0x00, 0x00, 0x00, 0x00, 0xb3,
    0xb0, 0x00, 0x00, 0x00, 0x00, 0x00, 0xb3, 0xb0, 0x00, 0x00, 0x00, 0x00, 0x00, 0xb3, 0xb0, 0x00,
    0x00, 0x00, 0x00, 0x00, 0xb3, 0xb0, 0x00, 0x00, 0x00, 0x00, 0x00, 0xb3, 0xb0, 0x00, 0x00, 0x00,
    0x00, 0x00, 0xb3, 0xb0, 0x00, 0x00, 0x00, 0x00, 0x00, 0xb3, 0xb0, 0x00, 0x00, 0x00, 0x00, 0x00,
    0xb3, 0xb0, 0x00, 0x00, 0x00, 0x00, 0x00, 0xb3, 0xb0, 0x00, 0x00, 0x00, 0x00, 0x00, 0xb3, 0xb0,
    0x00, 0x00, 0x00, 0x00, 0x00, 0xb3, 0xb0, 0x00, 0x00, 0x00, 0x0b, 0xbb, 0xd1, 0x20, 0x00, 0x00,
    0x00, 0x00, 0x00, 0x02, 0x60, 0x0a, 0xbb, 0xbb, 0xbb, 0xbf, 0x07, 0x10, 0x00, 0x00, 0x00, 0x00,
    0xe1, 0x11, 0x00, 0x00, 0x20, 0x00, 0x0e, 0xb0, 0x00, 0x00, 0x0b, 0x00, 0x00, 0xeb, 0x00, 0x00,
    0x00, 0xb0, 0x00, 0x0e, 0xb2, 0xbb, 0xbb, 0xbf, 0xbb, 0x80, 0xeb, 0x00, 0x00, 0x05, 0xe0, 0x00,
    0x0e, 0xb0, 0x00, 0x02, 0x6b, 0x00, 0x00, 0xeb, 0x00, 0x02, 0x60, 0xb0, 0x00, 0x0e, 0xb0, 0x04,
    0x50, 0x0b, 0x00, 0x00, 0xeb, 0x17, 0x30, 0x00, 0xb0, 0x00, 0x0e, 0xb3, 0x00, 0x00, 0x0c, 0x00,
    0x00, 0xeb, 0x00, 0x00, 0xab, 0x90, 0x00, 0x0e, 0xb0, 0x00, 0x00, 0x00, 0x01, 0xbc, 0xb0, 0x00,
    0x00, 0x00, 0x00, 0x00, 0x00, 0x21, 0x00, 0x00, 0x00, 0x00, 0x00, 0x01, 0x70, 0x0a, 0xbb, 0xbb,
    0xbb, 0xbf, 0x02, 0x60, 0x00, 0x00, 0x00, 0x00, 0xe1, 0x04, 0x00, 0x00, 0x00, 0x00, 0x0e, 0xb0,
    0x00, 0x00, 0x00, 0x00, 0x00, 0xeb, 0x00, 0x3f, 0xbb, 0xbb, 0x00, 0x0e, 0xb0, 0x04, 0xb0, 0x00,
    0xb0, 0x00, 0xeb, 0x00, 0x4b, 0x00, 0x0b, 0x00, 0x0e, 0xb0, 0x04, 0xb0, 0x00, 0xb0, 0x00, 0xeb,
    0x00, 0x4b, 0x00, 0x0b, 0x00, 0x0e, 0xb0, 0x04, 0xfb, 0xbb, 0xe0, 0x00, 0xeb, 0x00, 0x4b, 0x00,
    0x00, 0x00, 0x0e, 0xb0, 0x01, 0x20, 0x00, 0x00, 0x00, 0xeb, 0x00, 0x00, 0x00, 0x00, 0x00, 0x0e,
    0xb0, 0x00, 0x00, 0x00, 0x05, 0xbb, 0xb0, 0x00, 0x00, 0x00, 0x00, 0x00, 0x00, 0x02, 0x00, 0x00,
    0x00, 0x00, 0x00, 0x00, 0x06, 0x20, 0xab, 0xbb, 0xbb, 0xbb, 0xbf, 0x00, 0x80, 0x00, 0x00, 0x00,
    0x00, 0x0e, 0x00, 0x22, 0x00, 0x30, 0x00, 0x00, 0x0e, 0x70, 0x00, 0x00, 0xb0, 0x00, 0x00, 0x0e,
    0xb0, 0x00, 0x00, 0xb0, 0x00, 0x00, 0x0e, 0xb0, 0x9b, 0xbb, 0xfc, 0xbb, 0xb3, 0x0e, 0xb0, 0x00,
    0x05, 0xe8, 0x10, 0x00, 0x0e, 0xb0, 0x00, 0x17, 0xb1, 0x81, 0x00, 0x0e, 0xb0, 0x00, 0x80, 0xb0,
    0x18, 0x00, 0x0e, 0xb0, 0x08, 0x10, 0xb0, 0x02, 0x70, 0x0e, 0xb0, 0x71, 0x00, 0xb0, 0x00, 0x20,
    0x0e, 0xb0, 0x00, 0x00, 0xb0, 0x00, 0x00, 0x0e, 0xb0, 0x00, 0x00, 0x90, 0x00, 0x00, 0x0e, 0xb0,
    0x00, 0x00, 0x00, 0x01, 0xbb, 0xca, 0x00, 0x00, 0x00, 0x00, 0x00, 0x00, 0x00, 0x20, 0x00, 0x00,
    0x00, 0x00, 0x00, 0x01, 0x70, 0x0a, 0xbb, 0xbb, 0xbb, 0xbf, 0x03, 0x40, 0x00, 0x00, 0x00, 0x00,
    0xe1, 0x01, 0x00, 0x00, 0x00, 0x00, 0x0e, 0xb0, 0x00, 0x00, 0x00, 0x00, 0x00, 0xeb, 0x00, 0x9b,
    0xbb, 0xbb, 0x00, 0x0e, 0xb0, 0x0b, 0x00, 0x00, 0xb0, 0x00, 0xeb, 0x00, 0xb0, 0x00, 0x0b, 0x00,
    0x0e, 0xb0, 0x0b, 0xbb, 0xbb, 0xe0, 0x00, 0xeb, 0x00, 0xb0, 0x00, 0x0b, 0x00, 0x0e, 0xb0, 0x0b,
    0x00, 0x00, 0xb0, 0x00, 0xeb, 0x00, 0xb0, 0x00, 0x0b, 0x00, 0x0e, 0xb0, 0x08, 0xbb, 0xbb, 0xb0,
    0x00, 0xeb, 0x00, 0x00, 0x00, 0x00, 0x00, 0x0e, 0xb0, 0x00, 0x00, 0x00, 0x00, 0xbb, 0xb0, 0xaa,
    0xaa, 0xf0, 0x2f, 0xbb, 0xbb, 0xf3, 0xb0, 0x00, 0x60, 0x3b, 0x00, 0x00, 0xb4, 0xb0, 0x03, 0x30,
    0x3b, 0x00, 0x00, 0xb4, 0xb0, 0x06, 0x00, 0x3b, 0x00, 0x00, 0xb4, 0xb0, 0x25, 0x00, 0x3f, 0xbb,
    0xbb, 0xf4, 0xb0, 0x09, 0x00, 0x3b, 0x00, 0x00, 0xb4, 0xb0, 0x04, 0x70, 0x3b, 0x00, 0x00, 0xb4,
    0xb0, 0x00, 0xb0, 0x3a, 0x00, 0x00, 0xb4, 0xb0, 0x00, 0xb0, 0x4f, 0xbb, 0xbb, 0xf4, 0xb0, 0x13,
    0xb0, 0x67, 0x00, 0x00, 0xb4, 0xb0, 0x24, 0x10, 0x94, 0x00, 0x00, 0xb4, 0xb0, 0x00, 0x00, 0xc0,
    0x00, 0x00, 0xb4, 0xb0, 0x00, 0x07, 0x50, 0x00, 0x00, 0xb4, 0xb0, 0x00, 0x27, 0x00, 0x00, 0x6b,
    0xd2, 0x00, 0x00, 0x00, 0x00, 0x30, 0x00, 0x00, 0x8b, 0xbc, 0x90, 0x02, 0x60, 0x00, 0x00, 0xb0,
    0x05, 0x40, 0x05, 0x20, 0x00, 0x00, 0xb0, 0x08, 0x3b, 0xbf, 0xbb, 0xbb, 0xb8, 0xb0, 0x43, 0x00,
    0x16, 0x03, 0x00, 0x00, 0xb0, 0x72, 0x00, 0x52, 0x0b, 0x00, 0x00, 0xb0, 0x0a, 0x00, 0x70, 0x0b,
    0x00, 0x00, 0xb0, 0x05, 0x66, 0xfb, 0xbf, 0xbb, 0xb4, 0xb0, 0x01, 0xa1, 0x00, 0x0b, 0x00, 0x00,
    0xb0, 0x01, 0xa0, 0x00, 0x0b, 0x00, 0x00, 0xb0, 0x59, 0x60, 0x00, 0x0b, 0x00, 0x00, 0xb0, 0x11,
    0x4b, 0xbb, 0xbf, 0xbb, 0xba, 0xb0, 0x00, 0x00, 0x00, 0x0b, 0x00, 0x00, 0xb0, 0x00, 0x00, 0x00,
    0x0b, 0x00, 0x00, 0xb0, 0x00, 0x00, 0x00, 0x0b, 0x00, 0x00, 0x00, 0x00, 0x00, 0x00, 0x00, 0x00,
    0x00, 0x87, 0x77, 0x94, 0x44, 0x44, 0x44, 0x44, 0x1b, 0x00, 0x47, 0xbb, 0xbb, 0xbb, 0xbf, 0xb4,
    0xb0, 0x08, 0x00, 0x00, 0x00, 0x00, 0xb0, 0x0b, 0x02, 0x60, 0x00, 0x00, 0x00, 0x0b, 0x00, 0xb0,
    0x71, 0x0f, 0xbb, 0xbe, 0x00, 0xb0, 0x0b, 0x04, 0x50, 0xf0, 0x00, 0xb0, 0x0b, 0x00, 0xb0, 0x08,
    0x2f, 0x00, 0x0b, 0x00, 0xb0, 0x0b, 0x00, 0x38, 0xf0, 0x00, 0xb0, 0x0b, 0x00, 0xb0, 0x00, 0xbf,
    0x00, 0x0b, 0x00, 0xb0, 0x0b, 0x00, 0x49, 0xf7, 0x77, 0xb0, 0x0b, 0x00, 0xb0, 0xba, 0x2f, 0x00,
    0x00, 0x00, 0xb0, 0x0b, 0x00, 0x00, 0x00, 0x00, 0x00, 0x0b, 0x00, 0xb0, 0x00, 0x00, 0x00, 0x00,
    0x00, 0xb0, 0x0b, 0x00, 0x00, 0x00, 0x02, 0xbb, 0xb8, 0x00, 0x00, 0x00, 0x00, 0x00, 0x00, 0x00,
    0x00, 0x00, 0x00, 0x00, 0x00, 0x00, 0x04, 0x00, 0x00, 0x08, 0xbb, 0xca, 0x00, 0x00, 0xb0, 0x00,
    0x00, 0xb0, 0x06, 0x50, 0x00, 0x0b, 0x00, 0x00, 0x0b, 0x00, 0x90, 0x3b, 0xbb, 0xfb, 0xbb, 0x00,
    0xb0, 0x63, 0x00, 0x00, 0x0b, 0x00, 0x00, 0x0b, 0x08, 0x00, 0x00, 0x00, 0xb0, 0x00, 0x00, 0xb0,
    0x55, 0x00, 0x00, 0x0b, 0x00, 0x00, 0x0b, 0x00, 0x93, 0xbb, 0xbb, 0xfb, 0xbb, 0xb3, 0xb0, 0x03,
    0x80, 0x00, 0x0b, 0x00, 0x00, 0x0b, 0x00, 0x0b, 0x0a, 0x00, 0xb0, 0x0a, 0x40, 0xb0, 0x05, 0x90,
    0xb0, 0x0b, 0x00, 0xb4, 0x0b, 0x3b, 0x91, 0x0b, 0x00, 0xb0, 0x0b, 0x40, 0xb0, 0x00, 0x00, 0xb0,
    0x0b, 0x00, 0xb4, 0x0b, 0x00, 0x00, 0x0e, 0xbb, 0xfb, 0xbf, 0x50, 0xb0, 0x00, 0x00, 0x44, 0x44,
    0x44, 0xf4, 0x00, 0x00, 0x00, 0x00, 0x00, 0x30, 0x00, 0x00, 0x08, 0x77, 0x79, 0x00, 0x53, 0x00,
    0x00, 0x00, 0xb0, 0x06, 0x40, 0x2f, 0xbb, 0xbf, 0x40, 0x0b, 0x00, 0x90, 0x27, 0x71, 0x02, 0x70,
    0x00, 0xb0, 0x53, 0x06, 0x00, 0x76, 0x70, 0x00, 0x0b, 0x08, 0x00, 0x00, 0x17, 0x97, 0x30, 0x00,
    0xb0, 0x29, 0x03, 0x76, 0x12, 0x04, 0x66, 0x0b, 0x00, 0x78, 0x30, 0x00, 0x70, 0x00, 0x00, 0xb0,
    0x02, 0xa6, 0xbb, 0xbf, 0xbb, 0xb4, 0x0b, 0x00, 0x0b, 0x02, 0x00, 0x70, 0x00, 0x00, 0xb1, 0x37,
    0x73, 0x30, 0x07, 0x00, 0x00, 0x0b, 0x04, 0x30, 0x50, 0x00, 0x70, 0x00, 0x00, 0xb0, 0x00, 0x0a,
    0xbb, 0xbf, 0xbb, 0xbb, 0x0b, 0x00, 0x00, 0x00, 0x00, 0x70, 0x00, 0x00, 0xb0, 0x00, 0x00, 0x00,
    0x07, 0x00, 0x00, 0x00, 0x9b, 0xbb, 0xb4, 0xfb, 0xbb, 0xbb, 0xb0, 0x0b, 0x00, 0x35, 0x5b, 0x00,
    0x00, 0x0f, 0x00, 0xb0, 0x08, 0x05, 0xb0, 0x00, 0x00, 0xf0, 0x0b, 0x02, 0x60, 0x5f, 0xbb, 0xbb,
    0xbf, 0x00, 0xb0, 0x71, 0x05, 0xb0, 0x00, 0x00, 0xf0, 0x0b, 0x01, 0x80, 0x5b, 0x00, 0x00, 0x0f,
    0x00, 0xb0, 0x07, 0x35, 0xfb, 0xbb, 0xbb, 0xf0, 0x0b, 0x00, 0x29, 0x5b, 0x02, 0x40, 0x00, 0x00,
    0xb0, 0x00, 0xb5, 0xb0, 0x07, 0x00, 0x17, 0x0b, 0x00, 0x49, 0x5b, 0x00, 0x61, 0x28, 0x10, 0xb0,
    0xaa, 0x25, 0xb0, 0x01, 0xc5, 0x00, 0x0b, 0x00, 0x00, 0x5b, 0x00, 0x04, 0x60, 0x00, 0xb0, 0x00,
    0x05, 0xb0, 0x25, 0x15, 0x70, 0x0b, 0x00, 0x00, 0xad, 0x64, 0x10, 0x03, 0x91, 0x00, 0x00, 0x00,
    0x00, 0x02, 0x10, 0x00, 0x09, 0xbb, 0xc9, 0x00, 0x00, 0xc1, 0x00, 0x00, 0xb0, 0x07, 0x30, 0x00,
    0x81, 0x71, 0x00, 0x0b, 0x01, 0x80, 0x01, 0x81, 0x00, 0x64, 0x00, 0xb0, 0x71, 0x05, 0x70, 0x00,
    0x00, 0x48, 0x2b, 0x08, 0x11, 0x38, 0xdd, 0xfd, 0xdb, 0x11, 0xb0, 0x0a, 0x00, 0x00, 0x0b, 0x00,
    0x00, 0x0b, 0x00, 0x46, 0x00, 0x00, 0xb0, 0x00, 0x00, 0xb0, 0x01, 0xfb, 0xbb, 0xbf, 0xbb, 0xbb,
    0x3b, 0x00, 0x2a, 0x00, 0x00, 0xb0, 0x00, 0x00, 0xb3, 0xbc, 0x40, 0x80, 0x0b, 0x04, 0x40, 0x0b,
    0x00, 0x00, 0x35, 0x00, 0xb0, 0x06, 0x20, 0xb0, 0x00, 0x19, 0x00, 0x0b, 0x00, 0x08, 0x0b, 0x00,
    0x04, 0x10, 0x00, 0xb0, 0x00, 0x21, 0xb0, 0x00, 0x00, 0x2b, 0xbc, 0x00, 0x00, 0x00, 0x00, 0x00,
    0x00, 0x10, 0x00, 0x00, 0x00, 0x00, 0x00, 0x00, 0x00, 0x03, 0x00, 0x00, 0x09, 0xbb, 0xf1, 0x00,
    0x01, 0xb0, 0x00, 0x00, 0xb0, 0x06, 0x00, 0x00, 0x82, 0x60, 0x00, 0x0b, 0x03, 0x20, 0x00, 0x72,
    0x04, 0x40, 0x00, 0xb0, 0x60, 0x00, 0x73, 0x00, 0x05, 0x40, 0x0b, 0x07, 0x01, 0x85, 0xbb, 0xbb,
    0xb5, 0x40, 0xb0, 0x64, 0x51, 0x00, 0x00, 0x00, 0x04, 0x3b, 0x00, 0xa0, 0x11, 0x00, 0x40, 0x01,
    0x30, 0xb0, 0x0b, 0x01, 0x70, 0x07, 0x00, 0x52, 0x0b, 0x00, 0xc0, 0x07, 0x00, 0x70, 0x07, 0x00,
    0xb4, 0xc8, 0x00, 0x43, 0x07, 0x03, 0x40, 0x0b, 0x00, 0x00, 0x00, 0x50, 0x20, 0x70, 0x00, 0xb0,
    0x00, 0x00, 0x00, 0x00, 0x25, 0x00, 0x0b, 0x00, 0x07, 0xbb, 0xbb, 0xbf, 0xbb, 0xb3, 0xb0, 0x00,
    0x00, 0x00, 0x00, 0x00, 0x00, 0x00, 0x00, 0x00, 0x00, 0x02, 0x10, 0x00, 0x00, 0x08, 0x77, 0x79,
    0x00, 0x70, 0x00, 0x00, 0x00, 0xb0, 0x05, 0x50, 0x5f, 0xbb, 0xbf, 0x50, 0x0b, 0x00, 0x90, 0x29,
    0x60, 0x02, 0xa0, 0x00, 0xb0, 0x35, 0x17, 0x03, 0x63, 0x91, 0x00, 0x0b, 0x08, 0x00, 0x00, 0x09,
    0xf4, 0x00, 0x00, 0xb0, 0x29, 0x02, 0x68, 0x20, 0x47, 0x63, 0x0b, 0x00, 0x75, 0x6b, 0xbb, 0xbb,
    0xb1, 0x42, 0xb0, 0x02, 0x90, 0x30, 0x11, 0x00, 0x00, 0x0b, 0x00, 0x0b, 0x16, 0x04, 0x30, 0x00,
    0x00, 0xb0, 0x03, 0x85, 0x9b, 0xfe, 0xbb, 0xb2, 0x0b, 0x05, 0x50, 0x60, 0x04, 0x30, 0x00, 0x00,
    0xb0, 0x00, 0x01, 0xbb, 0xfe, 0xbb, 0xb1, 0x0b, 0x00, 0x00, 0x00, 0x04, 0x30, 0x00, 0x00, 0xb0,
    0x00, 0x9f, 0xff, 0xff, 0xff, 0xff, 0x30, 0x11, 0x11, 0x00, 0x00, 0x03, 0x30, 0x00, 0x0b, 0x66,
    0x71, 0x00, 0x00, 0x71, 0x00, 0x00, 0xb0, 0x04, 0x70, 0x5b, 0xbf, 0xbb, 0xbb, 0x9b, 0x03, 0x02,
    0x60, 0x04, 0x40, 0x00, 0x00, 0xb0, 0x50, 0x05, 0x00, 0x80, 0x00, 0x00, 0x0b, 0x06, 0x00, 0x00,
    0x8f, 0xbb, 0xbb, 0xf1, 0xb0, 0x81, 0x11, 0x64, 0xf0, 0x00, 0x0f, 0x1b, 0x03, 0xb7, 0xd0, 0x0f,
    0xbb, 0xbb, 0xf1, 0xb0, 0x0c, 0x0b, 0x00, 0xf0, 0x00, 0x0f, 0x1b, 0x00, 0xb0, 0xb0, 0x0f, 0xbb,
    0xbb, 0xf1, 0xb1, 0x79, 0x0b, 0x00, 0xf0, 0x00, 0x0f, 0x1b, 0x00, 0x00, 0xb0, 0x0f, 0x00, 0x00,
    0xf1, 0xb0, 0x00, 0x0e, 0xb2, 0xf0, 0x07, 0xbd, 0x0b, 0x00, 0x02, 0x05, 0xd4, 0x00, 0x00, 0x00,
    0xb0, 0x00, 0x00, 0x03, 0xac, 0xba, 0xab, 0x90, 0x00, 0x00, 0x00, 0x00, 0x00, 0x00, 0x00, 0x00,
    0x00, 0x00, 0x00, 0x10, 0x00, 0x00, 0x07, 0x77, 0x78, 0x00, 0x71, 0x00, 0x00, 0x00, 0xb0, 0x04,
    0x50, 0x3d, 0xbb, 0xda, 0x00, 0x0b, 0x00, 0x80, 0x36, 0x00, 0x07, 0x00, 0x00, 0xb0, 0x26, 0x0a,
    0xbb, 0xbf, 0xcb, 0xb2, 0x0b, 0x07, 0x00, 0x00, 0x00, 0x00, 0x04, 0x30, 0xb0, 0x37, 0x00, 0x00,
    0x00, 0x00, 0x43, 0x0b, 0x00, 0x83, 0x2b, 0xbb, 0xbb, 0xbf, 0x30, 0xb0, 0x02, 0x90, 0x00, 0x00,
    0x00, 0x43, 0x0b, 0x00, 0x0b, 0x6b, 0xbb, 0xbb, 0xbc, 0x20, 0xb0, 0x26, 0x70, 0x03, 0x70, 0x00,
    0x00, 0x0b, 0x04, 0x40, 0x48, 0x01, 0x82, 0x16, 0x00, 0xb0, 0x00, 0x26, 0xb0, 0x00, 0x22, 0x44,
    0x0b, 0x00, 0x08, 0x2b, 0x00, 0x00, 0xc0, 0x70, 0xb0, 0x00, 0x30, 0x9c, 0xbb, 0xca, 0x01, 0x01,
    0x00, 0x00, 0x00, 0x00, 0x00, 0x00, 0x00, 0x00, 0x00, 0x00, 0x00, 0x03, 0x14, 0x00, 0x00, 0x0a,
    0xdd, 0xdf, 0xd6, 0x07, 0x03, 0x60, 0x00, 0x00, 0x30, 0x0b, 0x00, 0x17, 0x00, 0x80, 0x00, 0x02,
    0x50, 0x0b, 0x00, 0xdf, 0xee, 0xfe, 0xe6, 0x05, 0x20, 0x0b, 0x01, 0xf0, 0x00, 0xb0, 0x00, 0x07,
    0x00, 0x0b, 0x07, 0xf0, 0x00, 0xb0, 0x00, 0x07, 0x00, 0x0b, 0x15, 0xf2, 0x22, 0xd2, 0x20, 0x0e,
    0xbb, 0xff, 0xb7, 0xf8, 0x88, 0xf8, 0x81, 0x00, 0x00, 0x7b, 0x00, 0xe0, 0x00, 0xb0, 0x00, 0x00,
    0x06, 0x2b, 0x00, 0xe0, 0x00, 0xb0, 0x00, 0x00, 0x26, 0x0b, 0x00, 0xfb, 0xbb, 0xfb, 0xb2, 0x01,
    0x80, 0x0b, 0x00, 0xe0, 0x00, 0xb0, 0x00, 0x19, 0x10, 0x0b, 0x00, 0xe0, 0x00, 0xb0, 0x00, 0x42,
    0x00, 0x0b, 0x00, 0xfb, 0xbb, 0xfb, 0xb7, 0x00, 0x3b, 0xba, 0x00, 0xf3, 0x33, 0x33, 0x32, 0x00,
    0x00, 0x00, 0x00, 0x00, 0x00, 0x00, 0x00, 0x11, 0x11, 0x11, 0x11, 0x11, 0x11, 0x11, 0x19, 0xbb,
    0xbb, 0xbb, 0xfb, 0xbb, 0xbb, 0xb7, 0x00, 0x00, 0x00, 0x0b, 0x00, 0x00, 0x00, 0x00, 0x00, 0x00,
    0x00, 0xb0, 0x00, 0x00, 0x00, 0x0e, 0xbb, 0xbb, 0xbf, 0xbb, 0xbb, 0xbf, 0x00, 0xb0, 0x00, 0x00,
    0xb0, 0x00, 0x00, 0xf0, 0x0b, 0x17, 0x30, 0x0b, 0x27, 0x20, 0x0f, 0x00, 0xb0, 0x04, 0x70, 0xb0,
    0x05, 0x60, 0xf0, 0x0b, 0x00, 0x00, 0x0b, 0x00, 0x00, 0x0f, 0x00, 0xb2, 0x71, 0x00, 0xb3, 0x61,
    0x00, 0xf0, 0x0b, 0x00, 0x66, 0x0b, 0x01, 0x74, 0x0f, 0x00, 0xb0, 0x00, 0x10, 0xb0, 0x00, 0x10,
    0xf0, 0x0b, 0x00, 0x00, 0x0b, 0x00, 0x00, 0x0f, 0x00, 0xb0, 0x00, 0x00, 0xb0, 0x07, 0xbc, 0xc0,
    0x00, 0x00, 0x00, 0x00, 0x00, 0x00, 0x00, 0x00, 0x3e, 0xee, 0xee, 0xfe, 0xee, 0xee, 0x80, 0x00,
    0x00, 0x00, 0xb0, 0x00, 0x00, 0x00, 0x8b, 0xbb, 0xbb, 0xfb, 0xbb, 0xbb, 0xb4, 0xb0, 0x00, 0x00,
    0xb0, 0x00, 0x00, 0x25, 0xb1, 0xbb, 0xb3, 0xb0, 0xbb, 0xb8, 0x25, 0x90, 0x00, 0x00, 0xb0, 0x00,
    0x00, 0x24, 0x07, 0xbb, 0xb3, 0xb0, 0xbb, 0xbb, 0x20, 0x00, 0x00, 0x00, 0x50, 0x00, 0x00, 0x00,
    0x04, 0xbb, 0xbb, 0xbb, 0xbb, 0xb9, 0x00, 0x00, 0x00, 0x00, 0x00, 0x00, 0x07, 0x00, 0x00, 0x9b,
    0xbb, 0xbb, 0xbb, 0xbd, 0x00, 0x00, 0x00, 0x00, 0x00, 0x00, 0x07, 0x00, 0x00, 0x00, 0x00, 0x00,
    0x00, 0x07, 0x00, 0x09, 0xbb, 0xbb, 0xbb, 0xbb, 0xbd, 0x00, 0x3e, 0xee, 0xee, 0xfe, 0xee, 0xee,
    0x80, 0x00, 0x00, 0x00, 0xb0, 0x00, 0x00, 0x00, 0x8b, 0xbb, 0xbb, 0xfb, 0xbb, 0xbb, 0xb4, 0xb0,
    0x00, 0x00, 0xb0, 0x00, 0x00, 0x25, 0xb0, 0xbb, 0xb3, 0xb0, 0xbb, 0xbb, 0x25, 0x90, 0x00, 0x00,
    0xb0, 0x00, 0x00, 0x24, 0x05, 0xbb, 0xb3, 0xb0, 0xbb, 0xbb, 0x20, 0x00, 0x22, 0x22, 0x62, 0x22,
    0x22, 0x00, 0x04, 0xdc, 0xcc, 0xfc, 0xcc, 0xcd, 0x30, 0x04, 0x30, 0x00, 0xb0, 0x00, 0x04, 0x30,
    0x04, 0xeb, 0xbb, 0xfb, 0xbb, 0xbf, 0x30, 0x04, 0x30, 0x00, 0xb0, 0x00, 0x04, 0x30, 0x04, 0x30,
    0x00, 0xb0, 0x00, 0x04, 0x30, 0x04, 0xff, 0xff, 0xff, 0xff, 0xff, 0x30, 0x03, 0xee, 0xee, 0xef,
    0xee, 0xee, 0xe8, 0x00, 0x00, 0x00, 0x00, 0x0b, 0x00, 0x00, 0x00, 0x00, 0x0b, 0xbb, 0xbb, 0xbf,
    0xbb, 0xbb, 0xbc, 0x80, 0x0b, 0x01, 0x11, 0x0b, 0x01, 0x11, 0x11, 0x80, 0x0a, 0x26, 0x66, 0x2b,
    0x06, 0x66, 0x41, 0x70, 0x00, 0x9b, 0xbb, 0x4b, 0x0b, 0xbb, 0xb2, 0x00, 0x00, 0x00, 0x80, 0x05,
    0x00, 0x00, 0x00, 0x00, 0x00, 0x08, 0x75, 0x55, 0x55, 0x55, 0x93, 0x00, 0x00, 0x7f, 0xbb, 0xbb,
    0xb8, 0x00, 0x52, 0x00, 0x18, 0x2e, 0x00, 0x00, 0x07, 0x00, 0x71, 0x00, 0x00, 0x0f, 0x22, 0x22,
    0x27, 0x00, 0x90, 0x00, 0x00, 0x0f, 0x99, 0x99, 0x96, 0x5b, 0x60, 0x20, 0x00, 0x0e, 0x10, 0x00,
    0x00, 0x00, 0x00, 0x91, 0x00, 0x08, 0xdb, 0xbb, 0xbb, 0xbb, 0xbb, 0x90, 0x00, 0x46, 0x66, 0x66,
    0xb6, 0x66, 0x64, 0x00, 0x08, 0xbb, 0xbb, 0xbb, 0xfb, 0xbb, 0xbb, 0x80, 0x0b, 0x02, 0x22, 0x20,
    0x71, 0x22, 0x20, 0xb0, 0x0b, 0x05, 0x55, 0x50, 0x72, 0x55, 0x51, 0xb0, 0x01, 0x0b, 0xbb, 0xa0,
    0x74, 0xbb, 0xb3, 0x10, 0x00, 0x00, 0x06, 0x10, 0x40, 0x00, 0x00, 0x00, 0x00, 0x01, 0x8e, 0xbb,
    0xbb, 0xbc, 0xf1, 0x00, 0x01, 0x67, 0x76, 0x10, 0x02, 0x78, 0x20, 0x00, 0x01, 0x10, 0x26, 0xdf,
    0xfd, 0x62, 0x00, 0x00, 0x5c, 0xbb, 0x97, 0x43, 0x13, 0x57, 0x89, 0x94, 0x00, 0x00, 0x00, 0x08,
    0x00, 0x00, 0x00, 0x00, 0x00, 0xab, 0xbb, 0xdf, 0xbb, 0xbb, 0xf5, 0x00, 0x00, 0x00, 0x04, 0x80,
    0x00, 0x00, 0x71, 0x00, 0x02, 0x56, 0x63, 0x00, 0x03, 0xbb, 0xa0, 0x00, 0x01, 0x10, 0x00, 0x00,
    0x00, 0x00, 0x00, 0x00, 0x0a, 0xee, 0xee, 0xff, 0xee, 0xee, 0xb0, 0x00, 0x00, 0x00, 0x43, 0x00,
    0x00, 0x00, 0x6b, 0xbb, 0xbb, 0xfe, 0xbb, 0xbb, 0xb8, 0x60, 0x00, 0x00, 0x43, 0x00, 0x00, 0x08,
    0x60, 0x77, 0x74, 0x43, 0x57, 0x77, 0x08, 0x24, 0xbb, 0xb7, 0x43, 0x8b, 0xbb, 0x53, 0x00, 0x00,
    0x00, 0x43, 0x00, 0x00, 0x00, 0x8b, 0xbb, 0xbb, 0xec, 0xbb, 0xbb, 0xbb, 0x00, 0x00, 0x00, 0x80,
    0x00, 0x00, 0x00, 0x07, 0xee, 0xef, 0xfe, 0xff, 0xee, 0xf0, 0x07, 0x00, 0x07, 0x00, 0x43, 0x00,
    0x70, 0x07, 0x00, 0x07, 0x00, 0x43, 0x00, 0x70, 0x07, 0x00, 0x07, 0x00, 0x43, 0x00, 0x70, 0x07,
    0x00, 0x07, 0x00, 0x43, 0x3b, 0xb0, 0x00, 0x00, 0x00, 0x00, 0x00, 0x00, 0x00, 0x00, 0x00, 0x50,
    0x00, 0x00, 0x30, 0x00, 0x00, 0x00, 0x00, 0xb0, 0x00, 0x00, 0x60, 0x00, 0x00, 0x09, 0xbb, 0xfb,
    0xba, 0x06, 0xdb, 0xc8, 0x00, 0x00, 0x00, 0xb0, 0x00, 0x26, 0x00, 0x71, 0x00, 0x04, 0x66, 0xf6,
    0x65, 0xa3, 0x35, 0x83, 0x10, 0x00, 0x00, 0xb0, 0x00, 0x8b, 0xbf, 0xbc, 0x50, 0x15, 0x55, 0x95,
    0x55, 0x00, 0x07, 0x01, 0x50, 0x03, 0xca, 0xaa, 0xf9, 0xbb, 0xbf, 0xbc, 0xf5, 0x03, 0xb0, 0x00,
    0xb4, 0x00, 0x07, 0x01, 0x50, 0x03, 0xfb, 0xbb, 0xf4, 0x00, 0x07, 0x01, 0x50, 0x03, 0xb0, 0x00,
    0xb4, 0x68, 0x8f, 0x89, 0x60, 0x03, 0xfb, 0xbb, 0xf4, 0x00, 0x07, 0x01, 0x30, 0x03, 0xb0, 0x00,
    0xb4, 0x00, 0x07, 0x00, 0x00, 0x03, 0xb0, 0x00, 0xb4, 0x00, 0x07, 0x00, 0x00, 0x03, 0xb0, 0x3b,
    0xe3, 0x3c, 0xc6, 0x00, 0x00, 0x00, 0x00, 0x00, 0x60, 0x02, 0x50, 0x00, 0x00, 0x00, 0x00, 0x00,
    0xf0, 0x04, 0xb0, 0x00, 0x00, 0x00, 0x00, 0x00, 0xf0, 0x04, 0xb0, 0x00, 0x00, 0x08, 0xbb, 0xbb,
    0xf0, 0x04, 0xfb, 0xbb, 0xb7, 0x00, 0x00, 0x00, 0xf0, 0x04, 0xb0, 0x00, 0x00, 0x00, 0x00, 0x00,
    0xf0, 0x04, 0xb0, 0x00, 0x00, 0x00, 0x00, 0x00, 0xf0, 0x04, 0xb0, 0x00, 0x00, 0x04, 0xbb, 0xbb,
    0xf0, 0x04, 0xfb, 0xbb, 0xb4, 0x00, 0x00, 0x00, 0xf0, 0x04, 0xb0, 0x00, 0x00, 0x00, 0x00, 0x00,
    0xf0, 0x04, 0xb0, 0x00, 0x00, 0x0a, 0xaa, 0xaa, 0xf0, 0x04, 0xfb, 0xbb, 0xba, 0x00, 0x00, 0x00,
    0xf0, 0x04, 0xb0, 0x00, 0x00, 0x00, 0x00, 0x00, 0xf0, 0x04, 0xb0, 0x00, 0x00, 0x00, 0x00, 0x00,
    0xf0, 0x04, 0xb0, 0x00, 0x00, 0x00, 0x00, 0x00, 0xf0, 0x04, 0xb0, 0x00, 0x00, 0xab, 0xbb, 0xbb,
    0xfc, 0xbb, 0xbb, 0xbb, 0x00, 0x00, 0x00, 0x80, 0x00, 0x00, 0x00, 0x04, 0x44, 0x44, 0xb4, 0x44,
    0x44, 0x40, 0x2d, 0xbb, 0xfb, 0xcb, 0xbf, 0xbb, 0xd2, 0x25, 0x00, 0x70, 0x00, 0x07, 0x00, 0x52,
    0x25, 0x00, 0x70, 0x00, 0x07, 0x00, 0x52, 0x25, 0x00, 0xcb, 0xbb, 0xba, 0x00, 0x52, 0x25, 0x00,
    0x70, 0x00, 0x07, 0x00, 0x52, 0x25, 0x00, 0xcb, 0xbb, 0xbb, 0x00, 0x52, 0x25, 0x00, 0x70, 0x00,
    0x07, 0x00, 0x52, 0x25, 0x00, 0x70, 0x00, 0x07, 0x00, 0x52, 0x2f, 0xbb, 0xfb, 0xbb, 0xbf, 0xbb,
    0xf2, 0x29, 0x44, 0x54, 0x44, 0x44, 0x44, 0x92, 0x00, 0x00, 0x00, 0x03, 0x00, 0x00, 0x00, 0x00,
    0x00, 0x00, 0x00, 0x05, 0x30, 0x00, 0x00, 0x00, 0x01, 0xbb, 0xbb, 0xbb, 0xfb, 0xbb, 0xbb, 0x30,
    0x00, 0x00, 0x50, 0x00, 0x00, 0x06, 0x00, 0x00, 0x00, 0x00, 0x26, 0x00, 0x00, 0x34, 0x00, 0x00,
    0x00, 0x00, 0x06, 0x00, 0x00, 0x80, 0x00, 0x00, 0x1b, 0xbb, 0xbb, 0xbb, 0xbc, 0xeb, 0xbb, 0xb1,
    0x00, 0x00, 0x00, 0x00, 0x00, 0x00, 0x00, 0x00, 0x00, 0x07, 0xbb, 0xbb, 0xbb, 0xbb, 0x90, 0x00,
    0x00, 0x07, 0x00, 0x00, 0x00, 0x00, 0x70, 0x00, 0x00, 0x07, 0x00, 0x00, 0x00, 0x00, 0x70, 0x00,
    0x00, 0x0c, 0xbb, 0xbb, 0xbb, 0xbb, 0xd0, 0x00, 0x00, 0x07, 0x00, 0x00, 0x00, 0x00, 0x70, 0x00,
    0x00, 0x07, 0x00, 0x00, 0x00, 0x00, 0x70, 0x00, 0x00, 0x0b, 0xbb, 0xbb, 0xbb, 0xbb, 0xe0, 0x00,
    0x00, 0x00, 0x00, 0x00, 0x00, 0x00, 0x00, 0x00, 0x6b, 0xbb, 0xbb, 0xbd, 0xbb, 0xbb, 0xbb, 0x00,
    0x00, 0x00, 0x44, 0x00, 0x00, 0x00, 0x00, 0x00, 0x00, 0x80, 0x00, 0x00, 0x00, 0x00, 0x8b, 0xbc,
    0xfb, 0xbb, 0xbb, 0x10, 0x00, 0x70, 0x00, 0x00, 0x00, 0x05, 0x20, 0x00, 0x70, 0x00, 0x04, 0x00,
    0x05, 0x20, 0x00, 0x70, 0x00, 0x16, 0x00, 0x05, 0x20, 0x00, 0x70, 0x00, 0x16, 0x00, 0x05, 0x20,
    0x00, 0x70, 0x00, 0x16, 0x00, 0x05, 0x20, 0x00, 0x70, 0x00, 0x34, 0x00, 0x05, 0x20, 0x00, 0x70,
    0x00, 0x81, 0x30, 0x05, 0x20, 0x00, 0x00, 0x07, 0x40, 0x38, 0x40, 0x00, 0x00, 0x05, 0x82, 0x00,
    0x00, 0x48, 0x20, 0x57, 0x72, 0x00, 0x00, 0x00, 0x00, 0x75, 0x00, 0x00, 0x00, 0x00, 0x00, 0x00,
    0x00, 0x00, 0x00, 0x00, 0xbb, 0xbb, 0xeb, 0xbb, 0xb2, 0x14, 0x44, 0x43, 0x00, 0x00, 0x80, 0x00,
    0x00, 0x13, 0x3e, 0x33, 0x00, 0x04, 0x40, 0x00, 0x00, 0x00, 0x0b, 0x00, 0x4c, 0xbd, 0xbb, 0xbc,
    0x00, 0x00, 0x0b, 0x00, 0x43, 0x00, 0x00, 0x07, 0x00, 0x00, 0x0b, 0x00, 0x43, 0x00, 0x70, 0x07,
    0x00, 0x00, 0x0b, 0x00, 0x43, 0x00, 0x70, 0x07, 0x00, 0x00, 0x0b, 0x00, 0x43, 0x00, 0x70, 0x07,
    0x00, 0x00, 0x0b, 0x00, 0x43, 0x00, 0x70, 0x07, 0x00, 0x00, 0x0f, 0x76, 0x43, 0x00, 0x70, 0x07,
    0x00, 0x37, 0x74, 0x00, 0x32, 0x03, 0x40, 0x05, 0x00, 0x00, 0x00, 0x00, 0x00, 0x08, 0x07, 0x20,
    0x00, 0x00, 0x00, 0x00, 0x01, 0x82, 0x00, 0x75, 0x00, 0x00, 0x00, 0x03, 0x76, 0x00, 0x00, 0x04,
    0x80, 0x00, 0x00, 0x01, 0x00, 0x00, 0x00, 0x00, 0x20, 0x00, 0x00, 0x30, 0x00, 0x00, 0x00, 0x00,
    0x00, 0x00, 0x00, 0xb0, 0x01, 0xbb, 0xbe, 0xbb, 0xb6, 0x14, 0x44, 0xf4, 0x42, 0x00, 0x08, 0x00,
    0x00, 0x13, 0x33, 0xe3, 0x32, 0x00, 0x43, 0x00, 0x00, 0x03, 0x00, 0xb0, 0x30, 0xbb, 0xeb, 0xbb,
    0xb0, 0x0b, 0x00, 0xb0, 0xb0, 0xb0, 0x05, 0x00, 0xb0, 0x0b, 0x00, 0xb0, 0xb0, 0xb0, 0x0b, 0x00,
    0xb0, 0x0b, 0x00, 0xb0, 0xb0, 0xb0, 0x0b, 0x00, 0xb0, 0x0b, 0x00, 0xb0, 0xb0, 0xb0, 0x0b, 0x00,
    0xb0, 0x0b, 0xbb, 0xfb, 0xe0, 0xb0, 0x29, 0x00, 0xb0, 0x00, 0x00, 0xb0, 0x00, 0xb0, 0x47, 0x00,
    0xb0, 0x00, 0x00, 0xb0, 0x00, 0x60, 0x83, 0x00, 0x60, 0x00, 0x00, 0xb0, 0x44, 0x01, 0xb0, 0x72,
    0x00, 0x00, 0x01, 0xf8, 0x40, 0x09, 0x30, 0x07, 0x30, 0x00, 0x05, 0x70, 0x03, 0x83, 0x00, 0x00,
    0x64, 0x00, 0x00, 0x00, 0x01, 0x00, 0x00, 0x00, 0x00, 0x0b, 0xbb, 0xbc, 0x97, 0xbb, 0xbf, 0xbb,
    0xb0, 0x00, 0x00, 0x82, 0x00, 0x01, 0x70, 0x00, 0x02, 0x60, 0x45, 0x00, 0x00, 0x62, 0x00, 0x00,
    0x02, 0xa6, 0x00, 0x0d, 0xbd, 0xbb, 0xc5, 0x00, 0x01, 0x83, 0x00, 0x70, 0x12, 0x02, 0x53, 0xdd,
    0xfe, 0xff, 0x17, 0x02, 0x50, 0x25, 0x00, 0x06, 0x10, 0x60, 0x70, 0x25, 0x02, 0x50, 0x00, 0x61,
    0x25, 0x07, 0x02, 0x50, 0x25, 0x00, 0x06, 0x16, 0x00, 0x70, 0x25, 0x02, 0x50, 0x00, 0x61, 0x00,
    0x07, 0x04, 0x30, 0x25, 0x00, 0x06, 0x10, 0x00, 0x50, 0x73, 0x12, 0x40, 0x00, 0x61, 0x00, 0x00,
    0x36, 0x18, 0x30, 0x00, 0x06, 0x10, 0x00, 0x47, 0x00, 0x08, 0x40, 0x6b, 0xc0, 0x01, 0x73, 0x00,
    0x00, 0x07, 0x00, 0x00, 0x21, 0x00, 0x00, 0x00, 0x00, 0x00, 0x00, 0x20, 0x72, 0x00, 0x8b, 0xbe,
    0xcb, 0xb0, 0x00, 0xb0, 0x75, 0x32, 0x00, 0x08, 0x00, 0x00, 0x00, 0xb0, 0x77, 0x53, 0x00, 0x08,
    0x00, 0x00, 0x00, 0xb0, 0x72, 0x00, 0x3c, 0xce, 0xbc, 0x60, 0x24, 0xe4, 0xb7, 0x44, 0x44, 0x04,
    0x01, 0x60, 0x4c, 0xcc, 0xfc, 0xcc, 0x44, 0x07, 0x01, 0x60, 0x00, 0x00, 0xb0, 0x00, 0x44, 0x07,
    0x01, 0x60, 0x00, 0x80, 0xb0, 0x25, 0x44, 0x07, 0x01, 0x60, 0x03, 0x60, 0xb0, 0x71, 0x44, 0x07,
    0x01, 0x60, 0x18, 0x00, 0xb1, 0x70, 0x44, 0x07, 0x01, 0x60, 0x11, 0x00, 0x37, 0x10, 0x33, 0x25,
    0x01, 0x60, 0x00, 0x00, 0x54, 0x00, 0x00, 0x72, 0x50, 0x00, 0x00, 0x06, 0x40, 0x00, 0x04, 0x50,
    0x48, 0x00, 0x04, 0x82, 0x00, 0x03, 0x74, 0x00, 0x02, 0x91, 0x02, 0x00, 0x00, 0x02, 0x00, 0x00,
    0x00, 0x10, 0x00, 0xcb, 0xbb, 0xb9, 0x8b, 0xbd, 0xbb, 0xb8, 0x00, 0xb0, 0x00, 0x0b, 0x00, 0x07,
    0x00, 0x00, 0x00, 0xeb, 0xbb, 0xbb, 0x03, 0x56, 0x33, 0x20, 0x00, 0xb0, 0x00, 0x0b, 0x0d, 0x55,
    0x55, 0xb0, 0x00, 0xeb, 0xbb, 0xbb, 0x0b, 0x08, 0x00, 0xb0, 0x00, 0x00, 0x00, 0x00, 0x0b, 0x0b,
    0x00, 0xb0, 0x5e, 0xee, 0xfe, 0xee, 0x4b, 0x0b, 0x00, 0xb0, 0x00, 0x00, 0xd0, 0x00, 0x0b, 0x0b,
    0x00, 0xb0, 0x00, 0x51, 0xd0, 0x00, 0x0b, 0x29, 0x00, 0xb0, 0x00, 0x60, 0xfb, 0xbb, 0x19, 0x65,
    0x30, 0x90, 0x00, 0xb2, 0xd0, 0x00, 0x01, 0xa0, 0x18, 0x10, 0x00, 0x79, 0xf0, 0x00, 0x19, 0x20,
    0x00, 0x82, 0x05, 0x21, 0xf7, 0x31, 0x61, 0x00, 0x00, 0x02, 0x28, 0x00, 0x03, 0x8a, 0xbb, 0xbb,
    0xbb, 0xb7, 0x10, 0x00, 0x00, 0x00, 0x00, 0x00, 0x00, 0x00, 0x00, 0x00, 0x20, 0x00, 0x00, 0x00,
    0x00, 0x00, 0x00, 0x00, 0x80, 0x00, 0x46, 0x68, 0x76, 0x62, 0x08, 0xbb, 0xfb, 0xbb, 0x00, 0x08,
    0x10, 0x00, 0x00, 0x51, 0x00, 0x60, 0x00, 0x16, 0x00, 0x00, 0x00, 0x17, 0x02, 0x60, 0x38, 0x77,
    0x66, 0xa0, 0x07, 0xcc, 0xbf, 0xb8, 0x34, 0x06, 0x10, 0xb0, 0x07, 0x10, 0x00, 0x50, 0x34, 0x0a,
    0x10, 0xb0, 0x07, 0x10, 0x48, 0x10, 0x34, 0x0b, 0x10, 0xb0, 0x07, 0x47, 0x40, 0x31, 0x34, 0x0b,
    0x00, 0xb0, 0x07, 0x00, 0x05, 0x60, 0x34, 0x0b, 0x00, 0xb0, 0x07, 0x02, 0x83, 0x01, 0x34, 0x0b,
    0x00, 0xb0, 0x07, 0x46, 0x00, 0x63, 0x23, 0x38, 0x00, 0x80, 0x07, 0x00, 0x07, 0x40, 0x00, 0x92,
    0x62, 0x00, 0x07, 0x04, 0x82, 0x00, 0x07, 0x60, 0x07, 0x40, 0x16, 0x73, 0x00, 0x05, 0x84, 0x00,
    0x00, 0x63, 0x00, 0x00, 0x00, 0x01, 0x00, 0x00, 0x00, 0x00, 0x00, 0x2f, 0xbb, 0xbb, 0xbb, 0xbb,
    0xcf, 0x00, 0x00, 0x3c, 0x00, 0x00, 0x00, 0x00, 0x1d, 0x00, 0x00, 0x3c, 0x00, 0x00, 0x00, 0x30,
    0x0d, 0x00, 0x00, 0x3c, 0x08, 0x00, 0x04, 0x40, 0x0d, 0x00, 0x00, 0x3c, 0x03, 0x70, 0x07, 0x00,
    0x0d, 0x00, 0x00, 0x3c, 0x00, 0x45, 0x16, 0x00, 0x0d, 0x00, 0x00, 0x4c, 0x00, 0x06, 0xb0, 0x00,
    0x0d, 0x00, 0x00, 0x4b, 0x00, 0x03, 0xd2, 0x00, 0x0d, 0x00, 0x00, 0x69, 0x00, 0x18, 0x19, 0x00,
    0x0d, 0x00, 0x00, 0x87, 0x00, 0x81, 0x02, 0x80, 0x0d, 0x00, 0x00, 0xb3, 0x07, 0x40, 0x00, 0x64,
    0x0c, 0x11, 0x01, 0xc0, 0x85, 0x00, 0x00, 0x08, 0x0a, 0x3c, 0x06, 0x60, 0x20, 0x00, 0x00, 0x00,
    0x06, 0x6b, 0x0a, 0x00, 0x00, 0x00, 0x00, 0x00, 0x01, 0xc7, 0x00, 0x00, 0x00, 0x00, 0x00, 0x00,
    0x00, 0x00, 0x00, 0x00, 0x20, 0x00, 0x00, 0x01, 0x00, 0x00, 0x00, 0x00, 0x62, 0x00, 0x00, 0x08,
    0x00, 0x00, 0x00, 0x00, 0x06, 0x00, 0x00, 0x72, 0x00, 0x00, 0x1b, 0xbb, 0xbb, 0xbe, 0xeb, 0xeb,
    0xbb, 0xb1, 0x00, 0x00, 0x00, 0x07, 0x10, 0x00, 0x00, 0x00, 0x00, 0x0b, 0xbb, 0xbf, 0xbb, 0xbb,
    0xb1, 0x00, 0x00, 0x07, 0x00, 0x00, 0x00, 0x00, 0x61, 0x00, 0x00, 0x07, 0x00, 0x00, 0x00, 0x00,
    0x61, 0x00, 0x00, 0x0f, 0xbb, 0xbb, 0xbb, 0xbb, 0xf1, 0x00, 0x00, 0x07, 0x00, 0x00, 0x00, 0x00,
    0x61, 0x00, 0x00, 0x07, 0x00, 0x00, 0x00, 0x00, 0x61, 0x00, 0x00, 0x0f, 0xbb, 0xbb, 0xbb, 0xbb,
    0xf1, 0x00, 0x00, 0x07, 0x00, 0x00, 0x00, 0x00, 0x61, 0x00, 0x00, 0x0f, 0xbb, 0xbb, 0xbb, 0xbb,
    0xf1, 0x00, 0x00, 0x07, 0x00, 0x00, 0x00, 0x00, 0x61, 0x00, 0x00, 0x00, 0x00, 0x00, 0x00, 0x00,
    0x20, 0x00, 0x00, 0x12, 0x35, 0x96, 0x66, 0x75, 0x10, 0x01, 0x65, 0x43, 0x2c, 0x00, 0x00, 0x00,
    0x00, 0x00, 0x00, 0x00, 0xb0, 0x00, 0x00, 0x00, 0x6b, 0xbb, 0xbb, 0xef, 0xeb, 0xbb, 0xbb, 0xa0,
    0x00, 0x00, 0x36, 0xb3, 0x60, 0x00, 0x00, 0x00, 0x00, 0x47, 0x0b, 0x03, 0x70, 0x00, 0x00, 0x00,
    0x65, 0x00, 0xb0, 0x02, 0x82, 0x00, 0x04, 0x82, 0x00, 0x06, 0x00, 0x00, 0x67, 0x14, 0x40, 0xfb,
    0xbb, 0xbb, 0xbb, 0xbf, 0x25, 0x00, 0x0f, 0x00, 0x00, 0x00, 0x00, 0xf1, 0x00, 0x00, 0xfb, 0xbb,
    0xbb, 0xbb, 0xbf, 0x10, 0x00, 0x0f, 0x00, 0x00, 0x00, 0x00, 0xf1, 0x00, 0x00, 0xf0, 0x00, 0x00,
    0x00, 0x0f, 0x10, 0x00, 0x0f, 0xbb, 0xbb, 0xbb, 0xbb, 0xf1, 0x00, 0x00, 0x10, 0x00, 0x00, 0x00,
    0x00, 0x00, 0x00, 0x8b, 0xbb, 0xbb, 0xbb, 0xbf, 0x40, 0x00, 0x00, 0x00, 0x00, 0x00, 0x00, 0x52,
    0x00, 0x00, 0x02, 0x40, 0x00, 0x00, 0x07, 0x00, 0x00, 0x00, 0x33, 0x00, 0x00, 0x00, 0x70, 0x00,
    0x00, 0x05, 0x20, 0x00, 0x00, 0x07, 0x00, 0x00, 0x00, 0x60, 0x00, 0x00, 0x00, 0x70, 0x00, 0x00,
    0x09, 0xcc, 0xcc, 0xcc, 0xce, 0xcd, 0x70, 0x00, 0x00, 0x00, 0x00, 0x00, 0x00, 0x34, 0x00, 0x00,
    0x00, 0x00, 0x00, 0x00, 0x05, 0x20, 0xbb, 0xbb, 0xbb, 0xbb, 0xbb, 0x40, 0x71, 0x00, 0x00, 0x00,
    0x00, 0x00, 0x00, 0x08, 0x00, 0x00, 0x00, 0x00, 0x00, 0x00, 0x01, 0x90, 0x00, 0x00, 0x00, 0x00,
    0x07, 0xcb, 0xc3, 0x00, 0x00, 0x00, 0x00, 0x00, 0x00, 0x00, 0x00, 0x00, 0x00, 0x17, 0x00, 0x00,
    0x00, 0x00, 0x00, 0x00, 0x0b, 0x87, 0x77, 0xa2, 0x00, 0x00, 0x00, 0x18, 0x10, 0x00, 0x17, 0x00,
    0x00, 0x00, 0x4a, 0xff, 0xff, 0xff, 0xff, 0xff, 0x10, 0x04, 0x35, 0x00, 0x04, 0x30, 0x00, 0x51,
    0x00, 0x03, 0xdb, 0xbb, 0xfe, 0xbb, 0xbc, 0x10, 0x00, 0x35, 0x00, 0x04, 0x30, 0x00, 0x51, 0x00,
    0x01, 0x76, 0x66, 0x87, 0x66, 0x67, 0x10, 0x0b, 0xbb, 0xbb, 0xbb, 0xbb, 0xbb, 0xbb, 0x50, 0x00,
    0x00, 0x00, 0x00, 0x00, 0x00, 0x00, 0x00, 0x0a, 0xbb, 0xbb, 0xbb, 0xbb, 0xa0, 0x00, 0x00, 0x70,
    0x00, 0x00, 0x00, 0x07, 0x00, 0x00, 0x0d, 0xbb, 0xbb, 0xbb, 0xbb, 0xd0, 0x00, 0x00, 0x70, 0x00,
    0x00, 0x00, 0x07, 0x00, 0x00, 0x0d, 0xbb, 0xbb, 0xbb, 0xbb, 0xd0, 0x00, 0x00, 0x00, 0x00, 0x00,
    0x00, 0x00, 0x00, 0x00, 0x00, 0x02, 0x62, 0x02, 0x10, 0x00, 0x00, 0x04, 0x77, 0xe5, 0x20, 0x06,
    0x00, 0x00, 0x00, 0x00, 0x00, 0xb0, 0x00, 0x0c, 0x7c, 0x77, 0xf0, 0x2b, 0xbb, 0xfb, 0xbb, 0x43,
    0x07, 0x00, 0xe0, 0x00, 0x06, 0xf5, 0x00, 0x80, 0x44, 0x02, 0xd0, 0x00, 0x45, 0xb3, 0x70, 0x11,
    0x80, 0x03, 0xc0, 0x04, 0x60, 0xb0, 0x11, 0x88, 0x10, 0x05, 0x90, 0x25, 0x00, 0xb0, 0x27, 0x46,
    0x05, 0xbd, 0x30, 0x00, 0x00, 0x17, 0x50, 0x41, 0x73, 0x00, 0x00, 0x00, 0x16, 0x71, 0x00, 0xb0,
    0x04, 0x86, 0x10, 0x18, 0x61, 0x36, 0x00, 0xb0, 0x54, 0x03, 0x84, 0x00, 0x00, 0x03, 0x58, 0xfa,
    0x40, 0x00, 0x00, 0x00, 0x01, 0x57, 0x50, 0xb3, 0x85, 0x00, 0x00, 0x00, 0x66, 0x10, 0x00, 0xb0,
    0x02, 0x82, 0x00, 0x00, 0x00, 0x00, 0xac, 0x90, 0x00, 0x00, 0x00, 0x00, 0xae, 0xee, 0xef, 0xfe,
    0xee, 0xe0, 0x00, 0x00, 0xb0, 0x20, 0x03, 0x40, 0x20, 0xb0, 0x00, 0x00, 0xb0, 0x26, 0x03, 0x40,
    0x70, 0xb0, 0x00, 0x00, 0xb0, 0x08, 0x03, 0x44, 0x30, 0xb0, 0x00, 0x00, 0xb0, 0x02, 0x13, 0x44,
    0x00, 0xb0, 0x00, 0x00, 0x8b, 0xbb, 0xbe, 0xfb, 0xbb, 0xb0, 0x00, 0x00, 0x00, 0x00, 0x03, 0x40,
    0x00, 0x00, 0x00, 0x00, 0x8b, 0xbb, 0xbe, 0xfb, 0xbb, 0xb7, 0x00, 0x00, 0x00, 0x00, 0x03, 0x40,
    0x00, 0x00, 0x00, 0x1b, 0xbb, 0xbb, 0xbe, 0xfb, 0xbb, 0xbb, 0xb1, 0x04, 0x44, 0x44, 0x44, 0x44,
    0x44, 0x44, 0x40, 0x00, 0x31, 0x02, 0x10, 0x03, 0x00, 0x50, 0x00, 0x00, 0x70, 0x03, 0x60, 0x07,
    0x00, 0x37, 0x00, 0x05, 0x30, 0x01, 0xa0, 0x05, 0x10, 0x02, 0x70, 0x02, 0x00, 0x00, 0x10, 0x00,
    0x00, 0x00, 0x10, 0x00, 0x00, 0x00, 0x00, 0x00, 0x03, 0x00, 0x00, 0x0b, 0xff, 0xff, 0xfb, 0x00,
    0x0a, 0x10, 0x00, 0x0b, 0x10, 0x60, 0x1b, 0x00, 0x0a, 0x35, 0x00, 0x0b, 0x54, 0x61, 0x6b, 0x00,
    0x0a, 0x06, 0x20, 0x0b, 0x19, 0x65, 0x1b, 0x00, 0x0a, 0x00, 0x30, 0x0b, 0x03, 0x63, 0x0b, 0x56,
    0x6f, 0x66, 0x62, 0x08, 0xbb, 0xfb, 0xb8, 0x00, 0x0f, 0x00, 0x00, 0x00, 0x00, 0x60, 0x00, 0x00,
    0x2f, 0x00, 0x00, 0x08, 0xbb, 0xfb, 0xb9, 0x00, 0x4b, 0x30, 0x00, 0x00, 0x00, 0x61, 0x12, 0x00,
    0x75, 0x60, 0x00, 0x0b, 0xce, 0xff, 0xeb, 0x00, 0xa0, 0x70, 0x00, 0x05, 0x42, 0x10, 0x00, 0x01,
    0x90, 0x52, 0x00, 0x05, 0x15, 0x05, 0x42, 0x07, 0x30, 0x08, 0x00, 0x07, 0x07, 0x16, 0x08, 0x19,
    0x00, 0x04, 0x50, 0x42, 0x07, 0x15, 0x02, 0x91, 0x00, 0x00, 0x64, 0x00, 0x00, 0x00, 0x00, 0x20,
    0x00, 0x00, 0x00, 0x00, 0x01, 0x54, 0x00, 0x00, 0x00, 0x00, 0x00, 0xda, 0x84, 0x00, 0x3b, 0xbb,
    0xb6, 0x00, 0x0a, 0x00, 0x00, 0x00, 0x00, 0x00, 0x60, 0x00, 0xb1, 0x11, 0x10, 0x00, 0x00, 0x06,
    0x00, 0x0f, 0x99, 0x96, 0x00, 0xbb, 0xbb, 0x90, 0x00, 0xa0, 0x00, 0x00, 0x00, 0x00, 0x06, 0x00,
    0x0f, 0xee, 0xee, 0xee, 0xee, 0xee, 0x70, 0x00, 0x50, 0x00, 0x05, 0x00, 0x00, 0x60, 0x00, 0x0c,
    0x05, 0x10, 0xb0, 0x51, 0x0b, 0x00, 0x00, 0xc0, 0x06, 0x2b, 0x00, 0x71, 0xb0, 0x00, 0x0c, 0x03,
    0x00, 0xb0, 0x20, 0x0b, 0x00, 0x00, 0xc0, 0x47, 0x1b, 0x04, 0x70, 0xb0, 0x00, 0x0c, 0x00, 0x10,
    0xb0, 0x02, 0x29, 0x20, 0x00, 0xf6, 0x88, 0x3f, 0x89, 0x72, 0x57, 0x52, 0x3a, 0x40, 0x04, 0x82,
    0x00, 0x00, 0xbb, 0x00, 0x2d, 0x02, 0xd0, 0x1d, 0x01, 0xc0, 0x0b, 0x00, 0xb0, 0x0a, 0x00, 0x90,
    0x03, 0x00, 0x00, 0x04, 0x03, 0xd0, 0x00, 0x05, 0x00, 0x05, 0x60, 0x02, 0x90, 0x00, 0x92, 0x00,
    0x29, 0x00, 0x06, 0x50, 0x00, 0x92, 0x00, 0x0b, 0x00, 0x00, 0xb1, 0x00, 0x09, 0x20, 0x00, 0x65,
    0x00, 0x01, 0xa0, 0x00, 0x08, 0x20, 0x00, 0x19, 0x00, 0x00, 0x37, 0x00, 0x00, 0x30, 0x05, 0x00,
    0x00, 0x65, 0x00, 0x00, 0x92, 0x00, 0x02, 0x90, 0x00, 0x09, 0x20, 0x00, 0x56, 0x00, 0x02, 0x90,
    0x00, 0x0b, 0x00, 0x01, 0xb0, 0x00, 0x29, 0x00, 0x05, 0x60, 0x00, 0xa1, 0x00, 0x28, 0x00, 0x09,
    0x10, 0x07, 0x30, 0x00, 0x30, 0x00, 0x1c, 0x52, 0xfe, 0x02, 0x90, 0x83, 0x75, 0x00, 0x00, 0xa8,
    0xca, 0x00, 0x00, 0x00, 0x00, 0x00, 0x00, 0xa8, 0xca, 0x02, 0xab, 0xc9, 0x13, 0xa2, 0x00, 0x5a,
    0x20, 0x00, 0x00, 0xc0, 0x00, 0x00, 0x0b, 0x00, 0x00, 0x06, 0x60, 0x00, 0x04, 0x70, 0x00, 0x02,
    0x70, 0x00, 0x00, 0x80, 0x00, 0x00, 0x06, 0x00, 0x00, 0x00, 0x00, 0x00, 0x00, 0x04, 0x00, 0x00,
    0x00, 0xd1, 0x00,
};

static const lv_font_fmt_txt_glyph_dsc_t glyph_dsc[] = {
    {.bitmap_index = 0, .adv_w = 0, .box_w = 0, .box_h = 0, .ofs_x = 0, .ofs_y = 0} /* id = 0 reserved */,
    {.bitmap_index = 0, .adv_w = 64, .box_w = 0, .box_h = 0, .ofs_x = 0, .ofs_y = 0},
    {.bitmap_index = 0, .adv_w = 80, .box_w = 3, .box_h = 12, .ofs_x = 1, .ofs_y = 0},
    {.bitmap_index = 18, .adv_w = 80, .box_w = 3, .box_h = 4, .ofs_x = 1, .ofs_y = 9},
    {.bitmap_index = 24, .adv_w = 128, .box_w = 8, .box_h = 12, .ofs_x = 0, .ofs_y = 0},
    {.bitmap_index = 72, .adv_w = 128, .box_w = 7, .box_h = 16, .ofs_x = 0, .ofs_y = -2},
    {.bitmap_index = 128, .adv_w = 224, .box_w = 13, .box_h = 12, .ofs_x = 0, .ofs_y = 0},
    {.bitmap_index = 206, .adv_w = 144, .box_w = 10, .box_h = 12, .ofs_x = 0, .ofs_y = 0},
    {.bitmap_index = 266, .adv_w = 48, .box_w = 1, .box_h = 4, .ofs_x = 1, .ofs_y = 9},
    {.bitmap_index = 268, .adv_w = 64, .box_w = 3, .box_h = 18, .ofs_x = 1, .ofs_y = -4},
    {.bitmap_index = 295, .adv_w = 64, .box_w = 3, .box_h = 18, .ofs_x = 0, .ofs_y = -4},
    {.bitmap_index = 322, .adv_w = 112, .box_w = 5, .box_h = 5, .ofs_x = 1, .ofs_y = 8},
    {.bitmap_index = 335, .adv_w = 144, .box_w = 9, .box_h = 9, .ofs_x = 0, .ofs_y = 2},
    {.bitmap_index = 376, .adv_w = 64, .box_w = 3, .box_h = 5, .ofs_x = 0, .ofs_y = -3},
    {.bitmap_index = 384, .adv_w = 80, .box_w = 5, .box_h = 1, .ofs_x = 0, .ofs_y = 4},
    {.bitmap_index = 387, .adv_w = 48, .box_w = 3, .box_h = 2, .ofs_x = 0, .ofs_y = 0},
    {.bitmap_index = 390, .adv_w = 96, .box_w = 7, .box_h = 16, .ofs_x = 0, .ofs_y = -3},
    {.bitmap_index = 446, .adv_w = 128, .box_w = 7, .box_h = 12, .ofs_x = 1, .ofs_y = 0},
    {.bitmap_index = 488, .adv_w = 128, .box_w = 7, .box_h = 12, .ofs_x = 1, .ofs_y = 0},
    {.bitmap_index = 530, .adv_w = 128, .box_w = 8, .box_h = 12, .ofs_x = 0, .ofs_y = 0},
    {.bitmap_index = 578, .adv_w = 128, .box_w = 7, .box_h = 12, .ofs_x = 0, .ofs_y = 0},
    {.bitmap_index = 620, .adv_w = 128, .box_w = 8, .box_h = 12, .ofs_x = 0, .ofs_y = 0},
    {.bitmap_index = 668, .adv_w = 128, .box_w = 8, .box_h = 12, .ofs_x = 0, .ofs_y = 0},
    {.bitmap_index = 716, .adv_w = 128, .box_w = 7, .box_h = 12, .ofs_x = 1, .ofs_y = 0},
    {.bitmap_index = 758, .adv_w = 128, .box_w = 8, .box_h = 12, .ofs_x = 0, .ofs_y = 0},
    {.bitmap_index = 806, .adv_w = 128, .box_w = 7, .box_h = 12, .ofs_x = 0, .ofs_y = 0},
    {.bitmap_index = 848, .adv_w = 128, .box_w = 7, .box_h = 12, .ofs_x = 1, .ofs_y = 0},
    {.bitmap_index = 890, .adv_w = 48, .box_w = 3, .box_h = 9, .ofs_x = 0, .ofs_y = 0},
    {.bitmap_index = 904, .adv_w = 48, .box_w = 3, .box_h = 12, .ofs_x = 0, .ofs_y = -3},
    {.bitmap_index = 922, .adv_w = 144, .box_w = 7, .box_h = 8, .ofs_x = 1, .ofs_y = 2},
    {.bitmap_index = 950, .adv_w = 128, .box_w = 8, .box_h = 5, .ofs_x = 0, .ofs_y = 4},
    {.bitmap_index = 970, .adv_w = 144, .box_w = 7, .box_h = 8, .ofs_x = 1, .ofs_y = 2},
    {.bitmap_index = 998, .adv_w = 112, .box_w = 6, .box_h = 12, .ofs_x = 0, .ofs_y = 0},
    {.bitmap_index = 1034, .adv_w = 240, .box_w = 13, .box_h = 15, .ofs_x = 1, .ofs_y = -3},
    {.bitmap_index = 1132, .adv_w = 144, .box_w = 9, .box_h = 12, .ofs_x = 0, .ofs_y = 0},
    {.bitmap_index = 1186, .adv_w = 176, .box_w = 8, .box_h = 12, .ofs_x = 2, .ofs_y = 0},
    {.bitmap_index = 1234, .adv_w = 160, .box_w = 9, .box_h = 12, .ofs_x = 1, .ofs_y = 0},
    {.bitmap_index = 1288, .adv_w = 176, .box_w = 8, .box_h = 12, .ofs_x = 2, .ofs_y = 0},
    {.bitmap_index = 1336, .adv_w = 144, .box_w = 7, .box_h = 12, .ofs_x = 2, .ofs_y = 0},
    {.bitmap_index = 1378, .adv_w = 144, .box_w = 7, .box_h = 12, .ofs_x = 2, .ofs_y = 0},
    {.bitmap_index = 1420, .adv_w = 176, .box_w = 9, .box_h = 12, .ofs_x = 1, .ofs_y = 0},
    {.bitmap_index = 1474, .adv_w = 192, .box_w = 8, .box_h = 12, .ofs_x = 2, .ofs_y = 0},
    {.bitmap_index = 1522, .adv_w = 80, .box_w = 1, .box_h = 12, .ofs_x = 2, .ofs_y = 0},
    {.bitmap_index = 1528, .adv_w = 144, .box_w = 6, .box_h = 12, .ofs_x = 1, .ofs_y = 0},
    {.bitmap_index = 1564, .adv_w = 160, .box_w = 8, .box_h = 12, .ofs_x = 2, .ofs_y = 0},
    {.bitmap_index = 1612, .adv_w = 144, .box_w = 7, .box_h = 12, .ofs_x = 2, .ofs_y = 0},
    {.bitmap_index = 1654, .adv_w = 208, .box_w = 9, .box_h = 12, .ofs_x = 2, .ofs_y = 0},
    {.bitmap_index = 1708, .adv_w = 192, .box_w = 8, .box_h = 12, .ofs_x = 2, .ofs_y = 0},
    {.bitmap_index = 1756, .adv_w = 192, .box_w = 10, .box_h = 12, .ofs_x = 1, .ofs_y = 0},
    {.bitmap_index = 1816, .adv_w = 160, .box_w = 7, .box_h = 12, .ofs_x = 2, .ofs_y = 0},
    {.bitmap_index = 1858, .adv_w = 192, .box_w = 10, .box_h = 15, .ofs_x = 1, .ofs_y = -3},
    {.bitmap_index = 1933, .adv_w = 160, .box_w = 7, .box_h = 12, .ofs_x = 2, .ofs_y = 0},
    {.bitmap_index = 1975, .adv_w = 144, .box_w = 8, .box_h = 12, .ofs_x = 0, .ofs_y = 0},
    {.bitmap_index = 2023, .adv_w = 144, .box_w = 9, .box_h = 12, .ofs_x = 0, .ofs_y = 0},
    {.bitmap_index = 2077, .adv_w = 192, .box_w = 8, .box_h = 12, .ofs_x = 2, .ofs_y = 0},
    {.bitmap_index = 2125, .adv_w = 144, .box_w = 9, .box_h = 12, .ofs_x = 0, .ofs_y = 0},
    {.bitmap_index = 2179, .adv_w = 208, .box_w = 13, .box_h = 12, .ofs_x = 0, .ofs_y = 0},
    {.bitmap_index = 2257, .adv_w = 128, .box_w = 8, .box_h = 12, .ofs_x = 0, .ofs_y = 0},
    {.bitmap_index = 2305, .adv_w = 112, .box_w = 9, .box_h = 12, .ofs_x = -1, .ofs_y = 0},
    {.bitmap_index = 2359, .adv_w = 144, .box_w = 8, .box_h = 12, .ofs_x = 1, .ofs_y = 0},
    {.bitmap_index = 2407, .adv_w = 64, .box_w = 3, .box_h = 16, .ofs_x = 1, .ofs_y = -3},
    {.bitmap_index = 2431, .adv_w = 96, .box_w = 7, .box_h = 16, .ofs_x = 0, .ofs_y = -3},
    {.bitmap_index = 2487, .adv_w = 64, .box_w = 3, .box_h = 16, .ofs_x = 0, .ofs_y = -3},
    {.bitmap_index = 2511, .adv_w = 128, .box_w = 7, .box_h = 7, .ofs_x = 1, .ofs_y = 5},
    {.bitmap_index = 2536, .adv_w = 144, .box_w = 9, .box_h = 1, .ofs_x = 0, .ofs_y = -2},
    {.bitmap_index = 2541, .adv_w = 144, .box_w = 4, .box_h = 4, .ofs_x = 2, .ofs_y = 10},
    {.bitmap_index = 2549, .adv_w = 144, .box_w = 7, .box_h = 9, .ofs_x = 1, .ofs_y = 0},
    {.bitmap_index = 2581, .adv_w = 144, .box_w = 7, .box_h = 14, .ofs_x = 1, .ofs_y = 0},
    {.bitmap_index = 2630, .adv_w = 128, .box_w = 7, .box_h = 9, .ofs_x = 1, .ofs_y = 0},
    {.bitmap_index = 2662, .adv_w = 144, .box_w = 7, .box_h = 14, .ofs_x = 1, .ofs_y = 0},
    {.bitmap_index = 2711, .adv_w = 128, .box_w = 7, .box_h = 9, .ofs_x = 1, .ofs_y = 0},
    {.bitmap_index = 2743, .adv_w = 80, .box_w = 5, .box_h = 14, .ofs_x = 1, .ofs_y = 0},
    {.bitmap_index = 2778, .adv_w = 144, .box_w = 8, .box_h = 13, .ofs_x = 1, .ofs_y = -4},
    {.bitmap_index = 2830, .adv_w = 128, .box_w = 6, .box_h = 13, .ofs_x = 1, .ofs_y = 0},
    {.bitmap_index = 2869, .adv_w = 48, .box_w = 2, .box_h = 12, .ofs_x = 1, .ofs_y = 0},
    {.bitmap_index = 2881, .adv_w = 48, .box_w = 4, .box_h = 16, .ofs_x = -1, .ofs_y = -4},
    {.bitmap_index = 2913, .adv_w = 128, .box_w = 7, .box_h = 13, .ofs_x = 1, .ofs_y = 0},
    {.bitmap_index = 2959, .adv_w = 64, .box_w = 2, .box_h = 14, .ofs_x = 1, .ofs_y = 0},
    {.bitmap_index = 2973, .adv_w = 208, .box_w = 11, .box_h = 9, .ofs_x = 1, .ofs_y = 0},
    {.bitmap_index = 3023, .adv_w = 128, .box_w = 6, .box_h = 9, .ofs_x = 1, .ofs_y = 0},
    {.bitmap_index = 3050, .adv_w = 160, .box_w = 8, .box_h = 9, .ofs_x = 1, .ofs_y = 0},
    {.bitmap_index = 3086, .adv_w = 144, .box_w = 7, .box_h = 13, .ofs_x = 1, .ofs_y = -4},
    {.bitmap_index = 3132, .adv_w = 144, .box_w = 7, .box_h = 13, .ofs_x = 1, .ofs_y = -4},
    {.bitmap_index = 3178, .adv_w = 80, .box_w = 5, .box_h = 9, .ofs_x = 1, .ofs_y = 0},
    {.bitmap_index = 3201, .adv_w = 112, .box_w = 7, .box_h = 9, .ofs_x = 0, .ofs_y = 0},
    {.bitmap_index = 3233, .adv_w = 96, .box_w = 6, .box_h = 12, .ofs_x = 0, .ofs_y = 0},
    {.bitmap_index = 3269, .adv_w = 128, .box_w = 6, .box_h = 9, .ofs_x = 1, .ofs_y = 0},
    {.bitmap_index = 3296, .adv_w = 112, .box_w = 8, .box_h = 9, .ofs_x = 0, .ofs_y = 0},
    {.bitmap_index = 3332, .adv_w = 192, .box_w = 12, .box_h = 9, .ofs_x = 0, .ofs_y = 0},
    {.bitmap_index = 3386, .adv_w = 112, .box_w = 7, .box_h = 9, .ofs_x = 0, .ofs_y = 0},
    {.bitmap_index = 3418, .adv_w = 112, .box_w = 8, .box_h = 13, .ofs_x = 0, .ofs_y = -4},
    {.bitmap_index = 3470, .adv_w = 128, .box_w = 7, .box_h = 9, .ofs_x = 1, .ofs_y = 0},
    {.bitmap_index = 3502, .adv_w = 80, .box_w = 5, .box_h = 16, .ofs_x = 0, .ofs_y = -3},
    {.bitmap_index = 3542, .adv_w = 48, .box_w = 1, .box_h = 19, .ofs_x = 1, .ofs_y = -5},
    {.bitmap_index = 3552, .adv_w = 80, .box_w = 5, .box_h = 16, .ofs_x = 0, .ofs_y = -3},
    {.bitmap_index = 3592, .adv_w = 128, .box_w = 8, .box_h = 3, .ofs_x = 0, .ofs_y = 5},
    {.bitmap_index = 3604, .adv_w = 256, .box_w = 3, .box_h = 3, .ofs_x = 7, .ofs_y = 5},
    {.bitmap_index = 3609, .adv_w = 224, .box_w = 14, .box_h = 1, .ofs_x = 0, .ofs_y = 4},
    {.bitmap_index = 3616, .adv_w = 256, .box_w = 2, .box_h = 5, .ofs_x = 13, .ofs_y = 10},
    {.bitmap_index = 3621, .adv_w = 256, .box_w = 2, .box_h = 5, .ofs_x = 1, .ofs_y = 9},
    {.bitmap_index = 3626, .adv_w = 256, .box_w = 5, .box_h = 5, .ofs_x = 10, .ofs_y = 10},
    {.bitmap_index = 3639, .adv_w = 256, .box_w = 5, .box_h = 5, .ofs_x = 1, .ofs_y = 9},
    {.bitmap_index = 3652, .adv_w = 256, .box_w = 13, .box_h = 2, .ofs_x = 2, .ofs_y = 6},
    {.bitmap_index = 3665, .adv_w = 256, .box_w = 5, .box_h = 5, .ofs_x = 1, .ofs_y = -1},
    {.bitmap_index = 3678, .adv_w = 256, .box_w = 5, .box_h = 5, .ofs_x = 1, .ofs_y = -1},
    {.bitmap_index = 3691, .adv_w = 256, .box_w = 8, .box_h = 16, .ofs_x = 8, .ofs_y = -2},
    {.bitmap_index = 3755, .adv_w = 256, .box_w = 8, .box_h = 16, .ofs_x = 0, .ofs_y = -2},
    {.bitmap_index = 3819, .adv_w = 256, .box_w = 16, .box_h = 1, .ofs_x = 0, .ofs_y = 6},
    {.bitmap_index = 3827, .adv_w = 256, .box_w = 14, .box_h = 12, .ofs_x = 1, .ofs_y = 0},
    {.bitmap_index = 3911, .adv_w = 256, .box_w = 16, .box_h = 16, .ofs_x = 0, .ofs_y = -2},
    {.bitmap_index = 4039, .adv_w = 256, .box_w = 16, .box_h = 14, .ofs_x = 0, .ofs_y = -1},
    {.bitmap_index = 4151, .adv_w = 256, .box_w = 15, .box_h = 13, .ofs_x = 0, .ofs_y = -1},
    {.bitmap_index = 4249, .adv_w = 256, .box_w = 14, .box_h = 16, .ofs_x = 1, .ofs_y = -2},
    {.bitmap_index = 4361, .adv_w = 256, .box_w = 15, .box_h = 14, .ofs_x = 0, .ofs_y = -1},
    {.bitmap_index = 4466, .adv_w = 256, .box_w = 16, .box_h = 14, .ofs_x = 0, .ofs_y = 0},
    {.bitmap_index = 4578, .adv_w = 256, .box_w = 14, .box_h = 16, .ofs_x = 1, .ofs_y = -2},
    {.bitmap_index = 4690, .adv_w = 256, .box_w = 15, .box_h = 15, .ofs_x = 1, .ofs_y = -1},
    {.bitmap_index = 4803, .adv_w = 256, .box_w = 14, .box_h = 15, .ofs_x = 1, .ofs_y = -1},
    {.bitmap_index = 4908, .adv_w = 256, .box_w = 16, .box_h = 15, .ofs_x = 0, .ofs_y = -2},
    {.bitmap_index = 5028, .adv_w = 256, .box_w = 14, .box_h = 16, .ofs_x = 1, .ofs_y = -2},
    {.bitmap_index = 5140, .adv_w = 256, .box_w = 15, .box_h = 16, .ofs_x = 0, .ofs_y = -2},
    {.bitmap_index = 5260, .adv_w = 256, .box_w = 15, .box_h = 15, .ofs_x = 1, .ofs_y = -1},
    {.bitmap_index = 5373, .adv_w = 256, .box_w = 16, .box_h = 15, .ofs_x = 0, .ofs_y = -2},
    {.bitmap_index = 5493, .adv_w = 256, .box_w = 16, .box_h = 15, .ofs_x = 0, .ofs_y = -1},
    {.bitmap_index = 5613, .adv_w = 256, .box_w = 16, .box_h = 11, .ofs_x = 0, .ofs_y = 0},
    {.bitmap_index = 5701, .adv_w = 256, .box_w = 15, .box_h = 14, .ofs_x = 1, .ofs_y = -1},
    {.bitmap_index = 5806, .adv_w = 256, .box_w = 14, .box_h = 13, .ofs_x = 1, .ofs_y = -1},
    {.bitmap_index = 5897, .adv_w = 256, .box_w = 16, .box_h = 13, .ofs_x = 0, .ofs_y = -1},
    {.bitmap_index = 6001, .adv_w = 256, .box_w = 15, .box_h = 14, .ofs_x = 0, .ofs_y = -1},
    {.bitmap_index = 6106, .adv_w = 256, .box_w = 14, .box_h = 15, .ofs_x = 1, .ofs_y = -1},
    {.bitmap_index = 6211, .adv_w = 256, .box_w = 14, .box_h = 15, .ofs_x = 1, .ofs_y = -1},
    {.bitmap_index = 6316, .adv_w = 256, .box_w = 16, .box_h = 16, .ofs_x = 0, .ofs_y = -2},
    {.bitmap_index = 6444, .adv_w = 256, .box_w = 16, .box_h = 16, .ofs_x = 0, .ofs_y = -2},
    {.bitmap_index = 6572, .adv_w = 256, .box_w = 16, .box_h = 15, .ofs_x = 0, .ofs_y = -1},
    {.bitmap_index = 6692, .adv_w = 256, .box_w = 16, .box_h = 15, .ofs_x = 0, .ofs_y = -2},
    {.bitmap_index = 6812, .adv_w = 256, .box_w = 14, .box_h = 15, .ofs_x = 2, .ofs_y = -2},
    {.bitmap_index = 6917, .adv_w = 256, .box_w = 16, .box_h = 16, .ofs_x = 0, .ofs_y = -2},
    {.bitmap_index = 7045, .adv_w = 256, .box_w = 16, .box_h = 16, .ofs_x = 0, .ofs_y = -2},
    {.bitmap_index = 7173, .adv_w = 256, .box_w = 16, .box_h = 15, .ofs_x = 0, .ofs_y = -1},
    {.bitmap_index = 7293, .adv_w = 256, .box_w = 16, .box_h = 15, .ofs_x = 0, .ofs_y = -1},
    {.bitmap_index = 7413, .adv_w = 256, .box_w = 16, .box_h = 15, .ofs_x = 0, .ofs_y = -1},
    {.bitmap_index = 7533, .adv_w = 256, .box_w = 16, .box_h = 15, .ofs_x = 0, .ofs_y = -1},
    {.bitmap_index = 7653, .adv_w = 256, .box_w = 15, .box_h = 15, .ofs_x = 1, .ofs_y = -2},
    {.bitmap_index = 7766, .adv_w = 256, .box_w = 16, .box_h = 15, .ofs_x = 0, .ofs_y = -1},
    {.bitmap_index = 7886, .adv_w = 256, .box_w = 16, .box_h = 15, .ofs_x = 0, .ofs_y = -1},
    {.bitmap_index = 8006, .adv_w = 256, .box_w = 15, .box_h = 16, .ofs_x = 0, .ofs_y = -2},
    {.bitmap_index = 8126, .adv_w = 256, .box_w = 16, .box_h = 15, .ofs_x = 0, .ofs_y = -1},
    {.bitmap_index = 8246, .adv_w = 256, .box_w = 16, .box_h = 15, .ofs_x = 0, .ofs_y = -1},
    {.bitmap_index = 8366, .adv_w = 256, .box_w = 16, .box_h = 16, .ofs_x = 0, .ofs_y = -2},
    {.bitmap_index = 8494, .adv_w = 256, .box_w = 17, .box_h = 15, .ofs_x = 0, .ofs_y = -1},
    {.bitmap_index = 8622, .adv_w = 256, .box_w = 16, .box_h = 15, .ofs_x = 0, .ofs_y = -1},
    {.bitmap_index = 8742, .adv_w = 256, .box_w = 15, .box_h = 15, .ofs_x = 0, .ofs_y = -1},
    {.bitmap_index = 8855, .adv_w = 256, .box_w = 16, .box_h = 15, .ofs_x = 0, .ofs_y = -1},
    {.bitmap_index = 8975, .adv_w = 256, .box_w = 16, .box_h = 16, .ofs_x = 0, .ofs_y = -2},
    {.bitmap_index = 9103, .adv_w = 256, .box_w = 16, .box_h = 14, .ofs_x = 0, .ofs_y = -1},
    {.bitmap_index = 9215, .adv_w = 256, .box_w = 16, .box_h = 15, .ofs_x = 0, .ofs_y = -1},
    {.bitmap_index = 9335, .adv_w = 256, .box_w = 16, .box_h = 16, .ofs_x = 0, .ofs_y = -2},
    {.bitmap_index = 9463, .adv_w = 256, .box_w = 16, .box_h = 15, .ofs_x = 0, .ofs_y = -1},
    {.bitmap_index = 9583, .adv_w = 256, .box_w = 15, .box_h = 16, .ofs_x = 0, .ofs_y = -2},
    {.bitmap_index = 9703, .adv_w = 256, .box_w = 16, .box_h = 16, .ofs_x = 0, .ofs_y = -2},
    {.bitmap_index = 9831, .adv_w = 256, .box_w = 16, .box_h = 16, .ofs_x = 0, .ofs_y = -2},
    {.bitmap_index = 9959, .adv_w = 256, .box_w = 16, .box_h = 15, .ofs_x = 0, .ofs_y = -1},
    {.bitmap_index = 10079, .adv_w = 256, .box_w = 16, .box_h = 16, .ofs_x = 0, .ofs_y = -2},
    {.bitmap_index = 10207, .adv_w = 256, .box_w = 15, .box_h = 16, .ofs_x = 0, .ofs_y = -2},
    {.bitmap_index = 10327, .adv_w = 256, .box_w = 15, .box_h = 15, .ofs_x = 0, .ofs_y = -1},
    {.bitmap_index = 10440, .adv_w = 256, .box_w = 15, .box_h = 16, .ofs_x = 1, .ofs_y = -2},
    {.bitmap_index = 10560, .adv_w = 256, .box_w = 16, .box_h = 15, .ofs_x = 0, .ofs_y = -2},
    {.bitmap_index = 10680, .adv_w = 256, .box_w = 16, .box_h = 15, .ofs_x = 0, .ofs_y = -1},
    {.bitmap_index = 10800, .adv_w = 256, .box_w = 16, .box_h = 16, .ofs_x = 0, .ofs_y = -2},
    {.bitmap_index = 10928, .adv_w = 256, .box_w = 14, .box_h = 14, .ofs_x = 1, .ofs_y = 0},
    {.bitmap_index = 11026, .adv_w = 256, .box_w = 15, .box_h = 16, .ofs_x = 1, .ofs_y = -2},
    {.bitmap_index = 11146, .adv_w = 256, .box_w = 16, .box_h = 16, .ofs_x = 0, .ofs_y = -2},
    {.bitmap_index = 11274, .adv_w = 256, .box_w = 15, .box_h = 15, .ofs_x = 0, .ofs_y = -1},
    {.bitmap_index = 11387, .adv_w = 256, .box_w = 14, .box_h = 15, .ofs_x = 1, .ofs_y = -1},
    {.bitmap_index = 11492, .adv_w = 256, .box_w = 16, .box_h = 14, .ofs_x = 0, .ofs_y = -2},
    {.bitmap_index = 11604, .adv_w = 256, .box_w = 17, .box_h = 15, .ofs_x = 0, .ofs_y = -2},
    {.bitmap_index = 11732, .adv_w = 256, .box_w = 16, .box_h = 16, .ofs_x = 0, .ofs_y = -2},
    {.bitmap_index = 11860, .adv_w = 256, .box_w = 16, .box_h = 15, .ofs_x = 0, .ofs_y = -1},
    {.bitmap_index = 11980, .adv_w = 256, .box_w = 16, .box_h = 15, .ofs_x = 0, .ofs_y = -1},
    {.bitmap_index = 12100, .adv_w = 256, .box_w = 16, .box_h = 16, .ofs_x = 0, .ofs_y = -2},
    {.bitmap_index = 12228, .adv_w = 256, .box_w = 13, .box_h = 15, .ofs_x = 2, .ofs_y = -1},
    {.bitmap_index = 12326, .adv_w = 256, .box_w = 15, .box_h = 15, .ofs_x = 0, .ofs_y = -1},
    {.bitmap_index = 12439, .adv_w = 256, .box_w = 16, .box_h = 15, .ofs_x = 0, .ofs_y = -2},
    {.bitmap_index = 12559, .adv_w = 256, .box_w = 16, .box_h = 15, .ofs_x = 0, .ofs_y = -2},
    {.bitmap_index = 12679, .adv_w = 256, .box_w = 14, .box_h = 16, .ofs_x = 1, .ofs_y = -2},
    {.bitmap_index = 12791, .adv_w = 256, .box_w = 15, .box_h = 16, .ofs_x = 0, .ofs_y = -2},
    {.bitmap_index = 12911, .adv_w = 256, .box_w = 14, .box_h = 16, .ofs_x = 0, .ofs_y = -2},
    {.bitmap_index = 13023, .adv_w = 256, .box_w = 14, .box_h = 15, .ofs_x = 0, .ofs_y = -2},
    {.bitmap_index = 13128, .adv_w = 256, .box_w = 15, .box_h = 16, .ofs_x = 0, .ofs_y = -2},
    {.bitmap_index = 13248, .adv_w = 256, .box_w = 15, .box_h = 16, .ofs_x = 0, .ofs_y = -2},
    {.bitmap_index = 13368, .adv_w = 256, .box_w = 16, .box_h = 16, .ofs_x = 0, .ofs_y = -2},
    {.bitmap_index = 13496, .adv_w = 256, .box_w = 14, .box_h = 16, .ofs_x = 0, .ofs_y = -2},
    {.bitmap_index = 13608, .adv_w = 256, .box_w = 15, .box_h = 16, .ofs_x = 0, .ofs_y = -2},
    {.bitmap_index = 13728, .adv_w = 256, .box_w = 15, .box_h = 15, .ofs_x = 0, .ofs_y = -2},
    {.bitmap_index = 13841, .adv_w = 256, .box_w = 15, .box_h = 16, .ofs_x = 0, .ofs_y = -2},
    {.bitmap_index = 13961, .adv_w = 256, .box_w = 15, .box_h = 16, .ofs_x = 1, .ofs_y = -2},
    {.bitmap_index = 14081, .adv_w = 256, .box_w = 16, .box_h = 16, .ofs_x = 0, .ofs_y = -2},
    {.bitmap_index = 14209, .adv_w = 256, .box_w = 15, .box_h = 16, .ofs_x = 0, .ofs_y = -2},
    {.bitmap_index = 14329, .adv_w = 256, .box_w = 16, .box_h = 15, .ofs_x = 0, .ofs_y = -1},
    {.bitmap_index = 14449, .adv_w = 256, .box_w = 16, .box_h = 14, .ofs_x = 0, .ofs_y = -1},
    {.bitmap_index = 14561, .adv_w = 256, .box_w = 14, .box_h = 13, .ofs_x = 1, .ofs_y = 0},
    {.bitmap_index = 14652, .adv_w = 256, .box_w = 14, .box_h = 14, .ofs_x = 2, .ofs_y = -1},
    {.bitmap_index = 14750, .adv_w = 256, .box_w = 15, .box_h = 15, .ofs_x = 0, .ofs_y = -1},
    {.bitmap_index = 14863, .adv_w = 256, .box_w = 15, .box_h = 15, .ofs_x = 1, .ofs_y = -1},
    {.bitmap_index = 14976, .adv_w = 256, .box_w = 16, .box_h = 16, .ofs_x = 0, .ofs_y = -2},
    {.bitmap_index = 15104, .adv_w = 256, .box_w = 15, .box_h = 15, .ofs_x = 0, .ofs_y = -1},
    {.bitmap_index = 15217, .adv_w = 256, .box_w = 15, .box_h = 16, .ofs_x = 0, .ofs_y = -2},
    {.bitmap_index = 15337, .adv_w = 256, .box_w = 13, .box_h = 16, .ofs_x = 2, .ofs_y = -2},
    {.bitmap_index = 15441, .adv_w = 256, .box_w = 16, .box_h = 15, .ofs_x = 0, .ofs_y = -1},
    {.bitmap_index = 15561, .adv_w = 256, .box_w = 16, .box_h = 16, .ofs_x = 0, .ofs_y = -2},
    {.bitmap_index = 15689, .adv_w = 256, .box_w = 16, .box_h = 16, .ofs_x = 0, .ofs_y = -2},
    {.bitmap_index = 15817, .adv_w = 256, .box_w = 14, .box_h = 14, .ofs_x = 1, .ofs_y = -1},
    {.bitmap_index = 15915, .adv_w = 256, .box_w = 15, .box_h = 14, .ofs_x = 0, .ofs_y = -2},
    {.bitmap_index = 16020, .adv_w = 256, .box_w = 16, .box_h = 15, .ofs_x = 0, .ofs_y = -2},
    {.bitmap_index = 16140, .adv_w = 256, .box_w = 16, .box_h = 14, .ofs_x = 0, .ofs_y = -1},
    {.bitmap_index = 16252, .adv_w = 256, .box_w = 16, .box_h = 13, .ofs_x = 0, .ofs_y = -1},
    {.bitmap_index = 16356, .adv_w = 256, .box_w = 16, .box_h = 16, .ofs_x = 0, .ofs_y = -2},
    {.bitmap_index = 16484, .adv_w = 256, .box_w = 16, .box_h = 14, .ofs_x = 0, .ofs_y = -1},
    {.bitmap_index = 16596, .adv_w = 256, .box_w = 16, .box_h = 16, .ofs_x = 0, .ofs_y = -2},
    {.bitmap_index = 16724, .adv_w = 256, .box_w = 16, .box_h = 14, .ofs_x = 0, .ofs_y = -1},
    {.bitmap_index = 16836, .adv_w = 256, .box_w = 15, .box_h = 14, .ofs_x = 0, .ofs_y = -2},
    {.bitmap_index = 16941, .adv_w = 256, .box_w = 16, .box_h = 14, .ofs_x = 0, .ofs_y = -1},
    {.bitmap_index = 17053, .adv_w = 256, .box_w = 14, .box_h = 16, .ofs_x = 1, .ofs_y = -2},
    {.bitmap_index = 17165, .adv_w = 256, .box_w = 15, .box_h = 16, .ofs_x = 1, .ofs_y = -2},
    {.bitmap_index = 17285, .adv_w = 256, .box_w = 15, .box_h = 15, .ofs_x = 0, .ofs_y = -1},
    {.bitmap_index = 17398, .adv_w = 256, .box_w = 16, .box_h = 15, .ofs_x = 0, .ofs_y = -1},
    {.bitmap_index = 17518, .adv_w = 256, .box_w = 14, .box_h = 15, .ofs_x = 1, .ofs_y = -2},
    {.bitmap_index = 17623, .adv_w = 256, .box_w = 16, .box_h = 16, .ofs_x = 0, .ofs_y = -2},
    {.bitmap_index = 17751, .adv_w = 256, .box_w = 15, .box_h = 15, .ofs_x = 0, .ofs_y = -1},
    {.bitmap_index = 17864, .adv_w = 256, .box_w = 14, .box_h = 14, .ofs_x = 1, .ofs_y = -1},
    {.bitmap_index = 17962, .adv_w = 256, .box_w = 13, .box_h = 16, .ofs_x = 1, .ofs_y = -2},
    {.bitmap_index = 18066, .adv_w = 256, .box_w = 16, .box_h = 15, .ofs_x = 0, .ofs_y = -1},
    {.bitmap_index = 18186, .adv_w = 256, .box_w = 14, .box_h = 15, .ofs_x = 2, .ofs_y = -1},
    {.bitmap_index = 18291, .adv_w = 256, .box_w = 16, .box_h = 15, .ofs_x = 0, .ofs_y = -2},
    {.bitmap_index = 18411, .adv_w = 256, .box_w = 15, .box_h = 15, .ofs_x = 1, .ofs_y = -1},
    {.bitmap_index = 18524, .adv_w = 256, .box_w = 14, .box_h = 16, .ofs_x = 0, .ofs_y = -2},
    {.bitmap_index = 18636, .adv_w = 256, .box_w = 16, .box_h = 15, .ofs_x = 0, .ofs_y = -1},
    {.bitmap_index = 18756, .adv_w = 256, .box_w = 15, .box_h = 15, .ofs_x = 0, .ofs_y = -2},
    {.bitmap_index = 18869, .adv_w = 256, .box_w = 16, .box_h = 15, .ofs_x = 0, .ofs_y = -1},
    {.bitmap_index = 18989, .adv_w = 256, .box_w = 15, .box_h = 15, .ofs_x = 0, .ofs_y = -1},
    {.bitmap_index = 19102, .adv_w = 256, .box_w = 15, .box_h = 16, .ofs_x = 1, .ofs_y = -2},
    {.bitmap_index = 19222, .adv_w = 256, .box_w = 16, .box_h = 15, .ofs_x = 0, .ofs_y = -2},
    {.bitmap_index = 19342, .adv_w = 256, .box_w = 15, .box_h = 16, .ofs_x = 1, .ofs_y = -2},
    {.bitmap_index = 19462, .adv_w = 256, .box_w = 16, .box_h = 14, .ofs_x = 0, .ofs_y = -1},
    {.bitmap_index = 19574, .adv_w = 256, .box_w = 15, .box_h = 15, .ofs_x = 0, .ofs_y = -2},
    {.bitmap_index = 19687, .adv_w = 256, .box_w = 15, .box_h = 14, .ofs_x = 0, .ofs_y = -1},
    {.bitmap_index = 19792, .adv_w = 256, .box_w = 15, .box_h = 14, .ofs_x = 0, .ofs_y = -1},
    {.bitmap_index = 19897, .adv_w = 256, .box_w = 15, .box_h = 14, .ofs_x = 1, .ofs_y = -1},
    {.bitmap_index = 20002, .adv_w = 256, .box_w = 14, .box_h = 14, .ofs_x = 1, .ofs_y = -1},
    {.bitmap_index = 20100, .adv_w = 256, .box_w = 16, .box_h = 13, .ofs_x = 0, .ofs_y = -1},
    {.bitmap_index = 20204, .adv_w = 256, .box_w = 15, .box_h = 15, .ofs_x = 0, .ofs_y = -1},
    {.bitmap_index = 20317, .adv_w = 256, .box_w = 16, .box_h = 15, .ofs_x = 0, .ofs_y = -1},
    {.bitmap_index = 20437, .adv_w = 256, .box_w = 16, .box_h = 16, .ofs_x = 0, .ofs_y = -2},
    {.bitmap_index = 20565, .adv_w = 256, .box_w = 16, .box_h = 16, .ofs_x = 0, .ofs_y = -2},
    {.bitmap_index = 20693, .adv_w = 256, .box_w = 16, .box_h = 15, .ofs_x = 0, .ofs_y = -1},
    {.bitmap_index = 20813, .adv_w = 256, .box_w = 16, .box_h = 15, .ofs_x = 0, .ofs_y = -1},
    {.bitmap_index = 20933, .adv_w = 256, .box_w = 16, .box_h = 16, .ofs_x = 0, .ofs_y = -2},
    {.bitmap_index = 21061, .adv_w = 256, .box_w = 15, .box_h = 15, .ofs_x = 0, .ofs_y = -1},
    {.bitmap_index = 21174, .adv_w = 256, .box_w = 16, .box_h = 15, .ofs_x = 0, .ofs_y = -1},
    {.bitmap_index = 21294, .adv_w = 256, .box_w = 16, .box_h = 15, .ofs_x = 0, .ofs_y = -1},
    {.bitmap_index = 21414, .adv_w = 256, .box_w = 16, .box_h = 15, .ofs_x = 0, .ofs_y = -1},
    {.bitmap_index = 21534, .adv_w = 256, .box_w = 16, .box_h = 15, .ofs_x = 0, .ofs_y = -1},
    {.bitmap_index = 21654, .adv_w = 256, .box_w = 16, .box_h = 15, .ofs_x = 0, .ofs_y = -1},
    {.bitmap_index = 21774, .adv_w = 256, .box_w = 16, .box_h = 16, .ofs_x = 0, .ofs_y = -2},
    {.bitmap_index = 21902, .adv_w = 256, .box_w = 15, .box_h = 14, .ofs_x = 0, .ofs_y = -1},
    {.bitmap_index = 22007, .adv_w = 256, .box_w = 15, .box_h = 14, .ofs_x = 0, .ofs_y = 0},
    {.bitmap_index = 22112, .adv_w = 256, .box_w = 15, .box_h = 16, .ofs_x = 0, .ofs_y = -2},
    {.bitmap_index = 22232, .adv_w = 256, .box_w = 16, .box_h = 16, .ofs_x = 0, .ofs_y = -2},
    {.bitmap_index = 22360, .adv_w = 256, .box_w = 16, .box_h = 16, .ofs_x = 0, .ofs_y = -2},
    {.bitmap_index = 22488, .adv_w = 256, .box_w = 15, .box_h = 15, .ofs_x = 1, .ofs_y = -1},
    {.bitmap_index = 22601, .adv_w = 256, .box_w = 14, .box_h = 15, .ofs_x = 1, .ofs_y = -1},
    {.bitmap_index = 22706, .adv_w = 256, .box_w = 16, .box_h = 16, .ofs_x = 0, .ofs_y = -2},
    {.bitmap_index = 22834, .adv_w = 256, .box_w = 16, .box_h = 15, .ofs_x = 0, .ofs_y = -2},
    {.bitmap_index = 22954, .adv_w = 256, .box_w = 16, .box_h = 16, .ofs_x = 0, .ofs_y = -2},
    {.bitmap_index = 23082, .adv_w = 256, .box_w = 16, .box_h = 16, .ofs_x = 0, .ofs_y = -2},
    {.bitmap_index = 23210, .adv_w = 256, .box_w = 14, .box_h = 16, .ofs_x = 1, .ofs_y = -2},
    {.bitmap_index = 23322, .adv_w = 256, .box_w = 16, .box_h = 15, .ofs_x = 0, .ofs_y = -1},
    {.bitmap_index = 23442, .adv_w = 256, .box_w = 16, .box_h = 16, .ofs_x = 0, .ofs_y = -2},
    {.bitmap_index = 23570, .adv_w = 256, .box_w = 15, .box_h = 16, .ofs_x = 0, .ofs_y = -2},
    {.bitmap_index = 23690, .adv_w = 256, .box_w = 16, .box_h = 15, .ofs_x = 0, .ofs_y = -1},
    {.bitmap_index = 23810, .adv_w = 256, .box_w = 16, .box_h = 16, .ofs_x = 0, .ofs_y = -2},
    {.bitmap_index = 23938, .adv_w = 256, .box_w = 16, .box_h = 16, .ofs_x = 0, .ofs_y = -2},
    {.bitmap_index = 24066, .adv_w = 256, .box_w = 16, .box_h = 15, .ofs_x = 0, .ofs_y = -1},
    {.bitmap_index = 24186, .adv_w = 256, .box_w = 14, .box_h = 16, .ofs_x = 1, .ofs_y = -2},
    {.bitmap_index = 24298, .adv_w = 256, .box_w = 16, .box_h = 15, .ofs_x = 0, .ofs_y = -1},
    {.bitmap_index = 24418, .adv_w = 256, .box_w = 16, .box_h = 16, .ofs_x = 0, .ofs_y = -2},
    {.bitmap_index = 24546, .adv_w = 256, .box_w = 16, .box_h = 15, .ofs_x = 0, .ofs_y = -1},
    {.bitmap_index = 24666, .adv_w = 256, .box_w = 16, .box_h = 15, .ofs_x = 0, .ofs_y = -1},
    {.bitmap_index = 24786, .adv_w = 256, .box_w = 16, .box_h = 16, .ofs_x = 0, .ofs_y = -2},
    {.bitmap_index = 24914, .adv_w = 256, .box_w = 16, .box_h = 15, .ofs_x = 0, .ofs_y = -1},
    {.bitmap_index = 25034, .adv_w = 256, .box_w = 16, .box_h = 16, .ofs_x = 0, .ofs_y = -2},
    {.bitmap_index = 25162, .adv_w = 256, .box_w = 16, .box_h = 15, .ofs_x = 0, .ofs_y = -2},
    {.bitmap_index = 25282, .adv_w = 256, .box_w = 16, .box_h = 16, .ofs_x = 0, .ofs_y = -2},
    {.bitmap_index = 25410, .adv_w = 256, .box_w = 16, .box_h = 16, .ofs_x = 0, .ofs_y = -2},
    {.bitmap_index = 25538, .adv_w = 256, .box_w = 15, .box_h = 15, .ofs_x = 0, .ofs_y = -2},
    {.bitmap_index = 25651, .adv_w = 256, .box_w = 16, .box_h = 14, .ofs_x = -1, .ofs_y = -1},
    {.bitmap_index = 25763, .adv_w = 256, .box_w = 16, .box_h = 14, .ofs_x = 0, .ofs_y = -1},
    {.bitmap_index = 25875, .adv_w = 256, .box_w = 13, .box_h = 15, .ofs_x = 2, .ofs_y = -1},
    {.bitmap_index = 25973, .adv_w = 256, .box_w = 13, .box_h = 16, .ofs_x = 2, .ofs_y = -2},
    {.bitmap_index = 26077, .adv_w = 256, .box_w = 15, .box_h = 16, .ofs_x = 0, .ofs_y = -2},
    {.bitmap_index = 26197, .adv_w = 256, .box_w = 16, .box_h = 15, .ofs_x = 0, .ofs_y = -1},
    {.bitmap_index = 26317, .adv_w = 256, .box_w = 15, .box_h = 13, .ofs_x = 0, .ofs_y = -1},
    {.bitmap_index = 26415, .adv_w = 256, .box_w = 16, .box_h = 15, .ofs_x = 0, .ofs_y = -1},
    {.bitmap_index = 26535, .adv_w = 256, .box_w = 14, .box_h = 13, .ofs_x = 1, .ofs_y = -1},
    {.bitmap_index = 26626, .adv_w = 256, .box_w = 15, .box_h = 14, .ofs_x = 1, .ofs_y = -1},
    {.bitmap_index = 26731, .adv_w = 256, .box_w = 15, .box_h = 15, .ofs_x = 0, .ofs_y = -1},
    {.bitmap_index = 26844, .adv_w = 256, .box_w = 15, .box_h = 15, .ofs_x = 0, .ofs_y = -1},
    {.bitmap_index = 26957, .adv_w = 256, .box_w = 14, .box_h = 15, .ofs_x = 1, .ofs_y = -1},
    {.bitmap_index = 27062, .adv_w = 256, .box_w = 14, .box_h = 15, .ofs_x = 1, .ofs_y = -1},
    {.bitmap_index = 27167, .adv_w = 256, .box_w = 14, .box_h = 15, .ofs_x = 1, .ofs_y = -1},
    {.bitmap_index = 27272, .adv_w = 256, .box_w = 16, .box_h = 15, .ofs_x = 0, .ofs_y = -1},
    {.bitmap_index = 27392, .adv_w = 256, .box_w = 15, .box_h = 14, .ofs_x = 0, .ofs_y = -1},
    {.bitmap_index = 27497, .adv_w = 256, .box_w = 15, .box_h = 14, .ofs_x = 0, .ofs_y = -1},
    {.bitmap_index = 27602, .adv_w = 256, .box_w = 16, .box_h = 15, .ofs_x = 0, .ofs_y = -1},
    {.bitmap_index = 27722, .adv_w = 256, .box_w = 15, .box_h = 16, .ofs_x = 1, .ofs_y = -2},
    {.bitmap_index = 27842, .adv_w = 256, .box_w = 16, .box_h = 16, .ofs_x = 0, .ofs_y = -2},
    {.bitmap_index = 27970, .adv_w = 256, .box_w = 16, .box_h = 15, .ofs_x = 0, .ofs_y = -1},
    {.bitmap_index = 28090, .adv_w = 256, .box_w = 16, .box_h = 16, .ofs_x = 0, .ofs_y = -2},
    {.bitmap_index = 28218, .adv_w = 256, .box_w = 16, .box_h = 16, .ofs_x = 0, .ofs_y = -2},
    {.bitmap_index = 28346, .adv_w = 256, .box_w = 16, .box_h = 16, .ofs_x = 0, .ofs_y = -2},
    {.bitmap_index = 28474, .adv_w = 256, .box_w = 16, .box_h = 14, .ofs_x = 0, .ofs_y = -1},
    {.bitmap_index = 28586, .adv_w = 256, .box_w = 16, .box_h = 16, .ofs_x = 0, .ofs_y = -2},
    {.bitmap_index = 28714, .adv_w = 256, .box_w = 16, .box_h = 14, .ofs_x = 0, .ofs_y = -1},
    {.bitmap_index = 28826, .adv_w = 256, .box_w = 16, .box_h = 15, .ofs_x = 0, .ofs_y = -1},
    {.bitmap_index = 28946, .adv_w = 256, .box_w = 15, .box_h = 15, .ofs_x = 1, .ofs_y = -2},
    {.bitmap_index = 29059, .adv_w = 256, .box_w = 15, .box_h = 15, .ofs_x = 1, .ofs_y = -2},
    {.bitmap_index = 29172, .adv_w = 256, .box_w = 13, .box_h = 15, .ofs_x = 1, .ofs_y = -1},
    {.bitmap_index = 29270, .adv_w = 256, .box_w = 15, .box_h = 15, .ofs_x = 1, .ofs_y = -2},
    {.bitmap_index = 29383, .adv_w = 256, .box_w = 16, .box_h = 16, .ofs_x = 0, .ofs_y = -2},
    {.bitmap_index = 29511, .adv_w = 256, .box_w = 16, .box_h = 16, .ofs_x = 0, .ofs_y = -2},
    {.bitmap_index = 29639, .adv_w = 256, .box_w = 16, .box_h = 15, .ofs_x = 0, .ofs_y = -1},
    {.bitmap_index = 29759, .adv_w = 256, .box_w = 15, .box_h = 14, .ofs_x = 0, .ofs_y = -1},
    {.bitmap_index = 29864, .adv_w = 256, .box_w = 15, .box_h = 15, .ofs_x = 0, .ofs_y = -1},
    {.bitmap_index = 29977, .adv_w = 256, .box_w = 16, .box_h = 15, .ofs_x = 0, .ofs_y = -1},
    {.bitmap_index = 30097, .adv_w = 256, .box_w = 15, .box_h = 15, .ofs_x = 0, .ofs_y = -1},
    {.bitmap_index = 30210, .adv_w = 256, .box_w = 16, .box_h = 15, .ofs_x = 0, .ofs_y = -1},
    {.bitmap_index = 30330, .adv_w = 256, .box_w = 15, .box_h = 15, .ofs_x = 0, .ofs_y = -1},
    {.bitmap_index = 30443, .adv_w = 256, .box_w = 15, .box_h = 15, .ofs_x = 1, .ofs_y = -1},
    {.bitmap_index = 30556, .adv_w = 256, .box_w = 15, .box_h = 15, .ofs_x = 0, .ofs_y = -1},
    {.bitmap_index = 30669, .adv_w = 256, .box_w = 15, .box_h = 15, .ofs_x = 1, .ofs_y = -1},
    {.bitmap_index = 30782, .adv_w = 256, .box_w = 16, .box_h = 15, .ofs_x = 0, .ofs_y = -1},
    {.bitmap_index = 30902, .adv_w = 256, .box_w = 16, .box_h = 16, .ofs_x = 0, .ofs_y = -2},
    {.bitmap_index = 31030, .adv_w = 256, .box_w = 14, .box_h = 16, .ofs_x = 0, .ofs_y = -2},
    {.bitmap_index = 31142, .adv_w = 256, .box_w = 16, .box_h = 15, .ofs_x = 0, .ofs_y = -1},
    {.bitmap_index = 31262, .adv_w = 256, .box_w = 15, .box_h = 16, .ofs_x = 1, .ofs_y = -2},
    {.bitmap_index = 31382, .adv_w = 256, .box_w = 16, .box_h = 16, .ofs_x = 0, .ofs_y = -2},
    {.bitmap_index = 31510, .adv_w = 256, .box_w = 15, .box_h = 16, .ofs_x = 0, .ofs_y = -2},
    {.bitmap_index = 31630, .adv_w = 256, .box_w = 16, .box_h = 15, .ofs_x = 0, .ofs_y = -1},
    {.bitmap_index = 31750, .adv_w = 256, .box_w = 15, .box_h = 16, .ofs_x = 0, .ofs_y = -2},
    {.bitmap_index = 31870, .adv_w = 256, .box_w = 16, .box_h = 16, .ofs_x = 0, .ofs_y = -2},
    {.bitmap_index = 31998, .adv_w = 256, .box_w = 16, .box_h = 15, .ofs_x = 0, .ofs_y = -1},
    {.bitmap_index = 32118, .adv_w = 256, .box_w = 15, .box_h = 15, .ofs_x = 0, .ofs_y = -1},
    {.bitmap_index = 32231, .adv_w = 256, .box_w = 15, .box_h = 15, .ofs_x = 0, .ofs_y = -1},
    {.bitmap_index = 32344, .adv_w = 256, .box_w = 16, .box_h = 16, .ofs_x = 0, .ofs_y = -2},
    {.bitmap_index = 32472, .adv_w = 256, .box_w = 16, .box_h = 15, .ofs_x = 0, .ofs_y = -1},
    {.bitmap_index = 32592, .adv_w = 256, .box_w = 16, .box_h = 16, .ofs_x = 0, .ofs_y = -2},
    {.bitmap_index = 32720, .adv_w = 256, .box_w = 16, .box_h = 15, .ofs_x = 0, .ofs_y = -1},
    {.bitmap_index = 32840, .adv_w = 256, .box_w = 16, .box_h = 16, .ofs_x = 0, .ofs_y = -2},
    {.bitmap_index = 32968, .adv_w = 256, .box_w = 16, .box_h = 15, .ofs_x = 0, .ofs_y = -1},
    {.bitmap_index = 33088, .adv_w = 256, .box_w = 16, .box_h = 16, .ofs_x = 0, .ofs_y = -2},
    {.bitmap_index = 33216, .adv_w = 256, .box_w = 16, .box_h = 15, .ofs_x = 0, .ofs_y = -1},
    {.bitmap_index = 33336, .adv_w = 256, .box_w = 16, .box_h = 15, .ofs_x = 0, .ofs_y = -1},
    {.bitmap_index = 33456, .adv_w = 256, .box_w = 16, .box_h = 15, .ofs_x = 0, .ofs_y = -1},
    {.bitmap_index = 33576, .adv_w = 256, .box_w = 16, .box_h = 15, .ofs_x = 0, .ofs_y = -1},
    {.bitmap_index = 33696, .adv_w = 256, .box_w = 16, .box_h = 16, .ofs_x = 0, .ofs_y = -2},
    {.bitmap_index = 33824, .adv_w = 256, .box_w = 16, .box_h = 15, .ofs_x = 0, .ofs_y = -1},
    {.bitmap_index = 33944, .adv_w = 256, .box_w = 16, .box_h = 16, .ofs_x = 0, .ofs_y = -2},
    {.bitmap_index = 34072, .adv_w = 256, .box_w = 16, .box_h = 15, .ofs_x = 0, .ofs_y = -1},
    {.bitmap_index = 34192, .adv_w = 256, .box_w = 16, .box_h = 15, .ofs_x = 0, .ofs_y = -1},
    {.bitmap_index = 34312, .adv_w = 256, .box_w = 15, .box_h = 15, .ofs_x = 0, .ofs_y = -1},
    {.bitmap_index = 34425, .adv_w = 256, .box_w = 16, .box_h = 15, .ofs_x = 0, .ofs_y = -1},
    {.bitmap_index = 34545, .adv_w = 256, .box_w = 16, .box_h = 16, .ofs_x = 0, .ofs_y = -2},
    {.bitmap_index = 34673, .adv_w = 256, .box_w = 16, .box_h = 16, .ofs_x = 0, .ofs_y = -2},
    {.bitmap_index = 34801, .adv_w = 256, .box_w = 16, .box_h = 16, .ofs_x = 0, .ofs_y = -2},
    {.bitmap_index = 34929, .adv_w = 256, .box_w = 16, .box_h = 16, .ofs_x = 0, .ofs_y = -2},
    {.bitmap_index = 35057, .adv_w = 256, .box_w = 16, .box_h = 16, .ofs_x = 0, .ofs_y = -2},
    {.bitmap_index = 35185, .adv_w = 256, .box_w = 16, .box_h = 16, .ofs_x = 0, .ofs_y = -2},
    {.bitmap_index = 35313, .adv_w = 256, .box_w = 16, .box_h = 16, .ofs_x = 0, .ofs_y = -2},
    {.bitmap_index = 35441, .adv_w = 256, .box_w = 16, .box_h = 16, .ofs_x = 0, .ofs_y = -2},
    {.bitmap_index = 35569, .adv_w = 256, .box_w = 16, .box_h = 16, .ofs_x = 0, .ofs_y = -2},
    {.bitmap_index = 35697, .adv_w = 256, .box_w = 15, .box_h = 15, .ofs_x = 0, .ofs_y = -1},
    {.bitmap_index = 35810, .adv_w = 256, .box_w = 15, .box_h = 16, .ofs_x = 0, .ofs_y = -2},
    {.bitmap_index = 35930, .adv_w = 256, .box_w = 16, .box_h = 16, .ofs_x = 0, .ofs_y = -2},
    {.bitmap_index = 36058, .adv_w = 256, .box_w = 15, .box_h = 16, .ofs_x = 0, .ofs_y = -2},
    {.bitmap_index = 36178, .adv_w = 256, .box_w = 16, .box_h = 15, .ofs_x = 0, .ofs_y = -2},
    {.bitmap_index = 36298, .adv_w = 256, .box_w = 12, .box_h = 13, .ofs_x = 2, .ofs_y = -1},
    {.bitmap_index = 36376, .adv_w = 256, .box_w = 13, .box_h = 15, .ofs_x = 2, .ofs_y = -2},
    {.bitmap_index = 36474, .adv_w = 256, .box_w = 16, .box_h = 15, .ofs_x = 0, .ofs_y = -1},
    {.bitmap_index = 36594, .adv_w = 256, .box_w = 15, .box_h = 14, .ofs_x = 1, .ofs_y = -1},
    {.bitmap_index = 36699, .adv_w = 256, .box_w = 16, .box_h = 15, .ofs_x = 0, .ofs_y = -2},
    {.bitmap_index = 36819, .adv_w = 256, .box_w = 16, .box_h = 14, .ofs_x = 0, .ofs_y = -1},
    {.bitmap_index = 36931, .adv_w = 256, .box_w = 15, .box_h = 16, .ofs_x = 1, .ofs_y = -2},
    {.bitmap_index = 37051, .adv_w = 256, .box_w = 16, .box_h = 16, .ofs_x = 0, .ofs_y = -2},
    {.bitmap_index = 37179, .adv_w = 256, .box_w = 16, .box_h = 14, .ofs_x = 0, .ofs_y = -1},
    {.bitmap_index = 37291, .adv_w = 256, .box_w = 14, .box_h = 15, .ofs_x = 1, .ofs_y = -1},
    {.bitmap_index = 37396, .adv_w = 256, .box_w = 15, .box_h = 15, .ofs_x = 0, .ofs_y = -2},
    {.bitmap_index = 37509, .adv_w = 256, .box_w = 16, .box_h = 15, .ofs_x = 0, .ofs_y = -2},
    {.bitmap_index = 37629, .adv_w = 256, .box_w = 16, .box_h = 15, .ofs_x = 0, .ofs_y = -2},
    {.bitmap_index = 37749, .adv_w = 256, .box_w = 14, .box_h = 15, .ofs_x = 0, .ofs_y = -2},
    {.bitmap_index = 37854, .adv_w = 256, .box_w = 15, .box_h = 15, .ofs_x = 0, .ofs_y = -1},
    {.bitmap_index = 37967, .adv_w = 256, .box_w = 15, .box_h = 16, .ofs_x = 0, .ofs_y = -2},
    {.bitmap_index = 38087, .adv_w = 256, .box_w = 15, .box_h = 16, .ofs_x = 0, .ofs_y = -2},
    {.bitmap_index = 38207, .adv_w = 256, .box_w = 16, .box_h = 15, .ofs_x = 0, .ofs_y = -1},
    {.bitmap_index = 38327, .adv_w = 256, .box_w = 16, .box_h = 15, .ofs_x = 0, .ofs_y = -1},
    {.bitmap_index = 38447, .adv_w = 256, .box_w = 16, .box_h = 15, .ofs_x = 0, .ofs_y = -1},
    {.bitmap_index = 38567, .adv_w = 256, .box_w = 16, .box_h = 16, .ofs_x = 0, .ofs_y = -2},
    {.bitmap_index = 38695, .adv_w = 256, .box_w = 16, .box_h = 15, .ofs_x = 0, .ofs_y = -1},
    {.bitmap_index = 38815, .adv_w = 256, .box_w = 16, .box_h = 16, .ofs_x = 0, .ofs_y = -2},
    {.bitmap_index = 38943, .adv_w = 256, .box_w = 16, .box_h = 15, .ofs_x = 0, .ofs_y = -1},
    {.bitmap_index = 39063, .adv_w = 256, .box_w = 16, .box_h = 15, .ofs_x = 0, .ofs_y = -1},
    {.bitmap_index = 39183, .adv_w = 256, .box_w = 15, .box_h = 14, .ofs_x = 0, .ofs_y = -1},
    {.bitmap_index = 39288, .adv_w = 256, .box_w = 15, .box_h = 16, .ofs_x = 0, .ofs_y = -2},
    {.bitmap_index = 39408, .adv_w = 256, .box_w = 16, .box_h = 15, .ofs_x = 0, .ofs_y = -1},
    {.bitmap_index = 39528, .adv_w = 256, .box_w = 16, .box_h = 15, .ofs_x = 0, .ofs_y = -1},
    {.bitmap_index = 39648, .adv_w = 256, .box_w = 16, .box_h = 16, .ofs_x = 0, .ofs_y = -2},
    {.bitmap_index = 39776, .adv_w = 256, .box_w = 16, .box_h = 15, .ofs_x = 0, .ofs_y = -1},
    {.bitmap_index = 39896, .adv_w = 256, .box_w = 16, .box_h = 16, .ofs_x = 0, .ofs_y = -2},
    {.bitmap_index = 40024, .adv_w = 256, .box_w = 16, .box_h = 15, .ofs_x = 0, .ofs_y = -1},
    {.bitmap_index = 40144, .adv_w = 256, .box_w = 15, .box_h = 16, .ofs_x = 0, .ofs_y = -2},
    {.bitmap_index = 40264, .adv_w = 256, .box_w = 16, .box_h = 15, .ofs_x = 0, .ofs_y = -1},
    {.bitmap_index = 40384, .adv_w = 256, .box_w = 16, .box_h = 16, .ofs_x = 0, .ofs_y = -2},
    {.bitmap_index = 40512, .adv_w = 256, .box_w = 15, .box_h = 15, .ofs_x = 1, .ofs_y = -1},
    {.bitmap_index = 40625, .adv_w = 256, .box_w = 16, .box_h = 14, .ofs_x = 0, .ofs_y = -1},
    {.bitmap_index = 40737, .adv_w = 256, .box_w = 16, .box_h = 16, .ofs_x = 0, .ofs_y = -2},
    {.bitmap_index = 40865, .adv_w = 256, .box_w = 16, .box_h = 15, .ofs_x = 0, .ofs_y = -1},
    {.bitmap_index = 40985, .adv_w = 256, .box_w = 16, .box_h = 15, .ofs_x = 0, .ofs_y = -1},
    {.bitmap_index = 41105, .adv_w = 256, .box_w = 16, .box_h = 15, .ofs_x = 0, .ofs_y = -1},
    {.bitmap_index = 41225, .adv_w = 256, .box_w = 15, .box_h = 16, .ofs_x = 1, .ofs_y = -2},
    {.bitmap_index = 41345, .adv_w = 256, .box_w = 15, .box_h = 16, .ofs_x = 1, .ofs_y = -2},
    {.bitmap_index = 41465, .adv_w = 256, .box_w = 16, .box_h = 15, .ofs_x = 0, .ofs_y = -1},
    {.bitmap_index = 41585, .adv_w = 256, .box_w = 16, .box_h = 14, .ofs_x = 0, .ofs_y = -1},
    {.bitmap_index = 41697, .adv_w = 256, .box_w = 16, .box_h = 16, .ofs_x = 0, .ofs_y = -2},
    {.bitmap_index = 41825, .adv_w = 256, .box_w = 15, .box_h = 15, .ofs_x = 0, .ofs_y = -1},
    {.bitmap_index = 41938, .adv_w = 256, .box_w = 15, .box_h = 15, .ofs_x = 1, .ofs_y = -1},
    {.bitmap_index = 42051, .adv_w = 256, .box_w = 14, .box_h = 16, .ofs_x = 1, .ofs_y = -2},
    {.bitmap_index = 42163, .adv_w = 256, .box_w = 15, .box_h = 15, .ofs_x = 1, .ofs_y = -1},
    {.bitmap_index = 42276, .adv_w = 256, .box_w = 15, .box_h = 15, .ofs_x = 1, .ofs_y = -1},
    {.bitmap_index = 42389, .adv_w = 256, .box_w = 16, .box_h = 15, .ofs_x = 0, .ofs_y = -1},
    {.bitmap_index = 42509, .adv_w = 256, .box_w = 16, .box_h = 16, .ofs_x = 0, .ofs_y = -2},
    {.bitmap_index = 42637, .adv_w = 256, .box_w = 16, .box_h = 16, .ofs_x = 0, .ofs_y = -2},
    {.bitmap_index = 42765, .adv_w = 256, .box_w = 15, .box_h = 16, .ofs_x = 1, .ofs_y = -2},
    {.bitmap_index = 42885, .adv_w = 256, .box_w = 16, .box_h = 16, .ofs_x = 0, .ofs_y = -2},
    {.bitmap_index = 43013, .adv_w = 256, .box_w = 15, .box_h = 16, .ofs_x = 0, .ofs_y = -2},
    {.bitmap_index = 43133, .adv_w = 256, .box_w = 16, .box_h = 15, .ofs_x = 0, .ofs_y = -1},
    {.bitmap_index = 43253, .adv_w = 256, .box_w = 16, .box_h = 15, .ofs_x = 0, .ofs_y = -1},
    {.bitmap_index = 43373, .adv_w = 256, .box_w = 16, .box_h = 16, .ofs_x = 0, .ofs_y = -2},
    {.bitmap_index = 43501, .adv_w = 256, .box_w = 16, .box_h = 16, .ofs_x = 0, .ofs_y = -2},
    {.bitmap_index = 43629, .adv_w = 256, .box_w = 15, .box_h = 15, .ofs_x = 1, .ofs_y = -1},
    {.bitmap_index = 43742, .adv_w = 256, .box_w = 16, .box_h = 16, .ofs_x = 0, .ofs_y = -2},
    {.bitmap_index = 43870, .adv_w = 256, .box_w = 14, .box_h = 15, .ofs_x = 1, .ofs_y = -1},
    {.bitmap_index = 43975, .adv_w = 256, .box_w = 16, .box_h = 15, .ofs_x = 0, .ofs_y = -1},
    {.bitmap_index = 44095, .adv_w = 256, .box_w = 15, .box_h = 15, .ofs_x = 0, .ofs_y = -1},
    {.bitmap_index = 44208, .adv_w = 256, .box_w = 16, .box_h = 15, .ofs_x = 0, .ofs_y = -1},
    {.bitmap_index = 44328, .adv_w = 256, .box_w = 14, .box_h = 14, .ofs_x = 1, .ofs_y = -1},
    {.bitmap_index = 44426, .adv_w = 256, .box_w = 16, .box_h = 15, .ofs_x = 0, .ofs_y = -1},
    {.bitmap_index = 44546, .adv_w = 256, .box_w = 15, .box_h = 15, .ofs_x = 0, .ofs_y = -1},
    {.bitmap_index = 44659, .adv_w = 256, .box_w = 15, .box_h = 15, .ofs_x = 0, .ofs_y = -1},
    {.bitmap_index = 44772, .adv_w = 256, .box_w = 16, .box_h = 16, .ofs_x = 0, .ofs_y = -2},
    {.bitmap_index = 44900, .adv_w = 256, .box_w = 16, .box_h = 16, .ofs_x = 0, .ofs_y = -2},
    {.bitmap_index = 45028, .adv_w = 256, .box_w = 16, .box_h = 15, .ofs_x = 0, .ofs_y = -1},
    {.bitmap_index = 45148, .adv_w = 256, .box_w = 15, .box_h = 16, .ofs_x = 1, .ofs_y = -2},
    {.bitmap_index = 45268, .adv_w = 256, .box_w = 16, .box_h = 16, .ofs_x = 0, .ofs_y = -2},
    {.bitmap_index = 45396, .adv_w = 256, .box_w = 15, .box_h = 16, .ofs_x = 1, .ofs_y = -2},
    {.bitmap_index = 45516, .adv_w = 256, .box_w = 16, .box_h = 15, .ofs_x = 0, .ofs_y = -1},
    {.bitmap_index = 45636, .adv_w = 256, .box_w = 15, .box_h = 16, .ofs_x = 1, .ofs_y = -2},
    {.bitmap_index = 45756, .adv_w = 256, .box_w = 15, .box_h = 16, .ofs_x = 0, .ofs_y = -2},
    {.bitmap_index = 45876, .adv_w = 256, .box_w = 15, .box_h = 15, .ofs_x = 1, .ofs_y = -1},
    {.bitmap_index = 45989, .adv_w = 256, .box_w = 16, .box_h = 16, .ofs_x = 0, .ofs_y = -2},
    {.bitmap_index = 46117, .adv_w = 256, .box_w = 15, .box_h = 15, .ofs_x = 1, .ofs_y = -2},
    {.bitmap_index = 46230, .adv_w = 256, .box_w = 15, .box_h = 16, .ofs_x = 1, .ofs_y = -2},
    {.bitmap_index = 46350, .adv_w = 256, .box_w = 15, .box_h = 16, .ofs_x = 1, .ofs_y = -2},
    {.bitmap_index = 46470, .adv_w = 256, .box_w = 16, .box_h = 16, .ofs_x = 0, .ofs_y = -2},
    {.bitmap_index = 46598, .adv_w = 256, .box_w = 16, .box_h = 15, .ofs_x = 0, .ofs_y = -2},
    {.bitmap_index = 46718, .adv_w = 256, .box_w = 16, .box_h = 16, .ofs_x = 0, .ofs_y = -2},
    {.bitmap_index = 46846, .adv_w = 256, .box_w = 15, .box_h = 15, .ofs_x = 0, .ofs_y = -1},
    {.bitmap_index = 46959, .adv_w = 256, .box_w = 16, .box_h = 16, .ofs_x = 0, .ofs_y = -2},
    {.bitmap_index = 47087, .adv_w = 256, .box_w = 15, .box_h = 15, .ofs_x = 0, .ofs_y = -2},
    {.bitmap_index = 47200, .adv_w = 256, .box_w = 16, .box_h = 15, .ofs_x = 0, .ofs_y = -1},
    {.bitmap_index = 47320, .adv_w = 256, .box_w = 16, .box_h = 16, .ofs_x = 0, .ofs_y = -2},
    {.bitmap_index = 47448, .adv_w = 256, .box_w = 15, .box_h = 14, .ofs_x = 0, .ofs_y = -1},
    {.bitmap_index = 47553, .adv_w = 256, .box_w = 16, .box_h = 15, .ofs_x = 0, .ofs_y = -2},
    {.bitmap_index = 47673, .adv_w = 256, .box_w = 15, .box_h = 15, .ofs_x = 0, .ofs_y = -1},
    {.bitmap_index = 47786, .adv_w = 256, .box_w = 16, .box_h = 16, .ofs_x = 0, .ofs_y = -2},
    {.bitmap_index = 47914, .adv_w = 256, .box_w = 16, .box_h = 15, .ofs_x = 0, .ofs_y = -2},
    {.bitmap_index = 48034, .adv_w = 256, .box_w = 16, .box_h = 15, .ofs_x = 0, .ofs_y = -1},
    {.bitmap_index = 48154, .adv_w = 256, .box_w = 15, .box_h = 15, .ofs_x = 1, .ofs_y = -1},
    {.bitmap_index = 48267, .adv_w = 256, .box_w = 15, .box_h = 15, .ofs_x = 0, .ofs_y = -2},
    {.bitmap_index = 48380, .adv_w = 256, .box_w = 15, .box_h = 15, .ofs_x = 1, .ofs_y = -1},
    {.bitmap_index = 48493, .adv_w = 256, .box_w = 16, .box_h = 16, .ofs_x = 0, .ofs_y = -2},
    {.bitmap_index = 48621, .adv_w = 256, .box_w = 16, .box_h = 15, .ofs_x = 0, .ofs_y = -1},
    {.bitmap_index = 48741, .adv_w = 256, .box_w = 15, .box_h = 15, .ofs_x = 0, .ofs_y = -1},
    {.bitmap_index = 48854, .adv_w = 256, .box_w = 16, .box_h = 15, .ofs_x = 0, .ofs_y = -1},
    {.bitmap_index = 48974, .adv_w = 256, .box_w = 16, .box_h = 15, .ofs_x = 0, .ofs_y = -1},
    {.bitmap_index = 49094, .adv_w = 256, .box_w = 16, .box_h = 15, .ofs_x = 0, .ofs_y = -1},
    {.bitmap_index = 49214, .adv_w = 256, .box_w = 15, .box_h = 15, .ofs_x = 0, .ofs_y = -1},
    {.bitmap_index = 49327, .adv_w = 256, .box_w = 12, .box_h = 13, .ofs_x = 2, .ofs_y = -1},
    {.bitmap_index = 49405, .adv_w = 256, .box_w = 16, .box_h = 16, .ofs_x = 0, .ofs_y = -2},
    {.bitmap_index = 49533, .adv_w = 256, .box_w = 15, .box_h = 15, .ofs_x = 0, .ofs_y = -1},
    {.bitmap_index = 49646, .adv_w = 256, .box_w = 15, .box_h = 16, .ofs_x = 0, .ofs_y = -2},
    {.bitmap_index = 49766, .adv_w = 256, .box_w = 16, .box_h = 15, .ofs_x = 0, .ofs_y = -2},
    {.bitmap_index = 49886, .adv_w = 256, .box_w = 15, .box_h = 14, .ofs_x = 0, .ofs_y = -1},
    {.bitmap_index = 49991, .adv_w = 256, .box_w = 16, .box_h = 15, .ofs_x = 0, .ofs_y = -2},
    {.bitmap_index = 50111, .adv_w = 256, .box_w = 15, .box_h = 16, .ofs_x = 0, .ofs_y = -2},
    {.bitmap_index = 50231, .adv_w = 256, .box_w = 15, .box_h = 13, .ofs_x = 0, .ofs_y = -1},
    {.bitmap_index = 50329, .adv_w = 256, .box_w = 16, .box_h = 16, .ofs_x = 0, .ofs_y = -2},
    {.bitmap_index = 50457, .adv_w = 256, .box_w = 16, .box_h = 15, .ofs_x = 0, .ofs_y = -2},
    {.bitmap_index = 50577, .adv_w = 256, .box_w = 16, .box_h = 15, .ofs_x = 0, .ofs_y = -1},
    {.bitmap_index = 50697, .adv_w = 256, .box_w = 16, .box_h = 16, .ofs_x = 0, .ofs_y = -2},
    {.bitmap_index = 50825, .adv_w = 256, .box_w = 16, .box_h = 16, .ofs_x = 0, .ofs_y = -2},
    {.bitmap_index = 50953, .adv_w = 256, .box_w = 15, .box_h = 15, .ofs_x = 0, .ofs_y = -1},
    {.bitmap_index = 51066, .adv_w = 256, .box_w = 16, .box_h = 16, .ofs_x = 0, .ofs_y = -2},
    {.bitmap_index = 51194, .adv_w = 256, .box_w = 14, .box_h = 15, .ofs_x = 1, .ofs_y = -1},
    {.bitmap_index = 51299, .adv_w = 256, .box_w = 16, .box_h = 14, .ofs_x = 0, .ofs_y = -1},
    {.bitmap_index = 51411, .adv_w = 256, .box_w = 15, .box_h = 16, .ofs_x = 0, .ofs_y = -2},
    {.bitmap_index = 51531, .adv_w = 256, .box_w = 16, .box_h = 15, .ofs_x = 0, .ofs_y = -1},
    {.bitmap_index = 51651, .adv_w = 256, .box_w = 16, .box_h = 15, .ofs_x = 0, .ofs_y = -1},
    {.bitmap_index = 51771, .adv_w = 256, .box_w = 14, .box_h = 15, .ofs_x = 1, .ofs_y = -1},
    {.bitmap_index = 51876, .adv_w = 256, .box_w = 15, .box_h = 16, .ofs_x = 1, .ofs_y = -2},
    {.bitmap_index = 51996, .adv_w = 256, .box_w = 15, .box_h = 16, .ofs_x = 0, .ofs_y = -2},
    {.bitmap_index = 52116, .adv_w = 256, .box_w = 16, .box_h = 15, .ofs_x = 0, .ofs_y = -1},
    {.bitmap_index = 52236, .adv_w = 256, .box_w = 15, .box_h = 14, .ofs_x = 1, .ofs_y = -1},
    {.bitmap_index = 52341, .adv_w = 256, .box_w = 14, .box_h = 16, .ofs_x = 1, .ofs_y = -2},
    {.bitmap_index = 52453, .adv_w = 256, .box_w = 16, .box_h = 15, .ofs_x = 0, .ofs_y = -1},
    {.bitmap_index = 52573, .adv_w = 256, .box_w = 16, .box_h = 15, .ofs_x = 0, .ofs_y = -1},
    {.bitmap_index = 52693, .adv_w = 256, .box_w = 16, .box_h = 16, .ofs_x = 0, .ofs_y = -2},
    {.bitmap_index = 52821, .adv_w = 256, .box_w = 15, .box_h = 16, .ofs_x = 0, .ofs_y = -2},
    {.bitmap_index = 52941, .adv_w = 256, .box_w = 15, .box_h = 15, .ofs_x = 0, .ofs_y = -1},
    {.bitmap_index = 53054, .adv_w = 256, .box_w = 16, .box_h = 15, .ofs_x = 0, .ofs_y = -1},
    {.bitmap_index = 53174, .adv_w = 256, .box_w = 16, .box_h = 15, .ofs_x = 0, .ofs_y = -1},
    {.bitmap_index = 53294, .adv_w = 256, .box_w = 15, .box_h = 16, .ofs_x = 0, .ofs_y = -2},
    {.bitmap_index = 53414, .adv_w = 256, .box_w = 16, .box_h = 15, .ofs_x = 0, .ofs_y = -1},
    {.bitmap_index = 53534, .adv_w = 256, .box_w = 16, .box_h = 16, .ofs_x = 0, .ofs_y = -2},
    {.bitmap_index = 53662, .adv_w = 256, .box_w = 16, .box_h = 14, .ofs_x = 0, .ofs_y = 0},
    {.bitmap_index = 53774, .adv_w = 256, .box_w = 15, .box_h = 16, .ofs_x = 1, .ofs_y = -2},
    {.bitmap_index = 53894, .adv_w = 256, .box_w = 16, .box_h = 16, .ofs_x = 0, .ofs_y = -2},
    {.bitmap_index = 54022, .adv_w = 256, .box_w = 16, .box_h = 15, .ofs_x = 0, .ofs_y = -1},
    {.bitmap_index = 54142, .adv_w = 256, .box_w = 15, .box_h = 16, .ofs_x = 0, .ofs_y = -2},
    {.bitmap_index = 54262, .adv_w = 256, .box_w = 15, .box_h = 16, .ofs_x = 1, .ofs_y = -2},
    {.bitmap_index = 54382, .adv_w = 256, .box_w = 14, .box_h = 14, .ofs_x = 1, .ofs_y = -1},
    {.bitmap_index = 54480, .adv_w = 256, .box_w = 14, .box_h = 14, .ofs_x = 1, .ofs_y = -1},
    {.bitmap_index = 54578, .adv_w = 256, .box_w = 15, .box_h = 14, .ofs_x = 1, .ofs_y = -1},
    {.bitmap_index = 54683, .adv_w = 256, .box_w = 16, .box_h = 16, .ofs_x = 0, .ofs_y = -2},
    {.bitmap_index = 54811, .adv_w = 256, .box_w = 16, .box_h = 16, .ofs_x = 0, .ofs_y = -2},
    {.bitmap_index = 54939, .adv_w = 256, .box_w = 15, .box_h = 15, .ofs_x = 0, .ofs_y = -1},
    {.bitmap_index = 55052, .adv_w = 256, .box_w = 16, .box_h = 16, .ofs_x = 0, .ofs_y = -2},
    {.bitmap_index = 55180, .adv_w = 256, .box_w = 15, .box_h = 16, .ofs_x = 0, .ofs_y = -2},
    {.bitmap_index = 55300, .adv_w = 256, .box_w = 15, .box_h = 15, .ofs_x = 1, .ofs_y = -1},
    {.bitmap_index = 55413, .adv_w = 256, .box_w = 15, .box_h = 16, .ofs_x = 0, .ofs_y = -2},
    {.bitmap_index = 55533, .adv_w = 256, .box_w = 12, .box_h = 15, .ofs_x = 2, .ofs_y = -1},
    {.bitmap_index = 55623, .adv_w = 256, .box_w = 16, .box_h = 16, .ofs_x = 0, .ofs_y = -2},
    {.bitmap_index = 55751, .adv_w = 256, .box_w = 16, .box_h = 15, .ofs_x = 0, .ofs_y = -1},
    {.bitmap_index = 55871, .adv_w = 256, .box_w = 15, .box_h = 16, .ofs_x = 1, .ofs_y = -2},
    {.bitmap_index = 55991, .adv_w = 256, .box_w = 16, .box_h = 15, .ofs_x = 0, .ofs_y = -1},
    {.bitmap_index = 56111, .adv_w = 256, .box_w = 15, .box_h = 16, .ofs_x = 1, .ofs_y = -2},
    {.bitmap_index = 56231, .adv_w = 256, .box_w = 15, .box_h = 16, .ofs_x = 1, .ofs_y = -2},
    {.bitmap_index = 56351, .adv_w = 256, .box_w = 16, .box_h = 16, .ofs_x = 0, .ofs_y = -2},
    {.bitmap_index = 56479, .adv_w = 256, .box_w = 15, .box_h = 15, .ofs_x = 1, .ofs_y = -1},
    {.bitmap_index = 56592, .adv_w = 256, .box_w = 16, .box_h = 16, .ofs_x = 0, .ofs_y = -2},
    {.bitmap_index = 56720, .adv_w = 256, .box_w = 16, .box_h = 16, .ofs_x = 0, .ofs_y = -2},
    {.bitmap_index = 56848, .adv_w = 256, .box_w = 16, .box_h = 15, .ofs_x = 0, .ofs_y = -1},
    {.bitmap_index = 56968, .adv_w = 256, .box_w = 16, .box_h = 15, .ofs_x = 0, .ofs_y = -1},
    {.bitmap_index = 57088, .adv_w = 256, .box_w = 16, .box_h = 15, .ofs_x = 0, .ofs_y = -1},
    {.bitmap_index = 57208, .adv_w = 256, .box_w = 16, .box_h = 15, .ofs_x = 0, .ofs_y = -1},
    {.bitmap_index = 57328, .adv_w = 256, .box_w = 16, .box_h = 16, .ofs_x = 0, .ofs_y = -2},
    {.bitmap_index = 57456, .adv_w = 256, .box_w = 16, .box_h = 15, .ofs_x = 0, .ofs_y = -1},
    {.bitmap_index = 57576, .adv_w = 256, .box_w = 15, .box_h = 16, .ofs_x = 0, .ofs_y = -2},
    {.bitmap_index = 57696, .adv_w = 256, .box_w = 16, .box_h = 16, .ofs_x = 0, .ofs_y = -2},
    {.bitmap_index = 57824, .adv_w = 256, .box_w = 16, .box_h = 16, .ofs_x = 0, .ofs_y = -2},
    {.bitmap_index = 57952, .adv_w = 256, .box_w = 14, .box_h = 14, .ofs_x = 1, .ofs_y = -1},
    {.bitmap_index = 58050, .adv_w = 256, .box_w = 15, .box_h = 15, .ofs_x = 0, .ofs_y = -2},
    {.bitmap_index = 58163, .adv_w = 256, .box_w = 16, .box_h = 15, .ofs_x = 0, .ofs_y = -2},
    {.bitmap_index = 58283, .adv_w = 256, .box_w = 16, .box_h = 15, .ofs_x = 0, .ofs_y = -1},
    {.bitmap_index = 58403, .adv_w = 256, .box_w = 14, .box_h = 16, .ofs_x = 1, .ofs_y = -2},
    {.bitmap_index = 58515, .adv_w = 256, .box_w = 14, .box_h = 16, .ofs_x = 1, .ofs_y = -2},
    {.bitmap_index = 58627, .adv_w = 256, .box_w = 16, .box_h = 16, .ofs_x = 0, .ofs_y = -2},
    {.bitmap_index = 58755, .adv_w = 256, .box_w = 16, .box_h = 16, .ofs_x = 0, .ofs_y = -2},
    {.bitmap_index = 58883, .adv_w = 256, .box_w = 16, .box_h = 16, .ofs_x = 0, .ofs_y = -2},
    {.bitmap_index = 59011, .adv_w = 256, .box_w = 15, .box_h = 16, .ofs_x = 0, .ofs_y = -2},
    {.bitmap_index = 59131, .adv_w = 256, .box_w = 16, .box_h = 15, .ofs_x = 0, .ofs_y = -1},
    {.bitmap_index = 59251, .adv_w = 256, .box_w = 16, .box_h = 16, .ofs_x = 0, .ofs_y = -2},
    {.bitmap_index = 59379, .adv_w = 256, .box_w = 16, .box_h = 15, .ofs_x = 0, .ofs_y = -2},
    {.bitmap_index = 59499, .adv_w = 256, .box_w = 16, .box_h = 14, .ofs_x = 0, .ofs_y = -1},
    {.bitmap_index = 59611, .adv_w = 256, .box_w = 16, .box_h = 15, .ofs_x = 0, .ofs_y = -1},
    {.bitmap_index = 59731, .adv_w = 256, .box_w = 16, .box_h = 15, .ofs_x = 0, .ofs_y = -2},
    {.bitmap_index = 59851, .adv_w = 256, .box_w = 15, .box_h = 16, .ofs_x = 0, .ofs_y = -2},
    {.bitmap_index = 59971, .adv_w = 256, .box_w = 16, .box_h = 14, .ofs_x = 0, .ofs_y = -1},
    {.bitmap_index = 60083, .adv_w = 256, .box_w = 16, .box_h = 15, .ofs_x = 0, .ofs_y = -1},
    {.bitmap_index = 60203, .adv_w = 256, .box_w = 15, .box_h = 16, .ofs_x = 0, .ofs_y = -2},
    {.bitmap_index = 60323, .adv_w = 256, .box_w = 15, .box_h = 15, .ofs_x = 0, .ofs_y = -2},
    {.bitmap_index = 60436, .adv_w = 256, .box_w = 16, .box_h = 15, .ofs_x = 0, .ofs_y = -2},
    {.bitmap_index = 60556, .adv_w = 256, .box_w = 16, .box_h = 16, .ofs_x = 0, .ofs_y = -2},
    {.bitmap_index = 60684, .adv_w = 256, .box_w = 16, .box_h = 16, .ofs_x = 0, .ofs_y = -2},
    {.bitmap_index = 60812, .adv_w = 256, .box_w = 16, .box_h = 16, .ofs_x = 0, .ofs_y = -2},
    {.bitmap_index = 60940, .adv_w = 256, .box_w = 15, .box_h = 15, .ofs_x = 1, .ofs_y = -2},
    {.bitmap_index = 61053, .adv_w = 256, .box_w = 16, .box_h = 16, .ofs_x = 0, .ofs_y = -2},
    {.bitmap_index = 61181, .adv_w = 256, .box_w = 16, .box_h = 16, .ofs_x = 0, .ofs_y = -2},
    {.bitmap_index = 61309, .adv_w = 256, .box_w = 15, .box_h = 15, .ofs_x = 1, .ofs_y = -1},
    {.bitmap_index = 61422, .adv_w = 256, .box_w = 16, .box_h = 16, .ofs_x = 0, .ofs_y = -2},
    {.bitmap_index = 61550, .adv_w = 256, .box_w = 16, .box_h = 16, .ofs_x = 0, .ofs_y = -2},
    {.bitmap_index = 61678, .adv_w = 256, .box_w = 15, .box_h = 15, .ofs_x = 1, .ofs_y = -2},
    {.bitmap_index = 61791, .adv_w = 256, .box_w = 14, .box_h = 15, .ofs_x = 1, .ofs_y = -1},
    {.bitmap_index = 61896, .adv_w = 256, .box_w = 16, .box_h = 15, .ofs_x = 0, .ofs_y = -1},
    {.bitmap_index = 62016, .adv_w = 256, .box_w = 16, .box_h = 16, .ofs_x = 0, .ofs_y = -2},
    {.bitmap_index = 62144, .adv_w = 256, .box_w = 16, .box_h = 15, .ofs_x = 0, .ofs_y = -1},
    {.bitmap_index = 62264, .adv_w = 256, .box_w = 16, .box_h = 15, .ofs_x = 0, .ofs_y = -1},
    {.bitmap_index = 62384, .adv_w = 256, .box_w = 16, .box_h = 15, .ofs_x = 0, .ofs_y = -2},
    {.bitmap_index = 62504, .adv_w = 256, .box_w = 16, .box_h = 15, .ofs_x = 0, .ofs_y = -1},
    {.bitmap_index = 62624, .adv_w = 256, .box_w = 16, .box_h = 15, .ofs_x = 0, .ofs_y = -2},
    {.bitmap_index = 62744, .adv_w = 256, .box_w = 16, .box_h = 15, .ofs_x = 0, .ofs_y = -1},
    {.bitmap_index = 62864, .adv_w = 256, .box_w = 15, .box_h = 15, .ofs_x = 0, .ofs_y = -1},
    {.bitmap_index = 62977, .adv_w = 256, .box_w = 16, .box_h = 15, .ofs_x = 0, .ofs_y = -2},
    {.bitmap_index = 63097, .adv_w = 256, .box_w = 16, .box_h = 15, .ofs_x = 0, .ofs_y = -2},
    {.bitmap_index = 63217, .adv_w = 256, .box_w = 16, .box_h = 15, .ofs_x = 0, .ofs_y = -1},
    {.bitmap_index = 63337, .adv_w = 256, .box_w = 16, .box_h = 14, .ofs_x = 0, .ofs_y = -1},
    {.bitmap_index = 63449, .adv_w = 256, .box_w = 16, .box_h = 15, .ofs_x = 0, .ofs_y = -2},
    {.bitmap_index = 63569, .adv_w = 256, .box_w = 16, .box_h = 16, .ofs_x = 0, .ofs_y = -2},
    {.bitmap_index = 63697, .adv_w = 256, .box_w = 16, .box_h = 14, .ofs_x = 0, .ofs_y = -1},
    {.bitmap_index = 63809, .adv_w = 256, .box_w = 16, .box_h = 16, .ofs_x = 0, .ofs_y = -2},
    {.bitmap_index = 63937, .adv_w = 256, .box_w = 16, .box_h = 16, .ofs_x = 0, .ofs_y = -2},
    {.bitmap_index = 64065, .adv_w = 256, .box_w = 16, .box_h = 14, .ofs_x = 0, .ofs_y = -1},
    {.bitmap_index = 64177, .adv_w = 256, .box_w = 16, .box_h = 16, .ofs_x = 0, .ofs_y = -2},
    {.bitmap_index = 64305, .adv_w = 256, .box_w = 16, .box_h = 16, .ofs_x = 0, .ofs_y = -2},
    {.bitmap_index = 64433, .adv_w = 256, .box_w = 16, .box_h = 15, .ofs_x = 0, .ofs_y = -2},
    {.bitmap_index = 64553, .adv_w = 256, .box_w = 16, .box_h = 16, .ofs_x = 0, .ofs_y = -2},
    {.bitmap_index = 64681, .adv_w = 256, .box_w = 15, .box_h = 15, .ofs_x = 0, .ofs_y = -1},
    {.bitmap_index = 64794, .adv_w = 256, .box_w = 16, .box_h = 15, .ofs_x = 0, .ofs_y = -1},
    {.bitmap_index = 64914, .adv_w = 256, .box_w = 16, .box_h = 14, .ofs_x = 0, .ofs_y = -1},
    {.bitmap_index = 65026, .adv_w = 256, .box_w = 16, .box_h = 14, .ofs_x = 0, .ofs_y = -1},
    {.bitmap_index = 65138, .adv_w = 256, .box_w = 15, .box_h = 15, .ofs_x = 0, .ofs_y = -1},
    {.bitmap_index = 65251, .adv_w = 256, .box_w = 15, .box_h = 16, .ofs_x = 0, .ofs_y = -2},
    {.bitmap_index = 65371, .adv_w = 256, .box_w = 16, .box_h = 14, .ofs_x = 0, .ofs_y = -1},
    {.bitmap_index = 65483, .adv_w = 256, .box_w = 16, .box_h = 15, .ofs_x = 0, .ofs_y = -1},
    {.bitmap_index = 65603, .adv_w = 256, .box_w = 15, .box_h = 15, .ofs_x = 0, .ofs_y = -1},
    {.bitmap_index = 65716, .adv_w = 256, .box_w = 16, .box_h = 16, .ofs_x = 0, .ofs_y = -2},
    {.bitmap_index = 65844, .adv_w = 256, .box_w = 15, .box_h = 16, .ofs_x = 0, .ofs_y = -2},
    {.bitmap_index = 65964, .adv_w = 256, .box_w = 15, .box_h = 16, .ofs_x = 0, .ofs_y = -2},
    {.bitmap_index = 66084, .adv_w = 256, .box_w = 16, .box_h = 16, .ofs_x = 0, .ofs_y = -2},
    {.bitmap_index = 66212, .adv_w = 256, .box_w = 16, .box_h = 16, .ofs_x = 0, .ofs_y = -2},
    {.bitmap_index = 66340, .adv_w = 256, .box_w = 16, .box_h = 16, .ofs_x = 0, .ofs_y = -2},
    {.bitmap_index = 66468, .adv_w = 256, .box_w = 14, .box_h = 15, .ofs_x = 1, .ofs_y = -1},
    {.bitmap_index = 66573, .adv_w = 256, .box_w = 13, .box_h = 16, .ofs_x = 2, .ofs_y = -2},
    {.bitmap_index = 66677, .adv_w = 256, .box_w = 13, .box_h = 16, .ofs_x = 2, .ofs_y = -2},
    {.bitmap_index = 66781, .adv_w = 256, .box_w = 14, .box_h = 16, .ofs_x = 1, .ofs_y = -2},
    {.bitmap_index = 66893, .adv_w = 256, .box_w = 13, .box_h = 15, .ofs_x = 2, .ofs_y = -1},
    {.bitmap_index = 66991, .adv_w = 256, .box_w = 14, .box_h = 14, .ofs_x = 1, .ofs_y = -1},
    {.bitmap_index = 67089, .adv_w = 256, .box_w = 14, .box_h = 16, .ofs_x = 1, .ofs_y = -2},
    {.bitmap_index = 67201, .adv_w = 256, .box_w = 15, .box_h = 15, .ofs_x = 1, .ofs_y = -2},
    {.bitmap_index = 67314, .adv_w = 256, .box_w = 15, .box_h = 15, .ofs_x = 1, .ofs_y = -1},
    {.bitmap_index = 67427, .adv_w = 256, .box_w = 15, .box_h = 15, .ofs_x = 1, .ofs_y = -1},
    {.bitmap_index = 67540, .adv_w = 256, .box_w = 15, .box_h = 14, .ofs_x = 1, .ofs_y = -1},
    {.bitmap_index = 67645, .adv_w = 256, .box_w = 15, .box_h = 16, .ofs_x = 1, .ofs_y = -2},
    {.bitmap_index = 67765, .adv_w = 256, .box_w = 15, .box_h = 15, .ofs_x = 1, .ofs_y = -1},
    {.bitmap_index = 67878, .adv_w = 256, .box_w = 15, .box_h = 15, .ofs_x = 1, .ofs_y = -1},
    {.bitmap_index = 67991, .adv_w = 256, .box_w = 15, .box_h = 16, .ofs_x = 1, .ofs_y = -2},
    {.bitmap_index = 68111, .adv_w = 256, .box_w = 15, .box_h = 16, .ofs_x = 1, .ofs_y = -2},
    {.bitmap_index = 68231, .adv_w = 256, .box_w = 16, .box_h = 16, .ofs_x = 0, .ofs_y = -2},
    {.bitmap_index = 68359, .adv_w = 256, .box_w = 15, .box_h = 15, .ofs_x = 1, .ofs_y = -2},
    {.bitmap_index = 68472, .adv_w = 256, .box_w = 14, .box_h = 14, .ofs_x = 1, .ofs_y = -1},
    {.bitmap_index = 68570, .adv_w = 256, .box_w = 14, .box_h = 14, .ofs_x = 1, .ofs_y = -1},
    {.bitmap_index = 68668, .adv_w = 256, .box_w = 16, .box_h = 14, .ofs_x = 0, .ofs_y = -1},
    {.bitmap_index = 68780, .adv_w = 256, .box_w = 16, .box_h = 15, .ofs_x = 0, .ofs_y = -2},
    {.bitmap_index = 68900, .adv_w = 256, .box_w = 14, .box_h = 15, .ofs_x = 1, .ofs_y = -2},
    {.bitmap_index = 69005, .adv_w = 256, .box_w = 16, .box_h = 15, .ofs_x = 0, .ofs_y = -1},
    {.bitmap_index = 69125, .adv_w = 256, .box_w = 16, .box_h = 15, .ofs_x = 0, .ofs_y = -1},
    {.bitmap_index = 69245, .adv_w = 256, .box_w = 14, .box_h = 13, .ofs_x = 1, .ofs_y = -1},
    {.bitmap_index = 69336, .adv_w = 256, .box_w = 16, .box_h = 16, .ofs_x = 0, .ofs_y = -2},
    {.bitmap_index = 69464, .adv_w = 256, .box_w = 14, .box_h = 15, .ofs_x = 1, .ofs_y = -2},
    {.bitmap_index = 69569, .adv_w = 256, .box_w = 16, .box_h = 15, .ofs_x = 0, .ofs_y = -2},
    {.bitmap_index = 69689, .adv_w = 256, .box_w = 16, .box_h = 16, .ofs_x = 0, .ofs_y = -2},
    {.bitmap_index = 69817, .adv_w = 256, .box_w = 15, .box_h = 14, .ofs_x = 0, .ofs_y = -1},
    {.bitmap_index = 69922, .adv_w = 256, .box_w = 16, .box_h = 16, .ofs_x = 0, .ofs_y = -2},
    {.bitmap_index = 70050, .adv_w = 256, .box_w = 16, .box_h = 15, .ofs_x = 0, .ofs_y = -2},
    {.bitmap_index = 70170, .adv_w = 256, .box_w = 16, .box_h = 16, .ofs_x = 0, .ofs_y = -2},
    {.bitmap_index = 70298, .adv_w = 256, .box_w = 16, .box_h = 15, .ofs_x = 0, .ofs_y = -2},
    {.bitmap_index = 70418, .adv_w = 256, .box_w = 16, .box_h = 15, .ofs_x = 0, .ofs_y = -1},
    {.bitmap_index = 70538, .adv_w = 256, .box_w = 15, .box_h = 16, .ofs_x = 0, .ofs_y = -2},
    {.bitmap_index = 70658, .adv_w = 256, .box_w = 15, .box_h = 14, .ofs_x = 0, .ofs_y = -2},
    {.bitmap_index = 70763, .adv_w = 256, .box_w = 15, .box_h = 16, .ofs_x = 0, .ofs_y = -2},
    {.bitmap_index = 70883, .adv_w = 256, .box_w = 16, .box_h = 15, .ofs_x = 0, .ofs_y = -1},
    {.bitmap_index = 71003, .adv_w = 256, .box_w = 16, .box_h = 15, .ofs_x = 0, .ofs_y = -2},
    {.bitmap_index = 71123, .adv_w = 256, .box_w = 16, .box_h = 16, .ofs_x = 0, .ofs_y = -2},
    {.bitmap_index = 71251, .adv_w = 256, .box_w = 15, .box_h = 15, .ofs_x = 1, .ofs_y = -1},
    {.bitmap_index = 71364, .adv_w = 256, .box_w = 3, .box_h = 12, .ofs_x = 3, .ofs_y = 0},
    {.bitmap_index = 71382, .adv_w = 256, .box_w = 5, .box_h = 16, .ofs_x = 11, .ofs_y = -2},
    {.bitmap_index = 71422, .adv_w = 256, .box_w = 5, .box_h = 16, .ofs_x = 0, .ofs_y = -2},
    {.bitmap_index = 71462, .adv_w = 256, .box_w = 3, .box_h = 6, .ofs_x = 2, .ofs_y = -2},
    {.bitmap_index = 71471, .adv_w = 256, .box_w = 2, .box_h = 10, .ofs_x = 3, .ofs_y = 0},
    {.bitmap_index = 71481, .adv_w = 256, .box_w = 7, .box_h = 12, .ofs_x = 0, .ofs_y = 0},
};

static const uint16_t unicode_list_1[] = {
    0x0, 0x1f5d, 0x1f61, 0x1f62, 0x1f65, 0x1f66, 0x1f6f, 0x2f4a, 0x2f4b, 0x2f53, 0x2f54, 0x4d49,
    0x4d52, 0x4d53, 0x4d54, 0x4d56, 0x4d5c, 0x4d5d, 0x4d5f, 0x4d65, 0x4d73, 0x4d76, 0x4d82, 0x4d83,
    0x4d84, 0x4d95, 0x4d99, 0x4da8, 0x4dd5, 0x4dd7, 0x4dda, 0x4ddd, 0x4de3, 0x4df5, 0x4df7, 0x4e09,
    0x4e0e, 0x4e13, 0x4e17, 0x4e2e, 0x4e33, 0x4e39, 0x4e3f, 0x4e44, 0x4e53, 0x4e5a, 0x4e63, 0x4e69,
    0x4e6f, 0x4e78, 0x4e7d, 0x4e96, 0x4e97, 0x4e9c, 0x4ea2, 0x4ea4, 0x4ea5, 0x4eb2, 0x4f0d, 0x4f26,
    0x4f2a, 0x4f38, 0x4f98, 0x4fa5, 0x4ff1, 0x5018, 0x508a, 0x5091, 0x5092, 0x5094, 0x50ae, 0x50b1,
    0x50b6, 0x50b9, 0x50bc, 0x50c1, 0x50c2, 0x50ce, 0x50d5, 0x50d6, 0x50f9, 0x5104, 0x510f, 0x5136,
    0x5143, 0x5144, 0x514f, 0x5150, 0x5160, 0x5169, 0x5172, 0x5179, 0x517f, 0x5180, 0x5196, 0x51b2,
    0x51e8, 0x51e9, 0x51ea, 0x51f1, 0x51f3, 0x521b, 0x525f, 0x5260, 0x5282, 0x5283, 0x5290, 0x5297,
    0x5298, 0x529e, 0x52a0, 0x52a9, 0x52aa, 0x52ab, 0x52ba, 0x52bc, 0x52cb, 0x52cf, 0x52d4, 0x52e8,
    0x530b, 0x5313, 0x531a, 0x531f, 0x5333, 0x5338, 0x5339, 0x533b, 0x533c, 0x533f, 0x5340, 0x534d,
    0x5352, 0x5355, 0x5356, 0x5357, 0x535a, 0x536f, 0x5375, 0x5378, 0x5393, 0x53b1, 0x53c6, 0x53d5,
    0x5411, 0x542e, 0x54c9, 0x55b1, 0x5624, 0x5627, 0x5629, 0x5643, 0x5647, 0x566c, 0x5671, 0x5679,
    0x5689, 0x56aa, 0x56af, 0x570c, 0x5717, 0x5728, 0x5743, 0x574f, 0x576a, 0x579d, 0x57a7, 0x57b4,
    0x57f1, 0x5834, 0x5839, 0x5850, 0x5856, 0x585f, 0x5863, 0x5870, 0x5872, 0x5873, 0x587a, 0x587d,
    0x5890, 0x58ae, 0x58cb, 0x590f, 0x5914, 0x5948, 0x5aa1, 0x5ad2, 0x5ad5, 0x5ae3, 0x5b02, 0x5b0f,
    0x5b42, 0x5b4f, 0x5b58, 0x5b5a, 0x5b5d, 0x5b7a, 0x5b85, 0x5b89, 0x5b98, 0x5bba, 0x5be4, 0x5c72,
    0x5c7d, 0x5d2e, 0x5d2f, 0x5d3b, 0x5d3d, 0x5d4b, 0x5d4c, 0x5d5e, 0x5d70, 0x5d81, 0x5d9e, 0x5dbb,
    0x5dbc, 0x5dbd, 0x5dbf, 0x5dc8, 0x5dd8, 0x5ddc, 0x5ddd, 0x5def, 0x5e40, 0x5e43, 0x5e49, 0x5e58,
    0x5e69, 0x5e83, 0x5e9c, 0x5e9e, 0x5ee0, 0x5ef3, 0x5f00, 0x5f0c, 0x5f20, 0x5f21, 0x5f4a, 0x5f70,
    0x5f84, 0x5fab, 0x5fb8, 0x5fd2, 0x6068, 0x6159, 0x6180, 0x6189, 0x6194, 0x619c, 0x61a1, 0x61b2,
    0x61b4, 0x61c7, 0x61d3, 0x6212, 0x6216, 0x6225, 0x6228, 0x6232, 0x624a, 0x624b, 0x6252, 0x62ab,
    0x62b7, 0x62c0, 0x62ee, 0x62f0, 0x6318, 0x6319, 0x6365, 0x638d, 0x63b2, 0x63c1, 0x63f6, 0x6416,
    0x642f, 0x6478, 0x6487, 0x6491, 0x64af, 0x64b9, 0x64d0, 0x64d9, 0x64f6, 0x64f8, 0x64f9, 0x6502,
    0x6529, 0x652e, 0x6530, 0x653f, 0x6568, 0x6578, 0x6587, 0x65bd, 0x65cb, 0x65fd, 0x663b, 0x663d,
    0x6645, 0x6649, 0x6651, 0x6652, 0x6666, 0x6668, 0x6673, 0x6675, 0x6683, 0x6692, 0x66a8, 0x66c8,
    0x66d9, 0x66e0, 0x66e5, 0x6718, 0x6719, 0x672e, 0x6750, 0x6751, 0x676a, 0x6780, 0x6781, 0x6782,
    0x6785, 0x6795, 0x679a, 0x696a, 0x6973, 0x69c9, 0x6a6a, 0x6a70, 0x6a95, 0x6aab, 0x6aac, 0x6aad,
    0x6aae, 0x6b18, 0x6b1d, 0x6b1e, 0x6b24, 0x6b5d, 0x6b7d, 0x6b8b, 0x6bad, 0x6be2, 0x6bea, 0x6bfc,
    0x6c1e, 0x6c2b, 0x6c31, 0x6c54, 0x6c64, 0x6c7b, 0x6c8e, 0x6c94, 0x6c97, 0x6c98, 0x6cc0, 0x6cd1,
    0x6d3a, 0x6d4e, 0x6d72, 0x6d78, 0x6d9f, 0x6dc8, 0x6dcc, 0x6dd9, 0x6e1a, 0x6e23, 0x6e2a, 0x6e2d,
    0x6fb6, 0x7002, 0x7036, 0x707f, 0x70b0, 0x70cd, 0x7190, 0x7191, 0x71a2, 0x71c2, 0x71ff, 0x72f8,
    0x72f9, 0x7309, 0x7336, 0x734f, 0x737c, 0x7468, 0x7471, 0x747e, 0x74ae, 0x75c4, 0x75cd, 0x7619,
    0x761a, 0x7621, 0x7624, 0x7637, 0x7641, 0x7654, 0x772e, 0x773f, 0x774a, 0x77b5, 0x77b7, 0x7883,
    0x791a, 0x791b, 0x7939, 0x7944, 0x7956, 0x79c3, 0x79ca, 0x7a14, 0x7a1f, 0x7a75, 0x7a92, 0x7a9b,
    0x7ac9, 0x7ae0, 0x7aea, 0x7bbc, 0x7c44, 0x7c6b, 0x7d8a, 0x7def, 0x7df0, 0x7dfc, 0x7e06, 0x7e08,
    0x7e18, 0x7e1c, 0x7e25, 0x7e28, 0x7e30, 0x7e33, 0x7e36, 0x7e3d, 0x7e5f, 0x7e72, 0x7e9a, 0x7ea0,
    0x7eb7, 0x7ed7, 0x7f39, 0x7f44, 0x7f9d, 0x8015, 0x8046, 0x8063, 0x8133, 0x8173, 0x81bb, 0x81e6,
    0x81f8, 0x8218, 0x823a, 0x82f4, 0x82fa, 0x8300, 0x833b, 0x8371, 0x8386, 0x83e2, 0x8426, 0x8518,
    0x8795, 0x87b1, 0x87f4, 0x880e, 0x88c8, 0x88ca, 0x890a, 0x890f, 0x8911, 0x891b, 0x892c, 0x892f,
    0x8949, 0x8aaf, 0x8aea, 0x8aed, 0x8af7, 0x8af9, 0x8b01, 0x8b07, 0x8b08, 0x8b1a, 0x8b1e, 0x8b2e,
    0x8b36, 0x8b38, 0x8b40, 0x8b44, 0x8b4c, 0x8b80, 0x8c6e, 0x8c6f, 0x8c82, 0x8cb4, 0x8cce, 0x8cfc,
    0x8eaf, 0x8eb5, 0x8ec6, 0x8ece, 0x8eda, 0x8edc, 0x8ee4, 0x8f02, 0x8f07, 0x8f10, 0x8f11, 0x8f19,
    0x8f1a, 0x8f1d, 0x8f21, 0x8f22, 0x8f24, 0x8f27, 0x8f33, 0x8f49, 0x8f4a, 0x8f52, 0x8f63, 0x8f68,
    0x9031, 0x9046, 0x9096, 0x9110, 0x9115, 0x9116, 0x9118, 0x911a, 0x93e8, 0x9447, 0x9449, 0x944a,
    0x9462, 0x9477, 0x94c8, 0x9531, 0x9536, 0x9537, 0x953b, 0x953d, 0x957d, 0x957e, 0x9588, 0x958f,
    0x9596, 0x9599, 0x95ad, 0x95b2, 0x95cf, 0x95d8, 0x95d9, 0x960e, 0x9631, 0x9633, 0x9640, 0x9642,
    0x9647, 0x9649, 0x96a2, 0x96a7, 0x96ab, 0x973c, 0x97be, 0x97c2, 0x97c8, 0x97cd, 0x97da, 0x97e1,
    0x97e5, 0x9817, 0x98df, 0x98e2, 0x99b5, 0x9bca, 0x9e17, 0x9e1a, 0x9e21, 0x9e69, 0xfe4a, 0xfe51,
    0xfe52, 0xfe55, 0xfe63, 0xfe68,
};

static const lv_font_fmt_txt_cmap_t cmaps[] = {
    {   /* ASCII */
        .range_start = 32, .range_length = 95, .glyph_id_start = 1,
        .unicode_list = NULL, .glyph_id_ofs_list = NULL, .list_length = 0,
        .type = LV_FONT_FMT_TXT_CMAP_FORMAT0_TINY
    },
    {   /* 汉字 / 全角标点 */
        .range_start = 183, .range_length = 65129, .glyph_id_start = 96,
        .unicode_list = unicode_list_1, .glyph_id_ofs_list = NULL, .list_length = 592,
        .type = LV_FONT_FMT_TXT_CMAP_SPARSE_TINY
    }
};

static const lv_font_fmt_txt_dsc_t font_dsc = {
    .glyph_bitmap = glyph_bitmap,
    .glyph_dsc = glyph_dsc,
    .cmaps = cmaps,
    .kern_dsc = NULL,
    .kern_scale = 0,
    .cmap_num = 2,
    .bpp = 4,
    .kern_classes = 0,
    .bitmap_format = 0
};

const lv_font_t font_cn16 = {
    .get_glyph_dsc = lv_font_get_glyph_dsc_fmt_txt,
    .get_glyph_bitmap = lv_font_get_bitmap_fmt_txt,
    .line_height = 20,
    .base_line = 4,
    .subpx = LV_FONT_SUBPX_NONE,
    .underline_position = -1,
    .underline_thickness = 1,
    .dsc = &font_dsc,
    .fallback = &font_cn_extra
};
