/*
 * SPDX-FileCopyrightText: 2026 SZPI-OS
 *
 * 桌面 App 彩色图标（自动生成，勿手改）
 *
 * 由 tools/gen_home_icons.py 生成：40x40 扁平图标，格式 LV_COLOR_FORMAT_RGB565A8
 * （整幅 RGB565 + 整幅 alpha）。RGB565 按**小端**存放：LVGL 的图片数据必须与
 * 显示缓冲同字节序，写屏回调 periph_lcd_flush_cb() 会再交换一次送给 ST7789。
 * 顺序与原始需求「内置应用」列表一致。
 */

#include "lvgl.h"

#ifndef LV_ATTRIBUTE_MEM_ALIGN
#define LV_ATTRIBUTE_MEM_ALIGN
#endif

const LV_ATTRIBUTE_MEM_ALIGN uint8_t icon_home_scripts_map[] = {
    0x00, 0x00, 0x00, 0x00, 0x00, 0x00, 0x00, 0x00, 0x00, 0x00, 0x00, 0x00, 0x00, 0x00, 0x00, 0x00,
    0xB5, 0x52, 0xEF, 0x39, 0x00, 0x00, 0x00, 0x00, 0x00, 0x00, 0x00, 0x00, 0x00, 0x00, 0x00, 0x00,
    0x00, 0x00, 0x00, 0x00, 0x00, 0x00, 0x00, 0x00, 0x00, 0x00, 0x00, 0x00, 0x00, 0x00, 0x00, 0x00,
    0x00, 0x00, 0x00, 0x00, 0x00, 0x00, 0x00, 0x00, 0x00, 0x00, 0x00, 0x00, 0xAA, 0x52, 0xEF, 0x39,
    0xFF, 0x07, 0x00, 0x00, 0x00, 0x00, 0x00, 0x00, 0x00, 0x00, 0x00, 0x00, 0x00, 0x00, 0x00, 0x00,
    0x00, 0x00, 0x00, 0x00, 0x00, 0x00, 0x00, 0x00, 0x00, 0x00, 0x00, 0x00, 0xAA, 0x52, 0x00, 0x00,
    0x00, 0x00, 0x00, 0x00, 0xAA, 0x52, 0xEF, 0x4A, 0xED, 0x4A, 0xEF, 0x4A, 0xEF, 0x4A, 0xEF, 0x4A,
    0xEF, 0x4A, 0xEF, 0x4A, 0xEF, 0x4A, 0xEF, 0x4A, 0xEF, 0x4A, 0xEF, 0x4A, 0xEF, 0x4A, 0xEF, 0x4A,
    0xEF, 0x4A, 0xEF, 0x4A, 0xEF, 0x4A, 0xED, 0x4A, 0xEF, 0x4A, 0xB1, 0x52, 0x00, 0x00, 0x00, 0x00,
    0x00, 0x00, 0xAA, 0x52, 0x00, 0x00, 0x00, 0x00, 0x00, 0x00, 0x00, 0x00, 0x00, 0x00, 0x00, 0x00,
    0x00, 0x00, 0x00, 0x00, 0x00, 0x00, 0x00, 0x00, 0x00, 0x00, 0xEF, 0x39, 0x00, 0x00, 0xAF, 0x52,
    0xEF, 0x4A, 0xEF, 0x4A, 0xEF, 0x4A, 0xCE, 0x4A, 0xCE, 0x4A, 0xCE, 0x4A, 0xCE, 0x4A, 0xCE, 0x4A,
    0xCE, 0x4A, 0xCE, 0x4A, 0xCE, 0x4A, 0xCE, 0x4A, 0xCE, 0x4A, 0xCE, 0x4A, 0xCE, 0x4A, 0xCE, 0x4A,
    0xCE, 0x4A, 0xCE, 0x4A, 0xCE, 0x4A, 0xCE, 0x4A, 0xCE, 0x4A, 0xEE, 0x4A, 0xEF, 0x4A, 0xEF, 0x4A,
    0xEE, 0x52, 0x00, 0x00, 0xEF, 0x7B, 0x1F, 0x00, 0x00, 0x00, 0x00, 0x00, 0x00, 0x00, 0x00, 0x00,
    0x00, 0x00, 0x00, 0x00, 0x00, 0x00, 0x00, 0x00, 0x1F, 0x00, 0x00, 0x00, 0xCE, 0x4A, 0xEF, 0x4A,
    0x0F, 0x53, 0x0F, 0x53, 0xEF, 0x4A, 0xEE, 0x4A, 0xEE, 0x4A, 0xEE, 0x4A, 0xEE, 0x4A, 0xEE, 0x4A,
    0xEE, 0x4A, 0xEE, 0x4A, 0xEE, 0x4A, 0xEE, 0x4A, 0xEE, 0x4A, 0xEE, 0x4A, 0xEE, 0x4A, 0xEE, 0x4A,
    0xEE, 0x4A, 0xEE, 0x4A, 0xEE, 0x4A, 0xEE, 0x4A, 0xEE, 0x4A, 0xEF, 0x4A, 0x0F, 0x53, 0x0F, 0x53,
    0xEF, 0x4A, 0xCE, 0x4A, 0x00, 0x00, 0x00, 0x00, 0x1F, 0x00, 0x00, 0x00, 0x00, 0x00, 0x00, 0x00,
    0x00, 0x00, 0x00, 0x00, 0x00, 0x00, 0xAA, 0x52, 0x1F, 0x00, 0xCE, 0x4A, 0xEF, 0x4A, 0xEF, 0x4A,
    0xCE, 0x4A, 0xCE, 0x4A, 0xCE, 0x4A, 0xCE, 0x4A, 0xCE, 0x4A, 0xCE, 0x4A, 0xCE, 0x4A, 0xCE, 0x4A,
    0xCE, 0x4A, 0xCE, 0x4A, 0xCE, 0x4A, 0xCE, 0x4A, 0xCE, 0x4A, 0xCE, 0x4A, 0xCE, 0x4A, 0xCE, 0x4A,
    0xCE, 0x4A, 0xCE, 0x4A, 0xCE, 0x4A, 0xCE, 0x4A, 0xCE, 0x4A, 0xCE, 0x4A, 0xCE, 0x4A, 0xCE, 0x4A,
    0xCE, 0x4A, 0x0F, 0x53, 0xEE, 0x4A, 0xEF, 0x52, 0xFF, 0x07, 0x1F, 0x00, 0x00, 0x00, 0x00, 0x00,
    0x00, 0x00, 0x00, 0x00, 0xEF, 0x3B, 0x00, 0x00, 0xAE, 0x4A, 0x10, 0x53, 0xCE, 0x4A, 0xCE, 0x4A,
    0xCE, 0x4A, 0xCE, 0x4A, 0xCE, 0x4A, 0xCE, 0x4A, 0xCE, 0x4A, 0xCE, 0x4A, 0xCE, 0x4A, 0xCE, 0x4A,
    0xCE, 0x4A, 0xCE, 0x4A, 0xCE, 0x4A, 0xCE, 0x4A, 0xCE, 0x4A, 0xCE, 0x4A, 0xCE, 0x4A, 0xCE, 0x4A,
    0xCE, 0x4A, 0xCE, 0x4A, 0xCE, 0x4A, 0xCE, 0x4A, 0xCE, 0x4A, 0xCE, 0x4A, 0xCE, 0x4A, 0xCE, 0x4A,
    0xCE, 0x4A, 0xCE, 0x4A, 0x0F, 0x53, 0xCE, 0x4A, 0x00, 0x00, 0xAA, 0x52, 0x00, 0x00, 0x00, 0x00,
    0x00, 0x00, 0xAA, 0x52, 0x00, 0x00, 0xCE, 0x4A, 0xEF, 0x4A, 0xCE, 0x4A, 0xCE, 0x4A, 0xCE, 0x4A,
    0xCE, 0x4A, 0xCE, 0x4A, 0xCE, 0x4A, 0xCE, 0x4A, 0xCE, 0x4A, 0xCE, 0x4A, 0xCE, 0x4A, 0xCE, 0x4A,
    0xCE, 0x4A, 0xCE, 0x4A, 0xCE, 0x4A, 0xCE, 0x4A, 0xCE, 0x4A, 0xCE, 0x4A, 0xCE, 0x4A, 0xCE, 0x4A,
    0xCE, 0x4A, 0xCE, 0x4A, 0xCE, 0x4A, 0xCE, 0x4A, 0xCE, 0x4A, 0xCE, 0x4A, 0xCE, 0x4A, 0xCE, 0x4A,
    0xCE, 0x4A, 0xCE, 0x4A, 0xCE, 0x4A, 0x0F, 0x53, 0xCE, 0x4A, 0x00, 0x00, 0xAA, 0x52, 0x00, 0x00,
    0x00, 0x00, 0xFF, 0xFF, 0xAE, 0x52, 0xCE, 0x4A, 0xCE, 0x4A, 0xAE, 0x4A, 0xCE, 0x4A, 0xCE, 0x4A,
    0xCE, 0x4A, 0xCE, 0x4A, 0xCE, 0x4A, 0xCE, 0x4A, 0xCE, 0x4A, 0xCE, 0x4A, 0xCE, 0x4A, 0xCE, 0x4A,
    0xCE, 0x4A, 0xCE, 0x4A, 0xCE, 0x4A, 0xCE, 0x4A, 0xCE, 0x4A, 0xCE, 0x4A, 0xCE, 0x4A, 0xCE, 0x4A,
    0xCE, 0x4A, 0xCE, 0x4A, 0xCE, 0x4A, 0xCE, 0x4A, 0xCE, 0x4A, 0xCE, 0x4A, 0xCE, 0x4A, 0xCE, 0x4A,
    0xCE, 0x4A, 0xCE, 0x4A, 0xCE, 0x4A, 0xCE, 0x4A, 0xCE, 0x4A, 0xCD, 0x4A, 0x00, 0x00, 0xEF, 0x03,
    0xE7, 0x39, 0x00, 0x00, 0xAE, 0x4A, 0xEF, 0x4A, 0xAE, 0x4A, 0xCE, 0x4A, 0xCE, 0x4A, 0xCE, 0x4A,
    0xCE, 0x4A, 0xCE, 0x4A, 0xCE, 0x4A, 0xCE, 0x4A, 0xCE, 0x4A, 0xCE, 0x4A, 0xCE, 0x4A, 0xCE, 0x4A,
    0xCE, 0x4A, 0xCE, 0x4A, 0xCE, 0x4A, 0xCE, 0x4A, 0xCE, 0x4A, 0xCE, 0x4A, 0xCE, 0x4A, 0xCE, 0x4A,
    0xCE, 0x4A, 0xCE, 0x4A, 0xCE, 0x4A, 0xCE, 0x4A, 0xCE, 0x4A, 0xCE, 0x4A, 0xCE, 0x4A, 0xCE, 0x4A,
    0xCE, 0x4A, 0xCE, 0x4A, 0xCE, 0x4A, 0xAE, 0x4A, 0xEF, 0x4A, 0xAE, 0x4A, 0x00, 0x00, 0x2C, 0x33,
    0xEF, 0x3B, 0x00, 0x00, 0xAE, 0x4A, 0xEF, 0x4A, 0xAE, 0x4A, 0xAE, 0x4A, 0xAE, 0x4A, 0xAE, 0x4A,
    0xAE, 0x4A, 0xAE, 0x4A, 0xAE, 0x4A, 0xAE, 0x4A, 0xAE, 0x4A, 0xAE, 0x4A, 0xAE, 0x4A, 0xAE, 0x4A,
    0xAE, 0x4A, 0xAE, 0x4A, 0xAE, 0x4A, 0xAE, 0x4A, 0xAE, 0x4A, 0xAE, 0x4A, 0xCE, 0x4A, 0xCE, 0x4A,
    0xAE, 0x4A, 0xAE, 0x4A, 0xAE, 0x4A, 0xAE, 0x4A, 0xAE, 0x4A, 0xAE, 0x4A, 0xAE, 0x4A, 0xAE, 0x4A,
    0xAE, 0x4A, 0xAE, 0x4A, 0xAE, 0x4A, 0xAE, 0x4A, 0xCE, 0x4A, 0xAD, 0x4A, 0xEF, 0x7B, 0x00, 0x00,
    0x00, 0x00, 0xEF, 0x5A, 0xAD, 0x4A, 0xCE, 0x4A, 0xAE, 0x4A, 0xAE, 0x4A, 0xAE, 0x4A, 0xAE, 0x4A,
    0xAE, 0x4A, 0xAE, 0x4A, 0xAE, 0x4A, 0xAE, 0x4A, 0xAE, 0x4A, 0xAE, 0x4A, 0xAE, 0x4A, 0xCE, 0x4A,
    0xAE, 0x4A, 0xAE, 0x4A, 0xAE, 0x4A, 0xAE, 0x4A, 0xAE, 0x4A, 0xAE, 0x4A, 0x8D, 0x42, 0x8D, 0x42,
    0xCE, 0x4A, 0xCE, 0x4A, 0xAE, 0x4A, 0xAE, 0x4A, 0xAE, 0x4A, 0xAE, 0x4A, 0xAE, 0x4A, 0xAE, 0x4A,
    0xAE, 0x4A, 0xAE, 0x4A, 0xAE, 0x4A, 0xAE, 0x4A, 0xAE, 0x4A, 0xCE, 0x4A, 0xAD, 0x4A, 0x00, 0x00,
    0x00, 0x00, 0x4F, 0x4A, 0xAD, 0x42, 0xAE, 0x4A, 0xAE, 0x4A, 0xAE, 0x4A, 0xAE, 0x4A, 0xAE, 0x4A,
    0xAE, 0x4A, 0xAE, 0x4A, 0xAE, 0x4A, 0xAE, 0x4A, 0xAD, 0x42, 0xAE, 0x4A, 0xAD, 0x42, 0x4C, 0x3A,
    0xAE, 0x4A, 0xAE, 0x4A, 0xAD, 0x42, 0xAD, 0x42, 0xAE, 0x4A, 0x8D, 0x42, 0xD1, 0x6B, 0x50, 0x5B,
    0x4C, 0x3A, 0x6D, 0x3A, 0xAE, 0x4A, 0xAD, 0x42, 0xAD, 0x4A, 0xAE, 0x4A, 0xAE, 0x4A, 0xAE, 0x4A,
    0xAE, 0x4A, 0xAE, 0x4A, 0xAE, 0x4A, 0xAD, 0x42, 0xAD, 0x42, 0xCE, 0x4A, 0xAD, 0x4A, 0x00, 0x00,
    0x00, 0x00, 0x6D, 0x4A, 0xAD, 0x42, 0xAE, 0x4A, 0xAD, 0x42, 0xAD, 0x42, 0xAD, 0x42, 0xAD, 0x42,
    0xAD, 0x42, 0xAD, 0x42, 0xAD, 0x42, 0xAD, 0x42, 0xAE, 0x4A, 0x8D, 0x42, 0x2F, 0x5B, 0x36, 0x9D,
    0x6D, 0x42, 0x8D, 0x42, 0xAE, 0x4A, 0xAD, 0x42, 0xAD, 0x42, 0x8D, 0x42, 0x5D, 0xE7, 0xBE, 0xF7,
    0x19, 0xBE, 0x94, 0x8C, 0x4C, 0x3A, 0xCE, 0x4A, 0xAD, 0x42, 0xAD, 0x42, 0xAD, 0x42, 0xAD, 0x42,
    0xAD, 0x42, 0xAD, 0x42, 0xAD, 0x42, 0xAD, 0x42, 0xAD, 0x42, 0xCE, 0x4A, 0xAE, 0x4A, 0x00, 0x00,
    0x00, 0x00, 0x6D, 0x4A, 0xAD, 0x42, 0xAE, 0x4A, 0xAD, 0x42, 0xAD, 0x42, 0xAD, 0x42, 0xAD, 0x42,
    0xAD, 0x42, 0xAD, 0x42, 0xAD, 0x42, 0xAD, 0x42, 0xAD, 0x4A, 0x4C, 0x3A, 0x39, 0xC6, 0xFF, 0xFF,
    0x9B, 0xCE, 0xEE, 0x52, 0x8D, 0x42, 0xAE, 0x4A, 0x4C, 0x3A, 0x12, 0x74, 0xFF, 0xFF, 0xFF, 0xFF,
    0xFF, 0xFF, 0xFF, 0xFF, 0xD1, 0x6B, 0x4C, 0x3A, 0xCE, 0x4A, 0xAD, 0x42, 0xAD, 0x42, 0xAD, 0x42,
    0xAD, 0x42, 0xAD, 0x42, 0xAD, 0x42, 0xAD, 0x42, 0xAD, 0x42, 0xCE, 0x4A, 0x8D, 0x42, 0x00, 0x00,
    0x00, 0x00, 0x6D, 0x3A, 0x8D, 0x42, 0xAD, 0x42, 0xAD, 0x42, 0xAD, 0x42, 0xAD, 0x42, 0xAD, 0x42,
    0xAD, 0x42, 0xAD, 0x42, 0xAD, 0x42, 0xAD, 0x4A, 0x4C, 0x3A, 0xD8, 0xB5, 0xFF, 0xFF, 0xFF, 0xFF,
    0x9A, 0xCE, 0x8D, 0x42, 0xAD, 0x42, 0xAE, 0x4A, 0x4C, 0x3A, 0x19, 0xBE, 0xFF, 0xFF, 0xFF, 0xFF,
    0xFF, 0xFF, 0xFF, 0xFF, 0x9E, 0xF7, 0x70, 0x63, 0x4C, 0x3A, 0xAE, 0x4A, 0xAD, 0x42, 0xAD, 0x42,
    0xAD, 0x42, 0xAD, 0x42, 0xAD, 0x42, 0xAD, 0x42, 0x8D, 0x42, 0xCE, 0x4A, 0x8D, 0x42, 0x00, 0x00,
    0x00, 0x00, 0x6D, 0x3A, 0x8D, 0x42, 0xAD, 0x42, 0x8D, 0x42, 0x8D, 0x42, 0x8D, 0x42, 0x8D, 0x42,
    0x8D, 0x42, 0x8D, 0x42, 0xAE, 0x4A, 0x2C, 0x3A, 0xD5, 0x94, 0xFF, 0xFF, 0xFF, 0xFF, 0xFC, 0xDE,
    0xAE, 0x4A, 0x6D, 0x42, 0xAD, 0x4A, 0x6D, 0x42, 0x0F, 0x53, 0xBF, 0xF7, 0xFF, 0xFF, 0xFC, 0xDE,
    0xD5, 0x94, 0xFF, 0xFF, 0xFF, 0xFF, 0x1C, 0xDF, 0xCE, 0x4A, 0x8D, 0x42, 0xAD, 0x42, 0x8D, 0x42,
    0x8D, 0x42, 0x8D, 0x42, 0x8D, 0x42, 0x8D, 0x42, 0x8D, 0x42, 0xAE, 0x4A, 0x8D, 0x42, 0x00, 0x00,
    0x00, 0x00, 0x6D, 0x3A, 0x8D, 0x42, 0xAD, 0x42, 0x8D, 0x42, 0x8D, 0x42, 0x8D, 0x42, 0x8D, 0x42,
    0x8D, 0x42, 0xAD, 0x4A, 0x2B, 0x32, 0x53, 0x84, 0xFF, 0xFF, 0xFF, 0xFF, 0x9E, 0xF7, 0xEE, 0x52,
    0x6C, 0x3A, 0xAD, 0x42, 0xAD, 0x4A, 0x2C, 0x3A, 0x56, 0xA5, 0xFF, 0xFF, 0xFF, 0xFF, 0xD5, 0x94,
    0xAA, 0x21, 0x77, 0xA5, 0xFF, 0xFF, 0xFF, 0xFF, 0xDB, 0xD6, 0x6D, 0x42, 0x8D, 0x42, 0xAD, 0x42,
    0x8D, 0x42, 0x8D, 0x42, 0x8D, 0x42, 0x8D, 0x42, 0x8D, 0x42, 0xAE, 0x4A, 0x8D, 0x42, 0x00, 0x00,
    0x00, 0x00, 0x6D, 0x3A, 0x8D, 0x42, 0x8D, 0x42, 0x8D, 0x42, 0x8D, 0x42, 0x8D, 0x42, 0x8D, 0x42,
    0xAD, 0x42, 0x4C, 0x3A, 0x91, 0x6B, 0xBE, 0xF7, 0xFF, 0xFF, 0xBE, 0xF7, 0x91, 0x6B, 0x4C, 0x3A,
    0xAD, 0x42, 0x8D, 0x42, 0x8D, 0x42, 0xAD, 0x42, 0x3D, 0xE7, 0xFF, 0xFF, 0x9E, 0xF7, 0xEE, 0x52,
    0x8D, 0x42, 0x6C, 0x3A, 0xF8, 0xB5, 0xFF, 0xFF, 0xFF, 0xFF, 0xF8, 0xB5, 0x4C, 0x3A, 0x8D, 0x42,
    0x8D, 0x42, 0x8D, 0x42, 0x8D, 0x42, 0x8D, 0x42, 0x8D, 0x42, 0xAE, 0x42, 0x8D, 0x42, 0x00, 0x00,
    0x00, 0x00, 0x6D, 0x3A, 0x8D, 0x42, 0x8D, 0x42, 0x8D, 0x42, 0x8D, 0x42, 0x8D, 0x42, 0x8D, 0x42,
    0x6C, 0x3A, 0xEE, 0x52, 0x9E, 0xF7, 0xFF, 0xFF, 0xFF, 0xFF, 0x53, 0x84, 0x0B, 0x32, 0xAD, 0x4A,
    0x8D, 0x42, 0xAD, 0x42, 0x2C, 0x3A, 0x32, 0x7C, 0xFF, 0xFF, 0xFF, 0xFF, 0xD8, 0xB5, 0x2C, 0x32,
    0xAD, 0x4A, 0x8D, 0x42, 0x6C, 0x3A, 0xDB, 0xD6, 0xFF, 0xFF, 0xFF, 0xFF, 0x56, 0xA5, 0x2C, 0x3A,
    0xAD, 0x42, 0x8D, 0x42, 0x8D, 0x42, 0x8D, 0x42, 0x8D, 0x42, 0xAD, 0x42, 0x6D, 0x42, 0x00, 0x00,
    0x00, 0x00, 0x6D, 0x3A, 0x8D, 0x42, 0x8D, 0x42, 0x8D, 0x42, 0x8D, 0x42, 0x8D, 0x42, 0x8D, 0x42,
    0x6C, 0x42, 0x9B, 0xCE, 0xFF, 0xFF, 0xDF, 0xFF, 0x94, 0x8C, 0x2C, 0x3A, 0xAD, 0x42, 0x8D, 0x42,
    0x8D, 0x42, 0x8D, 0x42, 0x2C, 0x3A, 0x5A, 0xC6, 0xFF, 0xFF, 0xFF, 0xFF, 0xB1, 0x6B, 0x4C, 0x3A,
    0x8D, 0x42, 0x8D, 0x42, 0x6D, 0x42, 0xCE, 0x4A, 0xBB, 0xD6, 0xFF, 0xFF, 0xDF, 0xFF, 0x70, 0x63,
    0x4C, 0x3A, 0x8D, 0x42, 0x8D, 0x42, 0x8D, 0x42, 0x8D, 0x42, 0xAD, 0x42, 0x6D, 0x42, 0x00, 0x00,
    0x00, 0x00, 0x6D, 0x3A, 0x6D, 0x42, 0x8D, 0x42, 0x8D, 0x42, 0x8D, 0x42, 0x8D, 0x42, 0x8D, 0x42,
    0x8D, 0x42, 0x5D, 0xE7, 0xFF, 0xFF, 0xDF, 0xFF, 0x90, 0x63, 0x2C, 0x3A, 0xAD, 0x42, 0x8D, 0x42,
    0x8D, 0x42, 0x4C, 0x3A, 0x4F, 0x5B, 0xDF, 0xFF, 0xFF, 0xFF, 0xDB, 0xD6, 0x4C, 0x3A, 0x8D, 0x42,
    0x8D, 0x42, 0x8D, 0x42, 0x8D, 0x42, 0x0B, 0x32, 0x19, 0xBE, 0xFF, 0xFF, 0xFF, 0xFF, 0xB1, 0x6B,
    0x4C, 0x3A, 0x8D, 0x42, 0x8D, 0x42, 0x8D, 0x42, 0x6D, 0x42, 0xAD, 0x42, 0x6C, 0x42, 0x00, 0x00,
    0x00, 0x00, 0x6D, 0x3A, 0x6D, 0x42, 0x8D, 0x42, 0x8D, 0x42, 0x8D, 0x42, 0x8D, 0x42, 0x8D, 0x42,
    0x4C, 0x3A, 0xB1, 0x6B, 0xFF, 0xFF, 0xFF, 0xFF, 0xBE, 0xF7, 0x70, 0x63, 0x2C, 0x3A, 0x8D, 0x42,
    0x8D, 0x42, 0x0B, 0x32, 0x56, 0xA5, 0xFF, 0xFF, 0xFF, 0xFF, 0xB4, 0x8C, 0x2B, 0x32, 0x8D, 0x42,
    0x8D, 0x42, 0x8D, 0x42, 0x0B, 0x32, 0xD8, 0xB5, 0xFF, 0xFF, 0xFF, 0xFF, 0x39, 0xC6, 0x4C, 0x3A,
    0x8D, 0x42, 0x8D, 0x42, 0x8D, 0x42, 0x8D, 0x42, 0x6D, 0x42, 0xAD, 0x42, 0x6C, 0x42, 0x00, 0x00,
    0x00, 0x00, 0x6D, 0x3A, 0x6D, 0x42, 0x8D, 0x42, 0x6D, 0x42, 0x6D, 0x42, 0x6D, 0x42, 0x6D, 0x42,
    0x8D, 0x42, 0x0B, 0x32, 0xB4, 0x8C, 0xFF, 0xFF, 0xFF, 0xFF, 0x1C, 0xDF, 0xAD, 0x4A, 0x6C, 0x3A,
    0x8D, 0x42, 0x8D, 0x42, 0x3D, 0xE7, 0xFF, 0xFF, 0x9E, 0xEF, 0xCE, 0x4A, 0x6C, 0x3A, 0x8D, 0x42,
    0x8D, 0x42, 0x0B, 0x32, 0xB4, 0x8C, 0xFF, 0xFF, 0xFF, 0xFF, 0xDC, 0xDE, 0xAD, 0x4A, 0x4C, 0x3A,
    0x8D, 0x42, 0x6D, 0x42, 0x6D, 0x42, 0x6D, 0x42, 0x6C, 0x42, 0x8D, 0x42, 0x6C, 0x42, 0x00, 0x00,
    0x00, 0x00, 0x6D, 0x3A, 0x6C, 0x42, 0x6D, 0x42, 0x6C, 0x42, 0x6C, 0x42, 0x6C, 0x42, 0x6C, 0x42,
    0x6C, 0x42, 0x8D, 0x42, 0xEB, 0x29, 0x36, 0xA5, 0xFF, 0xFF, 0xFF, 0xFF, 0xDB, 0xD6, 0x6C, 0x3A,
    0x0B, 0x32, 0x12, 0x7C, 0xFF, 0xFF, 0xFF, 0xFF, 0xD8, 0xB5, 0x0B, 0x32, 0x8D, 0x42, 0x8D, 0x42,
    0xEB, 0x31, 0x33, 0x7C, 0xFF, 0xFF, 0xFF, 0xFF, 0x9E, 0xF7, 0xCE, 0x4A, 0x4C, 0x3A, 0x8D, 0x42,
    0x6C, 0x42, 0x6C, 0x42, 0x6C, 0x42, 0x6C, 0x42, 0x6C, 0x42, 0x8D, 0x42, 0x6C, 0x3A, 0x00, 0x00,
    0x00, 0x00, 0x6B, 0x3A, 0x6C, 0x42, 0x6D, 0x42, 0x6C, 0x42, 0x6C, 0x42, 0x6C, 0x42, 0x6C, 0x42,
    0x6C, 0x42, 0x6C, 0x42, 0x8D, 0x42, 0x2C, 0x3A, 0xD8, 0xB5, 0xFF, 0xFF, 0xFF, 0xFF, 0xD8, 0xB5,
    0x0B, 0x32, 0x9A, 0xCE, 0xFF, 0xFF, 0xDF, 0xFF, 0x50, 0x63, 0x2C, 0x3A, 0x8D, 0x42, 0x2B, 0x32,
    0x90, 0x63, 0x9E, 0xF7, 0xFF, 0xFF, 0x9E, 0xF7, 0x90, 0x63, 0x2C, 0x3A, 0x8D, 0x42, 0x6C, 0x42,
    0x6C, 0x42, 0x6C, 0x42, 0x6C, 0x42, 0x6C, 0x42, 0x6C, 0x42, 0x8D, 0x42, 0x6C, 0x3A, 0x00, 0x00,
    0x00, 0x00, 0x6B, 0x3A, 0x6C, 0x3A, 0x6D, 0x42, 0x6C, 0x42, 0x6C, 0x42, 0x6C, 0x42, 0x6C, 0x42,
    0x6C, 0x42, 0x6C, 0x42, 0x6C, 0x42, 0x6C, 0x3A, 0x4C, 0x3A, 0xDB, 0xD6, 0xFF, 0xFF, 0xFF, 0xFF,
    0x19, 0xBE, 0x9E, 0xF7, 0xFF, 0xFF, 0x9A, 0xCE, 0x2B, 0x3A, 0x6D, 0x42, 0x4C, 0x3A, 0x0F, 0x53,
    0x9E, 0xEF, 0xFF, 0xFF, 0xFF, 0xFF, 0x32, 0x7C, 0xEB, 0x31, 0x8D, 0x42, 0x6C, 0x42, 0x6C, 0x42,
    0x6C, 0x42, 0x6C, 0x42, 0x6C, 0x42, 0x6C, 0x42, 0x6C, 0x3A, 0x8D, 0x42, 0x4C, 0x3A, 0x00, 0x00,
    0x00, 0x00, 0x6B, 0x3A, 0x6C, 0x3A, 0x6C, 0x42, 0x6C, 0x42, 0x6C, 0x42, 0x6C, 0x42, 0x6C, 0x42,
    0x6C, 0x42, 0x6C, 0x42, 0x6C, 0x42, 0x6C, 0x42, 0x4C, 0x3A, 0x8D, 0x42, 0xFC, 0xDE, 0xFF, 0xFF,
    0xFF, 0xFF, 0xFF, 0xFF, 0xFF, 0xFF, 0x73, 0x84, 0x0B, 0x32, 0x8D, 0x42, 0x0B, 0x32, 0x15, 0x9D,
    0xFF, 0xFF, 0xFF, 0xFF, 0xB4, 0x8C, 0x0B, 0x32, 0x8D, 0x42, 0x6C, 0x42, 0x6C, 0x42, 0x6C, 0x42,
    0x6C, 0x42, 0x6C, 0x42, 0x6C, 0x42, 0x6C, 0x42, 0x6C, 0x3A, 0x8D, 0x42, 0x4C, 0x3A, 0x00, 0x00,
    0x00, 0x00, 0x6B, 0x3A, 0x4C, 0x3A, 0x6C, 0x42, 0x6C, 0x3A, 0x6C, 0x3A, 0x6C, 0x3A, 0x6C, 0x3A,
    0x6C, 0x3A, 0x6C, 0x3A, 0x6C, 0x3A, 0x6C, 0x3A, 0x6C, 0x42, 0x0B, 0x32, 0x70, 0x63, 0x7A, 0xCE,
    0xDB, 0xD6, 0xFF, 0xFF, 0xBE, 0xF7, 0x8D, 0x42, 0x4C, 0x3A, 0x6C, 0x42, 0x6C, 0x42, 0x0B, 0x32,
    0xD5, 0x94, 0xD8, 0xB5, 0xEB, 0x31, 0x6C, 0x42, 0x6C, 0x3A, 0x6C, 0x3A, 0x6C, 0x3A, 0x6C, 0x3A,
    0x6C, 0x3A, 0x6C, 0x3A, 0x6C, 0x3A, 0x6C, 0x3A, 0x4C, 0x3A, 0x8D, 0x42, 0x6C, 0x42, 0x00, 0x00,
    0x00, 0x00, 0x4B, 0x3A, 0x4C, 0x3A, 0x6C, 0x3A, 0x4C, 0x3A, 0x4C, 0x3A, 0x4C, 0x3A, 0x4C, 0x3A,
    0x4C, 0x3A, 0x4C, 0x3A, 0x4C, 0x3A, 0x4C, 0x3A, 0x4C, 0x3A, 0x6C, 0x42, 0x4C, 0x3A, 0x2B, 0x3A,
    0x2C, 0x3A, 0x12, 0x7C, 0x93, 0x8C, 0x0B, 0x32, 0x6C, 0x42, 0x4C, 0x3A, 0x4C, 0x3A, 0x4C, 0x3A,
    0x2B, 0x3A, 0x2B, 0x3A, 0x4C, 0x3A, 0x6C, 0x3A, 0x4C, 0x3A, 0x4C, 0x3A, 0x4C, 0x3A, 0x4C, 0x3A,
    0x4C, 0x3A, 0x4C, 0x3A, 0x4C, 0x3A, 0x4C, 0x3A, 0x4C, 0x3A, 0x8D, 0x42, 0x6C, 0x42, 0x00, 0x00,
    0x00, 0x00, 0xAA, 0x3A, 0x4C, 0x3A, 0x6C, 0x3A, 0x4C, 0x3A, 0x4C, 0x3A, 0x4C, 0x3A, 0x4C, 0x3A,
    0x4C, 0x3A, 0x4C, 0x3A, 0x4C, 0x3A, 0x4C, 0x3A, 0x4C, 0x3A, 0x4C, 0x3A, 0x6C, 0x3A, 0x6C, 0x3A,
    0x4C, 0x3A, 0x0B, 0x32, 0x0B, 0x32, 0x6C, 0x3A, 0x4C, 0x3A, 0x4C, 0x3A, 0x4C, 0x3A, 0x4C, 0x3A,
    0x6C, 0x3A, 0x6C, 0x3A, 0x4C, 0x3A, 0x4C, 0x3A, 0x4C, 0x3A, 0x4C, 0x3A, 0x4C, 0x3A, 0x4C, 0x3A,
    0x4C, 0x3A, 0x4C, 0x3A, 0x4C, 0x3A, 0x4C, 0x3A, 0x4C, 0x3A, 0x6C, 0x42, 0x6C, 0x3A, 0x00, 0x00,
    0xE7, 0x39, 0x00, 0x00, 0x4C, 0x3A, 0x6D, 0x42, 0x4C, 0x3A, 0x4C, 0x3A, 0x4C, 0x3A, 0x4C, 0x3A,
    0x4C, 0x3A, 0x4C, 0x3A, 0x4C, 0x3A, 0x4C, 0x3A, 0x4C, 0x3A, 0x4C, 0x3A, 0x4C, 0x3A, 0x4C, 0x3A,
    0x4C, 0x3A, 0x6C, 0x42, 0x6C, 0x3A, 0x4C, 0x3A, 0x4C, 0x3A, 0x4C, 0x3A, 0x4C, 0x3A, 0x4C, 0x3A,
    0x4C, 0x3A, 0x4C, 0x3A, 0x4C, 0x3A, 0x4C, 0x3A, 0x4C, 0x3A, 0x4C, 0x3A, 0x4C, 0x3A, 0x4C, 0x3A,
    0x4C, 0x3A, 0x4C, 0x3A, 0x4C, 0x3A, 0x4C, 0x3A, 0x6C, 0x3A, 0x4C, 0x3A, 0x6C, 0x32, 0x00, 0x00,
    0xEF, 0x39, 0x00, 0x00, 0x4C, 0x3A, 0x6D, 0x42, 0x4C, 0x3A, 0x4C, 0x3A, 0x4C, 0x3A, 0x4C, 0x3A,
    0x4C, 0x3A, 0x4C, 0x3A, 0x4C, 0x3A, 0x4C, 0x3A, 0x4C, 0x3A, 0x4C, 0x3A, 0x4C, 0x3A, 0x4C, 0x3A,
    0x4C, 0x3A, 0x4C, 0x3A, 0x4C, 0x3A, 0x4C, 0x3A, 0x4C, 0x3A, 0x4C, 0x3A, 0x4C, 0x3A, 0x4C, 0x3A,
    0x4C, 0x3A, 0x4C, 0x3A, 0x4C, 0x3A, 0x4C, 0x3A, 0x4C, 0x3A, 0x4C, 0x3A, 0x4C, 0x3A, 0x4C, 0x3A,
    0x4C, 0x3A, 0x4C, 0x3A, 0x4C, 0x3A, 0x4C, 0x3A, 0x6C, 0x42, 0x4C, 0x3A, 0x00, 0x00, 0xEF, 0x39,
    0x00, 0x00, 0x00, 0x00, 0x4C, 0x3A, 0x4C, 0x3A, 0x4C, 0x3A, 0x4C, 0x3A, 0x4C, 0x3A, 0x4C, 0x3A,
    0x4C, 0x3A, 0x4C, 0x3A, 0x4C, 0x3A, 0x4C, 0x3A, 0x4C, 0x3A, 0x4C, 0x3A, 0x4C, 0x3A, 0x4C, 0x3A,
    0x4C, 0x3A, 0x4C, 0x3A, 0x4C, 0x3A, 0x4C, 0x3A, 0x4C, 0x3A, 0x4C, 0x3A, 0x4C, 0x3A, 0x4C, 0x3A,
    0x4C, 0x3A, 0x4C, 0x3A, 0x4C, 0x3A, 0x4C, 0x3A, 0x4C, 0x3A, 0x4C, 0x3A, 0x4C, 0x3A, 0x4C, 0x3A,
    0x4C, 0x3A, 0x4C, 0x3A, 0x4C, 0x3A, 0x4C, 0x3A, 0x6C, 0x42, 0x4C, 0x3A, 0x00, 0x00, 0xAA, 0x52,
    0x00, 0x00, 0xAA, 0x52, 0x00, 0x00, 0x2B, 0x3A, 0x6C, 0x42, 0x2B, 0x3A, 0x4C, 0x3A, 0x4C, 0x3A,
    0x4C, 0x3A, 0x4C, 0x3A, 0x4C, 0x3A, 0x4C, 0x3A, 0x4C, 0x3A, 0x4C, 0x3A, 0x4C, 0x3A, 0x4C, 0x3A,
    0x4C, 0x3A, 0x4C, 0x3A, 0x4C, 0x3A, 0x4C, 0x3A, 0x4C, 0x3A, 0x4C, 0x3A, 0x4C, 0x3A, 0x4C, 0x3A,
    0x4C, 0x3A, 0x4C, 0x3A, 0x4C, 0x3A, 0x4C, 0x3A, 0x4C, 0x3A, 0x4C, 0x3A, 0x4C, 0x3A, 0x4C, 0x3A,
    0x4C, 0x3A, 0x4C, 0x3A, 0x4B, 0x3A, 0x6C, 0x42, 0x4C, 0x3A, 0x00, 0x00, 0xAA, 0x52, 0x00, 0x00,
    0x00, 0x00, 0x00, 0x00, 0xB5, 0x52, 0x00, 0x00, 0x2C, 0x3A, 0x6D, 0x42, 0x2B, 0x3A, 0x4B, 0x3A,
    0x4B, 0x3A, 0x4B, 0x3A, 0x4B, 0x3A, 0x4B, 0x3A, 0x4B, 0x3A, 0x4B, 0x3A, 0x4B, 0x3A, 0x4B, 0x3A,
    0x4B, 0x3A, 0x4B, 0x3A, 0x4B, 0x3A, 0x4B, 0x3A, 0x4B, 0x3A, 0x4B, 0x3A, 0x4B, 0x3A, 0x4B, 0x3A,
    0x4B, 0x3A, 0x4B, 0x3A, 0x4B, 0x3A, 0x4B, 0x3A, 0x4B, 0x3A, 0x4B, 0x3A, 0x4B, 0x3A, 0x4B, 0x3A,
    0x4B, 0x3A, 0x2B, 0x3A, 0x6C, 0x3A, 0x4C, 0x3A, 0x2C, 0x3A, 0xEF, 0x7B, 0x00, 0x00, 0x00, 0x00,
    0x00, 0x00, 0x00, 0x00, 0x00, 0x00, 0x00, 0x00, 0x4B, 0x3A, 0x4C, 0x3A, 0x6C, 0x3A, 0x2B, 0x3A,
    0x2B, 0x3A, 0x2B, 0x3A, 0x2B, 0x3A, 0x2B, 0x3A, 0x2B, 0x3A, 0x2B, 0x3A, 0x2B, 0x3A, 0x2B, 0x3A,
    0x2B, 0x3A, 0x2B, 0x3A, 0x2B, 0x3A, 0x2B, 0x3A, 0x2B, 0x3A, 0x2B, 0x3A, 0x2B, 0x3A, 0x2B, 0x3A,
    0x2B, 0x3A, 0x2B, 0x3A, 0x2B, 0x3A, 0x2B, 0x3A, 0x2B, 0x3A, 0x2B, 0x3A, 0x2B, 0x3A, 0x2B, 0x3A,
    0x2B, 0x3A, 0x6C, 0x3A, 0x4C, 0x3A, 0x2B, 0x3A, 0x00, 0x00, 0xEF, 0x7B, 0x00, 0x00, 0x00, 0x00,
    0x00, 0x00, 0x00, 0x00, 0x00, 0x00, 0x00, 0x00, 0x00, 0x00, 0x00, 0x00, 0x2B, 0x3A, 0x4C, 0x3A,
    0x4C, 0x3A, 0x4C, 0x3A, 0x2B, 0x3A, 0x2B, 0x3A, 0x2B, 0x3A, 0x2B, 0x3A, 0x2B, 0x3A, 0x2B, 0x3A,
    0x2B, 0x3A, 0x2B, 0x3A, 0x2B, 0x3A, 0x2B, 0x3A, 0x2B, 0x3A, 0x2B, 0x3A, 0x2B, 0x3A, 0x2B, 0x3A,
    0x2B, 0x3A, 0x2B, 0x3A, 0x2B, 0x3A, 0x2B, 0x3A, 0x2B, 0x3A, 0x2B, 0x3A, 0x4C, 0x3A, 0x4C, 0x3A,
    0x4C, 0x3A, 0x2C, 0x3A, 0x0A, 0x32, 0x00, 0x00, 0xEF, 0x7B, 0x00, 0x00, 0x00, 0x00, 0x00, 0x00,
    0x00, 0x00, 0x00, 0x00, 0x00, 0x00, 0x00, 0x00, 0x00, 0x00, 0x1F, 0x00, 0x00, 0x00, 0x2B, 0x3A,
    0x2C, 0x3A, 0x2B, 0x3A, 0x2B, 0x3A, 0x4C, 0x3A, 0x4C, 0x3A, 0x4C, 0x3A, 0x4C, 0x3A, 0x4C, 0x3A,
    0x4C, 0x3A, 0x4C, 0x3A, 0x4C, 0x3A, 0x4C, 0x3A, 0x4C, 0x3A, 0x4C, 0x3A, 0x4C, 0x3A, 0x4C, 0x3A,
    0x4C, 0x3A, 0x4C, 0x3A, 0x4C, 0x3A, 0x4C, 0x3A, 0x4C, 0x3A, 0x4C, 0x3A, 0x2B, 0x3A, 0x4C, 0x3A,
    0x4B, 0x3A, 0x00, 0x00, 0x00, 0x00, 0xEF, 0x7B, 0x00, 0x00, 0x00, 0x00, 0x00, 0x00, 0x00, 0x00,
    0x00, 0x00, 0x00, 0x00, 0x00, 0x00, 0x00, 0x00, 0x00, 0x00, 0x00, 0x00, 0xAA, 0x52, 0x00, 0x00,
    0x00, 0x00, 0xAA, 0x52, 0x6B, 0x3A, 0x2C, 0x3A, 0x0B, 0x32, 0x2B, 0x32, 0x2B, 0x32, 0x2B, 0x32,
    0x2B, 0x32, 0x2B, 0x32, 0x2B, 0x32, 0x2B, 0x32, 0x2B, 0x32, 0x2B, 0x32, 0x2B, 0x32, 0x2B, 0x32,
    0x2B, 0x32, 0x2B, 0x32, 0x2B, 0x32, 0x0B, 0x32, 0x2B, 0x3A, 0x4B, 0x3A, 0xAE, 0x3A, 0x00, 0x00,
    0x00, 0x00, 0xEF, 0x03, 0x00, 0x00, 0x00, 0x00, 0x00, 0x00, 0x00, 0x00, 0x00, 0x00, 0x00, 0x00,
    0x00, 0x00, 0x00, 0x00, 0x00, 0x00, 0x00, 0x00, 0x00, 0x00, 0x00, 0x00, 0x00, 0x00, 0xEF, 0x03,
    0xE7, 0x39, 0x00, 0x00, 0x00, 0x00, 0x00, 0x00, 0x00, 0x00, 0x00, 0x00, 0x00, 0x00, 0x00, 0x00,
    0x00, 0x00, 0x00, 0x00, 0x00, 0x00, 0x00, 0x00, 0x00, 0x00, 0x00, 0x00, 0x00, 0x00, 0x00, 0x00,
    0x00, 0x00, 0x00, 0x00, 0x00, 0x00, 0x00, 0x00, 0x00, 0x00, 0x00, 0x00, 0x00, 0x00, 0xE7, 0x39,
    0xAA, 0x52, 0x00, 0x00, 0x00, 0x00, 0x00, 0x00, 0x00, 0x00, 0x00, 0x00, 0x00, 0x00, 0x00, 0x00,
    0x00, 0x00, 0x00, 0x00, 0x00, 0x00, 0x00, 0x01, 0x03, 0x04, 0x00, 0x00, 0x00, 0x00, 0x00, 0x00,
    0x00, 0x00, 0x00, 0x00, 0x00, 0x00, 0x00, 0x00, 0x00, 0x00, 0x00, 0x00, 0x00, 0x00, 0x03, 0x04,
    0x01, 0x00, 0x00, 0x00, 0x00, 0x00, 0x00, 0x00, 0x00, 0x00, 0x00, 0x00, 0x00, 0x00, 0x03, 0x00,
    0x00, 0x00, 0x03, 0x10, 0x10, 0x10, 0x10, 0x10, 0x10, 0x10, 0x10, 0x10, 0x10, 0x10, 0x10, 0x10,
    0x10, 0x10, 0x10, 0x10, 0x10, 0x09, 0x00, 0x00, 0x00, 0x03, 0x00, 0x00, 0x00, 0x00, 0x00, 0x00,
    0x00, 0x00, 0x00, 0x00, 0x00, 0x04, 0x00, 0x06, 0x4F, 0x9F, 0xD6, 0xEF, 0xEF, 0xF0, 0xF0, 0xF0,
    0xF0, 0xF0, 0xF0, 0xF0, 0xF0, 0xF0, 0xF0, 0xF0, 0xF0, 0xF0, 0xF0, 0xEF, 0xEF, 0xE2, 0xAE, 0x61,
    0x16, 0x00, 0x02, 0x01, 0x00, 0x00, 0x00, 0x00, 0x00, 0x00, 0x00, 0x00, 0x01, 0x00, 0x47, 0xD4,
    0xFF, 0xFF, 0xFF, 0xFF, 0xFF, 0xFF, 0xFF, 0xFF, 0xFF, 0xFF, 0xFF, 0xFF, 0xFF, 0xFF, 0xFF, 0xFF,
    0xFF, 0xFF, 0xFF, 0xFF, 0xFF, 0xFF, 0xFF, 0xFF, 0xE9, 0x6D, 0x00, 0x00, 0x01, 0x00, 0x00, 0x00,
    0x00, 0x00, 0x00, 0x03, 0x01, 0x7F, 0xFF, 0xFF, 0xFC, 0xFB, 0xFD, 0xFE, 0xFE, 0xFE, 0xFE, 0xFE,
    0xFE, 0xFE, 0xFE, 0xFE, 0xFE, 0xFE, 0xFE, 0xFE, 0xFE, 0xFE, 0xFE, 0xFE, 0xFE, 0xFD, 0xFC, 0xFB,
    0xFF, 0xFF, 0xA9, 0x13, 0x01, 0x01, 0x00, 0x00, 0x00, 0x00, 0x04, 0x00, 0x80, 0xFF, 0xFC, 0xFD,
    0xFF, 0xFF, 0xFF, 0xFF, 0xFF, 0xFF, 0xFF, 0xFF, 0xFF, 0xFF, 0xFF, 0xFF, 0xFF, 0xFF, 0xFF, 0xFF,
    0xFF, 0xFF, 0xFF, 0xFF, 0xFF, 0xFF, 0xFF, 0xFF, 0xFE, 0xFA, 0xFF, 0xBB, 0x01, 0x03, 0x00, 0x00,
    0x00, 0x03, 0x00, 0x44, 0xFE, 0xFA, 0xFE, 0xFF, 0xFF, 0xFF, 0xFF, 0xFF, 0xFF, 0xFF, 0xFF, 0xFF,
    0xFF, 0xFF, 0xFF, 0xFF, 0xFF, 0xFF, 0xFF, 0xFF, 0xFF, 0xFF, 0xFF, 0xFF, 0xFF, 0xFF, 0xFF, 0xFF,
    0xFF, 0xFF, 0xF9, 0xFF, 0x7F, 0x00, 0x03, 0x00, 0x00, 0x01, 0x09, 0xD9, 0xFF, 0xFD, 0xFF, 0xFF,
    0xFF, 0xFF, 0xFF, 0xFF, 0xFF, 0xFF, 0xFF, 0xFF, 0xFF, 0xFF, 0xFF, 0xFF, 0xFF, 0xFF, 0xFF, 0xFF,
    0xFF, 0xFF, 0xFF, 0xFF, 0xFF, 0xFF, 0xFF, 0xFF, 0xFF, 0xFF, 0xFE, 0xFD, 0xFA, 0x2A, 0x00, 0x02,
    0x04, 0x00, 0x4C, 0xFF, 0xFC, 0xFF, 0xFF, 0xFF, 0xFF, 0xFF, 0xFF, 0xFF, 0xFF, 0xFF, 0xFF, 0xFF,
    0xFF, 0xFF, 0xFF, 0xFF, 0xFF, 0xFF, 0xFF, 0xFF, 0xFF, 0xFF, 0xFF, 0xFF, 0xFF, 0xFF, 0xFF, 0xFF,
    0xFF, 0xFF, 0xFF, 0xFB, 0xFF, 0x8C, 0x00, 0x05, 0x04, 0x00, 0x9F, 0xFE, 0xFB, 0xFF, 0xFF, 0xFF,
    0xFF, 0xFF, 0xFF, 0xFF, 0xFF, 0xFF, 0xFF, 0xFF, 0xFF, 0xFF, 0xFF, 0xFF, 0xFF, 0xFF, 0xFF, 0xFF,
    0xFF, 0xFF, 0xFF, 0xFF, 0xFF, 0xFF, 0xFF, 0xFF, 0xFF, 0xFF, 0xFF, 0xFD, 0xFF, 0xD9, 0x04, 0x01,
    0x01, 0x08, 0xDB, 0xFF, 0xFD, 0xFF, 0xFF, 0xFF, 0xFF, 0xFF, 0xFF, 0xFF, 0xFF, 0xFF, 0xFF, 0xFF,
    0xFF, 0xFF, 0xFF, 0xFF, 0xFF, 0xFF, 0xFF, 0xFF, 0xFF, 0xFF, 0xFF, 0xFF, 0xFF, 0xFF, 0xFF, 0xFF,
    0xFF, 0xFF, 0xFF, 0xFF, 0xFE, 0xFA, 0x29, 0x00, 0x00, 0x11, 0xF3, 0xFF, 0xFE, 0xFF, 0xFF, 0xFF,
    0xFF, 0xFF, 0xFF, 0xFF, 0xFF, 0xFF, 0xFF, 0xFF, 0xFF, 0xFF, 0xFF, 0xFF, 0xFF, 0xFF, 0xFF, 0xFF,
    0xFF, 0xFF, 0xFF, 0xFF, 0xFF, 0xFF, 0xFF, 0xFF, 0xFF, 0xFF, 0xFF, 0xFF, 0xFD, 0xFF, 0x43, 0x00,
    0x00, 0x10, 0xEF, 0xFF, 0xFE, 0xFF, 0xFF, 0xFF, 0xFF, 0xFF, 0xFF, 0xFF, 0xFF, 0xFF, 0xFF, 0xFF,
    0xFF, 0xFF, 0xFF, 0xFF, 0xFF, 0xFF, 0xFF, 0xFF, 0xFF, 0xFF, 0xFF, 0xFF, 0xFF, 0xFF, 0xFF, 0xFF,
    0xFF, 0xFF, 0xFF, 0xFF, 0xFD, 0xFF, 0x3F, 0x00, 0x00, 0x10, 0xF0, 0xFF, 0xFE, 0xFF, 0xFF, 0xFF,
    0xFF, 0xFF, 0xFF, 0xFF, 0xFF, 0xFF, 0xFF, 0xFF, 0xFF, 0xFF, 0xFF, 0xFF, 0xFF, 0xFF, 0xFF, 0xFF,
    0xFF, 0xFF, 0xFF, 0xFF, 0xFF, 0xFF, 0xFF, 0xFF, 0xFF, 0xFF, 0xFF, 0xFF, 0xFD, 0xFF, 0x40, 0x00,
    0x00, 0x10, 0xF0, 0xFF, 0xFE, 0xFF, 0xFF, 0xFF, 0xFF, 0xFF, 0xFF, 0xFF, 0xFF, 0xFF, 0xFF, 0xFF,
    0xFF, 0xFF, 0xFF, 0xFF, 0xFF, 0xFF, 0xFF, 0xFF, 0xFF, 0xFF, 0xFF, 0xFF, 0xFF, 0xFF, 0xFF, 0xFF,
    0xFF, 0xFF, 0xFF, 0xFF, 0xFD, 0xFF, 0x40, 0x00, 0x00, 0x10, 0xF0, 0xFF, 0xFE, 0xFF, 0xFF, 0xFF,
    0xFF, 0xFF, 0xFF, 0xFF, 0xFF, 0xFF, 0xFF, 0xFF, 0xFF, 0xFF, 0xFF, 0xFF, 0xFF, 0xFF, 0xFF, 0xFF,
    0xFF, 0xFF, 0xFF, 0xFF, 0xFF, 0xFF, 0xFF, 0xFF, 0xFF, 0xFF, 0xFF, 0xFF, 0xFD, 0xFF, 0x40, 0x00,
    0x00, 0x10, 0xF0, 0xFF, 0xFE, 0xFF, 0xFF, 0xFF, 0xFF, 0xFF, 0xFF, 0xFF, 0xFF, 0xFF, 0xFF, 0xFF,
    0xFF, 0xFF, 0xFF, 0xFF, 0xFF, 0xFF, 0xFF, 0xFF, 0xFF, 0xFF, 0xFF, 0xFF, 0xFF, 0xFF, 0xFF, 0xFF,
    0xFF, 0xFF, 0xFF, 0xFF, 0xFD, 0xFF, 0x40, 0x00, 0x00, 0x10, 0xF0, 0xFF, 0xFE, 0xFF, 0xFF, 0xFF,
    0xFF, 0xFF, 0xFF, 0xFF, 0xFF, 0xFF, 0xFF, 0xFF, 0xFF, 0xFF, 0xFF, 0xFF, 0xFF, 0xFF, 0xFF, 0xFF,
    0xFF, 0xFF, 0xFF, 0xFF, 0xFF, 0xFF, 0xFF, 0xFF, 0xFF, 0xFF, 0xFF, 0xFF, 0xFD, 0xFF, 0x40, 0x00,
    0x00, 0x10, 0xF0, 0xFF, 0xFE, 0xFF, 0xFF, 0xFF, 0xFF, 0xFF, 0xFF, 0xFF, 0xFF, 0xFF, 0xFF, 0xFF,
    0xFF, 0xFF, 0xFF, 0xFF, 0xFF, 0xFF, 0xFF, 0xFF, 0xFF, 0xFF, 0xFF, 0xFF, 0xFF, 0xFF, 0xFF, 0xFF,
    0xFF, 0xFF, 0xFF, 0xFF, 0xFD, 0xFF, 0x40, 0x00, 0x00, 0x10, 0xF0, 0xFF, 0xFE, 0xFF, 0xFF, 0xFF,
    0xFF, 0xFF, 0xFF, 0xFF, 0xFF, 0xFF, 0xFF, 0xFF, 0xFF, 0xFF, 0xFF, 0xFF, 0xFF, 0xFF, 0xFF, 0xFF,
    0xFF, 0xFF, 0xFF, 0xFF, 0xFF, 0xFF, 0xFF, 0xFF, 0xFF, 0xFF, 0xFF, 0xFF, 0xFD, 0xFF, 0x40, 0x00,
    0x00, 0x10, 0xF0, 0xFF, 0xFE, 0xFF, 0xFF, 0xFF, 0xFF, 0xFF, 0xFF, 0xFF, 0xFF, 0xFF, 0xFF, 0xFF,
    0xFF, 0xFF, 0xFF, 0xFF, 0xFF, 0xFF, 0xFF, 0xFF, 0xFF, 0xFF, 0xFF, 0xFF, 0xFF, 0xFF, 0xFF, 0xFF,
    0xFF, 0xFF, 0xFF, 0xFF, 0xFD, 0xFF, 0x40, 0x00, 0x00, 0x10, 0xF0, 0xFF, 0xFE, 0xFF, 0xFF, 0xFF,
    0xFF, 0xFF, 0xFF, 0xFF, 0xFF, 0xFF, 0xFF, 0xFF, 0xFF, 0xFF, 0xFF, 0xFF, 0xFF, 0xFF, 0xFF, 0xFF,
    0xFF, 0xFF, 0xFF, 0xFF, 0xFF, 0xFF, 0xFF, 0xFF, 0xFF, 0xFF, 0xFF, 0xFF, 0xFD, 0xFF, 0x40, 0x00,
    0x00, 0x10, 0xF0, 0xFF, 0xFE, 0xFF, 0xFF, 0xFF, 0xFF, 0xFF, 0xFF, 0xFF, 0xFF, 0xFF, 0xFF, 0xFF,
    0xFF, 0xFF, 0xFF, 0xFF, 0xFF, 0xFF, 0xFF, 0xFF, 0xFF, 0xFF, 0xFF, 0xFF, 0xFF, 0xFF, 0xFF, 0xFF,
    0xFF, 0xFF, 0xFF, 0xFF, 0xFD, 0xFF, 0x40, 0x00, 0x00, 0x10, 0xF0, 0xFF, 0xFE, 0xFF, 0xFF, 0xFF,
    0xFF, 0xFF, 0xFF, 0xFF, 0xFF, 0xFF, 0xFF, 0xFF, 0xFF, 0xFF, 0xFF, 0xFF, 0xFF, 0xFF, 0xFF, 0xFF,
    0xFF, 0xFF, 0xFF, 0xFF, 0xFF, 0xFF, 0xFF, 0xFF, 0xFF, 0xFF, 0xFF, 0xFF, 0xFD, 0xFF, 0x40, 0x00,
    0x00, 0x10, 0xF0, 0xFF, 0xFE, 0xFF, 0xFF, 0xFF, 0xFF, 0xFF, 0xFF, 0xFF, 0xFF, 0xFF, 0xFF, 0xFF,
    0xFF, 0xFF, 0xFF, 0xFF, 0xFF, 0xFF, 0xFF, 0xFF, 0xFF, 0xFF, 0xFF, 0xFF, 0xFF, 0xFF, 0xFF, 0xFF,
    0xFF, 0xFF, 0xFF, 0xFF, 0xFD, 0xFF, 0x40, 0x00, 0x00, 0x10, 0xF0, 0xFF, 0xFE, 0xFF, 0xFF, 0xFF,
    0xFF, 0xFF, 0xFF, 0xFF, 0xFF, 0xFF, 0xFF, 0xFF, 0xFF, 0xFF, 0xFF, 0xFF, 0xFF, 0xFF, 0xFF, 0xFF,
    0xFF, 0xFF, 0xFF, 0xFF, 0xFF, 0xFF, 0xFF, 0xFF, 0xFF, 0xFF, 0xFF, 0xFF, 0xFD, 0xFF, 0x40, 0x00,
    0x00, 0x10, 0xF0, 0xFF, 0xFE, 0xFF, 0xFF, 0xFF, 0xFF, 0xFF, 0xFF, 0xFF, 0xFF, 0xFF, 0xFF, 0xFF,
    0xFF, 0xFF, 0xFF, 0xFF, 0xFF, 0xFF, 0xFF, 0xFF, 0xFF, 0xFF, 0xFF, 0xFF, 0xFF, 0xFF, 0xFF, 0xFF,
    0xFF, 0xFF, 0xFF, 0xFF, 0xFD, 0xFF, 0x40, 0x00, 0x00, 0x10, 0xEF, 0xFF, 0xFE, 0xFF, 0xFF, 0xFF,
    0xFF, 0xFF, 0xFF, 0xFF, 0xFF, 0xFF, 0xFF, 0xFF, 0xFF, 0xFF, 0xFF, 0xFF, 0xFF, 0xFF, 0xFF, 0xFF,
    0xFF, 0xFF, 0xFF, 0xFF, 0xFF, 0xFF, 0xFF, 0xFF, 0xFF, 0xFF, 0xFF, 0xFF, 0xFD, 0xFF, 0x3F, 0x00,
    0x00, 0x11, 0xF2, 0xFF, 0xFE, 0xFF, 0xFF, 0xFF, 0xFF, 0xFF, 0xFF, 0xFF, 0xFF, 0xFF, 0xFF, 0xFF,
    0xFF, 0xFF, 0xFF, 0xFF, 0xFF, 0xFF, 0xFF, 0xFF, 0xFF, 0xFF, 0xFF, 0xFF, 0xFF, 0xFF, 0xFF, 0xFF,
    0xFF, 0xFF, 0xFF, 0xFF, 0xFD, 0xFF, 0x42, 0x00, 0x01, 0x0C, 0xE5, 0xFF, 0xFE, 0xFF, 0xFF, 0xFF,
    0xFF, 0xFF, 0xFF, 0xFF, 0xFF, 0xFF, 0xFF, 0xFF, 0xFF, 0xFF, 0xFF, 0xFF, 0xFF, 0xFF, 0xFF, 0xFF,
    0xFF, 0xFF, 0xFF, 0xFF, 0xFF, 0xFF, 0xFF, 0xFF, 0xFF, 0xFF, 0xFF, 0xFF, 0xFE, 0xFD, 0x35, 0x00,
    0x04, 0x00, 0xB0, 0xFE, 0xFC, 0xFF, 0xFF, 0xFF, 0xFF, 0xFF, 0xFF, 0xFF, 0xFF, 0xFF, 0xFF, 0xFF,
    0xFF, 0xFF, 0xFF, 0xFF, 0xFF, 0xFF, 0xFF, 0xFF, 0xFF, 0xFF, 0xFF, 0xFF, 0xFF, 0xFF, 0xFF, 0xFF,
    0xFF, 0xFF, 0xFF, 0xFE, 0xFF, 0xE6, 0x0A, 0x01, 0x04, 0x00, 0x62, 0xFF, 0xFC, 0xFF, 0xFF, 0xFF,
    0xFF, 0xFF, 0xFF, 0xFF, 0xFF, 0xFF, 0xFF, 0xFF, 0xFF, 0xFF, 0xFF, 0xFF, 0xFF, 0xFF, 0xFF, 0xFF,
    0xFF, 0xFF, 0xFF, 0xFF, 0xFF, 0xFF, 0xFF, 0xFF, 0xFF, 0xFF, 0xFF, 0xFB, 0xFE, 0xA2, 0x00, 0x04,
    0x01, 0x01, 0x15, 0xEE, 0xFD, 0xFE, 0xFF, 0xFF, 0xFF, 0xFF, 0xFF, 0xFF, 0xFF, 0xFF, 0xFF, 0xFF,
    0xFF, 0xFF, 0xFF, 0xFF, 0xFF, 0xFF, 0xFF, 0xFF, 0xFF, 0xFF, 0xFF, 0xFF, 0xFF, 0xFF, 0xFF, 0xFF,
    0xFF, 0xFF, 0xFF, 0xFC, 0xFF, 0x42, 0x00, 0x03, 0x00, 0x03, 0x00, 0x6B, 0xFF, 0xFA, 0xFF, 0xFF,
    0xFF, 0xFF, 0xFF, 0xFF, 0xFF, 0xFF, 0xFF, 0xFF, 0xFF, 0xFF, 0xFF, 0xFF, 0xFF, 0xFF, 0xFF, 0xFF,
    0xFF, 0xFF, 0xFF, 0xFF, 0xFF, 0xFF, 0xFF, 0xFF, 0xFF, 0xFF, 0xFA, 0xFF, 0xAA, 0x00, 0x03, 0x00,
    0x00, 0x00, 0x03, 0x00, 0xAC, 0xFF, 0xF9, 0xFE, 0xFF, 0xFF, 0xFF, 0xFF, 0xFF, 0xFF, 0xFF, 0xFF,
    0xFF, 0xFF, 0xFF, 0xFF, 0xFF, 0xFF, 0xFF, 0xFF, 0xFF, 0xFF, 0xFF, 0xFF, 0xFF, 0xFF, 0xFF, 0xFF,
    0xFF, 0xFA, 0xFF, 0xDE, 0x12, 0x02, 0x01, 0x00, 0x00, 0x00, 0x01, 0x01, 0x11, 0xB8, 0xFF, 0xFF,
    0xFB, 0xFD, 0xFE, 0xFF, 0xFF, 0xFF, 0xFF, 0xFF, 0xFF, 0xFF, 0xFF, 0xFF, 0xFF, 0xFF, 0xFF, 0xFF,
    0xFF, 0xFF, 0xFF, 0xFF, 0xFF, 0xFF, 0xFD, 0xFB, 0xFD, 0xFF, 0xDA, 0x34, 0x00, 0x02, 0x00, 0x00,
    0x00, 0x00, 0x00, 0x01, 0x00, 0x00, 0x80, 0xF9, 0xFF, 0xFF, 0xFF, 0xFD, 0xFD, 0xFD, 0xFD, 0xFD,
    0xFD, 0xFD, 0xFD, 0xFD, 0xFD, 0xFD, 0xFD, 0xFD, 0xFD, 0xFD, 0xFD, 0xFD, 0xFD, 0xFE, 0xFF, 0xFF,
    0xFF, 0xA7, 0x13, 0x00, 0x02, 0x00, 0x00, 0x00, 0x00, 0x00, 0x00, 0x00, 0x01, 0x01, 0x00, 0x2C,
    0x8C, 0xD6, 0xFD, 0xFF, 0xFF, 0xFF, 0xFF, 0xFF, 0xFF, 0xFF, 0xFF, 0xFF, 0xFF, 0xFF, 0xFF, 0xFF,
    0xFF, 0xFF, 0xFF, 0xFF, 0xFF, 0xFF, 0xE2, 0x9F, 0x46, 0x00, 0x00, 0x02, 0x00, 0x00, 0x00, 0x00,
    0x00, 0x00, 0x00, 0x00, 0x00, 0x00, 0x03, 0x00, 0x00, 0x03, 0x28, 0x40, 0x40, 0x40, 0x40, 0x40,
    0x40, 0x40, 0x40, 0x40, 0x40, 0x40, 0x40, 0x40, 0x40, 0x40, 0x40, 0x40, 0x40, 0x34, 0x09, 0x00,
    0x00, 0x02, 0x01, 0x00, 0x00, 0x00, 0x00, 0x00, 0x00, 0x00, 0x00, 0x00, 0x00, 0x00, 0x00, 0x02,
    0x04, 0x00, 0x00, 0x00, 0x00, 0x00, 0x00, 0x00, 0x00, 0x00, 0x00, 0x00, 0x00, 0x00, 0x00, 0x00,
    0x00, 0x00, 0x00, 0x00, 0x00, 0x00, 0x00, 0x04, 0x03, 0x00, 0x00, 0x00, 0x00, 0x00, 0x00, 0x00,
};

const lv_image_dsc_t icon_home_scripts = {
    .header.magic = LV_IMAGE_HEADER_MAGIC,
    .header.cf = LV_COLOR_FORMAT_RGB565A8,
    .header.w = 40,
    .header.h = 40,
    .data_size = 4800,
    .data = icon_home_scripts_map,
};

const LV_ATTRIBUTE_MEM_ALIGN uint8_t icon_home_clock_map[] = {
    0x00, 0x00, 0x00, 0x00, 0x00, 0x00, 0x00, 0x00, 0x00, 0x00, 0x00, 0x00, 0x00, 0x00, 0x1F, 0x00,
    0x5F, 0x55, 0xFF, 0x3B, 0x00, 0x00, 0x00, 0x00, 0x00, 0x00, 0x00, 0x00, 0x00, 0x00, 0x00, 0x00,
    0x00, 0x00, 0x00, 0x00, 0x00, 0x00, 0x00, 0x00, 0x00, 0x00, 0x00, 0x00, 0x00, 0x00, 0x00, 0x00,
    0x00, 0x00, 0x00, 0x00, 0x00, 0x00, 0x00, 0x00, 0x00, 0x00, 0x00, 0x00, 0x5F, 0x55, 0xFF, 0x3B,
    0xFF, 0x07, 0x00, 0x00, 0x00, 0x00, 0x00, 0x00, 0x00, 0x00, 0x00, 0x00, 0x00, 0x00, 0x00, 0x00,
    0x00, 0x00, 0x00, 0x00, 0x00, 0x00, 0x00, 0x00, 0x00, 0x00, 0x00, 0x00, 0x5F, 0x55, 0x00, 0x00,
    0x00, 0x00, 0x00, 0x00, 0x5F, 0x55, 0x7F, 0x5D, 0xFF, 0x4C, 0xFF, 0x4C, 0xFF, 0x4C, 0xFF, 0x4C,
    0xFF, 0x4C, 0xFF, 0x4C, 0xFF, 0x4C, 0xFF, 0x4C, 0xFF, 0x4C, 0xFF, 0x4C, 0xFF, 0x4C, 0xFF, 0x4C,
    0xFF, 0x4C, 0xFF, 0x4C, 0xFF, 0x4C, 0xFF, 0x4C, 0x7F, 0x4D, 0x5F, 0x55, 0x00, 0x00, 0x00, 0x00,
    0x00, 0x00, 0x5F, 0x55, 0x00, 0x00, 0x00, 0x00, 0x00, 0x00, 0x00, 0x00, 0x00, 0x00, 0x00, 0x00,
    0x00, 0x00, 0x00, 0x00, 0x00, 0x00, 0x00, 0x00, 0x00, 0x00, 0xFF, 0x3B, 0x00, 0x00, 0xFF, 0x53,
    0xFF, 0x4C, 0xFF, 0x4C, 0xFF, 0x4C, 0xFF, 0x4C, 0xDF, 0x4C, 0xDF, 0x4C, 0xDF, 0x4C, 0xDF, 0x4C,
    0xDF, 0x4C, 0xDF, 0x4C, 0xDF, 0x4C, 0xDF, 0x4C, 0xDF, 0x4C, 0xDF, 0x4C, 0xDF, 0x4C, 0xDF, 0x4C,
    0xDF, 0x4C, 0xDF, 0x4C, 0xDF, 0x4C, 0xDF, 0x4C, 0xDF, 0x4C, 0xFF, 0x4C, 0xFF, 0x4C, 0x1F, 0x4D,
    0xBF, 0x54, 0x00, 0x00, 0xFF, 0x7B, 0xFF, 0x07, 0x00, 0x00, 0x00, 0x00, 0x00, 0x00, 0x00, 0x00,
    0x00, 0x00, 0x00, 0x00, 0x00, 0x00, 0x00, 0x00, 0xFF, 0x07, 0x00, 0x00, 0xDF, 0x4C, 0xFF, 0x4C,
    0x1F, 0x55, 0x1F, 0x55, 0xFF, 0x4C, 0xDF, 0x4C, 0xFF, 0x4C, 0xFF, 0x4C, 0xFF, 0x4C, 0xFF, 0x4C,
    0xFF, 0x4C, 0xFF, 0x4C, 0xFF, 0x4C, 0xFF, 0x4C, 0xFF, 0x4C, 0xFF, 0x4C, 0xFF, 0x4C, 0xFF, 0x4C,
    0xFF, 0x4C, 0xFF, 0x4C, 0xFF, 0x4C, 0xFF, 0x4C, 0xFF, 0x4C, 0xFF, 0x4C, 0x1F, 0x55, 0x3F, 0x55,
    0xFF, 0x4C, 0xFF, 0x4C, 0x00, 0x00, 0x00, 0x00, 0xFF, 0x07, 0x00, 0x00, 0x00, 0x00, 0x00, 0x00,
    0x00, 0x00, 0x00, 0x00, 0x00, 0x00, 0x5F, 0x55, 0xFF, 0x07, 0xDF, 0x4C, 0xFF, 0x4C, 0xFF, 0x4C,
    0xBF, 0x4C, 0xDF, 0x4C, 0xDF, 0x4C, 0xBF, 0x4C, 0xBF, 0x4C, 0xBF, 0x4C, 0xBF, 0x4C, 0xBF, 0x4C,
    0xBF, 0x4C, 0xBF, 0x4C, 0xBF, 0x4C, 0xBF, 0x4C, 0xBF, 0x4C, 0xBF, 0x4C, 0xBF, 0x4C, 0xBF, 0x4C,
    0xBF, 0x4C, 0xBF, 0x4C, 0xBF, 0x4C, 0xBF, 0x4C, 0xBF, 0x4C, 0xDF, 0x4C, 0xBF, 0x4C, 0xBF, 0x4C,
    0xDF, 0x4C, 0x3F, 0x55, 0xDF, 0x4C, 0x9F, 0x54, 0xFF, 0x07, 0xFF, 0x07, 0x00, 0x00, 0x00, 0x00,
    0x00, 0x00, 0x00, 0x00, 0xF7, 0x3B, 0x00, 0x00, 0xBE, 0x4C, 0x5F, 0x55, 0xBF, 0x4C, 0xBF, 0x4C,
    0xBF, 0x4C, 0xBF, 0x4C, 0xBF, 0x4C, 0xBF, 0x4C, 0xBF, 0x4C, 0xBF, 0x4C, 0xBF, 0x4C, 0xBF, 0x4C,
    0xBF, 0x4C, 0xBF, 0x4C, 0xBF, 0x4C, 0xBF, 0x4C, 0xBF, 0x4C, 0xBF, 0x4C, 0xBF, 0x4C, 0xBF, 0x4C,
    0xBF, 0x4C, 0xBF, 0x4C, 0xBF, 0x4C, 0xBF, 0x4C, 0xBF, 0x4C, 0xBF, 0x4C, 0xBF, 0x4C, 0xBF, 0x4C,
    0xBF, 0x4C, 0xBF, 0x4C, 0x3F, 0x55, 0xBF, 0x4C, 0x1F, 0x00, 0x5F, 0x55, 0x00, 0x00, 0x00, 0x00,
    0x00, 0x00, 0x5F, 0x55, 0x00, 0x00, 0xBE, 0x4C, 0xFF, 0x4C, 0xBF, 0x4C, 0xBE, 0x4C, 0xBF, 0x4C,
    0xBF, 0x4C, 0xBF, 0x4C, 0xBF, 0x4C, 0xBF, 0x4C, 0xBF, 0x4C, 0xBF, 0x4C, 0xBF, 0x4C, 0xBF, 0x4C,
    0xBF, 0x4C, 0xBF, 0x4C, 0xBF, 0x4C, 0xBF, 0x4C, 0xBF, 0x4C, 0xBF, 0x4C, 0xBF, 0x4C, 0xBF, 0x4C,
    0xBF, 0x4C, 0xBF, 0x4C, 0xBF, 0x4C, 0xBF, 0x4C, 0xBF, 0x4C, 0xBF, 0x4C, 0xBF, 0x4C, 0xBF, 0x4C,
    0xBF, 0x4C, 0xBF, 0x4C, 0xBE, 0x4C, 0x1F, 0x4D, 0xBE, 0x4C, 0x00, 0x00, 0x5F, 0x55, 0x00, 0x00,
    0x00, 0x00, 0xFF, 0xFF, 0x5F, 0x55, 0xBE, 0x44, 0xDF, 0x4C, 0x9E, 0x4C, 0xBE, 0x4C, 0xBE, 0x4C,
    0xBE, 0x4C, 0xBE, 0x4C, 0xBE, 0x4C, 0xBE, 0x4C, 0xBE, 0x4C, 0xBE, 0x4C, 0xBE, 0x4C, 0xBE, 0x4C,
    0xBE, 0x4C, 0xBE, 0x4C, 0xBE, 0x4C, 0xBE, 0x4C, 0xBE, 0x4C, 0xBE, 0x4C, 0xBE, 0x4C, 0xBE, 0x4C,
    0xBE, 0x4C, 0xBE, 0x4C, 0xBE, 0x4C, 0xBE, 0x4C, 0xBE, 0x4C, 0xBE, 0x4C, 0xBE, 0x4C, 0xBE, 0x4C,
    0xBE, 0x4C, 0xBE, 0x4C, 0xBE, 0x4C, 0xBF, 0x4C, 0xBF, 0x4C, 0x9E, 0x4C, 0x00, 0x00, 0xFF, 0x07,
    0xF7, 0x3B, 0x00, 0x00, 0x9E, 0x44, 0xFF, 0x4C, 0x9E, 0x44, 0x9E, 0x44, 0x9E, 0x44, 0x9E, 0x44,
    0x9E, 0x44, 0x9E, 0x44, 0x9E, 0x44, 0x9E, 0x44, 0x9E, 0x44, 0x9E, 0x44, 0x9E, 0x44, 0x9E, 0x4C,
    0xBE, 0x4C, 0xBE, 0x4C, 0x9E, 0x44, 0x9E, 0x44, 0x9E, 0x44, 0x9E, 0x44, 0xBE, 0x4C, 0xBE, 0x4C,
    0xBE, 0x4C, 0x9E, 0x44, 0x9E, 0x44, 0x9E, 0x44, 0x9E, 0x44, 0x9E, 0x44, 0x9E, 0x44, 0x9E, 0x44,
    0x9E, 0x44, 0x9E, 0x44, 0x9E, 0x44, 0x9E, 0x44, 0xFF, 0x4C, 0x9E, 0x4C, 0x00, 0x00, 0xD9, 0x34,
    0xF7, 0x3B, 0x00, 0x00, 0x9E, 0x44, 0xFF, 0x4C, 0x9E, 0x44, 0x9E, 0x44, 0x9E, 0x44, 0x9E, 0x44,
    0x9E, 0x44, 0x9E, 0x44, 0x9E, 0x44, 0x9E, 0x44, 0x9E, 0x44, 0x9E, 0x44, 0xBE, 0x4C, 0x9E, 0x44,
    0x5E, 0x3C, 0x5E, 0x3C, 0x9E, 0x4C, 0xDE, 0x54, 0xDE, 0x54, 0xBE, 0x4C, 0x7E, 0x3C, 0x5E, 0x3C,
    0x7E, 0x44, 0x9E, 0x4C, 0x9E, 0x44, 0x9E, 0x44, 0x9E, 0x44, 0x9E, 0x44, 0x9E, 0x44, 0x9E, 0x44,
    0x9E, 0x44, 0x9E, 0x44, 0x9E, 0x44, 0x9E, 0x44, 0xBF, 0x4C, 0x9E, 0x44, 0xFF, 0x3B, 0x1F, 0x00,
    0x1F, 0x00, 0xFF, 0x3C, 0x9E, 0x44, 0xBF, 0x4C, 0x9E, 0x44, 0x9E, 0x44, 0x9E, 0x44, 0x9E, 0x44,
    0x9E, 0x44, 0x9E, 0x44, 0x9E, 0x44, 0x9E, 0x44, 0x9E, 0x44, 0x9E, 0x44, 0x5E, 0x3C, 0xDE, 0x54,
    0xDF, 0x8D, 0xDF, 0xBE, 0x5F, 0xDF, 0xBF, 0xF7, 0xBF, 0xF7, 0x9F, 0xE7, 0xFF, 0xC6, 0x1F, 0x9E,
    0x1E, 0x65, 0x5E, 0x3C, 0x7E, 0x44, 0x9E, 0x4C, 0x9E, 0x44, 0x9E, 0x44, 0x9E, 0x44, 0x9E, 0x44,
    0x9E, 0x44, 0x9E, 0x44, 0x9E, 0x44, 0x9E, 0x44, 0x9E, 0x44, 0x9F, 0x44, 0x7F, 0x44, 0x00, 0x00,
    0x00, 0x00, 0xBE, 0x3C, 0x7E, 0x44, 0x9E, 0x44, 0x7E, 0x44, 0x7E, 0x44, 0x7E, 0x44, 0x7E, 0x44,
    0x7E, 0x44, 0x7E, 0x44, 0x7E, 0x44, 0x9E, 0x44, 0x7E, 0x44, 0x5E, 0x3C, 0x3F, 0x9E, 0xBF, 0xEF,
    0xFF, 0xFF, 0xFF, 0xFF, 0xFF, 0xFF, 0xFF, 0xFF, 0xFF, 0xFF, 0xFF, 0xFF, 0xFF, 0xFF, 0xFF, 0xFF,
    0xDF, 0xFF, 0x9F, 0xB6, 0xBE, 0x4C, 0x5E, 0x3C, 0x9E, 0x4C, 0x7E, 0x44, 0x7E, 0x44, 0x7E, 0x44,
    0x7E, 0x44, 0x7E, 0x44, 0x7E, 0x44, 0x7E, 0x44, 0x7E, 0x44, 0xBF, 0x4C, 0x9E, 0x44, 0x00, 0x00,
    0x00, 0x00, 0x7D, 0x3C, 0x7E, 0x44, 0x9E, 0x44, 0x7E, 0x44, 0x7E, 0x44, 0x7E, 0x44, 0x7E, 0x44,
    0x7E, 0x44, 0x7E, 0x44, 0x7E, 0x44, 0x5E, 0x3C, 0x9E, 0x4C, 0xFF, 0xCE, 0xFF, 0xFF, 0xFF, 0xFF,
    0xBF, 0xEF, 0x9F, 0xB6, 0xFF, 0x95, 0x7E, 0x75, 0x5E, 0x75, 0xBE, 0x8D, 0x5F, 0xAE, 0x5F, 0xDF,
    0xFF, 0xFF, 0xFF, 0xFF, 0x7F, 0xE7, 0x1E, 0x65, 0x3E, 0x3C, 0x9E, 0x44, 0x7E, 0x44, 0x7E, 0x44,
    0x7E, 0x44, 0x7E, 0x44, 0x7E, 0x44, 0x7E, 0x44, 0x7E, 0x44, 0xBF, 0x44, 0x9E, 0x44, 0x00, 0x00,
    0x00, 0x00, 0x7D, 0x3C, 0x7E, 0x44, 0x7E, 0x44, 0x7E, 0x44, 0x7E, 0x44, 0x7E, 0x44, 0x7E, 0x44,
    0x7E, 0x44, 0x7E, 0x44, 0x5E, 0x44, 0x9E, 0x4C, 0x3F, 0xDF, 0xFF, 0xFF, 0xFF, 0xFF, 0x3F, 0xA6,
    0xBE, 0x4C, 0x3E, 0x34, 0x3E, 0x34, 0xFE, 0x2B, 0xFE, 0x2B, 0x1E, 0x34, 0x3E, 0x34, 0x7E, 0x44,
    0xBE, 0x85, 0xBF, 0xEF, 0xFF, 0xFF, 0xBF, 0xF7, 0x1E, 0x65, 0x3E, 0x3C, 0x7E, 0x44, 0x7E, 0x44,
    0x7E, 0x44, 0x7E, 0x44, 0x7E, 0x44, 0x7E, 0x44, 0x7E, 0x44, 0xBF, 0x44, 0x7E, 0x44, 0x00, 0x00,
    0x00, 0x00, 0x7D, 0x3C, 0x7D, 0x44, 0x7E, 0x44, 0x5D, 0x44, 0x7E, 0x44, 0x7E, 0x44, 0x7E, 0x44,
    0x7E, 0x44, 0x7E, 0x44, 0x5E, 0x3C, 0x1F, 0xCF, 0xFF, 0xFF, 0xBF, 0xEF, 0x5E, 0x75, 0x1D, 0x34,
    0x5E, 0x44, 0x7E, 0x44, 0x9E, 0x4C, 0x1F, 0x9E, 0x3F, 0xA6, 0xFE, 0x5C, 0x5E, 0x44, 0x7E, 0x44,
    0x1D, 0x34, 0xDE, 0x5C, 0x3F, 0xD7, 0xFF, 0xFF, 0xBF, 0xEF, 0xBE, 0x54, 0x5E, 0x3C, 0x7E, 0x44,
    0x5E, 0x44, 0x7E, 0x44, 0x7E, 0x44, 0x7E, 0x44, 0x7D, 0x44, 0x9F, 0x44, 0x5E, 0x44, 0x00, 0x00,
    0x00, 0x00, 0x7D, 0x3C, 0x5D, 0x44, 0x7E, 0x44, 0x5D, 0x44, 0x5E, 0x44, 0x5E, 0x44, 0x5E, 0x44,
    0x7E, 0x44, 0x1D, 0x34, 0x1E, 0x9E, 0xFF, 0xFF, 0xFF, 0xFF, 0x5E, 0x75, 0xFD, 0x33, 0x7E, 0x44,
    0x7E, 0x44, 0x5D, 0x3C, 0x9E, 0x4C, 0xFF, 0xFF, 0xFF, 0xFF, 0x5E, 0x75, 0x3D, 0x34, 0x5E, 0x44,
    0x7E, 0x44, 0x3D, 0x34, 0x9E, 0x4C, 0x9F, 0xEF, 0xFF, 0xFF, 0xFF, 0xCE, 0x3D, 0x3C, 0x5E, 0x44,
    0x5E, 0x44, 0x5E, 0x44, 0x5E, 0x44, 0x5E, 0x44, 0x5D, 0x44, 0x9F, 0x44, 0x5D, 0x3C, 0x00, 0x00,
    0x00, 0x00, 0x7D, 0x3C, 0x5D, 0x44, 0x5E, 0x44, 0x5D, 0x44, 0x5D, 0x44, 0x5D, 0x44, 0x5D, 0x44,
    0x3D, 0x3C, 0x9D, 0x4C, 0xBF, 0xEF, 0xFF, 0xFF, 0x3E, 0xA6, 0xFD, 0x33, 0x7D, 0x44, 0x5D, 0x44,
    0x5D, 0x44, 0x3D, 0x3C, 0x9D, 0x4C, 0xBF, 0xEF, 0xFF, 0xFF, 0x3E, 0x75, 0x1D, 0x34, 0x5D, 0x44,
    0x5D, 0x44, 0x5D, 0x44, 0x1D, 0x34, 0x5E, 0x75, 0xFF, 0xFF, 0xFF, 0xFF, 0x5E, 0x75, 0x1D, 0x34,
    0x5D, 0x44, 0x5D, 0x44, 0x5D, 0x44, 0x5D, 0x44, 0x5D, 0x44, 0x9F, 0x44, 0x5D, 0x3C, 0x00, 0x00,
    0x00, 0x00, 0x7D, 0x3C, 0x5D, 0x3C, 0x5E, 0x44, 0x3D, 0x44, 0x5D, 0x44, 0x5D, 0x44, 0x5D, 0x44,
    0x1D, 0x34, 0xBE, 0x8D, 0xFF, 0xFF, 0xBF, 0xEF, 0x7D, 0x4C, 0x3D, 0x3C, 0x5D, 0x44, 0x5D, 0x44,
    0x5D, 0x44, 0x3D, 0x3C, 0x9D, 0x4C, 0xBF, 0xF7, 0xFF, 0xFF, 0x3E, 0x75, 0x1D, 0x34, 0x5D, 0x44,
    0x5D, 0x44, 0x5D, 0x44, 0x5D, 0x44, 0x1D, 0x34, 0xFF, 0xCE, 0xFF, 0xFF, 0x9F, 0xB6, 0x1D, 0x34,
    0x5D, 0x44, 0x3D, 0x44, 0x5D, 0x44, 0x5D, 0x44, 0x5D, 0x3C, 0x7F, 0x44, 0x3D, 0x3C, 0x00, 0x00,
    0x00, 0x00, 0x7D, 0x3C, 0x3D, 0x3C, 0x5E, 0x44, 0x3D, 0x3C, 0x3D, 0x3C, 0x3D, 0x3C, 0x5D, 0x44,
    0xFD, 0x33, 0xBF, 0xBE, 0xFF, 0xFF, 0x9F, 0xB6, 0xFD, 0x33, 0x5D, 0x44, 0x3D, 0x3C, 0x3D, 0x3C,
    0x3D, 0x44, 0x3D, 0x3C, 0x7D, 0x4C, 0xBF, 0xF7, 0xFF, 0xFF, 0x3E, 0x75, 0x1D, 0x3C, 0x5D, 0x44,
    0x3D, 0x3C, 0x3D, 0x3C, 0x5D, 0x44, 0xFD, 0x33, 0x9E, 0x85, 0xFF, 0xFF, 0x9F, 0xEF, 0x5D, 0x44,
    0x3D, 0x3C, 0x3D, 0x3C, 0x3D, 0x3C, 0x3D, 0x3C, 0x3D, 0x3C, 0x7F, 0x44, 0x3D, 0x3C, 0x00, 0x00,
    0x00, 0x00, 0xFD, 0x3B, 0x3D, 0x3C, 0x3E, 0x3C, 0x3D, 0x3C, 0x3D, 0x3C, 0x3D, 0x3C, 0x3D, 0x3C,
    0x3D, 0x44, 0x5F, 0xDF, 0xFF, 0xFF, 0xDE, 0x8D, 0xFD, 0x33, 0x3D, 0x44, 0x3D, 0x3C, 0x3D, 0x3C,
    0x3D, 0x3C, 0x1D, 0x3C, 0x9D, 0x54, 0xDF, 0xF7, 0xFF, 0xFF, 0x1E, 0x6D, 0xBD, 0x23, 0x1D, 0x3C,
    0x3D, 0x3C, 0x3D, 0x44, 0x3D, 0x44, 0x1D, 0x34, 0xFD, 0x64, 0xFF, 0xFF, 0xDF, 0xFF, 0xDD, 0x5C,
    0x1D, 0x34, 0x3D, 0x3C, 0x3D, 0x3C, 0x3D, 0x3C, 0x3D, 0x3C, 0x7F, 0x44, 0x3D, 0x3C, 0x00, 0x00,
    0x00, 0x00, 0xFD, 0x3B, 0x1D, 0x3C, 0x3D, 0x3C, 0x1D, 0x3C, 0x3D, 0x3C, 0x3D, 0x3C, 0x1D, 0x3C,
    0x7D, 0x4C, 0xBF, 0xF7, 0xFF, 0xFF, 0x1D, 0x6D, 0xFD, 0x33, 0x3D, 0x3C, 0x3D, 0x3C, 0x3D, 0x3C,
    0x3D, 0x44, 0xFD, 0x33, 0x9F, 0xBE, 0xFF, 0xFF, 0xFF, 0xFF, 0xFF, 0xCE, 0x3E, 0x75, 0x9D, 0x54,
    0x1D, 0x3C, 0xDD, 0x33, 0x3D, 0x3C, 0x1D, 0x3C, 0x7D, 0x4C, 0xBF, 0xF7, 0xFF, 0xFF, 0x3E, 0x75,
    0xFD, 0x33, 0x3D, 0x3C, 0x3D, 0x3C, 0x3D, 0x3C, 0x3D, 0x3C, 0x5E, 0x44, 0x1D, 0x3C, 0x00, 0x00,
    0x00, 0x00, 0xFD, 0x3B, 0x1D, 0x3C, 0x3D, 0x3C, 0x1D, 0x3C, 0x1D, 0x3C, 0x3D, 0x3C, 0x1D, 0x3C,
    0x5D, 0x4C, 0xBF, 0xF7, 0xFF, 0xFF, 0x1D, 0x6D, 0xFD, 0x33, 0x1D, 0x3C, 0x1D, 0x3C, 0x1D, 0x3C,
    0x3D, 0x3C, 0xDD, 0x33, 0x9F, 0xBE, 0xFF, 0xFF, 0xFF, 0xFF, 0xFF, 0xFF, 0xFF, 0xFF, 0xDF, 0xFF,
    0x1F, 0xD7, 0xFE, 0x95, 0x3D, 0x44, 0x1D, 0x3C, 0x5D, 0x44, 0xBF, 0xF7, 0xFF, 0xFF, 0x1D, 0x6D,
    0xDD, 0x33, 0x1D, 0x3C, 0x1D, 0x3C, 0x1D, 0x3C, 0x1D, 0x3C, 0x5E, 0x3C, 0x1D, 0x3C, 0x00, 0x00,
    0x00, 0x00, 0xFD, 0x3B, 0x1D, 0x3C, 0x1D, 0x3C, 0x1D, 0x3C, 0x1D, 0x3C, 0x1D, 0x3C, 0x1D, 0x3C,
    0x3D, 0x44, 0x9F, 0xE7, 0xFF, 0xFF, 0x7E, 0x85, 0xDC, 0x2B, 0x1D, 0x3C, 0x1D, 0x3C, 0x1D, 0x3C,
    0x1D, 0x3C, 0xFD, 0x3B, 0x5D, 0x44, 0x9E, 0xB6, 0x7E, 0xB6, 0x5E, 0xAE, 0x5F, 0xDF, 0xFF, 0xFF,
    0xFF, 0xFF, 0x5F, 0xE7, 0xFD, 0x33, 0xFD, 0x33, 0xBD, 0x5C, 0xDF, 0xFF, 0xFF, 0xFF, 0xDD, 0x64,
    0xFD, 0x33, 0x1D, 0x3C, 0x1D, 0x3C, 0x1D, 0x3C, 0x1D, 0x3C, 0x3E, 0x3C, 0x1D, 0x3C, 0x00, 0x00,
    0x00, 0x00, 0xFD, 0x3B, 0xFC, 0x3B, 0x1D, 0x3C, 0xFC, 0x3B, 0x1D, 0x3C, 0x1D, 0x3C, 0x1D, 0x3C,
    0xDC, 0x33, 0xDF, 0xC6, 0xFF, 0xFF, 0x3E, 0xA6, 0xBC, 0x2B, 0x1D, 0x3C, 0x1D, 0x3C, 0x1D, 0x3C,
    0x1D, 0x3C, 0x1D, 0x3C, 0xFC, 0x33, 0xDC, 0x33, 0xDC, 0x2B, 0xDC, 0x2B, 0x1C, 0x3C, 0x9D, 0x54,
    0xDE, 0x95, 0x5D, 0x7D, 0xFC, 0x33, 0xDC, 0x33, 0x3D, 0x75, 0xFF, 0xFF, 0xBF, 0xEF, 0x3D, 0x44,
    0xFD, 0x3B, 0x1D, 0x3C, 0x1D, 0x3C, 0x1D, 0x3C, 0x1C, 0x3C, 0x3E, 0x3C, 0xFC, 0x3B, 0x00, 0x00,
    0x00, 0x00, 0xFD, 0x3B, 0xFC, 0x3B, 0x1D, 0x3C, 0xFC, 0x3B, 0xFC, 0x3B, 0xFC, 0x3B, 0x1C, 0x3C,
    0xBC, 0x2B, 0xDE, 0x95, 0xFF, 0xFF, 0x5F, 0xDF, 0xFC, 0x3B, 0xFC, 0x3B, 0xFC, 0x3B, 0xFC, 0x3B,
    0xFC, 0x3B, 0xFC, 0x3B, 0xFC, 0x3B, 0x1C, 0x3C, 0x1C, 0x3C, 0x1C, 0x3C, 0xFC, 0x3B, 0xDC, 0x33,
    0xBC, 0x2B, 0xDC, 0x33, 0x1C, 0x3C, 0xBC, 0x2B, 0x7E, 0xB6, 0xFF, 0xFF, 0xDE, 0xC6, 0xDC, 0x33,
    0x1C, 0x3C, 0xFC, 0x3B, 0xFC, 0x3B, 0xFC, 0x3B, 0xFC, 0x3B, 0x3E, 0x3C, 0xFC, 0x3B, 0x00, 0x00,
    0x00, 0x00, 0xFD, 0x3B, 0xFC, 0x3B, 0xFD, 0x3B, 0xFC, 0x3B, 0xFC, 0x3B, 0xFC, 0x3B, 0xFC, 0x3B,
    0xDC, 0x33, 0x9D, 0x54, 0xDF, 0xFF, 0xFF, 0xFF, 0x7D, 0x85, 0x9C, 0x2B, 0x1C, 0x3C, 0xFC, 0x3B,
    0xFC, 0x3B, 0xFC, 0x3B, 0xFC, 0x3B, 0xFC, 0x3B, 0xFC, 0x3B, 0xFC, 0x3B, 0xFC, 0x3B, 0xFC, 0x3B,
    0xFC, 0x3B, 0x1C, 0x3C, 0xDC, 0x33, 0x9D, 0x54, 0xDF, 0xF7, 0xFF, 0xFF, 0x7D, 0x85, 0xBC, 0x2B,
    0x1C, 0x3C, 0xFC, 0x3B, 0xFC, 0x3B, 0xFC, 0x3B, 0xFC, 0x3B, 0x1E, 0x3C, 0xFC, 0x33, 0x00, 0x00,
    0x00, 0x00, 0xFD, 0x3B, 0xDC, 0x3B, 0xFD, 0x3B, 0xDC, 0x3B, 0xFC, 0x3B, 0xFC, 0x3B, 0xFC, 0x3B,
    0xFC, 0x3B, 0x9C, 0x2B, 0x7E, 0xB6, 0xFF, 0xFF, 0x9F, 0xEF, 0x5D, 0x4C, 0xBC, 0x2B, 0x1C, 0x3C,
    0xFC, 0x3B, 0xFC, 0x3B, 0xFC, 0x3B, 0xFC, 0x3B, 0xFC, 0x3B, 0xFC, 0x3B, 0xFC, 0x3B, 0xFC, 0x3B,
    0xFC, 0x3B, 0xDC, 0x33, 0xDC, 0x33, 0x1F, 0xD7, 0xFF, 0xFF, 0x5F, 0xE7, 0xFC, 0x3B, 0xFC, 0x3B,
    0xFC, 0x3B, 0xFC, 0x3B, 0xFC, 0x3B, 0xFC, 0x3B, 0xDC, 0x33, 0x1E, 0x3C, 0xDC, 0x33, 0x00, 0x00,
    0x00, 0x00, 0xFD, 0x3B, 0xDC, 0x33, 0xFD, 0x3B, 0xDC, 0x33, 0xDC, 0x33, 0xDC, 0x33, 0xDC, 0x33,
    0xFC, 0x3B, 0xDC, 0x33, 0x1C, 0x44, 0x7F, 0xE7, 0xFF, 0xFF, 0x1F, 0xD7, 0x3C, 0x44, 0x9C, 0x2B,
    0xFC, 0x3B, 0xFC, 0x3B, 0xFC, 0x3B, 0xFC, 0x3B, 0xFC, 0x3B, 0xFC, 0x3B, 0xFC, 0x3B, 0xFC, 0x3B,
    0xBC, 0x2B, 0xDC, 0x33, 0x5E, 0xB6, 0xFF, 0xFF, 0xFF, 0xFF, 0xBD, 0x64, 0xBC, 0x2B, 0xFC, 0x3B,
    0xDC, 0x33, 0xDC, 0x33, 0xDC, 0x33, 0xDC, 0x33, 0xDC, 0x33, 0x1D, 0x3C, 0xFC, 0x3B, 0x00, 0x00,
    0x00, 0x00, 0xDC, 0x2B, 0xDC, 0x33, 0xFC, 0x33, 0xDC, 0x33, 0xDC, 0x33, 0xDC, 0x33, 0xDC, 0x33,
    0xDC, 0x33, 0xFC, 0x3B, 0x9C, 0x2B, 0x9D, 0x5C, 0xBF, 0xF7, 0xFF, 0xFF, 0x9F, 0xEF, 0xFD, 0x6C,
    0xBC, 0x2B, 0x9C, 0x2B, 0xBC, 0x2B, 0xDC, 0x33, 0xDC, 0x33, 0xBC, 0x33, 0x9C, 0x2B, 0x9C, 0x2B,
    0x7C, 0x54, 0xFF, 0xCE, 0xFF, 0xFF, 0xFF, 0xFF, 0x7D, 0x85, 0x9C, 0x2B, 0xFC, 0x3B, 0xDC, 0x33,
    0xDC, 0x33, 0xDC, 0x33, 0xDC, 0x33, 0xDC, 0x33, 0xDC, 0x33, 0x1D, 0x3C, 0xDC, 0x3B, 0x00, 0x00,
    0x00, 0x00, 0xFA, 0x2B, 0xDC, 0x33, 0xDC, 0x33, 0xDC, 0x33, 0xDC, 0x33, 0xDC, 0x33, 0xDC, 0x33,
    0xDC, 0x33, 0xDC, 0x33, 0xDC, 0x3B, 0x9C, 0x2B, 0x9C, 0x5C, 0x9F, 0xEF, 0xFF, 0xFF, 0xFF, 0xFF,
    0xDE, 0xC6, 0x5D, 0x7D, 0x9C, 0x5C, 0x1C, 0x44, 0x1C, 0x44, 0x7C, 0x54, 0x1D, 0x75, 0x5E, 0xB6,
    0xDF, 0xFF, 0xFF, 0xFF, 0xFF, 0xFF, 0x7D, 0x85, 0x7B, 0x23, 0xDC, 0x3B, 0xDC, 0x33, 0xDC, 0x33,
    0xDC, 0x33, 0xDC, 0x33, 0xDC, 0x33, 0xDC, 0x33, 0xDC, 0x33, 0xFD, 0x33, 0xDC, 0x33, 0x00, 0x00,
    0xF7, 0x39, 0x00, 0x00, 0xDC, 0x33, 0xFD, 0x3B, 0xBB, 0x33, 0xBC, 0x33, 0xBC, 0x33, 0xBC, 0x33,
    0xBC, 0x33, 0xBC, 0x33, 0xBC, 0x33, 0xDC, 0x3B, 0x9B, 0x2B, 0x1C, 0x44, 0xBE, 0xC6, 0xFF, 0xFF,
    0xFF, 0xFF, 0xFF, 0xFF, 0xFF, 0xFF, 0xBF, 0xEF, 0xBF, 0xEF, 0xFF, 0xFF, 0xFF, 0xFF, 0xFF, 0xFF,
    0xFF, 0xFF, 0x3F, 0xDF, 0xBC, 0x64, 0x7B, 0x23, 0xDC, 0x3B, 0xBC, 0x33, 0xBC, 0x33, 0xBC, 0x33,
    0xBC, 0x33, 0xBC, 0x33, 0xBC, 0x33, 0xBB, 0x33, 0xDC, 0x33, 0xBB, 0x33, 0xF9, 0x33, 0x00, 0x00,
    0xFF, 0x3B, 0x00, 0x00, 0xBB, 0x33, 0xFD, 0x33, 0xBB, 0x33, 0xBC, 0x33, 0xBC, 0x33, 0xBC, 0x33,
    0xBC, 0x33, 0xBC, 0x33, 0xBC, 0x33, 0xBC, 0x33, 0xDC, 0x33, 0x9B, 0x2B, 0x9B, 0x2B, 0xDD, 0x64,
    0x5E, 0xAE, 0x7F, 0xE7, 0xFF, 0xFF, 0xFF, 0xFF, 0xFF, 0xFF, 0xFF, 0xFF, 0x9F, 0xEF, 0x9E, 0xBE,
    0x3D, 0x7D, 0xBC, 0x33, 0x9B, 0x2B, 0xDC, 0x33, 0xBC, 0x33, 0xBC, 0x33, 0xBC, 0x33, 0xBC, 0x33,
    0xBC, 0x33, 0xBC, 0x33, 0xBC, 0x33, 0xBB, 0x33, 0xFD, 0x33, 0xBB, 0x33, 0x00, 0x00, 0xF7, 0x3B,
    0xFF, 0x07, 0x1F, 0x00, 0xDB, 0x33, 0xBC, 0x33, 0xBC, 0x33, 0xBB, 0x33, 0xBB, 0x33, 0xBB, 0x33,
    0xBB, 0x33, 0xBB, 0x33, 0xBB, 0x33, 0xBB, 0x33, 0xBB, 0x33, 0xBB, 0x33, 0xBB, 0x33, 0x7B, 0x2B,
    0x7B, 0x23, 0xDC, 0x33, 0x5C, 0x54, 0xBC, 0x64, 0xBC, 0x64, 0x9C, 0x5C, 0xFC, 0x3B, 0x7B, 0x2B,
    0x7B, 0x23, 0xBB, 0x33, 0xBB, 0x33, 0xBB, 0x33, 0xBB, 0x33, 0xBB, 0x33, 0xBB, 0x33, 0xBB, 0x33,
    0xBB, 0x33, 0xBB, 0x33, 0xBB, 0x33, 0xBB, 0x33, 0xDD, 0x33, 0x9B, 0x33, 0x00, 0x00, 0xBF, 0x52,
    0x00, 0x00, 0xBF, 0x52, 0x00, 0x00, 0x9B, 0x33, 0xFD, 0x33, 0x9B, 0x33, 0xBB, 0x33, 0xBB, 0x33,
    0xBB, 0x33, 0xBB, 0x33, 0xBB, 0x33, 0xBB, 0x33, 0xBB, 0x33, 0x9B, 0x33, 0xBB, 0x33, 0xBB, 0x33,
    0xBB, 0x33, 0x9B, 0x33, 0x7B, 0x2B, 0x7B, 0x23, 0x7B, 0x23, 0x7B, 0x2B, 0x9B, 0x2B, 0xBB, 0x33,
    0xBB, 0x33, 0xBB, 0x33, 0x9B, 0x33, 0xBB, 0x33, 0xBB, 0x33, 0xBB, 0x33, 0xBB, 0x33, 0xBB, 0x33,
    0x9B, 0x33, 0xBB, 0x33, 0x9B, 0x33, 0xFD, 0x33, 0x9B, 0x33, 0x00, 0x00, 0xBF, 0x52, 0x00, 0x00,
    0x00, 0x00, 0x00, 0x00, 0x5F, 0x55, 0x00, 0x00, 0x9B, 0x33, 0xFE, 0x33, 0x9B, 0x33, 0x9B, 0x33,
    0x9B, 0x33, 0x9B, 0x33, 0x9B, 0x33, 0x9B, 0x33, 0x9B, 0x33, 0x9B, 0x33, 0x9B, 0x33, 0x9B, 0x33,
    0x9B, 0x33, 0x9B, 0x33, 0x9B, 0x33, 0xBB, 0x33, 0xBB, 0x33, 0xBB, 0x33, 0x9B, 0x33, 0x9B, 0x33,
    0x9B, 0x33, 0x9B, 0x33, 0x9B, 0x33, 0x9B, 0x33, 0x9B, 0x33, 0x9B, 0x33, 0x9B, 0x33, 0x9B, 0x33,
    0x9B, 0x33, 0x9B, 0x33, 0xDD, 0x33, 0xBC, 0x33, 0x9A, 0x2B, 0xFF, 0x03, 0x1F, 0x00, 0x00, 0x00,
    0x00, 0x00, 0x00, 0x00, 0x1F, 0x00, 0xFF, 0x07, 0x5C, 0x2B, 0xBC, 0x33, 0xDD, 0x33, 0x9B, 0x33,
    0x9B, 0x2B, 0x9B, 0x33, 0x9B, 0x33, 0x9B, 0x33, 0x9B, 0x33, 0x9B, 0x33, 0x9B, 0x33, 0x9B, 0x33,
    0x9B, 0x33, 0x9B, 0x33, 0x9B, 0x33, 0x9B, 0x33, 0x9B, 0x33, 0x9B, 0x33, 0x9B, 0x33, 0x9B, 0x33,
    0x9B, 0x33, 0x9B, 0x33, 0x9B, 0x33, 0x9B, 0x33, 0x9B, 0x33, 0x9B, 0x33, 0x9B, 0x33, 0x9B, 0x33,
    0x9B, 0x33, 0xDD, 0x33, 0xBC, 0x33, 0x9A, 0x33, 0x00, 0x00, 0xFF, 0x03, 0x00, 0x00, 0x00, 0x00,
    0x00, 0x00, 0x00, 0x00, 0x00, 0x00, 0x1F, 0x00, 0x00, 0x00, 0x00, 0x00, 0x9B, 0x2B, 0x9C, 0x33,
    0xDD, 0x33, 0xBC, 0x33, 0x9B, 0x2B, 0x7B, 0x2B, 0x7B, 0x2B, 0x7B, 0x2B, 0x7B, 0x2B, 0x7B, 0x2B,
    0x7B, 0x2B, 0x7B, 0x2B, 0x7B, 0x2B, 0x7B, 0x2B, 0x7B, 0x2B, 0x7B, 0x2B, 0x7B, 0x2B, 0x7B, 0x2B,
    0x7B, 0x2B, 0x7B, 0x2B, 0x7B, 0x2B, 0x7B, 0x2B, 0x7B, 0x2B, 0x7B, 0x2B, 0x9C, 0x33, 0xBD, 0x33,
    0xBC, 0x33, 0x9C, 0x33, 0x59, 0x2B, 0x00, 0x00, 0xFF, 0x7B, 0x00, 0x00, 0x00, 0x00, 0x00, 0x00,
    0x00, 0x00, 0x00, 0x00, 0x00, 0x00, 0x00, 0x00, 0xFF, 0x07, 0xFF, 0x07, 0x00, 0x00, 0x7B, 0x2B,
    0x9C, 0x33, 0x9B, 0x2B, 0x7B, 0x2B, 0xBC, 0x33, 0xBC, 0x33, 0xBC, 0x33, 0xBC, 0x33, 0xBC, 0x33,
    0xBC, 0x33, 0xBC, 0x33, 0xBC, 0x33, 0xBC, 0x33, 0xBC, 0x33, 0xBC, 0x33, 0xBC, 0x33, 0xBC, 0x33,
    0xBC, 0x33, 0xBC, 0x33, 0xBC, 0x33, 0xBC, 0x33, 0xBC, 0x33, 0x9C, 0x33, 0x9B, 0x2B, 0x9C, 0x33,
    0x9B, 0x2B, 0x00, 0x00, 0x00, 0x00, 0xFF, 0x7B, 0x00, 0x00, 0x00, 0x00, 0x00, 0x00, 0x00, 0x00,
    0x00, 0x00, 0x00, 0x00, 0x00, 0x00, 0x00, 0x00, 0x00, 0x00, 0x00, 0x00, 0xBF, 0x52, 0x00, 0x00,
    0x00, 0x00, 0xBF, 0x02, 0x9C, 0x33, 0x9C, 0x2B, 0x5A, 0x2B, 0x7B, 0x2B, 0x7B, 0x2B, 0x7B, 0x2B,
    0x7B, 0x2B, 0x7B, 0x2B, 0x7B, 0x2B, 0x7B, 0x2B, 0x7B, 0x2B, 0x7B, 0x2B, 0x7B, 0x2B, 0x7B, 0x2B,
    0x7B, 0x2B, 0x7B, 0x2B, 0x7B, 0x2B, 0x5A, 0x2B, 0x9C, 0x2B, 0x9B, 0x2B, 0x9C, 0x3B, 0x00, 0x00,
    0x00, 0x00, 0xFF, 0x03, 0x1F, 0x00, 0x00, 0x00, 0x00, 0x00, 0x00, 0x00, 0x00, 0x00, 0x00, 0x00,
    0x00, 0x00, 0x00, 0x00, 0x00, 0x00, 0x00, 0x00, 0x00, 0x00, 0x00, 0x00, 0x00, 0x00, 0xFF, 0x03,
    0xF7, 0x3B, 0x00, 0x00, 0x00, 0x00, 0x00, 0x00, 0x00, 0x00, 0x00, 0x00, 0x00, 0x00, 0x00, 0x00,
    0x00, 0x00, 0x00, 0x00, 0x00, 0x00, 0x00, 0x00, 0x00, 0x00, 0x00, 0x00, 0x00, 0x00, 0x00, 0x00,
    0x00, 0x00, 0x00, 0x00, 0x00, 0x00, 0x00, 0x00, 0x00, 0x00, 0x00, 0x00, 0x00, 0x00, 0xF7, 0x3B,
    0xBF, 0x52, 0x00, 0x00, 0x00, 0x00, 0x00, 0x00, 0x00, 0x00, 0x00, 0x00, 0x00, 0x00, 0x00, 0x00,
    0x00, 0x00, 0x00, 0x00, 0x00, 0x00, 0x00, 0x01, 0x03, 0x04, 0x00, 0x00, 0x00, 0x00, 0x00, 0x00,
    0x00, 0x00, 0x00, 0x00, 0x00, 0x00, 0x00, 0x00, 0x00, 0x00, 0x00, 0x00, 0x00, 0x00, 0x03, 0x04,
    0x01, 0x00, 0x00, 0x00, 0x00, 0x00, 0x00, 0x00, 0x00, 0x00, 0x00, 0x00, 0x00, 0x00, 0x03, 0x00,
    0x00, 0x00, 0x03, 0x10, 0x10, 0x10, 0x10, 0x10, 0x10, 0x10, 0x10, 0x10, 0x10, 0x10, 0x10, 0x10,
    0x10, 0x10, 0x10, 0x10, 0x10, 0x09, 0x00, 0x00, 0x00, 0x03, 0x00, 0x00, 0x00, 0x00, 0x00, 0x00,
    0x00, 0x00, 0x00, 0x00, 0x00, 0x04, 0x00, 0x06, 0x4F, 0x9F, 0xD6, 0xEF, 0xEF, 0xF0, 0xF0, 0xF0,
    0xF0, 0xF0, 0xF0, 0xF0, 0xF0, 0xF0, 0xF0, 0xF0, 0xF0, 0xF0, 0xF0, 0xEF, 0xEF, 0xE2, 0xAE, 0x61,
    0x16, 0x00, 0x02, 0x01, 0x00, 0x00, 0x00, 0x00, 0x00, 0x00, 0x00, 0x00, 0x01, 0x00, 0x47, 0xD4,
    0xFF, 0xFF, 0xFF, 0xFF, 0xFF, 0xFF, 0xFF, 0xFF, 0xFF, 0xFF, 0xFF, 0xFF, 0xFF, 0xFF, 0xFF, 0xFF,
    0xFF, 0xFF, 0xFF, 0xFF, 0xFF, 0xFF, 0xFF, 0xFF, 0xE9, 0x6D, 0x00, 0x00, 0x01, 0x00, 0x00, 0x00,
    0x00, 0x00, 0x00, 0x03, 0x01, 0x7F, 0xFF, 0xFF, 0xFC, 0xFB, 0xFD, 0xFE, 0xFE, 0xFE, 0xFE, 0xFE,
    0xFE, 0xFE, 0xFE, 0xFE, 0xFE, 0xFE, 0xFE, 0xFE, 0xFE, 0xFE, 0xFE, 0xFE, 0xFE, 0xFD, 0xFC, 0xFB,
    0xFF, 0xFF, 0xA9, 0x13, 0x01, 0x01, 0x00, 0x00, 0x00, 0x00, 0x04, 0x00, 0x80, 0xFF, 0xFC, 0xFD,
    0xFF, 0xFF, 0xFF, 0xFF, 0xFF, 0xFF, 0xFF, 0xFF, 0xFF, 0xFF, 0xFF, 0xFF, 0xFF, 0xFF, 0xFF, 0xFF,
    0xFF, 0xFF, 0xFF, 0xFF, 0xFF, 0xFF, 0xFF, 0xFF, 0xFE, 0xFA, 0xFF, 0xBB, 0x01, 0x03, 0x00, 0x00,
    0x00, 0x03, 0x00, 0x44, 0xFE, 0xFA, 0xFE, 0xFF, 0xFF, 0xFF, 0xFF, 0xFF, 0xFF, 0xFF, 0xFF, 0xFF,
    0xFF, 0xFF, 0xFF, 0xFF, 0xFF, 0xFF, 0xFF, 0xFF, 0xFF, 0xFF, 0xFF, 0xFF, 0xFF, 0xFF, 0xFF, 0xFF,
    0xFF, 0xFF, 0xF9, 0xFF, 0x7F, 0x00, 0x03, 0x00, 0x00, 0x01, 0x09, 0xD9, 0xFF, 0xFD, 0xFF, 0xFF,
    0xFF, 0xFF, 0xFF, 0xFF, 0xFF, 0xFF, 0xFF, 0xFF, 0xFF, 0xFF, 0xFF, 0xFF, 0xFF, 0xFF, 0xFF, 0xFF,
    0xFF, 0xFF, 0xFF, 0xFF, 0xFF, 0xFF, 0xFF, 0xFF, 0xFF, 0xFF, 0xFE, 0xFD, 0xFA, 0x2A, 0x00, 0x02,
    0x04, 0x00, 0x4C, 0xFF, 0xFC, 0xFF, 0xFF, 0xFF, 0xFF, 0xFF, 0xFF, 0xFF, 0xFF, 0xFF, 0xFF, 0xFF,
    0xFF, 0xFF, 0xFF, 0xFF, 0xFF, 0xFF, 0xFF, 0xFF, 0xFF, 0xFF, 0xFF, 0xFF, 0xFF, 0xFF, 0xFF, 0xFF,
    0xFF, 0xFF, 0xFF, 0xFB, 0xFF, 0x8C, 0x00, 0x05, 0x04, 0x00, 0x9F, 0xFE, 0xFB, 0xFF, 0xFF, 0xFF,
    0xFF, 0xFF, 0xFF, 0xFF, 0xFF, 0xFF, 0xFF, 0xFF, 0xFF, 0xFF, 0xFF, 0xFF, 0xFF, 0xFF, 0xFF, 0xFF,
    0xFF, 0xFF, 0xFF, 0xFF, 0xFF, 0xFF, 0xFF, 0xFF, 0xFF, 0xFF, 0xFF, 0xFD, 0xFF, 0xD9, 0x04, 0x01,
    0x01, 0x08, 0xDB, 0xFF, 0xFD, 0xFF, 0xFF, 0xFF, 0xFF, 0xFF, 0xFF, 0xFF, 0xFF, 0xFF, 0xFF, 0xFF,
    0xFF, 0xFF, 0xFF, 0xFF, 0xFF, 0xFF, 0xFF, 0xFF, 0xFF, 0xFF, 0xFF, 0xFF, 0xFF, 0xFF, 0xFF, 0xFF,
    0xFF, 0xFF, 0xFF, 0xFF, 0xFE, 0xFA, 0x29, 0x00, 0x00, 0x11, 0xF3, 0xFF, 0xFE, 0xFF, 0xFF, 0xFF,
    0xFF, 0xFF, 0xFF, 0xFF, 0xFF, 0xFF, 0xFF, 0xFF, 0xFF, 0xFF, 0xFF, 0xFF, 0xFF, 0xFF, 0xFF, 0xFF,
    0xFF, 0xFF, 0xFF, 0xFF, 0xFF, 0xFF, 0xFF, 0xFF, 0xFF, 0xFF, 0xFF, 0xFF, 0xFD, 0xFF, 0x43, 0x00,
    0x00, 0x10, 0xEF, 0xFF, 0xFE, 0xFF, 0xFF, 0xFF, 0xFF, 0xFF, 0xFF, 0xFF, 0xFF, 0xFF, 0xFF, 0xFF,
    0xFF, 0xFF, 0xFF, 0xFF, 0xFF, 0xFF, 0xFF, 0xFF, 0xFF, 0xFF, 0xFF, 0xFF, 0xFF, 0xFF, 0xFF, 0xFF,
    0xFF, 0xFF, 0xFF, 0xFF, 0xFD, 0xFF, 0x3F, 0x00, 0x00, 0x10, 0xF0, 0xFF, 0xFE, 0xFF, 0xFF, 0xFF,
    0xFF, 0xFF, 0xFF, 0xFF, 0xFF, 0xFF, 0xFF, 0xFF, 0xFF, 0xFF, 0xFF, 0xFF, 0xFF, 0xFF, 0xFF, 0xFF,
    0xFF, 0xFF, 0xFF, 0xFF, 0xFF, 0xFF, 0xFF, 0xFF, 0xFF, 0xFF, 0xFF, 0xFF, 0xFD, 0xFF, 0x40, 0x00,
    0x00, 0x10, 0xF0, 0xFF, 0xFE, 0xFF, 0xFF, 0xFF, 0xFF, 0xFF, 0xFF, 0xFF, 0xFF, 0xFF, 0xFF, 0xFF,
    0xFF, 0xFF, 0xFF, 0xFF, 0xFF, 0xFF, 0xFF, 0xFF, 0xFF, 0xFF, 0xFF, 0xFF, 0xFF, 0xFF, 0xFF, 0xFF,
    0xFF, 0xFF, 0xFF, 0xFF, 0xFD, 0xFF, 0x40, 0x00, 0x00, 0x10, 0xF0, 0xFF, 0xFE, 0xFF, 0xFF, 0xFF,
    0xFF, 0xFF, 0xFF, 0xFF, 0xFF, 0xFF, 0xFF, 0xFF, 0xFF, 0xFF, 0xFF, 0xFF, 0xFF, 0xFF, 0xFF, 0xFF,
    0xFF, 0xFF, 0xFF, 0xFF, 0xFF, 0xFF, 0xFF, 0xFF, 0xFF, 0xFF, 0xFF, 0xFF, 0xFD, 0xFF, 0x40, 0x00,
    0x00, 0x10, 0xF0, 0xFF, 0xFE, 0xFF, 0xFF, 0xFF, 0xFF, 0xFF, 0xFF, 0xFF, 0xFF, 0xFF, 0xFF, 0xFF,
    0xFF, 0xFF, 0xFF, 0xFF, 0xFF, 0xFF, 0xFF, 0xFF, 0xFF, 0xFF, 0xFF, 0xFF, 0xFF, 0xFF, 0xFF, 0xFF,
    0xFF, 0xFF, 0xFF, 0xFF, 0xFD, 0xFF, 0x40, 0x00, 0x00, 0x10, 0xF0, 0xFF, 0xFE, 0xFF, 0xFF, 0xFF,
    0xFF, 0xFF, 0xFF, 0xFF, 0xFF, 0xFF, 0xFF, 0xFF, 0xFF, 0xFF, 0xFF, 0xFF, 0xFF, 0xFF, 0xFF, 0xFF,
    0xFF, 0xFF, 0xFF, 0xFF, 0xFF, 0xFF, 0xFF, 0xFF, 0xFF, 0xFF, 0xFF, 0xFF, 0xFD, 0xFF, 0x40, 0x00,
    0x00, 0x10, 0xF0, 0xFF, 0xFE, 0xFF, 0xFF, 0xFF, 0xFF, 0xFF, 0xFF, 0xFF, 0xFF, 0xFF, 0xFF, 0xFF,
    0xFF, 0xFF, 0xFF, 0xFF, 0xFF, 0xFF, 0xFF, 0xFF, 0xFF, 0xFF, 0xFF, 0xFF, 0xFF, 0xFF, 0xFF, 0xFF,
    0xFF, 0xFF, 0xFF, 0xFF, 0xFD, 0xFF, 0x40, 0x00, 0x00, 0x10, 0xF0, 0xFF, 0xFE, 0xFF, 0xFF, 0xFF,
    0xFF, 0xFF, 0xFF, 0xFF, 0xFF, 0xFF, 0xFF, 0xFF, 0xFF, 0xFF, 0xFF, 0xFF, 0xFF, 0xFF, 0xFF, 0xFF,
    0xFF, 0xFF, 0xFF, 0xFF, 0xFF, 0xFF, 0xFF, 0xFF, 0xFF, 0xFF, 0xFF, 0xFF, 0xFD, 0xFF, 0x40, 0x00,
    0x00, 0x10, 0xF0, 0xFF, 0xFE, 0xFF, 0xFF, 0xFF, 0xFF, 0xFF, 0xFF, 0xFF, 0xFF, 0xFF, 0xFF, 0xFF,
    0xFF, 0xFF, 0xFF, 0xFF, 0xFF, 0xFF, 0xFF, 0xFF, 0xFF, 0xFF, 0xFF, 0xFF, 0xFF, 0xFF, 0xFF, 0xFF,
    0xFF, 0xFF, 0xFF, 0xFF, 0xFD, 0xFF, 0x40, 0x00, 0x00, 0x10, 0xF0, 0xFF, 0xFE, 0xFF, 0xFF, 0xFF,
    0xFF, 0xFF, 0xFF, 0xFF, 0xFF, 0xFF, 0xFF, 0xFF, 0xFF, 0xFF, 0xFF, 0xFF, 0xFF, 0xFF, 0xFF, 0xFF,
    0xFF, 0xFF, 0xFF, 0xFF, 0xFF, 0xFF, 0xFF, 0xFF, 0xFF, 0xFF, 0xFF, 0xFF, 0xFD, 0xFF, 0x40, 0x00,
    0x00, 0x10, 0xF0, 0xFF, 0xFE, 0xFF, 0xFF, 0xFF, 0xFF, 0xFF, 0xFF, 0xFF, 0xFF, 0xFF, 0xFF, 0xFF,
    0xFF, 0xFF, 0xFF, 0xFF, 0xFF, 0xFF, 0xFF, 0xFF, 0xFF, 0xFF, 0xFF, 0xFF, 0xFF, 0xFF, 0xFF, 0xFF,
    0xFF, 0xFF, 0xFF, 0xFF, 0xFD, 0xFF, 0x40, 0x00, 0x00, 0x10, 0xF0, 0xFF, 0xFE, 0xFF, 0xFF, 0xFF,
    0xFF, 0xFF, 0xFF, 0xFF, 0xFF, 0xFF, 0xFF, 0xFF, 0xFF, 0xFF, 0xFF, 0xFF, 0xFF, 0xFF, 0xFF, 0xFF,
    0xFF, 0xFF, 0xFF, 0xFF, 0xFF, 0xFF, 0xFF, 0xFF, 0xFF, 0xFF, 0xFF, 0xFF, 0xFD, 0xFF, 0x40, 0x00,
    0x00, 0x10, 0xF0, 0xFF, 0xFE, 0xFF, 0xFF, 0xFF, 0xFF, 0xFF, 0xFF, 0xFF, 0xFF, 0xFF, 0xFF, 0xFF,
    0xFF, 0xFF, 0xFF, 0xFF, 0xFF, 0xFF, 0xFF, 0xFF, 0xFF, 0xFF, 0xFF, 0xFF, 0xFF, 0xFF, 0xFF, 0xFF,
    0xFF, 0xFF, 0xFF, 0xFF, 0xFD, 0xFF, 0x40, 0x00, 0x00, 0x10, 0xF0, 0xFF, 0xFE, 0xFF, 0xFF, 0xFF,
    0xFF, 0xFF, 0xFF, 0xFF, 0xFF, 0xFF, 0xFF, 0xFF, 0xFF, 0xFF, 0xFF, 0xFF, 0xFF, 0xFF, 0xFF, 0xFF,
    0xFF, 0xFF, 0xFF, 0xFF, 0xFF, 0xFF, 0xFF, 0xFF, 0xFF, 0xFF, 0xFF, 0xFF, 0xFD, 0xFF, 0x40, 0x00,
    0x00, 0x10, 0xF0, 0xFF, 0xFE, 0xFF, 0xFF, 0xFF, 0xFF, 0xFF, 0xFF, 0xFF, 0xFF, 0xFF, 0xFF, 0xFF,
    0xFF, 0xFF, 0xFF, 0xFF, 0xFF, 0xFF, 0xFF, 0xFF, 0xFF, 0xFF, 0xFF, 0xFF, 0xFF, 0xFF, 0xFF, 0xFF,
    0xFF, 0xFF, 0xFF, 0xFF, 0xFD, 0xFF, 0x40, 0x00, 0x00, 0x10, 0xEF, 0xFF, 0xFE, 0xFF, 0xFF, 0xFF,
    0xFF, 0xFF, 0xFF, 0xFF, 0xFF, 0xFF, 0xFF, 0xFF, 0xFF, 0xFF, 0xFF, 0xFF, 0xFF, 0xFF, 0xFF, 0xFF,
    0xFF, 0xFF, 0xFF, 0xFF, 0xFF, 0xFF, 0xFF, 0xFF, 0xFF, 0xFF, 0xFF, 0xFF, 0xFD, 0xFF, 0x3F, 0x00,
    0x00, 0x11, 0xF2, 0xFF, 0xFE, 0xFF, 0xFF, 0xFF, 0xFF, 0xFF, 0xFF, 0xFF, 0xFF, 0xFF, 0xFF, 0xFF,
    0xFF, 0xFF, 0xFF, 0xFF, 0xFF, 0xFF, 0xFF, 0xFF, 0xFF, 0xFF, 0xFF, 0xFF, 0xFF, 0xFF, 0xFF, 0xFF,
    0xFF, 0xFF, 0xFF, 0xFF, 0xFD, 0xFF, 0x42, 0x00, 0x01, 0x0C, 0xE5, 0xFF, 0xFE, 0xFF, 0xFF, 0xFF,
    0xFF, 0xFF, 0xFF, 0xFF, 0xFF, 0xFF, 0xFF, 0xFF, 0xFF, 0xFF, 0xFF, 0xFF, 0xFF, 0xFF, 0xFF, 0xFF,
    0xFF, 0xFF, 0xFF, 0xFF, 0xFF, 0xFF, 0xFF, 0xFF, 0xFF, 0xFF, 0xFF, 0xFF, 0xFE, 0xFD, 0x35, 0x00,
    0x04, 0x00, 0xB0, 0xFE, 0xFC, 0xFF, 0xFF, 0xFF, 0xFF, 0xFF, 0xFF, 0xFF, 0xFF, 0xFF, 0xFF, 0xFF,
    0xFF, 0xFF, 0xFF, 0xFF, 0xFF, 0xFF, 0xFF, 0xFF, 0xFF, 0xFF, 0xFF, 0xFF, 0xFF, 0xFF, 0xFF, 0xFF,
    0xFF, 0xFF, 0xFF, 0xFE, 0xFF, 0xE6, 0x0A, 0x01, 0x04, 0x00, 0x62, 0xFF, 0xFC, 0xFF, 0xFF, 0xFF,
    0xFF, 0xFF, 0xFF, 0xFF, 0xFF, 0xFF, 0xFF, 0xFF, 0xFF, 0xFF, 0xFF, 0xFF, 0xFF, 0xFF, 0xFF, 0xFF,
    0xFF, 0xFF, 0xFF, 0xFF, 0xFF, 0xFF, 0xFF, 0xFF, 0xFF, 0xFF, 0xFF, 0xFB, 0xFE, 0xA2, 0x00, 0x04,
    0x01, 0x01, 0x15, 0xEE, 0xFD, 0xFE, 0xFF, 0xFF, 0xFF, 0xFF, 0xFF, 0xFF, 0xFF, 0xFF, 0xFF, 0xFF,
    0xFF, 0xFF, 0xFF, 0xFF, 0xFF, 0xFF, 0xFF, 0xFF, 0xFF, 0xFF, 0xFF, 0xFF, 0xFF, 0xFF, 0xFF, 0xFF,
    0xFF, 0xFF, 0xFF, 0xFC, 0xFF, 0x42, 0x00, 0x03, 0x00, 0x03, 0x00, 0x6B, 0xFF, 0xFA, 0xFF, 0xFF,
    0xFF, 0xFF, 0xFF, 0xFF, 0xFF, 0xFF, 0xFF, 0xFF, 0xFF, 0xFF, 0xFF, 0xFF, 0xFF, 0xFF, 0xFF, 0xFF,
    0xFF, 0xFF, 0xFF, 0xFF, 0xFF, 0xFF, 0xFF, 0xFF, 0xFF, 0xFF, 0xFA, 0xFF, 0xAA, 0x00, 0x03, 0x00,
    0x00, 0x00, 0x03, 0x00, 0xAC, 0xFF, 0xF9, 0xFE, 0xFF, 0xFF, 0xFF, 0xFF, 0xFF, 0xFF, 0xFF, 0xFF,
    0xFF, 0xFF, 0xFF, 0xFF, 0xFF, 0xFF, 0xFF, 0xFF, 0xFF, 0xFF, 0xFF, 0xFF, 0xFF, 0xFF, 0xFF, 0xFF,
    0xFF, 0xFA, 0xFF, 0xDE, 0x12, 0x02, 0x01, 0x00, 0x00, 0x00, 0x01, 0x01, 0x11, 0xB8, 0xFF, 0xFF,
    0xFB, 0xFD, 0xFE, 0xFF, 0xFF, 0xFF, 0xFF, 0xFF, 0xFF, 0xFF, 0xFF, 0xFF, 0xFF, 0xFF, 0xFF, 0xFF,
    0xFF, 0xFF, 0xFF, 0xFF, 0xFF, 0xFF, 0xFD, 0xFB, 0xFD, 0xFF, 0xDA, 0x34, 0x00, 0x02, 0x00, 0x00,
    0x00, 0x00, 0x00, 0x01, 0x00, 0x00, 0x80, 0xF9, 0xFF, 0xFF, 0xFF, 0xFD, 0xFD, 0xFD, 0xFD, 0xFD,
    0xFD, 0xFD, 0xFD, 0xFD, 0xFD, 0xFD, 0xFD, 0xFD, 0xFD, 0xFD, 0xFD, 0xFD, 0xFD, 0xFE, 0xFF, 0xFF,
    0xFF, 0xA7, 0x13, 0x00, 0x02, 0x00, 0x00, 0x00, 0x00, 0x00, 0x00, 0x00, 0x01, 0x01, 0x00, 0x2C,
    0x8C, 0xD6, 0xFD, 0xFF, 0xFF, 0xFF, 0xFF, 0xFF, 0xFF, 0xFF, 0xFF, 0xFF, 0xFF, 0xFF, 0xFF, 0xFF,
    0xFF, 0xFF, 0xFF, 0xFF, 0xFF, 0xFF, 0xE2, 0x9F, 0x46, 0x00, 0x00, 0x02, 0x00, 0x00, 0x00, 0x00,
    0x00, 0x00, 0x00, 0x00, 0x00, 0x00, 0x03, 0x00, 0x00, 0x03, 0x28, 0x40, 0x40, 0x40, 0x40, 0x40,
    0x40, 0x40, 0x40, 0x40, 0x40, 0x40, 0x40, 0x40, 0x40, 0x40, 0x40, 0x40, 0x40, 0x34, 0x09, 0x00,
    0x00, 0x02, 0x01, 0x00, 0x00, 0x00, 0x00, 0x00, 0x00, 0x00, 0x00, 0x00, 0x00, 0x00, 0x00, 0x02,
    0x04, 0x00, 0x00, 0x00, 0x00, 0x00, 0x00, 0x00, 0x00, 0x00, 0x00, 0x00, 0x00, 0x00, 0x00, 0x00,
    0x00, 0x00, 0x00, 0x00, 0x00, 0x00, 0x00, 0x04, 0x03, 0x00, 0x00, 0x00, 0x00, 0x00, 0x00, 0x00,
};

const lv_image_dsc_t icon_home_clock = {
    .header.magic = LV_IMAGE_HEADER_MAGIC,
    .header.cf = LV_COLOR_FORMAT_RGB565A8,
    .header.w = 40,
    .header.h = 40,
    .data_size = 4800,
    .data = icon_home_clock_map,
};

const LV_ATTRIBUTE_MEM_ALIGN uint8_t icon_home_calendar_map[] = {
    0x00, 0x00, 0x00, 0x00, 0x00, 0x00, 0x00, 0x00, 0x00, 0x00, 0x00, 0x00, 0x00, 0x00, 0x00, 0xF8,
    0xAA, 0xFA, 0xEF, 0xFB, 0x00, 0x00, 0x00, 0x00, 0x00, 0x00, 0x00, 0x00, 0x00, 0x00, 0x00, 0x00,
    0x00, 0x00, 0x00, 0x00, 0x00, 0x00, 0x00, 0x00, 0x00, 0x00, 0x00, 0x00, 0x00, 0x00, 0x00, 0x00,
    0x00, 0x00, 0x00, 0x00, 0x00, 0x00, 0x00, 0x00, 0x00, 0x00, 0x00, 0x00, 0xAA, 0xFA, 0xEF, 0xFB,
    0xFF, 0xFF, 0x00, 0x00, 0x00, 0x00, 0x00, 0x00, 0x00, 0x00, 0x00, 0x00, 0x00, 0x00, 0x00, 0x00,
    0x00, 0x00, 0x00, 0x00, 0x00, 0x00, 0x00, 0x00, 0x00, 0x00, 0x00, 0x00, 0xAA, 0xFA, 0x00, 0x00,
    0x00, 0x00, 0x00, 0x00, 0xAA, 0xFA, 0xEF, 0xFB, 0x6D, 0xFB, 0x6D, 0xFB, 0x6D, 0xFB, 0x6D, 0xFB,
    0x6D, 0xFB, 0x6D, 0xFB, 0x6D, 0xFB, 0x6D, 0xFB, 0x6D, 0xFB, 0x6D, 0xFB, 0x6D, 0xFB, 0x6D, 0xFB,
    0x6D, 0xFB, 0x6D, 0xFB, 0x6D, 0xFB, 0x6D, 0xFB, 0xEF, 0xFB, 0x8E, 0xFB, 0x00, 0x00, 0x00, 0x00,
    0x00, 0x00, 0xAA, 0xFA, 0x00, 0x00, 0x00, 0x00, 0x00, 0x00, 0x00, 0x00, 0x00, 0x00, 0x00, 0x00,
    0x00, 0x00, 0x00, 0x00, 0x00, 0x00, 0x00, 0x00, 0x00, 0x00, 0xE7, 0xF9, 0x00, 0x00, 0xAA, 0xFA,
    0x8E, 0xFB, 0x6D, 0xFB, 0x6D, 0xFB, 0x6D, 0xFB, 0x6D, 0xFB, 0x6D, 0xFB, 0x6D, 0xFB, 0x6D, 0xFB,
    0x6D, 0xFB, 0x6D, 0xFB, 0x6D, 0xFB, 0x6D, 0xFB, 0x6D, 0xFB, 0x6D, 0xFB, 0x6D, 0xFB, 0x6D, 0xFB,
    0x6D, 0xFB, 0x6D, 0xFB, 0x6D, 0xFB, 0x6D, 0xFB, 0x6D, 0xFB, 0x6D, 0xFB, 0x6D, 0xFB, 0x8E, 0xFB,
    0x8E, 0xFB, 0x00, 0x00, 0xEF, 0xFB, 0x00, 0xF8, 0x00, 0x00, 0x00, 0x00, 0x00, 0x00, 0x00, 0x00,
    0x00, 0x00, 0x00, 0x00, 0x00, 0x00, 0x00, 0x00, 0x00, 0xF8, 0x00, 0x00, 0x4D, 0xFB, 0x6D, 0xFB,
    0x8E, 0xFB, 0x8E, 0xFB, 0x6D, 0xFB, 0x6D, 0xFB, 0x6D, 0xFB, 0x6D, 0xFB, 0x6D, 0xFB, 0x6D, 0xFB,
    0x6D, 0xFB, 0x6D, 0xFB, 0x6D, 0xFB, 0x6D, 0xFB, 0x6D, 0xFB, 0x6D, 0xFB, 0x6D, 0xFB, 0x6D, 0xFB,
    0x6D, 0xFB, 0x6D, 0xFB, 0x6D, 0xFB, 0x6D, 0xFB, 0x6D, 0xFB, 0x6D, 0xFB, 0x8E, 0xFB, 0x8E, 0xFB,
    0x6D, 0xFB, 0x6D, 0xFB, 0x00, 0x00, 0x00, 0x00, 0x00, 0xF8, 0x00, 0x00, 0x00, 0x00, 0x00, 0x00,
    0x00, 0x00, 0x00, 0x00, 0x00, 0x00, 0xAA, 0xFA, 0xFF, 0xFF, 0x4D, 0xFB, 0x6D, 0xFB, 0x6D, 0xFB,
    0x4D, 0xFB, 0x4D, 0xFB, 0x4D, 0xFB, 0x4D, 0xFB, 0x4D, 0xFB, 0x4D, 0xFB, 0x4D, 0xFB, 0x4D, 0xFB,
    0x4D, 0xFB, 0x4D, 0xFB, 0x4D, 0xFB, 0x4D, 0xFB, 0x4D, 0xFB, 0x4D, 0xFB, 0x4D, 0xFB, 0x4D, 0xFB,
    0x4D, 0xFB, 0x4D, 0xFB, 0x4D, 0xFB, 0x4D, 0xFB, 0x4D, 0xFB, 0x4D, 0xFB, 0x4D, 0xFB, 0x4D, 0xFB,
    0x6D, 0xFB, 0x8E, 0xFB, 0x6D, 0xFB, 0x4D, 0xFB, 0xFF, 0xFF, 0x00, 0xF8, 0x00, 0x00, 0x00, 0x00,
    0x00, 0x00, 0x00, 0x00, 0xEF, 0xFB, 0x00, 0x00, 0x2C, 0xFB, 0xAE, 0xFB, 0x4D, 0xFB, 0x4D, 0xFB,
    0x4D, 0xFB, 0x4D, 0xFB, 0x4D, 0xFB, 0x4D, 0xFB, 0x4D, 0xFB, 0x4D, 0xFB, 0x4D, 0xFB, 0x4D, 0xFB,
    0x4D, 0xFB, 0x4D, 0xFB, 0x4D, 0xFB, 0x4D, 0xFB, 0x4D, 0xFB, 0x4D, 0xFB, 0x4D, 0xFB, 0x4D, 0xFB,
    0x4D, 0xFB, 0x4D, 0xFB, 0x4D, 0xFB, 0x4D, 0xFB, 0x4D, 0xFB, 0x4D, 0xFB, 0x4D, 0xFB, 0x4D, 0xFB,
    0x4D, 0xFB, 0x4D, 0xFB, 0xAE, 0xFB, 0x4D, 0xFB, 0x00, 0xF8, 0xAA, 0xFA, 0x00, 0x00, 0x00, 0x00,
    0x00, 0x00, 0xAA, 0xFA, 0x00, 0x00, 0x4D, 0xF3, 0x6D, 0xFB, 0x4D, 0xFB, 0x2C, 0xFB, 0x4D, 0xFB,
    0x2C, 0xFB, 0x2C, 0xFB, 0x2C, 0xFB, 0x4D, 0xFB, 0x2C, 0xFB, 0x2C, 0xFB, 0x2C, 0xFB, 0x2C, 0xFB,
    0x4D, 0xFB, 0x2C, 0xFB, 0x2C, 0xFB, 0x2C, 0xFB, 0x2C, 0xFB, 0x2C, 0xFB, 0x2C, 0xFB, 0x4D, 0xFB,
    0x2C, 0xFB, 0x2C, 0xFB, 0x2C, 0xFB, 0x2C, 0xFB, 0x4D, 0xFB, 0x2C, 0xFB, 0x2C, 0xFB, 0x2C, 0xFB,
    0x2C, 0xFB, 0x4D, 0xFB, 0x2C, 0xFB, 0x8E, 0xFB, 0x2C, 0xFB, 0x00, 0x00, 0xAA, 0xFA, 0x00, 0x00,
    0x00, 0x00, 0xFF, 0xFF, 0x8E, 0xFB, 0x2C, 0xFB, 0x4D, 0xFB, 0x2C, 0xF3, 0x2C, 0xFB, 0x2C, 0xFB,
    0x2C, 0xFB, 0x2C, 0xFB, 0x2C, 0xFB, 0x2C, 0xFB, 0x2C, 0xFB, 0x6D, 0xFB, 0x8E, 0xFB, 0x4D, 0xFB,
    0x2C, 0xFB, 0x2C, 0xFB, 0x2C, 0xFB, 0x2C, 0xFB, 0x2C, 0xFB, 0x2C, 0xFB, 0x2C, 0xFB, 0x2C, 0xFB,
    0x2C, 0xFB, 0x6D, 0xFB, 0x8E, 0xFB, 0x4D, 0xFB, 0x2C, 0xFB, 0x2C, 0xFB, 0x2C, 0xFB, 0x2C, 0xFB,
    0x2C, 0xFB, 0x2C, 0xFB, 0x2C, 0xFB, 0x2C, 0xFB, 0x4D, 0xFB, 0x2C, 0xFB, 0x00, 0x00, 0xEF, 0xFB,
    0xE7, 0xF9, 0x00, 0x00, 0x2C, 0xFB, 0x4D, 0xFB, 0x2C, 0xF3, 0x2C, 0xFB, 0x2C, 0xFB, 0x2C, 0xFB,
    0x2C, 0xFB, 0x2C, 0xFB, 0x2C, 0xFB, 0x0C, 0xFB, 0x6D, 0xFB, 0x5D, 0xFF, 0xBE, 0xFF, 0x51, 0xFC,
    0xEB, 0xFA, 0x2C, 0xFB, 0x2C, 0xFB, 0x2C, 0xFB, 0x2C, 0xFB, 0x2C, 0xFB, 0x2C, 0xFB, 0x0C, 0xFB,
    0x6D, 0xFB, 0x5D, 0xFF, 0xBE, 0xFF, 0x51, 0xFC, 0xEB, 0xFA, 0x2C, 0xFB, 0x2C, 0xFB, 0x2C, 0xFB,
    0x2C, 0xFB, 0x2C, 0xFB, 0x2C, 0xFB, 0x2C, 0xF3, 0x6D, 0xFB, 0x2C, 0xFB, 0x00, 0x00, 0x2C, 0xFB,
    0xEF, 0xFB, 0x00, 0x00, 0x0C, 0xF3, 0x4D, 0xFB, 0x0C, 0xF3, 0x2C, 0xF3, 0x2C, 0xF3, 0x2C, 0xF3,
    0x2C, 0xF3, 0x2C, 0xF3, 0x2C, 0xF3, 0xEB, 0xF2, 0x4D, 0xFB, 0xBE, 0xFF, 0xFF, 0xFF, 0x51, 0xFC,
    0xCB, 0xF2, 0x0C, 0xF3, 0x0C, 0xF3, 0x0C, 0xF3, 0x0C, 0xF3, 0x0C, 0xF3, 0x0C, 0xF3, 0xEB, 0xF2,
    0x4D, 0xFB, 0xBE, 0xFF, 0xFF, 0xFF, 0x51, 0xFC, 0xCB, 0xF2, 0x4D, 0xF3, 0x2C, 0xF3, 0x2C, 0xF3,
    0x2C, 0xF3, 0x2C, 0xF3, 0x2C, 0xF3, 0x0C, 0xF3, 0x2C, 0xFB, 0x0C, 0xF3, 0xEF, 0xFB, 0x00, 0xF8,
    0x00, 0xF8, 0xEB, 0xFA, 0x0C, 0xF3, 0x2C, 0xFB, 0x0C, 0xF3, 0x0C, 0xF3, 0x0C, 0xF3, 0x0C, 0xF3,
    0x0C, 0xF3, 0x0C, 0xF3, 0xCB, 0xF2, 0x2C, 0xF3, 0xAE, 0xFB, 0x9E, 0xFF, 0xFF, 0xFF, 0x92, 0xFC,
    0x2C, 0xF3, 0x6D, 0xF3, 0x6D, 0xF3, 0x6D, 0xF3, 0x6D, 0xF3, 0x6D, 0xF3, 0x6D, 0xF3, 0x4D, 0xF3,
    0xAE, 0xFB, 0x9E, 0xFF, 0xFF, 0xFF, 0x92, 0xFC, 0x2C, 0xF3, 0xEB, 0xF2, 0xEB, 0xF2, 0x2C, 0xF3,
    0x0C, 0xF3, 0x0C, 0xF3, 0x0C, 0xF3, 0x0C, 0xF3, 0x0C, 0xF3, 0x2C, 0xFB, 0x0C, 0xFB, 0x00, 0x00,
    0x00, 0x00, 0xCB, 0xFA, 0x0C, 0xF3, 0x0C, 0xFB, 0x0C, 0xF3, 0x0C, 0xF3, 0x0C, 0xF3, 0x0C, 0xF3,
    0x0C, 0xF3, 0xEB, 0xF2, 0x75, 0xFD, 0x7D, 0xFF, 0xBE, 0xFF, 0xFF, 0xFF, 0xFF, 0xFF, 0xBE, 0xFF,
    0xBE, 0xFF, 0xBE, 0xFF, 0xBE, 0xFF, 0xBE, 0xFF, 0xBE, 0xFF, 0xBE, 0xFF, 0xBE, 0xFF, 0xBE, 0xFF,
    0xBE, 0xFF, 0xFF, 0xFF, 0xFF, 0xFF, 0xBE, 0xFF, 0x9E, 0xFF, 0x18, 0xFE, 0x4D, 0xF3, 0xEB, 0xF2,
    0x0C, 0xF3, 0x0C, 0xF3, 0x0C, 0xF3, 0x0C, 0xF3, 0x0C, 0xF3, 0x2C, 0xFB, 0x0C, 0xF3, 0x00, 0x00,
    0x00, 0x00, 0xEB, 0xFA, 0xEB, 0xF2, 0x0C, 0xFB, 0x0C, 0xF3, 0x0C, 0xF3, 0x0C, 0xF3, 0x0C, 0xF3,
    0xAA, 0xF2, 0x75, 0xFD, 0xFF, 0xFF, 0xFF, 0xFF, 0xFF, 0xFF, 0xFF, 0xFF, 0xFF, 0xFF, 0xFF, 0xFF,
    0xFF, 0xFF, 0xFF, 0xFF, 0xFF, 0xFF, 0xFF, 0xFF, 0xFF, 0xFF, 0xFF, 0xFF, 0xFF, 0xFF, 0xFF, 0xFF,
    0xFF, 0xFF, 0xFF, 0xFF, 0xFF, 0xFF, 0xFF, 0xFF, 0xFF, 0xFF, 0xFF, 0xFF, 0xBA, 0xFE, 0xCB, 0xF2,
    0x0C, 0xF3, 0x0C, 0xF3, 0x0C, 0xF3, 0x0C, 0xF3, 0xEB, 0xF2, 0x2C, 0xFB, 0x0C, 0xF3, 0x00, 0x00,
    0x00, 0x00, 0xEB, 0xFA, 0xEB, 0xF2, 0x0C, 0xFB, 0xEB, 0xF2, 0xEB, 0xF2, 0xEB, 0xF2, 0xEB, 0xF2,
    0x2C, 0xF3, 0x9E, 0xFF, 0xFF, 0xFF, 0xFF, 0xFF, 0xFF, 0xFF, 0xFF, 0xFF, 0xFF, 0xFF, 0xFF, 0xFF,
    0xFF, 0xFF, 0xFF, 0xFF, 0xFF, 0xFF, 0xFF, 0xFF, 0xFF, 0xFF, 0xFF, 0xFF, 0xFF, 0xFF, 0xFF, 0xFF,
    0xFF, 0xFF, 0xFF, 0xFF, 0xFF, 0xFF, 0xFF, 0xFF, 0xFF, 0xFF, 0xDF, 0xFF, 0xFF, 0xFF, 0x10, 0xF4,
    0xAA, 0xF2, 0x0C, 0xF3, 0xEB, 0xF2, 0xEB, 0xF2, 0xEB, 0xF2, 0x2C, 0xFB, 0xEB, 0xF2, 0x00, 0x00,
    0x00, 0x00, 0xEB, 0xEA, 0xEB, 0xF2, 0x0C, 0xF3, 0xEB, 0xF2, 0xEB, 0xF2, 0xEB, 0xF2, 0xCB, 0xF2,
    0x4D, 0xF3, 0xBE, 0xFF, 0xFF, 0xFF, 0xFF, 0xFF, 0xFF, 0xFF, 0xFF, 0xFF, 0xFF, 0xFF, 0xFF, 0xFF,
    0xFF, 0xFF, 0xFF, 0xFF, 0xFF, 0xFF, 0xFF, 0xFF, 0xFF, 0xFF, 0xFF, 0xFF, 0xFF, 0xFF, 0xFF, 0xFF,
    0xFF, 0xFF, 0xFF, 0xFF, 0xFF, 0xFF, 0xFF, 0xFF, 0xFF, 0xFF, 0xFF, 0xFF, 0xFF, 0xFF, 0x51, 0xF4,
    0xAA, 0xF2, 0x0C, 0xF3, 0xEB, 0xF2, 0xEB, 0xF2, 0xEB, 0xF2, 0x0C, 0xFB, 0xEB, 0xF2, 0x00, 0x00,
    0x00, 0x00, 0xEB, 0xEA, 0xCB, 0xF2, 0xEB, 0xF2, 0xEB, 0xF2, 0xEB, 0xF2, 0xEB, 0xF2, 0xCB, 0xF2,
    0x2C, 0xF3, 0xBE, 0xFF, 0xFF, 0xFF, 0xFF, 0xFF, 0xFF, 0xFF, 0xFF, 0xFF, 0xFF, 0xFF, 0xFF, 0xFF,
    0xFF, 0xFF, 0xFF, 0xFF, 0xFF, 0xFF, 0xFF, 0xFF, 0xFF, 0xFF, 0xFF, 0xFF, 0xFF, 0xFF, 0xFF, 0xFF,
    0xFF, 0xFF, 0xFF, 0xFF, 0xFF, 0xFF, 0xFF, 0xFF, 0xFF, 0xFF, 0xFF, 0xFF, 0xFF, 0xFF, 0x30, 0xF4,
    0x8A, 0xF2, 0xEB, 0xF2, 0xEB, 0xF2, 0xEB, 0xF2, 0xCB, 0xF2, 0x0C, 0xFB, 0xCB, 0xF2, 0x00, 0x00,
    0x00, 0x00, 0xEB, 0xEA, 0xCB, 0xF2, 0xEB, 0xF2, 0xCB, 0xF2, 0xCB, 0xF2, 0xEB, 0xF2, 0xCB, 0xF2,
    0x2C, 0xF3, 0xBE, 0xFF, 0xFF, 0xFF, 0xFF, 0xFF, 0xFF, 0xFF, 0xFF, 0xFF, 0xFF, 0xFF, 0xFF, 0xFF,
    0xFF, 0xFF, 0xFF, 0xFF, 0xFF, 0xFF, 0xFF, 0xFF, 0xFF, 0xFF, 0xFF, 0xFF, 0xFF, 0xFF, 0xFF, 0xFF,
    0xFF, 0xFF, 0xFF, 0xFF, 0xFF, 0xFF, 0xFF, 0xFF, 0xFF, 0xFF, 0xFF, 0xFF, 0xFF, 0xFF, 0x30, 0xF4,
    0x8A, 0xF2, 0xEB, 0xF2, 0xCB, 0xF2, 0xCB, 0xF2, 0xCB, 0xF2, 0x0C, 0xFB, 0xCB, 0xF2, 0x00, 0x00,
    0x00, 0x00, 0xEB, 0xEA, 0xCB, 0xF2, 0xEB, 0xF2, 0xCB, 0xF2, 0xCB, 0xF2, 0xCB, 0xF2, 0xAA, 0xF2,
    0x2C, 0xF3, 0xBE, 0xFF, 0xFF, 0xFF, 0xFB, 0xFE, 0x9A, 0xFE, 0xBA, 0xFE, 0xBA, 0xFE, 0xBA, 0xFE,
    0xBA, 0xFE, 0xBA, 0xFE, 0xBA, 0xFE, 0xBA, 0xFE, 0xBA, 0xFE, 0xBA, 0xFE, 0xBA, 0xFE, 0xBA, 0xFE,
    0xBA, 0xFE, 0xBA, 0xFE, 0xBA, 0xFE, 0xBA, 0xFE, 0xBA, 0xFE, 0xDF, 0xFF, 0xFF, 0xFF, 0x30, 0xF4,
    0x8A, 0xF2, 0xEB, 0xF2, 0xCB, 0xF2, 0xCB, 0xF2, 0xCB, 0xF2, 0xEB, 0xFA, 0xCB, 0xF2, 0x00, 0x00,
    0x00, 0x00, 0xEB, 0xEA, 0xCB, 0xEA, 0xCB, 0xF2, 0xCB, 0xEA, 0xCB, 0xF2, 0xCB, 0xF2, 0xAA, 0xF2,
    0x0C, 0xF3, 0x9E, 0xFF, 0xFF, 0xFF, 0xEF, 0xF3, 0x49, 0xEA, 0xAA, 0xF2, 0x8A, 0xF2, 0x8A, 0xF2,
    0x8A, 0xEA, 0x8A, 0xEA, 0x8A, 0xF2, 0x8A, 0xF2, 0x8A, 0xF2, 0x8A, 0xF2, 0x8A, 0xEA, 0x8A, 0xEA,
    0x8A, 0xF2, 0x8A, 0xF2, 0xAA, 0xF2, 0x69, 0xEA, 0xEB, 0xF2, 0x9E, 0xFF, 0xFF, 0xFF, 0x10, 0xF4,
    0x69, 0xEA, 0xCB, 0xF2, 0xCB, 0xF2, 0xCB, 0xF2, 0xAA, 0xEA, 0xEB, 0xFA, 0xAA, 0xEA, 0x00, 0x00,
    0x00, 0x00, 0xEB, 0xEA, 0xAA, 0xEA, 0xCB, 0xF2, 0xAA, 0xEA, 0xAA, 0xEA, 0xCB, 0xEA, 0xAA, 0xEA,
    0x0C, 0xF3, 0x9E, 0xFF, 0xFF, 0xFF, 0x10, 0xF4, 0x8A, 0xEA, 0x8A, 0xEA, 0x8A, 0xEA, 0x8A, 0xEA,
    0xCB, 0xF2, 0xCB, 0xEA, 0xAA, 0xEA, 0x69, 0xEA, 0x69, 0xEA, 0xAA, 0xEA, 0xCB, 0xEA, 0xCB, 0xF2,
    0x8A, 0xEA, 0x8A, 0xEA, 0x8A, 0xEA, 0xAA, 0xEA, 0x0C, 0xF3, 0x9E, 0xFF, 0xFF, 0xFF, 0x10, 0xF4,
    0x69, 0xEA, 0xCB, 0xEA, 0xAA, 0xEA, 0xAA, 0xEA, 0xAA, 0xEA, 0xCB, 0xFA, 0xAA, 0xEA, 0x00, 0x00,
    0x00, 0x00, 0x69, 0xEA, 0xAA, 0xEA, 0xAA, 0xF2, 0xAA, 0xEA, 0xAA, 0xEA, 0xAA, 0xEA, 0x8A, 0xEA,
    0x0C, 0xF3, 0x9E, 0xFF, 0xFF, 0xFF, 0x10, 0xF4, 0x28, 0xEA, 0x92, 0xF4, 0x79, 0xFE, 0x71, 0xF4,
    0x69, 0xEA, 0xAA, 0xEA, 0xEB, 0xF2, 0x18, 0xFE, 0x18, 0xFE, 0xEB, 0xF2, 0xAA, 0xEA, 0x69, 0xEA,
    0x71, 0xF4, 0x79, 0xFE, 0x71, 0xF4, 0x49, 0xEA, 0x0C, 0xF3, 0x9E, 0xFF, 0xFF, 0xFF, 0x10, 0xF4,
    0x69, 0xEA, 0xCB, 0xEA, 0xAA, 0xEA, 0xAA, 0xEA, 0xAA, 0xEA, 0xCB, 0xFA, 0xAA, 0xEA, 0x00, 0x00,
    0x00, 0x00, 0x69, 0xEA, 0xAA, 0xEA, 0xAA, 0xF2, 0xAA, 0xEA, 0xAA, 0xEA, 0xAA, 0xEA, 0x8A, 0xEA,
    0x0C, 0xEB, 0x9E, 0xFF, 0xFF, 0xFF, 0xCF, 0xF3, 0x4D, 0xF3, 0xFF, 0xFF, 0xFF, 0xFF, 0xFF, 0xFF,
    0x8E, 0xF3, 0x28, 0xEA, 0x18, 0xFE, 0xFF, 0xFF, 0xFF, 0xFF, 0x18, 0xFE, 0x28, 0xEA, 0x8E, 0xF3,
    0xFF, 0xFF, 0xFF, 0xFF, 0xFF, 0xFF, 0x6D, 0xF3, 0xCB, 0xEA, 0xBE, 0xFF, 0xFF, 0xFF, 0x10, 0xF4,
    0x69, 0xEA, 0xAA, 0xEA, 0xAA, 0xEA, 0xAA, 0xEA, 0xAA, 0xEA, 0xCB, 0xFA, 0x8A, 0xEA, 0x00, 0x00,
    0x00, 0x00, 0x69, 0xEA, 0x8A, 0xEA, 0xAA, 0xF2, 0x8A, 0xEA, 0x8A, 0xEA, 0xAA, 0xEA, 0x8A, 0xEA,
    0xEB, 0xEA, 0x9E, 0xFF, 0xFF, 0xFF, 0xCF, 0xF3, 0x2C, 0xEB, 0xFF, 0xFF, 0xFF, 0xFF, 0xFF, 0xFF,
    0x8E, 0xF3, 0x08, 0xEA, 0x18, 0xFE, 0xFF, 0xFF, 0xFF, 0xFF, 0x18, 0xFE, 0x08, 0xEA, 0x8E, 0xF3,
    0xFF, 0xFF, 0xFF, 0xFF, 0xFF, 0xFF, 0x6D, 0xF3, 0xCB, 0xEA, 0xBE, 0xFF, 0xFF, 0xFF, 0xEF, 0xF3,
    0x49, 0xEA, 0xAA, 0xEA, 0x8A, 0xEA, 0x8A, 0xEA, 0x8A, 0xEA, 0xAA, 0xFA, 0x8A, 0xEA, 0x00, 0x00,
    0x00, 0x00, 0x69, 0xEA, 0x8A, 0xEA, 0x8A, 0xF2, 0x8A, 0xEA, 0x8A, 0xEA, 0x8A, 0xEA, 0x69, 0xEA,
    0xEB, 0xEA, 0x9E, 0xFF, 0xFF, 0xFF, 0xEF, 0xF3, 0x08, 0xEA, 0x71, 0xF4, 0x38, 0xFE, 0x51, 0xF4,
    0x69, 0xEA, 0x8A, 0xEA, 0xEB, 0xEA, 0xD7, 0xF5, 0xD7, 0xF5, 0xEB, 0xEA, 0x8A, 0xEA, 0x49, 0xEA,
    0x51, 0xF4, 0x79, 0xFE, 0x71, 0xF4, 0x28, 0xEA, 0xEB, 0xEA, 0x9E, 0xFF, 0xFF, 0xFF, 0xEF, 0xF3,
    0x49, 0xEA, 0xAA, 0xEA, 0x8A, 0xEA, 0x8A, 0xEA, 0x8A, 0xEA, 0xAA, 0xFA, 0x8A, 0xEA, 0x00, 0x00,
    0x00, 0x00, 0x69, 0xEA, 0x8A, 0xEA, 0x8A, 0xF2, 0x8A, 0xEA, 0x8A, 0xEA, 0x8A, 0xEA, 0x69, 0xEA,
    0xEB, 0xEA, 0x9E, 0xFF, 0xFF, 0xFF, 0xEF, 0xF3, 0x28, 0xEA, 0x69, 0xEA, 0x8E, 0xEB, 0x69, 0xEA,
    0x69, 0xEA, 0x8A, 0xEA, 0x28, 0xEA, 0x2C, 0xEB, 0x2C, 0xEB, 0x28, 0xEA, 0x8A, 0xEA, 0x8A, 0xEA,
    0x49, 0xEA, 0x49, 0xEA, 0x49, 0xEA, 0x69, 0xEA, 0xEB, 0xEA, 0x9E, 0xFF, 0xFF, 0xFF, 0xEF, 0xF3,
    0x49, 0xEA, 0x8A, 0xEA, 0x8A, 0xEA, 0x8A, 0xEA, 0x8A, 0xEA, 0xAA, 0xFA, 0x69, 0xEA, 0x00, 0x00,
    0x00, 0x00, 0x69, 0xEA, 0x69, 0xEA, 0x8A, 0xEA, 0x69, 0xEA, 0x69, 0xEA, 0x8A, 0xEA, 0x69, 0xEA,
    0xCB, 0xEA, 0x9E, 0xFF, 0xFF, 0xFF, 0xCF, 0xF3, 0x49, 0xEA, 0xBA, 0xFE, 0xFF, 0xFF, 0xBA, 0xFE,
    0xAA, 0xEA, 0x28, 0xEA, 0x51, 0xF4, 0xFF, 0xFF, 0xFF, 0xFF, 0x51, 0xF4, 0x28, 0xEA, 0x8A, 0xEA,
    0x8A, 0xEA, 0x8A, 0xEA, 0x8A, 0xEA, 0x69, 0xEA, 0xCB, 0xEA, 0x9E, 0xFF, 0xFF, 0xFF, 0xCF, 0xF3,
    0x28, 0xEA, 0x8A, 0xEA, 0x69, 0xEA, 0x69, 0xEA, 0x69, 0xEA, 0x8A, 0xF2, 0x69, 0xEA, 0x00, 0x00,
    0x00, 0x00, 0x69, 0xEA, 0x69, 0xEA, 0x69, 0xEA, 0x69, 0xEA, 0x69, 0xEA, 0x69, 0xEA, 0x49, 0xEA,
    0xCB, 0xEA, 0x9E, 0xFF, 0xFF, 0xFF, 0x8E, 0xEB, 0x8E, 0xEB, 0xFF, 0xFF, 0xDF, 0xFF, 0xFF, 0xFF,
    0xEF, 0xF3, 0xC7, 0xE9, 0xDB, 0xFE, 0xFF, 0xFF, 0xFF, 0xFF, 0xDB, 0xFE, 0x28, 0xEA, 0x8A, 0xEA,
    0x69, 0xEA, 0x69, 0xEA, 0x8A, 0xEA, 0x69, 0xEA, 0xCB, 0xEA, 0x9E, 0xFF, 0xFF, 0xFF, 0xCF, 0xEB,
    0x28, 0xEA, 0x8A, 0xEA, 0x69, 0xEA, 0x69, 0xEA, 0x69, 0xEA, 0x8A, 0xF2, 0x69, 0xEA, 0x00, 0x00,
    0x00, 0x00, 0x69, 0xEA, 0x69, 0xEA, 0x69, 0xEA, 0x69, 0xEA, 0x69, 0xEA, 0x69, 0xEA, 0x49, 0xEA,
    0xCB, 0xEA, 0x9E, 0xFF, 0xFF, 0xFF, 0x8E, 0xEB, 0x28, 0xEA, 0x9A, 0xFE, 0xFF, 0xFF, 0x79, 0xFE,
    0x69, 0xEA, 0x08, 0xEA, 0x30, 0xF4, 0xDF, 0xFF, 0xDF, 0xFF, 0x30, 0xF4, 0x08, 0xEA, 0x69, 0xEA,
    0x49, 0xEA, 0x49, 0xEA, 0x49, 0xEA, 0x49, 0xEA, 0x8A, 0xEA, 0x9E, 0xFF, 0xFF, 0xFF, 0xCF, 0xEB,
    0x08, 0xEA, 0x69, 0xEA, 0x69, 0xEA, 0x69, 0xEA, 0x69, 0xEA, 0x8A, 0xF2, 0x69, 0xEA, 0x00, 0x00,
    0x00, 0x00, 0x49, 0xF2, 0x49, 0xE2, 0x69, 0xEA, 0x69, 0xE2, 0x69, 0xEA, 0x69, 0xEA, 0x49, 0xEA,
    0xAA, 0xEA, 0x9E, 0xFF, 0xFF, 0xFF, 0xF3, 0xF4, 0x49, 0xEA, 0xEB, 0xEA, 0x10, 0xEC, 0xCB, 0xEA,
    0x8A, 0xEA, 0xCB, 0xEA, 0x69, 0xEA, 0xAE, 0xEB, 0xAE, 0xEB, 0x69, 0xEA, 0xCB, 0xEA, 0xAA, 0xEA,
    0xAA, 0xEA, 0xAA, 0xEA, 0xCB, 0xEA, 0x8A, 0xEA, 0xCF, 0xEB, 0xBE, 0xFF, 0xFF, 0xFF, 0xCF, 0xEB,
    0x08, 0xE2, 0x69, 0xEA, 0x69, 0xEA, 0x69, 0xEA, 0x49, 0xE2, 0x8A, 0xF2, 0x69, 0xE2, 0x00, 0x00,
    0x00, 0x00, 0xAA, 0xEA, 0x49, 0xE2, 0x69, 0xEA, 0x49, 0xE2, 0x49, 0xE2, 0x49, 0xE2, 0x69, 0xE2,
    0x08, 0xE2, 0xF7, 0xF5, 0xFF, 0xFF, 0xFF, 0xFF, 0x9E, 0xFF, 0x9E, 0xFF, 0x5D, 0xFF, 0x9E, 0xFF,
    0x9E, 0xFF, 0x9E, 0xFF, 0x9E, 0xFF, 0x5D, 0xFF, 0x5D, 0xFF, 0x9E, 0xFF, 0x9E, 0xFF, 0x9E, 0xFF,
    0x9E, 0xFF, 0x9E, 0xFF, 0x9E, 0xFF, 0x9E, 0xFF, 0xDF, 0xFF, 0xFF, 0xFF, 0x3C, 0xFF, 0x69, 0xEA,
    0x49, 0xE2, 0x49, 0xE2, 0x49, 0xE2, 0x49, 0xE2, 0x49, 0xE2, 0x69, 0xEA, 0x69, 0xE2, 0x00, 0x00,
    0xE7, 0xB9, 0x00, 0x00, 0x49, 0xE2, 0x69, 0xF2, 0x49, 0xE2, 0x49, 0xE2, 0x49, 0xE2, 0x49, 0xE2,
    0x28, 0xE2, 0x8A, 0xEA, 0x59, 0xFE, 0xFF, 0xFF, 0xFF, 0xFF, 0xFF, 0xFF, 0xFF, 0xFF, 0xFF, 0xFF,
    0xFF, 0xFF, 0xFF, 0xFF, 0xFF, 0xFF, 0xFF, 0xFF, 0xFF, 0xFF, 0xFF, 0xFF, 0xFF, 0xFF, 0xFF, 0xFF,
    0xFF, 0xFF, 0xFF, 0xFF, 0xFF, 0xFF, 0xFF, 0xFF, 0xFF, 0xFF, 0x1C, 0xFF, 0x6D, 0xEB, 0x08, 0xE2,
    0x49, 0xE2, 0x49, 0xE2, 0x49, 0xE2, 0x49, 0xE2, 0x49, 0xEA, 0x49, 0xE2, 0x69, 0xE2, 0x00, 0x00,
    0xE7, 0xF9, 0x00, 0x00, 0x49, 0xE2, 0x69, 0xF2, 0x28, 0xE2, 0x49, 0xE2, 0x49, 0xE2, 0x49, 0xE2,
    0x49, 0xE2, 0x28, 0xE2, 0x08, 0xE2, 0x6D, 0xEB, 0xAE, 0xEB, 0xAE, 0xEB, 0xAE, 0xEB, 0xAE, 0xEB,
    0xAE, 0xEB, 0xAE, 0xEB, 0xAE, 0xEB, 0xAE, 0xEB, 0xAE, 0xEB, 0xAE, 0xEB, 0xAE, 0xEB, 0xAE, 0xEB,
    0xAE, 0xEB, 0xAE, 0xEB, 0xAE, 0xEB, 0xAE, 0xEB, 0xAE, 0xEB, 0x69, 0xE2, 0x08, 0xE2, 0x49, 0xE2,
    0x49, 0xE2, 0x49, 0xE2, 0x49, 0xE2, 0x49, 0xE2, 0x69, 0xF2, 0x49, 0xE2, 0x00, 0x00, 0xE7, 0xB9,
    0x00, 0xF8, 0x00, 0xF8, 0x49, 0xE2, 0x28, 0xE2, 0x49, 0xEA, 0x28, 0xE2, 0x28, 0xE2, 0x28, 0xE2,
    0x28, 0xE2, 0x49, 0xE2, 0x49, 0xE2, 0xE7, 0xE1, 0xE7, 0xE1, 0xE7, 0xE1, 0xE7, 0xE1, 0xE7, 0xE1,
    0xE7, 0xE1, 0xE7, 0xE1, 0xE7, 0xE1, 0xE7, 0xE1, 0xE7, 0xE1, 0xE7, 0xE1, 0xE7, 0xE1, 0xE7, 0xE1,
    0xE7, 0xE1, 0xE7, 0xE1, 0xE7, 0xE1, 0xE7, 0xE1, 0xE7, 0xE1, 0x28, 0xE2, 0x49, 0xE2, 0x28, 0xE2,
    0x28, 0xE2, 0x28, 0xE2, 0x28, 0xE2, 0x28, 0xE2, 0x49, 0xF2, 0x28, 0xE2, 0x00, 0x00, 0xAA, 0xFA,
    0x00, 0x00, 0xAA, 0xFA, 0x00, 0x00, 0x28, 0xE2, 0x49, 0xF2, 0x28, 0xE2, 0x28, 0xE2, 0x28, 0xE2,
    0x28, 0xE2, 0x28, 0xE2, 0x28, 0xE2, 0x28, 0xE2, 0x49, 0xE2, 0x49, 0xE2, 0x49, 0xE2, 0x49, 0xE2,
    0x49, 0xE2, 0x49, 0xE2, 0x49, 0xE2, 0x49, 0xE2, 0x49, 0xE2, 0x49, 0xE2, 0x49, 0xE2, 0x49, 0xE2,
    0x49, 0xE2, 0x49, 0xE2, 0x49, 0xE2, 0x49, 0xE2, 0x49, 0xE2, 0x28, 0xE2, 0x28, 0xE2, 0x28, 0xE2,
    0x28, 0xE2, 0x28, 0xE2, 0x28, 0xE2, 0x49, 0xF2, 0x28, 0xE2, 0x00, 0x00, 0xAA, 0xFA, 0x00, 0x00,
    0x00, 0x00, 0x00, 0x00, 0xAA, 0xFA, 0x00, 0x00, 0x28, 0xE2, 0x49, 0xFA, 0x08, 0xE2, 0x28, 0xE2,
    0x28, 0xE2, 0x28, 0xE2, 0x28, 0xE2, 0x28, 0xE2, 0x28, 0xE2, 0x28, 0xE2, 0x28, 0xE2, 0x28, 0xE2,
    0x28, 0xE2, 0x28, 0xE2, 0x28, 0xE2, 0x28, 0xE2, 0x28, 0xE2, 0x28, 0xE2, 0x28, 0xE2, 0x28, 0xE2,
    0x28, 0xE2, 0x28, 0xE2, 0x28, 0xE2, 0x28, 0xE2, 0x28, 0xE2, 0x28, 0xE2, 0x28, 0xE2, 0x28, 0xE2,
    0x28, 0xE2, 0x08, 0xE2, 0x49, 0xF2, 0x28, 0xEA, 0x28, 0xE2, 0xEF, 0xFB, 0x00, 0xF8, 0x00, 0x00,
    0x00, 0x00, 0x00, 0x00, 0x00, 0xF8, 0x00, 0xF8, 0xE7, 0xE1, 0x28, 0xEA, 0x49, 0xF2, 0x08, 0xE2,
    0x08, 0xE2, 0x08, 0xE2, 0x08, 0xE2, 0x08, 0xE2, 0x08, 0xE2, 0x08, 0xE2, 0x08, 0xE2, 0x08, 0xE2,
    0x08, 0xE2, 0x08, 0xE2, 0x08, 0xE2, 0x08, 0xE2, 0x08, 0xE2, 0x08, 0xE2, 0x08, 0xE2, 0x08, 0xE2,
    0x08, 0xE2, 0x08, 0xE2, 0x08, 0xE2, 0x08, 0xE2, 0x08, 0xE2, 0x08, 0xE2, 0x08, 0xE2, 0x08, 0xE2,
    0x08, 0xE2, 0x28, 0xF2, 0x28, 0xEA, 0xE7, 0xD9, 0x00, 0x00, 0xEF, 0xFB, 0x00, 0x00, 0x00, 0x00,
    0x00, 0x00, 0x00, 0x00, 0x00, 0x00, 0x00, 0xF8, 0x00, 0x00, 0x00, 0x00, 0x08, 0xE2, 0x08, 0xEA,
    0x28, 0xF2, 0x28, 0xEA, 0x08, 0xE2, 0x08, 0xE2, 0x08, 0xE2, 0x08, 0xE2, 0x08, 0xE2, 0x08, 0xE2,
    0x08, 0xE2, 0x08, 0xE2, 0x08, 0xE2, 0x08, 0xE2, 0x08, 0xE2, 0x08, 0xE2, 0x08, 0xE2, 0x08, 0xE2,
    0x08, 0xE2, 0x08, 0xE2, 0x08, 0xE2, 0x08, 0xE2, 0x08, 0xE2, 0x08, 0xE2, 0x08, 0xE2, 0x28, 0xF2,
    0x28, 0xEA, 0x28, 0xEA, 0x08, 0xD2, 0x00, 0x00, 0xEF, 0xFB, 0x00, 0x00, 0x00, 0x00, 0x00, 0x00,
    0x00, 0x00, 0x00, 0x00, 0x00, 0x00, 0x00, 0x00, 0x00, 0xF8, 0x00, 0xF8, 0x00, 0x00, 0xE7, 0xE1,
    0x08, 0xEA, 0x08, 0xE2, 0x08, 0xE2, 0x28, 0xEA, 0x28, 0xEA, 0x28, 0xEA, 0x28, 0xEA, 0x28, 0xEA,
    0x28, 0xEA, 0x28, 0xEA, 0x28, 0xEA, 0x28, 0xEA, 0x28, 0xEA, 0x28, 0xEA, 0x28, 0xEA, 0x28, 0xEA,
    0x28, 0xEA, 0x28, 0xEA, 0x28, 0xEA, 0x28, 0xEA, 0x28, 0xEA, 0x08, 0xE2, 0x08, 0xE2, 0x08, 0xEA,
    0x08, 0xE2, 0x00, 0x00, 0x00, 0x00, 0xEF, 0xFB, 0x00, 0x00, 0x00, 0x00, 0x00, 0x00, 0x00, 0x00,
    0x00, 0x00, 0x00, 0x00, 0x00, 0x00, 0x00, 0x00, 0x00, 0x00, 0x00, 0x00, 0xAA, 0xFA, 0x00, 0x00,
    0x00, 0x00, 0xAA, 0xFA, 0x28, 0xEA, 0x08, 0xEA, 0xE7, 0xD9, 0xE7, 0xE1, 0xE7, 0xE1, 0xE7, 0xE1,
    0xE7, 0xE1, 0xE7, 0xE1, 0xE7, 0xE1, 0xE7, 0xE1, 0xE7, 0xE1, 0xE7, 0xE1, 0xE7, 0xE1, 0xE7, 0xE1,
    0xE7, 0xE1, 0xE7, 0xE1, 0xE7, 0xE1, 0xE7, 0xD9, 0x08, 0xEA, 0xE7, 0xE1, 0xC7, 0xF9, 0x00, 0x00,
    0x00, 0x00, 0x00, 0xF8, 0x00, 0xF8, 0x00, 0x00, 0x00, 0x00, 0x00, 0x00, 0x00, 0x00, 0x00, 0x00,
    0x00, 0x00, 0x00, 0x00, 0x00, 0x00, 0x00, 0x00, 0x00, 0x00, 0x00, 0x00, 0x00, 0x00, 0xEF, 0xFB,
    0xE7, 0xF9, 0x00, 0x00, 0x00, 0x00, 0x00, 0x00, 0x00, 0x00, 0x00, 0x00, 0x00, 0x00, 0x00, 0x00,
    0x00, 0x00, 0x00, 0x00, 0x00, 0x00, 0x00, 0x00, 0x00, 0x00, 0x00, 0x00, 0x00, 0x00, 0x00, 0x00,
    0x00, 0x00, 0x00, 0x00, 0x00, 0x00, 0x00, 0x00, 0x00, 0x00, 0x00, 0x00, 0x00, 0x00, 0xE7, 0xB9,
    0xAA, 0xFA, 0x00, 0x00, 0x00, 0x00, 0x00, 0x00, 0x00, 0x00, 0x00, 0x00, 0x00, 0x00, 0x00, 0x00,
    0x00, 0x00, 0x00, 0x00, 0x00, 0x00, 0x00, 0x01, 0x03, 0x04, 0x00, 0x00, 0x00, 0x00, 0x00, 0x00,
    0x00, 0x00, 0x00, 0x00, 0x00, 0x00, 0x00, 0x00, 0x00, 0x00, 0x00, 0x00, 0x00, 0x00, 0x03, 0x04,
    0x01, 0x00, 0x00, 0x00, 0x00, 0x00, 0x00, 0x00, 0x00, 0x00, 0x00, 0x00, 0x00, 0x00, 0x03, 0x00,
    0x00, 0x00, 0x03, 0x10, 0x10, 0x10, 0x10, 0x10, 0x10, 0x10, 0x10, 0x10, 0x10, 0x10, 0x10, 0x10,
    0x10, 0x10, 0x10, 0x10, 0x10, 0x09, 0x00, 0x00, 0x00, 0x03, 0x00, 0x00, 0x00, 0x00, 0x00, 0x00,
    0x00, 0x00, 0x00, 0x00, 0x00, 0x04, 0x00, 0x06, 0x4F, 0x9F, 0xD6, 0xEF, 0xEF, 0xF0, 0xF0, 0xF0,
    0xF0, 0xF0, 0xF0, 0xF0, 0xF0, 0xF0, 0xF0, 0xF0, 0xF0, 0xF0, 0xF0, 0xEF, 0xEF, 0xE2, 0xAE, 0x61,
    0x16, 0x00, 0x02, 0x01, 0x00, 0x00, 0x00, 0x00, 0x00, 0x00, 0x00, 0x00, 0x01, 0x00, 0x47, 0xD4,
    0xFF, 0xFF, 0xFF, 0xFF, 0xFF, 0xFF, 0xFF, 0xFF, 0xFF, 0xFF, 0xFF, 0xFF, 0xFF, 0xFF, 0xFF, 0xFF,
    0xFF, 0xFF, 0xFF, 0xFF, 0xFF, 0xFF, 0xFF, 0xFF, 0xE9, 0x6D, 0x00, 0x00, 0x01, 0x00, 0x00, 0x00,
    0x00, 0x00, 0x00, 0x03, 0x01, 0x7F, 0xFF, 0xFF, 0xFC, 0xFB, 0xFD, 0xFE, 0xFE, 0xFE, 0xFE, 0xFE,
    0xFE, 0xFE, 0xFE, 0xFE, 0xFE, 0xFE, 0xFE, 0xFE, 0xFE, 0xFE, 0xFE, 0xFE, 0xFE, 0xFD, 0xFC, 0xFB,
    0xFF, 0xFF, 0xA9, 0x13, 0x01, 0x01, 0x00, 0x00, 0x00, 0x00, 0x04, 0x00, 0x80, 0xFF, 0xFC, 0xFD,
    0xFF, 0xFF, 0xFF, 0xFF, 0xFF, 0xFF, 0xFF, 0xFF, 0xFF, 0xFF, 0xFF, 0xFF, 0xFF, 0xFF, 0xFF, 0xFF,
    0xFF, 0xFF, 0xFF, 0xFF, 0xFF, 0xFF, 0xFF, 0xFF, 0xFE, 0xFA, 0xFF, 0xBB, 0x01, 0x03, 0x00, 0x00,
    0x00, 0x03, 0x00, 0x44, 0xFE, 0xFA, 0xFE, 0xFF, 0xFF, 0xFF, 0xFF, 0xFF, 0xFF, 0xFF, 0xFF, 0xFF,
    0xFF, 0xFF, 0xFF, 0xFF, 0xFF, 0xFF, 0xFF, 0xFF, 0xFF, 0xFF, 0xFF, 0xFF, 0xFF, 0xFF, 0xFF, 0xFF,
    0xFF, 0xFF, 0xF9, 0xFF, 0x7F, 0x00, 0x03, 0x00, 0x00, 0x01, 0x09, 0xD9, 0xFF, 0xFD, 0xFF, 0xFF,
    0xFF, 0xFF, 0xFF, 0xFF, 0xFF, 0xFF, 0xFF, 0xFF, 0xFF, 0xFF, 0xFF, 0xFF, 0xFF, 0xFF, 0xFF, 0xFF,
    0xFF, 0xFF, 0xFF, 0xFF, 0xFF, 0xFF, 0xFF, 0xFF, 0xFF, 0xFF, 0xFE, 0xFD, 0xFA, 0x2A, 0x00, 0x02,
    0x04, 0x00, 0x4C, 0xFF, 0xFC, 0xFF, 0xFF, 0xFF, 0xFF, 0xFF, 0xFF, 0xFF, 0xFF, 0xFF, 0xFF, 0xFF,
    0xFF, 0xFF, 0xFF, 0xFF, 0xFF, 0xFF, 0xFF, 0xFF, 0xFF, 0xFF, 0xFF, 0xFF, 0xFF, 0xFF, 0xFF, 0xFF,
    0xFF, 0xFF, 0xFF, 0xFB, 0xFF, 0x8C, 0x00, 0x05, 0x04, 0x00, 0x9F, 0xFE, 0xFB, 0xFF, 0xFF, 0xFF,
    0xFF, 0xFF, 0xFF, 0xFF, 0xFF, 0xFF, 0xFF, 0xFF, 0xFF, 0xFF, 0xFF, 0xFF, 0xFF, 0xFF, 0xFF, 0xFF,
    0xFF, 0xFF, 0xFF, 0xFF, 0xFF, 0xFF, 0xFF, 0xFF, 0xFF, 0xFF, 0xFF, 0xFD, 0xFF, 0xD9, 0x04, 0x01,
    0x01, 0x08, 0xDB, 0xFF, 0xFD, 0xFF, 0xFF, 0xFF, 0xFF, 0xFF, 0xFF, 0xFF, 0xFF, 0xFF, 0xFF, 0xFF,
    0xFF, 0xFF, 0xFF, 0xFF, 0xFF, 0xFF, 0xFF, 0xFF, 0xFF, 0xFF, 0xFF, 0xFF, 0xFF, 0xFF, 0xFF, 0xFF,
    0xFF, 0xFF, 0xFF, 0xFF, 0xFE, 0xFA, 0x29, 0x00, 0x00, 0x11, 0xF3, 0xFF, 0xFE, 0xFF, 0xFF, 0xFF,
    0xFF, 0xFF, 0xFF, 0xFF, 0xFF, 0xFF, 0xFF, 0xFF, 0xFF, 0xFF, 0xFF, 0xFF, 0xFF, 0xFF, 0xFF, 0xFF,
    0xFF, 0xFF, 0xFF, 0xFF, 0xFF, 0xFF, 0xFF, 0xFF, 0xFF, 0xFF, 0xFF, 0xFF, 0xFD, 0xFF, 0x43, 0x00,
    0x00, 0x10, 0xEF, 0xFF, 0xFE, 0xFF, 0xFF, 0xFF, 0xFF, 0xFF, 0xFF, 0xFF, 0xFF, 0xFF, 0xFF, 0xFF,
    0xFF, 0xFF, 0xFF, 0xFF, 0xFF, 0xFF, 0xFF, 0xFF, 0xFF, 0xFF, 0xFF, 0xFF, 0xFF, 0xFF, 0xFF, 0xFF,
    0xFF, 0xFF, 0xFF, 0xFF, 0xFD, 0xFF, 0x3F, 0x00, 0x00, 0x10, 0xF0, 0xFF, 0xFE, 0xFF, 0xFF, 0xFF,
    0xFF, 0xFF, 0xFF, 0xFF, 0xFF, 0xFF, 0xFF, 0xFF, 0xFF, 0xFF, 0xFF, 0xFF, 0xFF, 0xFF, 0xFF, 0xFF,
    0xFF, 0xFF, 0xFF, 0xFF, 0xFF, 0xFF, 0xFF, 0xFF, 0xFF, 0xFF, 0xFF, 0xFF, 0xFD, 0xFF, 0x40, 0x00,
    0x00, 0x10, 0xF0, 0xFF, 0xFE, 0xFF, 0xFF, 0xFF, 0xFF, 0xFF, 0xFF, 0xFF, 0xFF, 0xFF, 0xFF, 0xFF,
    0xFF, 0xFF, 0xFF, 0xFF, 0xFF, 0xFF, 0xFF, 0xFF, 0xFF, 0xFF, 0xFF, 0xFF, 0xFF, 0xFF, 0xFF, 0xFF,
    0xFF, 0xFF, 0xFF, 0xFF, 0xFD, 0xFF, 0x40, 0x00, 0x00, 0x10, 0xF0, 0xFF, 0xFE, 0xFF, 0xFF, 0xFF,
    0xFF, 0xFF, 0xFF, 0xFF, 0xFF, 0xFF, 0xFF, 0xFF, 0xFF, 0xFF, 0xFF, 0xFF, 0xFF, 0xFF, 0xFF, 0xFF,
    0xFF, 0xFF, 0xFF, 0xFF, 0xFF, 0xFF, 0xFF, 0xFF, 0xFF, 0xFF, 0xFF, 0xFF, 0xFD, 0xFF, 0x40, 0x00,
    0x00, 0x10, 0xF0, 0xFF, 0xFE, 0xFF, 0xFF, 0xFF, 0xFF, 0xFF, 0xFF, 0xFF, 0xFF, 0xFF, 0xFF, 0xFF,
    0xFF, 0xFF, 0xFF, 0xFF, 0xFF, 0xFF, 0xFF, 0xFF, 0xFF, 0xFF, 0xFF, 0xFF, 0xFF, 0xFF, 0xFF, 0xFF,
    0xFF, 0xFF, 0xFF, 0xFF, 0xFD, 0xFF, 0x40, 0x00, 0x00, 0x10, 0xF0, 0xFF, 0xFE, 0xFF, 0xFF, 0xFF,
    0xFF, 0xFF, 0xFF, 0xFF, 0xFF, 0xFF, 0xFF, 0xFF, 0xFF, 0xFF, 0xFF, 0xFF, 0xFF, 0xFF, 0xFF, 0xFF,
    0xFF, 0xFF, 0xFF, 0xFF, 0xFF, 0xFF, 0xFF, 0xFF, 0xFF, 0xFF, 0xFF, 0xFF, 0xFD, 0xFF, 0x40, 0x00,
    0x00, 0x10, 0xF0, 0xFF, 0xFE, 0xFF, 0xFF, 0xFF, 0xFF, 0xFF, 0xFF, 0xFF, 0xFF, 0xFF, 0xFF, 0xFF,
    0xFF, 0xFF, 0xFF, 0xFF, 0xFF, 0xFF, 0xFF, 0xFF, 0xFF, 0xFF, 0xFF, 0xFF, 0xFF, 0xFF, 0xFF, 0xFF,
    0xFF, 0xFF, 0xFF, 0xFF, 0xFD, 0xFF, 0x40, 0x00, 0x00, 0x10, 0xF0, 0xFF, 0xFE, 0xFF, 0xFF, 0xFF,
    0xFF, 0xFF, 0xFF, 0xFF, 0xFF, 0xFF, 0xFF, 0xFF, 0xFF, 0xFF, 0xFF, 0xFF, 0xFF, 0xFF, 0xFF, 0xFF,
    0xFF, 0xFF, 0xFF, 0xFF, 0xFF, 0xFF, 0xFF, 0xFF, 0xFF, 0xFF, 0xFF, 0xFF, 0xFD, 0xFF, 0x40, 0x00,
    0x00, 0x10, 0xF0, 0xFF, 0xFE, 0xFF, 0xFF, 0xFF, 0xFF, 0xFF, 0xFF, 0xFF, 0xFF, 0xFF, 0xFF, 0xFF,
    0xFF, 0xFF, 0xFF, 0xFF, 0xFF, 0xFF, 0xFF, 0xFF, 0xFF, 0xFF, 0xFF, 0xFF, 0xFF, 0xFF, 0xFF, 0xFF,
    0xFF, 0xFF, 0xFF, 0xFF, 0xFD, 0xFF, 0x40, 0x00, 0x00, 0x10, 0xF0, 0xFF, 0xFE, 0xFF, 0xFF, 0xFF,
    0xFF, 0xFF, 0xFF, 0xFF, 0xFF, 0xFF, 0xFF, 0xFF, 0xFF, 0xFF, 0xFF, 0xFF, 0xFF, 0xFF, 0xFF, 0xFF,
    0xFF, 0xFF, 0xFF, 0xFF, 0xFF, 0xFF, 0xFF, 0xFF, 0xFF, 0xFF, 0xFF, 0xFF, 0xFD, 0xFF, 0x40, 0x00,
    0x00, 0x10, 0xF0, 0xFF, 0xFE, 0xFF, 0xFF, 0xFF, 0xFF, 0xFF, 0xFF, 0xFF, 0xFF, 0xFF, 0xFF, 0xFF,
    0xFF, 0xFF, 0xFF, 0xFF, 0xFF, 0xFF, 0xFF, 0xFF, 0xFF, 0xFF, 0xFF, 0xFF, 0xFF, 0xFF, 0xFF, 0xFF,
    0xFF, 0xFF, 0xFF, 0xFF, 0xFD, 0xFF, 0x40, 0x00, 0x00, 0x10, 0xF0, 0xFF, 0xFE, 0xFF, 0xFF, 0xFF,
    0xFF, 0xFF, 0xFF, 0xFF, 0xFF, 0xFF, 0xFF, 0xFF, 0xFF, 0xFF, 0xFF, 0xFF, 0xFF, 0xFF, 0xFF, 0xFF,
    0xFF, 0xFF, 0xFF, 0xFF, 0xFF, 0xFF, 0xFF, 0xFF, 0xFF, 0xFF, 0xFF, 0xFF, 0xFD, 0xFF, 0x40, 0x00,
    0x00, 0x10, 0xF0, 0xFF, 0xFE, 0xFF, 0xFF, 0xFF, 0xFF, 0xFF, 0xFF, 0xFF, 0xFF, 0xFF, 0xFF, 0xFF,
    0xFF, 0xFF, 0xFF, 0xFF, 0xFF, 0xFF, 0xFF, 0xFF, 0xFF, 0xFF, 0xFF, 0xFF, 0xFF, 0xFF, 0xFF, 0xFF,
    0xFF, 0xFF, 0xFF, 0xFF, 0xFD, 0xFF, 0x40, 0x00, 0x00, 0x10, 0xF0, 0xFF, 0xFE, 0xFF, 0xFF, 0xFF,
    0xFF, 0xFF, 0xFF, 0xFF, 0xFF, 0xFF, 0xFF, 0xFF, 0xFF, 0xFF, 0xFF, 0xFF, 0xFF, 0xFF, 0xFF, 0xFF,
    0xFF, 0xFF, 0xFF, 0xFF, 0xFF, 0xFF, 0xFF, 0xFF, 0xFF, 0xFF, 0xFF, 0xFF, 0xFD, 0xFF, 0x40, 0x00,
    0x00, 0x10, 0xF0, 0xFF, 0xFE, 0xFF, 0xFF, 0xFF, 0xFF, 0xFF, 0xFF, 0xFF, 0xFF, 0xFF, 0xFF, 0xFF,
    0xFF, 0xFF, 0xFF, 0xFF, 0xFF, 0xFF, 0xFF, 0xFF, 0xFF, 0xFF, 0xFF, 0xFF, 0xFF, 0xFF, 0xFF, 0xFF,
    0xFF, 0xFF, 0xFF, 0xFF, 0xFD, 0xFF, 0x40, 0x00, 0x00, 0x10, 0xEF, 0xFF, 0xFE, 0xFF, 0xFF, 0xFF,
    0xFF, 0xFF, 0xFF, 0xFF, 0xFF, 0xFF, 0xFF, 0xFF, 0xFF, 0xFF, 0xFF, 0xFF, 0xFF, 0xFF, 0xFF, 0xFF,
    0xFF, 0xFF, 0xFF, 0xFF, 0xFF, 0xFF, 0xFF, 0xFF, 0xFF, 0xFF, 0xFF, 0xFF, 0xFD, 0xFF, 0x3F, 0x00,
    0x00, 0x11, 0xF2, 0xFF, 0xFE, 0xFF, 0xFF, 0xFF, 0xFF, 0xFF, 0xFF, 0xFF, 0xFF, 0xFF, 0xFF, 0xFF,
    0xFF, 0xFF, 0xFF, 0xFF, 0xFF, 0xFF, 0xFF, 0xFF, 0xFF, 0xFF, 0xFF, 0xFF, 0xFF, 0xFF, 0xFF, 0xFF,
    0xFF, 0xFF, 0xFF, 0xFF, 0xFD, 0xFF, 0x42, 0x00, 0x01, 0x0C, 0xE5, 0xFF, 0xFE, 0xFF, 0xFF, 0xFF,
    0xFF, 0xFF, 0xFF, 0xFF, 0xFF, 0xFF, 0xFF, 0xFF, 0xFF, 0xFF, 0xFF, 0xFF, 0xFF, 0xFF, 0xFF, 0xFF,
    0xFF, 0xFF, 0xFF, 0xFF, 0xFF, 0xFF, 0xFF, 0xFF, 0xFF, 0xFF, 0xFF, 0xFF, 0xFE, 0xFD, 0x35, 0x00,
    0x04, 0x00, 0xB0, 0xFE, 0xFC, 0xFF, 0xFF, 0xFF, 0xFF, 0xFF, 0xFF, 0xFF, 0xFF, 0xFF, 0xFF, 0xFF,
    0xFF, 0xFF, 0xFF, 0xFF, 0xFF, 0xFF, 0xFF, 0xFF, 0xFF, 0xFF, 0xFF, 0xFF, 0xFF, 0xFF, 0xFF, 0xFF,
    0xFF, 0xFF, 0xFF, 0xFE, 0xFF, 0xE6, 0x0A, 0x01, 0x04, 0x00, 0x62, 0xFF, 0xFC, 0xFF, 0xFF, 0xFF,
    0xFF, 0xFF, 0xFF, 0xFF, 0xFF, 0xFF, 0xFF, 0xFF, 0xFF, 0xFF, 0xFF, 0xFF, 0xFF, 0xFF, 0xFF, 0xFF,
    0xFF, 0xFF, 0xFF, 0xFF, 0xFF, 0xFF, 0xFF, 0xFF, 0xFF, 0xFF, 0xFF, 0xFB, 0xFE, 0xA2, 0x00, 0x04,
    0x01, 0x01, 0x15, 0xEE, 0xFD, 0xFE, 0xFF, 0xFF, 0xFF, 0xFF, 0xFF, 0xFF, 0xFF, 0xFF, 0xFF, 0xFF,
    0xFF, 0xFF, 0xFF, 0xFF, 0xFF, 0xFF, 0xFF, 0xFF, 0xFF, 0xFF, 0xFF, 0xFF, 0xFF, 0xFF, 0xFF, 0xFF,
    0xFF, 0xFF, 0xFF, 0xFC, 0xFF, 0x42, 0x00, 0x03, 0x00, 0x03, 0x00, 0x6B, 0xFF, 0xFA, 0xFF, 0xFF,
    0xFF, 0xFF, 0xFF, 0xFF, 0xFF, 0xFF, 0xFF, 0xFF, 0xFF, 0xFF, 0xFF, 0xFF, 0xFF, 0xFF, 0xFF, 0xFF,
    0xFF, 0xFF, 0xFF, 0xFF, 0xFF, 0xFF, 0xFF, 0xFF, 0xFF, 0xFF, 0xFA, 0xFF, 0xAA, 0x00, 0x03, 0x00,
    0x00, 0x00, 0x03, 0x00, 0xAC, 0xFF, 0xF9, 0xFE, 0xFF, 0xFF, 0xFF, 0xFF, 0xFF, 0xFF, 0xFF, 0xFF,
    0xFF, 0xFF, 0xFF, 0xFF, 0xFF, 0xFF, 0xFF, 0xFF, 0xFF, 0xFF, 0xFF, 0xFF, 0xFF, 0xFF, 0xFF, 0xFF,
    0xFF, 0xFA, 0xFF, 0xDE, 0x12, 0x02, 0x01, 0x00, 0x00, 0x00, 0x01, 0x01, 0x11, 0xB8, 0xFF, 0xFF,
    0xFB, 0xFD, 0xFE, 0xFF, 0xFF, 0xFF, 0xFF, 0xFF, 0xFF, 0xFF, 0xFF, 0xFF, 0xFF, 0xFF, 0xFF, 0xFF,
    0xFF, 0xFF, 0xFF, 0xFF, 0xFF, 0xFF, 0xFD, 0xFB, 0xFD, 0xFF, 0xDA, 0x34, 0x00, 0x02, 0x00, 0x00,
    0x00, 0x00, 0x00, 0x01, 0x00, 0x00, 0x80, 0xF9, 0xFF, 0xFF, 0xFF, 0xFD, 0xFD, 0xFD, 0xFD, 0xFD,
    0xFD, 0xFD, 0xFD, 0xFD, 0xFD, 0xFD, 0xFD, 0xFD, 0xFD, 0xFD, 0xFD, 0xFD, 0xFD, 0xFE, 0xFF, 0xFF,
    0xFF, 0xA7, 0x13, 0x00, 0x02, 0x00, 0x00, 0x00, 0x00, 0x00, 0x00, 0x00, 0x01, 0x01, 0x00, 0x2C,
    0x8C, 0xD6, 0xFD, 0xFF, 0xFF, 0xFF, 0xFF, 0xFF, 0xFF, 0xFF, 0xFF, 0xFF, 0xFF, 0xFF, 0xFF, 0xFF,
    0xFF, 0xFF, 0xFF, 0xFF, 0xFF, 0xFF, 0xE2, 0x9F, 0x46, 0x00, 0x00, 0x02, 0x00, 0x00, 0x00, 0x00,
    0x00, 0x00, 0x00, 0x00, 0x00, 0x00, 0x03, 0x00, 0x00, 0x03, 0x28, 0x40, 0x40, 0x40, 0x40, 0x40,
    0x40, 0x40, 0x40, 0x40, 0x40, 0x40, 0x40, 0x40, 0x40, 0x40, 0x40, 0x40, 0x40, 0x34, 0x09, 0x00,
    0x00, 0x02, 0x01, 0x00, 0x00, 0x00, 0x00, 0x00, 0x00, 0x00, 0x00, 0x00, 0x00, 0x00, 0x00, 0x02,
    0x04, 0x00, 0x00, 0x00, 0x00, 0x00, 0x00, 0x00, 0x00, 0x00, 0x00, 0x00, 0x00, 0x00, 0x00, 0x00,
    0x00, 0x00, 0x00, 0x00, 0x00, 0x00, 0x00, 0x04, 0x03, 0x00, 0x00, 0x00, 0x00, 0x00, 0x00, 0x00,
};

const lv_image_dsc_t icon_home_calendar = {
    .header.magic = LV_IMAGE_HEADER_MAGIC,
    .header.cf = LV_COLOR_FORMAT_RGB565A8,
    .header.w = 40,
    .header.h = 40,
    .data_size = 4800,
    .data = icon_home_calendar_map,
};

const LV_ATTRIBUTE_MEM_ALIGN uint8_t icon_home_weather_map[] = {
    0x00, 0x00, 0x00, 0x00, 0x00, 0x00, 0x00, 0x00, 0x00, 0x00, 0x00, 0x00, 0x00, 0x00, 0xFF, 0x07,
    0xFF, 0x57, 0xFF, 0x3D, 0x00, 0x00, 0x00, 0x00, 0x00, 0x00, 0x00, 0x00, 0x00, 0x00, 0x00, 0x00,
    0x00, 0x00, 0x00, 0x00, 0x00, 0x00, 0x00, 0x00, 0x00, 0x00, 0x00, 0x00, 0x00, 0x00, 0x00, 0x00,
    0x00, 0x00, 0x00, 0x00, 0x00, 0x00, 0x00, 0x00, 0x00, 0x00, 0x00, 0x00, 0x5F, 0x55, 0xFF, 0x3D,
    0xFF, 0x07, 0x00, 0x00, 0x00, 0x00, 0x00, 0x00, 0x00, 0x00, 0x00, 0x00, 0x00, 0x00, 0x00, 0x00,
    0x00, 0x00, 0x00, 0x00, 0x00, 0x00, 0x00, 0x00, 0x00, 0x00, 0x00, 0x00, 0x55, 0x55, 0x00, 0x00,
    0x00, 0x00, 0x00, 0x00, 0xFF, 0x57, 0xFF, 0x5E, 0xFD, 0x4D, 0x7D, 0x5E, 0x7F, 0x7E, 0xFF, 0x7E,
    0x7F, 0x5E, 0x7D, 0x4E, 0x7D, 0x5E, 0x7D, 0x5E, 0x7D, 0x5E, 0x7D, 0x5E, 0x7D, 0x5E, 0x7D, 0x5E,
    0x7D, 0x5E, 0x7D, 0x5E, 0x7D, 0x5E, 0xFD, 0x5D, 0xFF, 0x5E, 0x3F, 0x56, 0x00, 0x00, 0x00, 0x00,
    0x00, 0x00, 0x5F, 0x55, 0x00, 0x00, 0x00, 0x00, 0x00, 0x00, 0x00, 0x00, 0x00, 0x00, 0x00, 0x00,
    0x00, 0x00, 0x00, 0x00, 0x00, 0x00, 0x00, 0x00, 0x00, 0x00, 0xF7, 0x3D, 0x00, 0x00, 0x5A, 0x55,
    0x5F, 0x5E, 0x5F, 0x5E, 0x5E, 0x5E, 0x3E, 0x5E, 0x3E, 0x56, 0x3E, 0x5E, 0x1E, 0x4E, 0xFE, 0x4D,
    0x1E, 0x56, 0x3E, 0x5E, 0x3E, 0x56, 0x3E, 0x56, 0x3E, 0x56, 0x3E, 0x56, 0x3E, 0x56, 0x3E, 0x56,
    0x3E, 0x56, 0x3E, 0x56, 0x3E, 0x56, 0x3E, 0x56, 0x3E, 0x5E, 0x3E, 0x5E, 0x5E, 0x5E, 0x7F, 0x5E,
    0x3E, 0x5E, 0x00, 0x00, 0xFF, 0x7B, 0xFF, 0x07, 0x00, 0x00, 0x00, 0x00, 0x00, 0x00, 0x00, 0x00,
    0x00, 0x00, 0x00, 0x00, 0x00, 0x00, 0x00, 0x00, 0xFF, 0x07, 0x00, 0x00, 0x1E, 0x56, 0x5F, 0x5E,
    0x7F, 0x5E, 0x9F, 0x5E, 0x5F, 0x5E, 0x3E, 0x5E, 0x5E, 0x5E, 0x3E, 0x56, 0xFF, 0x96, 0x3F, 0xAF,
    0x7F, 0x6E, 0x3E, 0x56, 0x5E, 0x5E, 0x3E, 0x5E, 0x3E, 0x5E, 0x3E, 0x5E, 0x3E, 0x5E, 0x3E, 0x5E,
    0x3E, 0x5E, 0x3E, 0x5E, 0x3E, 0x5E, 0x3E, 0x5E, 0x3E, 0x5E, 0x5F, 0x5E, 0x7F, 0x5E, 0x9F, 0x5E,
    0x5F, 0x5E, 0x3E, 0x5E, 0x00, 0x00, 0x00, 0x00, 0xFF, 0x07, 0x00, 0x00, 0x00, 0x00, 0x00, 0x00,
    0x00, 0x00, 0x00, 0x00, 0x00, 0x00, 0x5F, 0x55, 0xFF, 0xFF, 0x3E, 0x56, 0x5F, 0x5E, 0x5F, 0x5E,
    0x1E, 0x56, 0x1E, 0x56, 0x1E, 0x56, 0x1E, 0x56, 0x1E, 0x56, 0xFE, 0x4D, 0x9F, 0xDF, 0xFF, 0xFF,
    0x9E, 0x86, 0xFE, 0x4D, 0x1E, 0x56, 0x1E, 0x56, 0x1E, 0x56, 0x1E, 0x56, 0x1E, 0x56, 0x1E, 0x56,
    0x1E, 0x56, 0x1E, 0x56, 0x1E, 0x56, 0x1E, 0x56, 0x1E, 0x56, 0x1E, 0x56, 0x1E, 0x56, 0x1E, 0x56,
    0x3E, 0x56, 0x9F, 0x5E, 0x3E, 0x56, 0x5E, 0x5E, 0xFF, 0x07, 0xFF, 0x07, 0x00, 0x00, 0x00, 0x00,
    0x00, 0x00, 0x00, 0x00, 0xF7, 0x3D, 0x00, 0x00, 0xFD, 0x55, 0xBF, 0x5E, 0x1E, 0x56, 0xFD, 0x4D,
    0x1E, 0x4E, 0x1E, 0x56, 0x1E, 0x56, 0x1E, 0x56, 0x1E, 0x56, 0xFE, 0x4D, 0x9F, 0xDF, 0xFF, 0xFF,
    0x9E, 0x86, 0xFE, 0x4D, 0x1E, 0x56, 0x1E, 0x56, 0x1E, 0x56, 0x1E, 0x56, 0xFE, 0x4D, 0xFE, 0x4D,
    0x1E, 0x56, 0x1E, 0x56, 0x1E, 0x56, 0x1E, 0x56, 0x1E, 0x56, 0x1E, 0x56, 0x1E, 0x56, 0x1E, 0x56,
    0x1E, 0x56, 0x1D, 0x56, 0xBF, 0x5E, 0x1E, 0x56, 0x1F, 0x00, 0x5F, 0x55, 0x00, 0x00, 0x00, 0x00,
    0x00, 0x00, 0x5F, 0x55, 0x00, 0x00, 0xFE, 0x55, 0x5F, 0x56, 0x1E, 0x56, 0x1D, 0x56, 0x5F, 0xBF,
    0xFE, 0x9E, 0xDD, 0x45, 0x1E, 0x56, 0x1E, 0x56, 0x1E, 0x56, 0xFE, 0x55, 0xDE, 0x96, 0x1F, 0xAF,
    0x5E, 0x6E, 0xFE, 0x4D, 0x1E, 0x56, 0x1E, 0x56, 0x1E, 0x56, 0xDD, 0x45, 0xDE, 0x9E, 0x9E, 0x7E,
    0xFE, 0x4D, 0x1E, 0x56, 0x1E, 0x56, 0x1E, 0x56, 0x1E, 0x56, 0x1E, 0x56, 0x1E, 0x56, 0x1E, 0x56,
    0x1E, 0x56, 0x1E, 0x56, 0xFD, 0x55, 0x7F, 0x5E, 0xFD, 0x55, 0x00, 0x00, 0x5F, 0x55, 0x00, 0x00,
    0x00, 0x00, 0xFF, 0xFF, 0x3F, 0x56, 0xFD, 0x55, 0x5F, 0x56, 0xDD, 0x4D, 0x7E, 0x7E, 0xFF, 0xFF,
    0xFF, 0xFF, 0xDE, 0x9E, 0xFD, 0x4D, 0x1E, 0x56, 0x1E, 0x56, 0xFE, 0x55, 0xDD, 0x45, 0xBD, 0x3D,
    0xDD, 0x45, 0xFE, 0x55, 0x1E, 0x56, 0x1E, 0x56, 0xFD, 0x4D, 0xDE, 0x96, 0xFF, 0xFF, 0xFF, 0xF7,
    0x1E, 0x5E, 0xFD, 0x4D, 0xFE, 0x55, 0xFE, 0x55, 0xFE, 0x55, 0xFE, 0x55, 0xFE, 0x55, 0xFE, 0x55,
    0xFE, 0x55, 0xFE, 0x55, 0xFD, 0x55, 0x1E, 0x56, 0x3E, 0x56, 0xFD, 0x4D, 0x00, 0x00, 0xFF, 0x07,
    0xF7, 0x3B, 0x00, 0x00, 0xDE, 0x55, 0x5F, 0x56, 0xFD, 0x55, 0xFD, 0x55, 0xDD, 0x4D, 0xBE, 0x96,
    0xFF, 0xFF, 0x3F, 0xBF, 0xFD, 0x4D, 0xFD, 0x55, 0xDD, 0x45, 0xFD, 0x55, 0x7E, 0x76, 0x9E, 0x86,
    0x7E, 0x76, 0xFD, 0x55, 0xDD, 0x45, 0xFD, 0x4D, 0x1E, 0x5E, 0xFF, 0xF7, 0xFF, 0xFF, 0xBE, 0x96,
    0xFD, 0x4D, 0xFD, 0x55, 0xFD, 0x55, 0xFD, 0x55, 0xFD, 0x55, 0xFD, 0x55, 0xFD, 0x55, 0xFD, 0x55,
    0xFD, 0x55, 0xFD, 0x55, 0xFD, 0x55, 0xFD, 0x55, 0x7F, 0x56, 0xFE, 0x55, 0x00, 0x00, 0xD9, 0x34,
    0xF7, 0x3D, 0x00, 0x00, 0xFD, 0x55, 0x5F, 0x56, 0xFD, 0x55, 0xFD, 0x55, 0xFD, 0x55, 0xDD, 0x45,
    0x7E, 0x7E, 0xFD, 0x55, 0xDD, 0x4D, 0xDD, 0x4D, 0xFE, 0xA6, 0xBF, 0xE7, 0xFF, 0xFF, 0xFF, 0xFF,
    0xFF, 0xFF, 0xBF, 0xE7, 0xFE, 0xA6, 0xDD, 0x4D, 0xDD, 0x45, 0x7E, 0x7E, 0xBE, 0x96, 0xDD, 0x45,
    0xFD, 0x55, 0xFD, 0x55, 0xFD, 0x55, 0xFD, 0x55, 0xFD, 0x55, 0xFD, 0x55, 0xFD, 0x55, 0xFD, 0x55,
    0xFD, 0x55, 0xFD, 0x55, 0xFD, 0x55, 0xFD, 0x4D, 0x1E, 0x56, 0xFD, 0x4D, 0xFF, 0x3D, 0xFF, 0x07,
    0xFF, 0x07, 0xFF, 0x5D, 0xDD, 0x4D, 0x1E, 0x56, 0xFD, 0x4D, 0xFD, 0x4D, 0xFD, 0x4D, 0xFD, 0x55,
    0xDD, 0x45, 0xDD, 0x4D, 0xFD, 0x55, 0x7F, 0xCF, 0xFF, 0xFF, 0xFF, 0xFF, 0xFF, 0xFF, 0xFF, 0xFF,
    0xFF, 0xFF, 0xFF, 0xFF, 0xFF, 0xFF, 0x7F, 0xCF, 0xFD, 0x55, 0xDD, 0x45, 0xDD, 0x45, 0xFD, 0x55,
    0xFD, 0x4D, 0xFD, 0x4D, 0xFD, 0x4D, 0xFD, 0x4D, 0xFD, 0x4D, 0xFD, 0x4D, 0xFD, 0x4D, 0xFD, 0x4D,
    0xFD, 0x4D, 0xFD, 0x4D, 0xFD, 0x4D, 0xFD, 0x4D, 0xFD, 0x4D, 0x1E, 0x56, 0xDE, 0x55, 0x00, 0x00,
    0x00, 0x00, 0x1E, 0x4E, 0xDD, 0x4D, 0xFE, 0x4D, 0xDD, 0x4D, 0xDD, 0x4D, 0xDD, 0x4D, 0xDD, 0x4D,
    0xFD, 0x55, 0xDD, 0x45, 0x3F, 0xBF, 0xFF, 0xFF, 0xFF, 0xFF, 0xFF, 0xFF, 0xFF, 0xFF, 0xFF, 0xFF,
    0xFF, 0xFF, 0xFF, 0xFF, 0xFF, 0xFF, 0xFF, 0xFF, 0x3F, 0xBF, 0xDD, 0x4D, 0xFD, 0x55, 0xDD, 0x4D,
    0xDD, 0x4D, 0xDD, 0x4D, 0xDD, 0x4D, 0xDD, 0x4D, 0xDD, 0x4D, 0xDD, 0x4D, 0xDD, 0x4D, 0xDD, 0x4D,
    0xDD, 0x4D, 0xDD, 0x4D, 0xDD, 0x4D, 0xDD, 0x4D, 0xDD, 0x4D, 0x3F, 0x56, 0xDD, 0x4D, 0x00, 0x00,
    0x00, 0x00, 0xFD, 0x4D, 0xDD, 0x4D, 0xFE, 0x4D, 0xDD, 0x4D, 0xDD, 0x4D, 0xDD, 0x4D, 0xDD, 0x4D,
    0xBD, 0x45, 0x5E, 0x76, 0xFF, 0xFF, 0xFF, 0xFF, 0xFF, 0xFF, 0xFF, 0xFF, 0xFF, 0xFF, 0xFF, 0xFF,
    0xFF, 0xFF, 0xFF, 0xFF, 0xFF, 0xFF, 0xFF, 0xFF, 0xFF, 0xFF, 0x5E, 0x76, 0xBD, 0x45, 0xDD, 0x4D,
    0xDD, 0x4D, 0xDD, 0x4D, 0xDD, 0x4D, 0xDD, 0x4D, 0xDD, 0x4D, 0xDD, 0x4D, 0xDD, 0x4D, 0xDD, 0x4D,
    0xDD, 0x4D, 0xDD, 0x4D, 0xDD, 0x4D, 0xDD, 0x4D, 0xDD, 0x4D, 0x1F, 0x56, 0xDD, 0x4D, 0x00, 0x00,
    0x00, 0x00, 0xFD, 0x4D, 0xDD, 0x4D, 0xFE, 0x4D, 0xFD, 0x55, 0xFD, 0x55, 0xFD, 0x55, 0xDD, 0x4D,
    0xBD, 0x3D, 0x1E, 0xAF, 0xFF, 0xFF, 0xFF, 0xFF, 0xFF, 0xFF, 0xFF, 0xFF, 0xFF, 0xFF, 0xFF, 0xFF,
    0xFF, 0xFF, 0xFF, 0xFF, 0xFF, 0xFF, 0xFF, 0xFF, 0xFF, 0xFF, 0x1E, 0xAF, 0xBD, 0x3D, 0xDD, 0x4D,
    0xBD, 0x45, 0xBD, 0x45, 0xBD, 0x45, 0xDD, 0x4D, 0xDD, 0x4D, 0xDD, 0x4D, 0xDD, 0x4D, 0xDD, 0x4D,
    0xDD, 0x4D, 0xDD, 0x4D, 0xDD, 0x4D, 0xDD, 0x4D, 0xDD, 0x4D, 0x1F, 0x4E, 0xDD, 0x4D, 0x00, 0x00,
    0x00, 0x00, 0xFD, 0x4D, 0xBD, 0x45, 0xFE, 0x55, 0xBF, 0xEF, 0xFF, 0xF7, 0xBF, 0xEF, 0xFD, 0x55,
    0xBD, 0x3D, 0x7F, 0xD7, 0xFF, 0xFF, 0xFF, 0xFF, 0xFF, 0xFF, 0xFF, 0xFF, 0xFF, 0xFF, 0xFF, 0xFF,
    0xFF, 0xFF, 0xFF, 0xFF, 0xFF, 0xFF, 0xFF, 0xFF, 0xFF, 0xFF, 0x7F, 0xD7, 0xBD, 0x45, 0xDD, 0x55,
    0x5F, 0xC7, 0x7F, 0xCF, 0x5F, 0xC7, 0xDD, 0x55, 0xBD, 0x4D, 0xDD, 0x4D, 0xDD, 0x4D, 0xDD, 0x4D,
    0xDD, 0x4D, 0xDD, 0x4D, 0xDD, 0x4D, 0xDD, 0x4D, 0xBD, 0x4D, 0x1E, 0x4E, 0xBD, 0x4D, 0x00, 0x00,
    0x00, 0x00, 0xFD, 0x4D, 0xBD, 0x45, 0xFD, 0x55, 0xBF, 0xEF, 0xFF, 0xF7, 0xBF, 0xEF, 0xDD, 0x55,
    0x9D, 0x3D, 0x7F, 0xD7, 0xFF, 0xFF, 0xFF, 0xFF, 0xFF, 0xFF, 0xFF, 0xFF, 0xFF, 0xFF, 0xFF, 0xFF,
    0xFF, 0xFF, 0xFF, 0xFF, 0xFF, 0xFF, 0xFF, 0xFF, 0xFF, 0xFF, 0x7F, 0xD7, 0x9D, 0x3D, 0xFD, 0x55,
    0xFF, 0xFF, 0xFF, 0xFF, 0xFF, 0xFF, 0xFD, 0x55, 0xBD, 0x45, 0xBD, 0x4D, 0xBD, 0x4D, 0xBD, 0x4D,
    0xBD, 0x4D, 0xBD, 0x4D, 0xBD, 0x4D, 0xBD, 0x4D, 0xBD, 0x4D, 0x1E, 0x4E, 0xBD, 0x45, 0x00, 0x00,
    0x00, 0x00, 0xFD, 0x4D, 0xBD, 0x45, 0xDD, 0x4D, 0xDD, 0x55, 0xDD, 0x55, 0xDD, 0x55, 0xBD, 0x4D,
    0x9D, 0x3D, 0xFE, 0xAE, 0xFF, 0xFF, 0xFF, 0xFF, 0xFF, 0xFF, 0xFF, 0xFF, 0xFF, 0xFF, 0xFF, 0xFF,
    0xFF, 0xFF, 0xFF, 0xFF, 0xFF, 0xFF, 0xFF, 0xFF, 0xFF, 0xFF, 0xFE, 0xAE, 0x9D, 0x3D, 0xDD, 0x4D,
    0x3D, 0x76, 0x3D, 0x76, 0x3D, 0x76, 0xBD, 0x4D, 0xBD, 0x45, 0xBD, 0x4D, 0xBD, 0x4D, 0xBD, 0x4D,
    0xBD, 0x4D, 0xBD, 0x4D, 0xBD, 0x4D, 0xBD, 0x4D, 0xBD, 0x45, 0xFE, 0x4D, 0xBD, 0x45, 0x00, 0x00,
    0x00, 0x00, 0x7D, 0x4D, 0x9D, 0x45, 0xBD, 0x45, 0x9D, 0x45, 0x9D, 0x45, 0x9D, 0x45, 0xBD, 0x4D,
    0x9D, 0x3D, 0x3D, 0x6E, 0xFF, 0xFF, 0xFF, 0xFF, 0xFF, 0xFF, 0xFF, 0xFF, 0xFF, 0xFF, 0xFF, 0xFF,
    0xFF, 0xFF, 0xFF, 0xFF, 0xFF, 0xFF, 0xFF, 0xFF, 0xFF, 0xFF, 0x1D, 0x6E, 0x7C, 0x35, 0xBD, 0x45,
    0x9D, 0x45, 0x9D, 0x3D, 0x9D, 0x3D, 0xBD, 0x45, 0xBD, 0x45, 0xBD, 0x45, 0xBD, 0x45, 0xBD, 0x45,
    0xBD, 0x45, 0xBD, 0x45, 0xBD, 0x45, 0xBD, 0x45, 0x9D, 0x45, 0xFE, 0x4D, 0x9D, 0x45, 0x00, 0x00,
    0x00, 0x00, 0x7D, 0x3D, 0x9C, 0x45, 0xBD, 0x45, 0x9D, 0x45, 0x9D, 0x45, 0x9D, 0x45, 0x9D, 0x45,
    0xBD, 0x4D, 0x9D, 0x45, 0x1E, 0xBF, 0xFF, 0xFF, 0xFF, 0xFF, 0xFF, 0xFF, 0xFF, 0xFF, 0xFF, 0xFF,
    0xFF, 0xFF, 0xFF, 0xFF, 0xFF, 0xFF, 0xFF, 0xFF, 0xFF, 0xFF, 0x7F, 0xD7, 0xDE, 0xA6, 0xBD, 0x4D,
    0x9D, 0x3D, 0xBD, 0x4D, 0xBD, 0x4D, 0xBD, 0x4D, 0xBD, 0x45, 0x9D, 0x45, 0x9D, 0x45, 0x9D, 0x45,
    0x9D, 0x45, 0x9D, 0x45, 0x9D, 0x45, 0x9D, 0x45, 0x9D, 0x45, 0xFE, 0x4D, 0x9D, 0x45, 0x00, 0x00,
    0x00, 0x00, 0x7D, 0x3D, 0x9C, 0x45, 0xBD, 0x45, 0x9C, 0x45, 0x9D, 0x45, 0x9D, 0x45, 0x9D, 0x45,
    0x7C, 0x3D, 0x7C, 0x3D, 0xBD, 0x4D, 0x5F, 0xCF, 0xFF, 0xFF, 0xFF, 0xFF, 0xFF, 0xFF, 0xFF, 0xFF,
    0xFF, 0xFF, 0xFF, 0xFF, 0xFF, 0xFF, 0xFF, 0xFF, 0xFF, 0xFF, 0xFF, 0xFF, 0xFF, 0xFF, 0xBF, 0xE7,
    0x1D, 0x6E, 0x5C, 0x35, 0x7C, 0x3D, 0x7C, 0x35, 0x7C, 0x3D, 0x9D, 0x45, 0x9D, 0x45, 0x9D, 0x45,
    0x9D, 0x45, 0x9D, 0x45, 0x9D, 0x45, 0x9D, 0x45, 0x9C, 0x45, 0xDE, 0x45, 0x9C, 0x45, 0x00, 0x00,
    0x00, 0x00, 0x7D, 0x3D, 0x9C, 0x45, 0xBD, 0x45, 0x9C, 0x45, 0x9C, 0x45, 0x9C, 0x45, 0x5C, 0x35,
    0x9E, 0x8E, 0x3D, 0x76, 0x7C, 0x35, 0x9C, 0x3D, 0xBE, 0x9E, 0x9F, 0xDF, 0xFF, 0xFF, 0xFF, 0xFF,
    0xFF, 0xFF, 0xFF, 0xFF, 0xFF, 0xFF, 0xFF, 0xFF, 0xFF, 0xFF, 0xFF, 0xFF, 0xFF, 0xFF, 0xFF, 0xFF,
    0xDF, 0xF7, 0x9E, 0x96, 0xDE, 0xA6, 0x9E, 0x96, 0xFD, 0x5D, 0x7C, 0x3D, 0x9C, 0x45, 0x9C, 0x45,
    0x9C, 0x45, 0x9C, 0x45, 0x9C, 0x45, 0x9C, 0x45, 0x9C, 0x45, 0xDE, 0x45, 0x9C, 0x45, 0x00, 0x00,
    0x00, 0x00, 0x7D, 0x3D, 0x7C, 0x45, 0x9D, 0x45, 0x7C, 0x45, 0x9C, 0x45, 0x7C, 0x3D, 0x7E, 0x8E,
    0xFF, 0xFF, 0xDF, 0xF7, 0xBD, 0x4D, 0x7C, 0x45, 0x5C, 0x35, 0x7C, 0x45, 0x9F, 0xDF, 0xFF, 0xFF,
    0xFF, 0xFF, 0xFF, 0xFF, 0xFF, 0xFF, 0xFF, 0xFF, 0xFF, 0xFF, 0xFF, 0xFF, 0xFF, 0xFF, 0xFF, 0xFF,
    0xFF, 0xFF, 0xFF, 0xFF, 0xFF, 0xFF, 0xFF, 0xFF, 0xFF, 0xFF, 0xFE, 0xAE, 0x7C, 0x3D, 0x9C, 0x45,
    0x9C, 0x45, 0x9C, 0x45, 0x9C, 0x45, 0x9C, 0x45, 0x7C, 0x45, 0xDE, 0x45, 0x7C, 0x45, 0x00, 0x00,
    0x00, 0x00, 0x7D, 0x3D, 0x7C, 0x45, 0x9D, 0x45, 0x7C, 0x45, 0x7C, 0x3D, 0xBD, 0x4D, 0xDF, 0xF7,
    0xFF, 0xFF, 0x7D, 0x8E, 0x7C, 0x3D, 0x9C, 0x45, 0x7C, 0x3D, 0xFD, 0x65, 0xFF, 0xFF, 0xFF, 0xFF,
    0xFF, 0xFF, 0xFF, 0xFF, 0xFF, 0xFF, 0xFF, 0xFF, 0xFF, 0xFF, 0xFF, 0xFF, 0xFF, 0xFF, 0xFF, 0xFF,
    0xFF, 0xFF, 0xFF, 0xFF, 0xFF, 0xFF, 0xFF, 0xFF, 0xFF, 0xFF, 0xFF, 0xFF, 0xFE, 0xB6, 0x5C, 0x3D,
    0x7C, 0x45, 0x7C, 0x45, 0x7C, 0x45, 0x7C, 0x45, 0x7C, 0x45, 0xDE, 0x45, 0x7C, 0x3D, 0x00, 0x00,
    0x00, 0x00, 0x7D, 0x3D, 0x7C, 0x3D, 0x9D, 0x45, 0x7C, 0x3D, 0x7C, 0x45, 0x5C, 0x35, 0x1D, 0x6E,
    0x7D, 0x8E, 0x3C, 0x2D, 0x7C, 0x45, 0x7C, 0x45, 0x5C, 0x35, 0x9E, 0x96, 0xFF, 0xFF, 0xFF, 0xFF,
    0xFF, 0xFF, 0xFF, 0xFF, 0xFF, 0xFF, 0xFF, 0xFF, 0xFF, 0xFF, 0xFF, 0xFF, 0xFF, 0xFF, 0xFF, 0xFF,
    0xFF, 0xFF, 0xFF, 0xFF, 0xFF, 0xFF, 0xFF, 0xFF, 0xFF, 0xFF, 0xFF, 0xFF, 0xFF, 0xFF, 0x1D, 0x76,
    0x5C, 0x35, 0x7C, 0x45, 0x7C, 0x3D, 0x7C, 0x3D, 0x7C, 0x3D, 0xBE, 0x45, 0x7C, 0x3D, 0x00, 0x00,
    0x00, 0x00, 0x7D, 0x3D, 0x7C, 0x3D, 0x9D, 0x3D, 0x7C, 0x3D, 0x7C, 0x3D, 0x7C, 0x3D, 0x5C, 0x35,
    0x5C, 0x35, 0x7C, 0x45, 0x7C, 0x3D, 0x7C, 0x45, 0x3C, 0x2D, 0xDE, 0xA6, 0xFF, 0xFF, 0xFF, 0xFF,
    0xFF, 0xFF, 0xFF, 0xFF, 0xFF, 0xFF, 0xFF, 0xFF, 0xFF, 0xFF, 0xFF, 0xFF, 0xFF, 0xFF, 0xFF, 0xFF,
    0xFF, 0xFF, 0xFF, 0xFF, 0xFF, 0xFF, 0xFF, 0xFF, 0xFF, 0xFF, 0xFF, 0xFF, 0xFF, 0xFF, 0x1E, 0xBF,
    0x3C, 0x35, 0x7C, 0x45, 0x7C, 0x3D, 0x7C, 0x3D, 0x7C, 0x3D, 0xBE, 0x45, 0x7C, 0x3D, 0x00, 0x00,
    0x00, 0x00, 0x7D, 0x3D, 0x5C, 0x3D, 0x7D, 0x3D, 0x5C, 0x3D, 0x5C, 0x3D, 0x5C, 0x3D, 0x7C, 0x3D,
    0x7C, 0x3D, 0x5C, 0x3D, 0x5C, 0x3D, 0x7C, 0x45, 0x3C, 0x35, 0x7E, 0x8E, 0xFF, 0xFF, 0xFF, 0xFF,
    0xFF, 0xFF, 0xFF, 0xFF, 0xFF, 0xFF, 0xFF, 0xFF, 0xFF, 0xFF, 0xFF, 0xFF, 0xFF, 0xFF, 0xFF, 0xFF,
    0xFF, 0xFF, 0xFF, 0xFF, 0xFF, 0xFF, 0xFF, 0xFF, 0xFF, 0xFF, 0xFF, 0xFF, 0xFF, 0xFF, 0x5F, 0xD7,
    0x5C, 0x35, 0x7C, 0x3D, 0x5C, 0x3D, 0x5C, 0x3D, 0x5C, 0x3D, 0xBD, 0x45, 0x5C, 0x3D, 0x00, 0x00,
    0x00, 0x00, 0x7B, 0x3D, 0x5C, 0x3D, 0x7C, 0x3D, 0x5C, 0x3D, 0x5C, 0x3D, 0x5C, 0x3D, 0x5C, 0x3D,
    0x5C, 0x3D, 0x5C, 0x3D, 0x5C, 0x3D, 0x5C, 0x3D, 0x3C, 0x35, 0x3D, 0x76, 0xFF, 0xFF, 0xFF, 0xFF,
    0xFF, 0xFF, 0xFF, 0xFF, 0xFF, 0xFF, 0xFF, 0xFF, 0xFF, 0xFF, 0xFF, 0xFF, 0xFF, 0xFF, 0xFF, 0xFF,
    0xFF, 0xFF, 0xFF, 0xFF, 0xFF, 0xFF, 0xFF, 0xFF, 0xFF, 0xFF, 0xFF, 0xFF, 0xFF, 0xFF, 0x5F, 0xCF,
    0x3C, 0x35, 0x5C, 0x3D, 0x5C, 0x3D, 0x5C, 0x3D, 0x5C, 0x3D, 0x9D, 0x3D, 0x5C, 0x3D, 0x00, 0x00,
    0x00, 0x00, 0x7B, 0x3D, 0x5C, 0x3D, 0x7C, 0x3D, 0x5C, 0x3D, 0x5C, 0x3D, 0x5C, 0x3D, 0x5C, 0x3D,
    0x5C, 0x3D, 0x5C, 0x3D, 0x5C, 0x3D, 0x5C, 0x3D, 0x1C, 0x2D, 0xBE, 0xA6, 0xFF, 0xFF, 0xFF, 0xFF,
    0xFF, 0xFF, 0xFF, 0xFF, 0xFF, 0xFF, 0xFF, 0xFF, 0xFF, 0xFF, 0xFF, 0xFF, 0xFF, 0xFF, 0xFF, 0xFF,
    0xFF, 0xFF, 0xFF, 0xFF, 0xFF, 0xFF, 0xFF, 0xFF, 0xFF, 0xFF, 0xFF, 0xFF, 0xFF, 0xFF, 0x5F, 0xCF,
    0x3C, 0x35, 0x5C, 0x3D, 0x5C, 0x3D, 0x5C, 0x3D, 0x5C, 0x3D, 0x9D, 0x3D, 0x7C, 0x3D, 0x00, 0x00,
    0x00, 0x00, 0xBC, 0x3D, 0x3C, 0x3D, 0x5C, 0x3D, 0x3C, 0x3D, 0x5C, 0x3D, 0x5C, 0x3D, 0x5C, 0x3D,
    0x5C, 0x3D, 0x5C, 0x3D, 0x5C, 0x3D, 0x5C, 0x3D, 0x1C, 0x2D, 0x5D, 0x8E, 0xFF, 0xFF, 0xFF, 0xFF,
    0xFF, 0xFF, 0xFF, 0xFF, 0xFF, 0xFF, 0xFF, 0xFF, 0xFF, 0xFF, 0xFF, 0xFF, 0xFF, 0xFF, 0xFF, 0xFF,
    0xFF, 0xFF, 0xFF, 0xFF, 0xFF, 0xFF, 0xFF, 0xFF, 0xFF, 0xFF, 0xFF, 0xFF, 0xFF, 0xFF, 0x1E, 0xBF,
    0x1C, 0x2D, 0x5C, 0x3D, 0x5C, 0x3D, 0x5C, 0x3D, 0x3C, 0x3D, 0x9D, 0x3D, 0x5C, 0x3D, 0x00, 0x00,
    0x00, 0x00, 0x5A, 0x3D, 0x3C, 0x3D, 0x5C, 0x3D, 0x3C, 0x3D, 0x3C, 0x3D, 0x3C, 0x3D, 0x3C, 0x3D,
    0x3C, 0x3D, 0x3C, 0x3D, 0x3C, 0x3D, 0x3C, 0x3D, 0x3C, 0x35, 0x5C, 0x3D, 0xBF, 0xE7, 0xFF, 0xFF,
    0xFF, 0xFF, 0xFF, 0xFF, 0xFF, 0xFF, 0xFF, 0xFF, 0xFF, 0xFF, 0xFF, 0xFF, 0xFF, 0xFF, 0xFF, 0xFF,
    0xFF, 0xFF, 0xFF, 0xFF, 0xFF, 0xFF, 0xFF, 0xFF, 0xFF, 0xFF, 0xFF, 0xFF, 0xFF, 0xFF, 0xDC, 0x5D,
    0x1C, 0x35, 0x5C, 0x3D, 0x3C, 0x3D, 0x3C, 0x3D, 0x3C, 0x3D, 0x7D, 0x3D, 0x5C, 0x3D, 0x00, 0x00,
    0xF7, 0x3B, 0x00, 0x00, 0x3C, 0x35, 0x9D, 0x3D, 0x3B, 0x35, 0x3C, 0x35, 0x3C, 0x35, 0x3C, 0x35,
    0x3C, 0x35, 0x3C, 0x35, 0x3C, 0x35, 0x3C, 0x35, 0x3C, 0x3D, 0x1C, 0x2D, 0xBC, 0x5D, 0x5F, 0xD7,
    0xFF, 0xFF, 0xFF, 0xFF, 0xFF, 0xFF, 0xFF, 0xFF, 0xFF, 0xFF, 0xFF, 0xFF, 0xFF, 0xFF, 0xFF, 0xFF,
    0xFF, 0xFF, 0xFF, 0xFF, 0xFF, 0xFF, 0xFF, 0xFF, 0xFF, 0xFF, 0xBF, 0xE7, 0x1D, 0x7E, 0x1B, 0x2D,
    0x3C, 0x3D, 0x3C, 0x35, 0x3C, 0x35, 0x3B, 0x35, 0x5C, 0x3D, 0x3B, 0x35, 0x99, 0x4D, 0x00, 0x00,
    0xFF, 0x3D, 0x00, 0x00, 0x1B, 0x35, 0x9D, 0x3D, 0x1B, 0x35, 0x3C, 0x35, 0x3C, 0x35, 0x3C, 0x35,
    0x3C, 0x35, 0x3C, 0x35, 0x3C, 0x35, 0x3C, 0x35, 0x3C, 0x35, 0x3C, 0x3D, 0x1B, 0x2D, 0x3C, 0x35,
    0xDC, 0x65, 0xFD, 0x6D, 0xFD, 0x6D, 0xFD, 0x6D, 0xFD, 0x6D, 0xFD, 0x6D, 0xFD, 0x6D, 0xFD, 0x6D,
    0xFD, 0x6D, 0xFD, 0x6D, 0xFD, 0x6D, 0xFD, 0x6D, 0xDD, 0x65, 0x5C, 0x45, 0xFB, 0x2C, 0x3C, 0x3D,
    0x3C, 0x35, 0x3C, 0x35, 0x3C, 0x35, 0x3B, 0x35, 0x7D, 0x3D, 0x3B, 0x35, 0x00, 0x00, 0xF7, 0x3D,
    0xFF, 0x07, 0xFF, 0x07, 0xFB, 0x34, 0x3C, 0x35, 0x5C, 0x35, 0x1B, 0x35, 0x3B, 0x35, 0x3B, 0x35,
    0x3B, 0x35, 0x3B, 0x35, 0x3B, 0x35, 0x3B, 0x35, 0x3B, 0x35, 0x3B, 0x35, 0x3C, 0x35, 0x3B, 0x35,
    0x1B, 0x2D, 0xFB, 0x2C, 0xFB, 0x2C, 0xFB, 0x2C, 0xFB, 0x2C, 0xFB, 0x2C, 0xFB, 0x2C, 0xFB, 0x2C,
    0xFB, 0x2C, 0xFB, 0x2C, 0xFB, 0x2C, 0xFB, 0x2C, 0xFB, 0x2C, 0x1B, 0x35, 0x3C, 0x3D, 0x3B, 0x35,
    0x3B, 0x35, 0x3B, 0x35, 0x3B, 0x35, 0x1B, 0x35, 0x7D, 0x3D, 0x1B, 0x35, 0x00, 0x00, 0x5F, 0x55,
    0x00, 0x00, 0x5F, 0x55, 0x00, 0x00, 0x1B, 0x35, 0x7E, 0x3D, 0x1B, 0x35, 0x1B, 0x35, 0x1B, 0x35,
    0x1B, 0x35, 0x1B, 0x35, 0x1B, 0x35, 0x1B, 0x35, 0x1B, 0x35, 0x1B, 0x35, 0x1B, 0x35, 0x1B, 0x35,
    0x1B, 0x35, 0x3B, 0x35, 0x3B, 0x35, 0x3B, 0x35, 0x3B, 0x35, 0x3B, 0x35, 0x3B, 0x35, 0x3B, 0x35,
    0x3B, 0x35, 0x3B, 0x35, 0x3B, 0x35, 0x3B, 0x35, 0x3B, 0x35, 0x1B, 0x35, 0x1B, 0x35, 0x1B, 0x35,
    0x1B, 0x35, 0x1B, 0x35, 0x1B, 0x35, 0x7D, 0x3D, 0x1B, 0x35, 0x00, 0x00, 0x5F, 0x55, 0x00, 0x00,
    0x00, 0x00, 0x00, 0x00, 0xFF, 0x57, 0x00, 0x00, 0x1B, 0x35, 0x9E, 0x3D, 0x1B, 0x35, 0x1B, 0x35,
    0x1B, 0x35, 0x1B, 0x35, 0x1B, 0x35, 0x1B, 0x35, 0x1B, 0x35, 0x1B, 0x35, 0x1B, 0x35, 0x1B, 0x35,
    0x1B, 0x35, 0x1B, 0x35, 0x1B, 0x35, 0x1B, 0x35, 0x1B, 0x35, 0x1B, 0x35, 0x1B, 0x35, 0x1B, 0x35,
    0x1B, 0x35, 0x1B, 0x35, 0x1B, 0x35, 0x1B, 0x35, 0x1B, 0x35, 0x1B, 0x35, 0x1B, 0x35, 0x1B, 0x35,
    0x1B, 0x35, 0x1B, 0x35, 0x7D, 0x35, 0x3C, 0x35, 0xDA, 0x2C, 0xFF, 0x03, 0xFF, 0x07, 0x00, 0x00,
    0x00, 0x00, 0x00, 0x00, 0xFF, 0x07, 0xFF, 0x07, 0x3C, 0x2D, 0x1C, 0x35, 0x7D, 0x35, 0x1B, 0x35,
    0xFB, 0x34, 0x1B, 0x35, 0x1B, 0x35, 0x1B, 0x35, 0x1B, 0x35, 0x1B, 0x35, 0x1B, 0x35, 0x1B, 0x35,
    0x1B, 0x35, 0x1B, 0x35, 0x1B, 0x35, 0x1B, 0x35, 0x1B, 0x35, 0x1B, 0x35, 0x1B, 0x35, 0x1B, 0x35,
    0x1B, 0x35, 0x1B, 0x35, 0x1B, 0x35, 0x1B, 0x35, 0x1B, 0x35, 0x1B, 0x35, 0x1B, 0x35, 0x1B, 0x35,
    0xFB, 0x34, 0x5D, 0x35, 0x3C, 0x35, 0xFA, 0x34, 0x00, 0x00, 0xFF, 0x07, 0x00, 0x00, 0x00, 0x00,
    0x00, 0x00, 0x00, 0x00, 0x00, 0x00, 0xFF, 0x07, 0x00, 0x00, 0x00, 0x00, 0x1B, 0x2D, 0x1C, 0x35,
    0x5D, 0x35, 0x3C, 0x35, 0xFB, 0x34, 0xFB, 0x34, 0xFB, 0x34, 0xFB, 0x34, 0xFB, 0x34, 0xFB, 0x34,
    0xFB, 0x34, 0xFB, 0x34, 0xFB, 0x34, 0xFB, 0x34, 0xFB, 0x34, 0xFB, 0x34, 0xFB, 0x34, 0xFB, 0x34,
    0xFB, 0x34, 0xFB, 0x34, 0xFB, 0x34, 0xFB, 0x34, 0xFB, 0x34, 0xFB, 0x34, 0x1C, 0x35, 0x5D, 0x35,
    0x3D, 0x35, 0x3C, 0x35, 0x99, 0x2C, 0x00, 0x00, 0xFF, 0x7F, 0x00, 0x00, 0x00, 0x00, 0x00, 0x00,
    0x00, 0x00, 0x00, 0x00, 0x00, 0x00, 0x00, 0x00, 0xFF, 0x07, 0xFF, 0x07, 0x00, 0x00, 0x1B, 0x2D,
    0x1C, 0x35, 0x1C, 0x2D, 0x1B, 0x35, 0x3D, 0x35, 0x3C, 0x35, 0x3C, 0x35, 0x3C, 0x35, 0x3C, 0x35,
    0x3C, 0x35, 0x3C, 0x35, 0x3C, 0x35, 0x3C, 0x35, 0x3C, 0x35, 0x3C, 0x35, 0x3C, 0x35, 0x3C, 0x35,
    0x3C, 0x35, 0x3C, 0x35, 0x3C, 0x35, 0x3C, 0x35, 0x3D, 0x35, 0x1C, 0x35, 0x1C, 0x35, 0x1C, 0x35,
    0x1C, 0x2D, 0x00, 0x00, 0x00, 0x00, 0xFF, 0x7F, 0x00, 0x00, 0x00, 0x00, 0x00, 0x00, 0x00, 0x00,
    0x00, 0x00, 0x00, 0x00, 0x00, 0x00, 0x00, 0x00, 0x00, 0x00, 0x00, 0x00, 0x5F, 0x55, 0x00, 0x00,
    0x00, 0x00, 0x5F, 0x55, 0x3D, 0x35, 0x3C, 0x2D, 0xDB, 0x2C, 0xFB, 0x2C, 0xFB, 0x2C, 0xFB, 0x2C,
    0xFB, 0x2C, 0xFB, 0x2C, 0xFB, 0x2C, 0xFB, 0x2C, 0xFB, 0x2C, 0xFB, 0x2C, 0xFB, 0x2C, 0xFB, 0x2C,
    0xFB, 0x2C, 0xFB, 0x2C, 0xFB, 0x2C, 0xDB, 0x2C, 0x1C, 0x2D, 0x1C, 0x35, 0x5F, 0x3D, 0x00, 0x00,
    0x00, 0x00, 0xFF, 0x03, 0xFF, 0x07, 0x00, 0x00, 0x00, 0x00, 0x00, 0x00, 0x00, 0x00, 0x00, 0x00,
    0x00, 0x00, 0x00, 0x00, 0x00, 0x00, 0x00, 0x00, 0x00, 0x00, 0x00, 0x00, 0x00, 0x00, 0xFF, 0x03,
    0xF7, 0x3D, 0x00, 0x00, 0x00, 0x00, 0x00, 0x00, 0x00, 0x00, 0x00, 0x00, 0x00, 0x00, 0x00, 0x00,
    0x00, 0x00, 0x00, 0x00, 0x00, 0x00, 0x00, 0x00, 0x00, 0x00, 0x00, 0x00, 0x00, 0x00, 0x00, 0x00,
    0x00, 0x00, 0x00, 0x00, 0x00, 0x00, 0x00, 0x00, 0x00, 0x00, 0x00, 0x00, 0x00, 0x00, 0xF7, 0x3B,
    0x5F, 0x55, 0x00, 0x00, 0x00, 0x00, 0x00, 0x00, 0x00, 0x00, 0x00, 0x00, 0x00, 0x00, 0x00, 0x00,
    0x00, 0x00, 0x00, 0x00, 0x00, 0x00, 0x00, 0x01, 0x03, 0x04, 0x00, 0x00, 0x00, 0x00, 0x00, 0x00,
    0x00, 0x00, 0x00, 0x00, 0x00, 0x00, 0x00, 0x00, 0x00, 0x00, 0x00, 0x00, 0x00, 0x00, 0x03, 0x04,
    0x01, 0x00, 0x00, 0x00, 0x00, 0x00, 0x00, 0x00, 0x00, 0x00, 0x00, 0x00, 0x00, 0x00, 0x03, 0x00,
    0x00, 0x00, 0x03, 0x10, 0x10, 0x10, 0x10, 0x10, 0x10, 0x10, 0x10, 0x10, 0x10, 0x10, 0x10, 0x10,
    0x10, 0x10, 0x10, 0x10, 0x10, 0x09, 0x00, 0x00, 0x00, 0x03, 0x00, 0x00, 0x00, 0x00, 0x00, 0x00,
    0x00, 0x00, 0x00, 0x00, 0x00, 0x04, 0x00, 0x06, 0x4F, 0x9F, 0xD6, 0xEF, 0xEF, 0xF0, 0xF0, 0xF0,
    0xF0, 0xF0, 0xF0, 0xF0, 0xF0, 0xF0, 0xF0, 0xF0, 0xF0, 0xF0, 0xF0, 0xEF, 0xEF, 0xE2, 0xAE, 0x61,
    0x16, 0x00, 0x02, 0x01, 0x00, 0x00, 0x00, 0x00, 0x00, 0x00, 0x00, 0x00, 0x01, 0x00, 0x47, 0xD4,
    0xFF, 0xFF, 0xFF, 0xFF, 0xFF, 0xFF, 0xFF, 0xFF, 0xFF, 0xFF, 0xFF, 0xFF, 0xFF, 0xFF, 0xFF, 0xFF,
    0xFF, 0xFF, 0xFF, 0xFF, 0xFF, 0xFF, 0xFF, 0xFF, 0xE9, 0x6D, 0x00, 0x00, 0x01, 0x00, 0x00, 0x00,
    0x00, 0x00, 0x00, 0x03, 0x01, 0x7F, 0xFF, 0xFF, 0xFC, 0xFB, 0xFD, 0xFE, 0xFE, 0xFE, 0xFE, 0xFE,
    0xFE, 0xFE, 0xFE, 0xFE, 0xFE, 0xFE, 0xFE, 0xFE, 0xFE, 0xFE, 0xFE, 0xFE, 0xFE, 0xFD, 0xFC, 0xFB,
    0xFF, 0xFF, 0xA9, 0x13, 0x01, 0x01, 0x00, 0x00, 0x00, 0x00, 0x04, 0x00, 0x80, 0xFF, 0xFC, 0xFD,
    0xFF, 0xFF, 0xFF, 0xFF, 0xFF, 0xFF, 0xFF, 0xFF, 0xFF, 0xFF, 0xFF, 0xFF, 0xFF, 0xFF, 0xFF, 0xFF,
    0xFF, 0xFF, 0xFF, 0xFF, 0xFF, 0xFF, 0xFF, 0xFF, 0xFE, 0xFA, 0xFF, 0xBB, 0x01, 0x03, 0x00, 0x00,
    0x00, 0x03, 0x00, 0x44, 0xFE, 0xFA, 0xFE, 0xFF, 0xFF, 0xFF, 0xFF, 0xFF, 0xFF, 0xFF, 0xFF, 0xFF,
    0xFF, 0xFF, 0xFF, 0xFF, 0xFF, 0xFF, 0xFF, 0xFF, 0xFF, 0xFF, 0xFF, 0xFF, 0xFF, 0xFF, 0xFF, 0xFF,
    0xFF, 0xFF, 0xF9, 0xFF, 0x7F, 0x00, 0x03, 0x00, 0x00, 0x01, 0x09, 0xD9, 0xFF, 0xFD, 0xFF, 0xFF,
    0xFF, 0xFF, 0xFF, 0xFF, 0xFF, 0xFF, 0xFF, 0xFF, 0xFF, 0xFF, 0xFF, 0xFF, 0xFF, 0xFF, 0xFF, 0xFF,
    0xFF, 0xFF, 0xFF, 0xFF, 0xFF, 0xFF, 0xFF, 0xFF, 0xFF, 0xFF, 0xFE, 0xFD, 0xFA, 0x2A, 0x00, 0x02,
    0x04, 0x00, 0x4C, 0xFF, 0xFC, 0xFF, 0xFF, 0xFF, 0xFF, 0xFF, 0xFF, 0xFF, 0xFF, 0xFF, 0xFF, 0xFF,
    0xFF, 0xFF, 0xFF, 0xFF, 0xFF, 0xFF, 0xFF, 0xFF, 0xFF, 0xFF, 0xFF, 0xFF, 0xFF, 0xFF, 0xFF, 0xFF,
    0xFF, 0xFF, 0xFF, 0xFB, 0xFF, 0x8C, 0x00, 0x05, 0x04, 0x00, 0x9F, 0xFE, 0xFB, 0xFF, 0xFF, 0xFF,
    0xFF, 0xFF, 0xFF, 0xFF, 0xFF, 0xFF, 0xFF, 0xFF, 0xFF, 0xFF, 0xFF, 0xFF, 0xFF, 0xFF, 0xFF, 0xFF,
    0xFF, 0xFF, 0xFF, 0xFF, 0xFF, 0xFF, 0xFF, 0xFF, 0xFF, 0xFF, 0xFF, 0xFD, 0xFF, 0xD9, 0x04, 0x01,
    0x01, 0x08, 0xDB, 0xFF, 0xFD, 0xFF, 0xFF, 0xFF, 0xFF, 0xFF, 0xFF, 0xFF, 0xFF, 0xFF, 0xFF, 0xFF,
    0xFF, 0xFF, 0xFF, 0xFF, 0xFF, 0xFF, 0xFF, 0xFF, 0xFF, 0xFF, 0xFF, 0xFF, 0xFF, 0xFF, 0xFF, 0xFF,
    0xFF, 0xFF, 0xFF, 0xFF, 0xFE, 0xFA, 0x29, 0x00, 0x00, 0x11, 0xF3, 0xFF, 0xFE, 0xFF, 0xFF, 0xFF,
    0xFF, 0xFF, 0xFF, 0xFF, 0xFF, 0xFF, 0xFF, 0xFF, 0xFF, 0xFF, 0xFF, 0xFF, 0xFF, 0xFF, 0xFF, 0xFF,
    0xFF, 0xFF, 0xFF, 0xFF, 0xFF, 0xFF, 0xFF, 0xFF, 0xFF, 0xFF, 0xFF, 0xFF, 0xFD, 0xFF, 0x43, 0x00,
    0x00, 0x10, 0xEF, 0xFF, 0xFE, 0xFF, 0xFF, 0xFF, 0xFF, 0xFF, 0xFF, 0xFF, 0xFF, 0xFF, 0xFF, 0xFF,
    0xFF, 0xFF, 0xFF, 0xFF, 0xFF, 0xFF, 0xFF, 0xFF, 0xFF, 0xFF, 0xFF, 0xFF, 0xFF, 0xFF, 0xFF, 0xFF,
    0xFF, 0xFF, 0xFF, 0xFF, 0xFD, 0xFF, 0x3F, 0x00, 0x00, 0x10, 0xF0, 0xFF, 0xFE, 0xFF, 0xFF, 0xFF,
    0xFF, 0xFF, 0xFF, 0xFF, 0xFF, 0xFF, 0xFF, 0xFF, 0xFF, 0xFF, 0xFF, 0xFF, 0xFF, 0xFF, 0xFF, 0xFF,
    0xFF, 0xFF, 0xFF, 0xFF, 0xFF, 0xFF, 0xFF, 0xFF, 0xFF, 0xFF, 0xFF, 0xFF, 0xFD, 0xFF, 0x40, 0x00,
    0x00, 0x10, 0xF0, 0xFF, 0xFE, 0xFF, 0xFF, 0xFF, 0xFF, 0xFF, 0xFF, 0xFF, 0xFF, 0xFF, 0xFF, 0xFF,
    0xFF, 0xFF, 0xFF, 0xFF, 0xFF, 0xFF, 0xFF, 0xFF, 0xFF, 0xFF, 0xFF, 0xFF, 0xFF, 0xFF, 0xFF, 0xFF,
    0xFF, 0xFF, 0xFF, 0xFF, 0xFD, 0xFF, 0x40, 0x00, 0x00, 0x10, 0xF0, 0xFF, 0xFE, 0xFF, 0xFF, 0xFF,
    0xFF, 0xFF, 0xFF, 0xFF, 0xFF, 0xFF, 0xFF, 0xFF, 0xFF, 0xFF, 0xFF, 0xFF, 0xFF, 0xFF, 0xFF, 0xFF,
    0xFF, 0xFF, 0xFF, 0xFF, 0xFF, 0xFF, 0xFF, 0xFF, 0xFF, 0xFF, 0xFF, 0xFF, 0xFD, 0xFF, 0x40, 0x00,
    0x00, 0x10, 0xF0, 0xFF, 0xFE, 0xFF, 0xFF, 0xFF, 0xFF, 0xFF, 0xFF, 0xFF, 0xFF, 0xFF, 0xFF, 0xFF,
    0xFF, 0xFF, 0xFF, 0xFF, 0xFF, 0xFF, 0xFF, 0xFF, 0xFF, 0xFF, 0xFF, 0xFF, 0xFF, 0xFF, 0xFF, 0xFF,
    0xFF, 0xFF, 0xFF, 0xFF, 0xFD, 0xFF, 0x40, 0x00, 0x00, 0x10, 0xF0, 0xFF, 0xFE, 0xFF, 0xFF, 0xFF,
    0xFF, 0xFF, 0xFF, 0xFF, 0xFF, 0xFF, 0xFF, 0xFF, 0xFF, 0xFF, 0xFF, 0xFF, 0xFF, 0xFF, 0xFF, 0xFF,
    0xFF, 0xFF, 0xFF, 0xFF, 0xFF, 0xFF, 0xFF, 0xFF, 0xFF, 0xFF, 0xFF, 0xFF, 0xFD, 0xFF, 0x40, 0x00,
    0x00, 0x10, 0xF0, 0xFF, 0xFE, 0xFF, 0xFF, 0xFF, 0xFF, 0xFF, 0xFF, 0xFF, 0xFF, 0xFF, 0xFF, 0xFF,
    0xFF, 0xFF, 0xFF, 0xFF, 0xFF, 0xFF, 0xFF, 0xFF, 0xFF, 0xFF, 0xFF, 0xFF, 0xFF, 0xFF, 0xFF, 0xFF,
    0xFF, 0xFF, 0xFF, 0xFF, 0xFD, 0xFF, 0x40, 0x00, 0x00, 0x10, 0xF0, 0xFF, 0xFE, 0xFF, 0xFF, 0xFF,
    0xFF, 0xFF, 0xFF, 0xFF, 0xFF, 0xFF, 0xFF, 0xFF, 0xFF, 0xFF, 0xFF, 0xFF, 0xFF, 0xFF, 0xFF, 0xFF,
    0xFF, 0xFF, 0xFF, 0xFF, 0xFF, 0xFF, 0xFF, 0xFF, 0xFF, 0xFF, 0xFF, 0xFF, 0xFD, 0xFF, 0x40, 0x00,
    0x00, 0x10, 0xF0, 0xFF, 0xFE, 0xFF, 0xFF, 0xFF, 0xFF, 0xFF, 0xFF, 0xFF, 0xFF, 0xFF, 0xFF, 0xFF,
    0xFF, 0xFF, 0xFF, 0xFF, 0xFF, 0xFF, 0xFF, 0xFF, 0xFF, 0xFF, 0xFF, 0xFF, 0xFF, 0xFF, 0xFF, 0xFF,
    0xFF, 0xFF, 0xFF, 0xFF, 0xFD, 0xFF, 0x40, 0x00, 0x00, 0x10, 0xF0, 0xFF, 0xFE, 0xFF, 0xFF, 0xFF,
    0xFF, 0xFF, 0xFF, 0xFF, 0xFF, 0xFF, 0xFF, 0xFF, 0xFF, 0xFF, 0xFF, 0xFF, 0xFF, 0xFF, 0xFF, 0xFF,
    0xFF, 0xFF, 0xFF, 0xFF, 0xFF, 0xFF, 0xFF, 0xFF, 0xFF, 0xFF, 0xFF, 0xFF, 0xFD, 0xFF, 0x40, 0x00,
    0x00, 0x10, 0xF0, 0xFF, 0xFE, 0xFF, 0xFF, 0xFF, 0xFF, 0xFF, 0xFF, 0xFF, 0xFF, 0xFF, 0xFF, 0xFF,
    0xFF, 0xFF, 0xFF, 0xFF, 0xFF, 0xFF, 0xFF, 0xFF, 0xFF, 0xFF, 0xFF, 0xFF, 0xFF, 0xFF, 0xFF, 0xFF,
    0xFF, 0xFF, 0xFF, 0xFF, 0xFD, 0xFF, 0x40, 0x00, 0x00, 0x10, 0xF0, 0xFF, 0xFE, 0xFF, 0xFF, 0xFF,
    0xFF, 0xFF, 0xFF, 0xFF, 0xFF, 0xFF, 0xFF, 0xFF, 0xFF, 0xFF, 0xFF, 0xFF, 0xFF, 0xFF, 0xFF, 0xFF,
    0xFF, 0xFF, 0xFF, 0xFF, 0xFF, 0xFF, 0xFF, 0xFF, 0xFF, 0xFF, 0xFF, 0xFF, 0xFD, 0xFF, 0x40, 0x00,
    0x00, 0x10, 0xF0, 0xFF, 0xFE, 0xFF, 0xFF, 0xFF, 0xFF, 0xFF, 0xFF, 0xFF, 0xFF, 0xFF, 0xFF, 0xFF,
    0xFF, 0xFF, 0xFF, 0xFF, 0xFF, 0xFF, 0xFF, 0xFF, 0xFF, 0xFF, 0xFF, 0xFF, 0xFF, 0xFF, 0xFF, 0xFF,
    0xFF, 0xFF, 0xFF, 0xFF, 0xFD, 0xFF, 0x40, 0x00, 0x00, 0x10, 0xF0, 0xFF, 0xFE, 0xFF, 0xFF, 0xFF,
    0xFF, 0xFF, 0xFF, 0xFF, 0xFF, 0xFF, 0xFF, 0xFF, 0xFF, 0xFF, 0xFF, 0xFF, 0xFF, 0xFF, 0xFF, 0xFF,
    0xFF, 0xFF, 0xFF, 0xFF, 0xFF, 0xFF, 0xFF, 0xFF, 0xFF, 0xFF, 0xFF, 0xFF, 0xFD, 0xFF, 0x40, 0x00,
    0x00, 0x10, 0xF0, 0xFF, 0xFE, 0xFF, 0xFF, 0xFF, 0xFF, 0xFF, 0xFF, 0xFF, 0xFF, 0xFF, 0xFF, 0xFF,
    0xFF, 0xFF, 0xFF, 0xFF, 0xFF, 0xFF, 0xFF, 0xFF, 0xFF, 0xFF, 0xFF, 0xFF, 0xFF, 0xFF, 0xFF, 0xFF,
    0xFF, 0xFF, 0xFF, 0xFF, 0xFD, 0xFF, 0x40, 0x00, 0x00, 0x10, 0xEF, 0xFF, 0xFE, 0xFF, 0xFF, 0xFF,
    0xFF, 0xFF, 0xFF, 0xFF, 0xFF, 0xFF, 0xFF, 0xFF, 0xFF, 0xFF, 0xFF, 0xFF, 0xFF, 0xFF, 0xFF, 0xFF,
    0xFF, 0xFF, 0xFF, 0xFF, 0xFF, 0xFF, 0xFF, 0xFF, 0xFF, 0xFF, 0xFF, 0xFF, 0xFD, 0xFF, 0x3F, 0x00,
    0x00, 0x11, 0xF2, 0xFF, 0xFE, 0xFF, 0xFF, 0xFF, 0xFF, 0xFF, 0xFF, 0xFF, 0xFF, 0xFF, 0xFF, 0xFF,
    0xFF, 0xFF, 0xFF, 0xFF, 0xFF, 0xFF, 0xFF, 0xFF, 0xFF, 0xFF, 0xFF, 0xFF, 0xFF, 0xFF, 0xFF, 0xFF,
    0xFF, 0xFF, 0xFF, 0xFF, 0xFD, 0xFF, 0x42, 0x00, 0x01, 0x0C, 0xE5, 0xFF, 0xFE, 0xFF, 0xFF, 0xFF,
    0xFF, 0xFF, 0xFF, 0xFF, 0xFF, 0xFF, 0xFF, 0xFF, 0xFF, 0xFF, 0xFF, 0xFF, 0xFF, 0xFF, 0xFF, 0xFF,
    0xFF, 0xFF, 0xFF, 0xFF, 0xFF, 0xFF, 0xFF, 0xFF, 0xFF, 0xFF, 0xFF, 0xFF, 0xFE, 0xFD, 0x35, 0x00,
    0x04, 0x00, 0xB0, 0xFE, 0xFC, 0xFF, 0xFF, 0xFF, 0xFF, 0xFF, 0xFF, 0xFF, 0xFF, 0xFF, 0xFF, 0xFF,
    0xFF, 0xFF, 0xFF, 0xFF, 0xFF, 0xFF, 0xFF, 0xFF, 0xFF, 0xFF, 0xFF, 0xFF, 0xFF, 0xFF, 0xFF, 0xFF,
    0xFF, 0xFF, 0xFF, 0xFE, 0xFF, 0xE6, 0x0A, 0x01, 0x04, 0x00, 0x62, 0xFF, 0xFC, 0xFF, 0xFF, 0xFF,
    0xFF, 0xFF, 0xFF, 0xFF, 0xFF, 0xFF, 0xFF, 0xFF, 0xFF, 0xFF, 0xFF, 0xFF, 0xFF, 0xFF, 0xFF, 0xFF,
    0xFF, 0xFF, 0xFF, 0xFF, 0xFF, 0xFF, 0xFF, 0xFF, 0xFF, 0xFF, 0xFF, 0xFB, 0xFE, 0xA2, 0x00, 0x04,
    0x01, 0x01, 0x15, 0xEE, 0xFD, 0xFE, 0xFF, 0xFF, 0xFF, 0xFF, 0xFF, 0xFF, 0xFF, 0xFF, 0xFF, 0xFF,
    0xFF, 0xFF, 0xFF, 0xFF, 0xFF, 0xFF, 0xFF, 0xFF, 0xFF, 0xFF, 0xFF, 0xFF, 0xFF, 0xFF, 0xFF, 0xFF,
    0xFF, 0xFF, 0xFF, 0xFC, 0xFF, 0x42, 0x00, 0x03, 0x00, 0x03, 0x00, 0x6B, 0xFF, 0xFA, 0xFF, 0xFF,
    0xFF, 0xFF, 0xFF, 0xFF, 0xFF, 0xFF, 0xFF, 0xFF, 0xFF, 0xFF, 0xFF, 0xFF, 0xFF, 0xFF, 0xFF, 0xFF,
    0xFF, 0xFF, 0xFF, 0xFF, 0xFF, 0xFF, 0xFF, 0xFF, 0xFF, 0xFF, 0xFA, 0xFF, 0xAA, 0x00, 0x03, 0x00,
    0x00, 0x00, 0x03, 0x00, 0xAC, 0xFF, 0xF9, 0xFE, 0xFF, 0xFF, 0xFF, 0xFF, 0xFF, 0xFF, 0xFF, 0xFF,
    0xFF, 0xFF, 0xFF, 0xFF, 0xFF, 0xFF, 0xFF, 0xFF, 0xFF, 0xFF, 0xFF, 0xFF, 0xFF, 0xFF, 0xFF, 0xFF,
    0xFF, 0xFA, 0xFF, 0xDE, 0x12, 0x02, 0x01, 0x00, 0x00, 0x00, 0x01, 0x01, 0x11, 0xB8, 0xFF, 0xFF,
    0xFB, 0xFD, 0xFE, 0xFF, 0xFF, 0xFF, 0xFF, 0xFF, 0xFF, 0xFF, 0xFF, 0xFF, 0xFF, 0xFF, 0xFF, 0xFF,
    0xFF, 0xFF, 0xFF, 0xFF, 0xFF, 0xFF, 0xFD, 0xFB, 0xFD, 0xFF, 0xDA, 0x34, 0x00, 0x02, 0x00, 0x00,
    0x00, 0x00, 0x00, 0x01, 0x00, 0x00, 0x80, 0xF9, 0xFF, 0xFF, 0xFF, 0xFD, 0xFD, 0xFD, 0xFD, 0xFD,
    0xFD, 0xFD, 0xFD, 0xFD, 0xFD, 0xFD, 0xFD, 0xFD, 0xFD, 0xFD, 0xFD, 0xFD, 0xFD, 0xFE, 0xFF, 0xFF,
    0xFF, 0xA7, 0x13, 0x00, 0x02, 0x00, 0x00, 0x00, 0x00, 0x00, 0x00, 0x00, 0x01, 0x01, 0x00, 0x2C,
    0x8C, 0xD6, 0xFD, 0xFF, 0xFF, 0xFF, 0xFF, 0xFF, 0xFF, 0xFF, 0xFF, 0xFF, 0xFF, 0xFF, 0xFF, 0xFF,
    0xFF, 0xFF, 0xFF, 0xFF, 0xFF, 0xFF, 0xE2, 0x9F, 0x46, 0x00, 0x00, 0x02, 0x00, 0x00, 0x00, 0x00,
    0x00, 0x00, 0x00, 0x00, 0x00, 0x00, 0x03, 0x00, 0x00, 0x03, 0x28, 0x40, 0x40, 0x40, 0x40, 0x40,
    0x40, 0x40, 0x40, 0x40, 0x40, 0x40, 0x40, 0x40, 0x40, 0x40, 0x40, 0x40, 0x40, 0x34, 0x09, 0x00,
    0x00, 0x02, 0x01, 0x00, 0x00, 0x00, 0x00, 0x00, 0x00, 0x00, 0x00, 0x00, 0x00, 0x00, 0x00, 0x02,
    0x04, 0x00, 0x00, 0x00, 0x00, 0x00, 0x00, 0x00, 0x00, 0x00, 0x00, 0x00, 0x00, 0x00, 0x00, 0x00,
    0x00, 0x00, 0x00, 0x00, 0x00, 0x00, 0x00, 0x04, 0x03, 0x00, 0x00, 0x00, 0x00, 0x00, 0x00, 0x00,
};

const lv_image_dsc_t icon_home_weather = {
    .header.magic = LV_IMAGE_HEADER_MAGIC,
    .header.cf = LV_COLOR_FORMAT_RGB565A8,
    .header.w = 40,
    .header.h = 40,
    .data_size = 4800,
    .data = icon_home_weather_map,
};

const LV_ATTRIBUTE_MEM_ALIGN uint8_t icon_home_wifi_map[] = {
    0x00, 0x00, 0x00, 0x00, 0x00, 0x00, 0x00, 0x00, 0x00, 0x00, 0x00, 0x00, 0x00, 0x00, 0xE0, 0x07,
    0xF5, 0x57, 0xEF, 0x3D, 0x00, 0x00, 0x00, 0x00, 0x00, 0x00, 0x00, 0x00, 0x00, 0x00, 0x00, 0x00,
    0x00, 0x00, 0x00, 0x00, 0x00, 0x00, 0x00, 0x00, 0x00, 0x00, 0x00, 0x00, 0x00, 0x00, 0x00, 0x00,
    0x00, 0x00, 0x00, 0x00, 0x00, 0x00, 0x00, 0x00, 0x00, 0x00, 0x00, 0x00, 0x55, 0x55, 0xEF, 0x3D,
    0xFF, 0x07, 0x00, 0x00, 0x00, 0x00, 0x00, 0x00, 0x00, 0x00, 0x00, 0x00, 0x00, 0x00, 0x00, 0x00,
    0x00, 0x00, 0x00, 0x00, 0x00, 0x00, 0x00, 0x00, 0x00, 0x00, 0x00, 0x00, 0x4A, 0x55, 0x00, 0x00,
    0x00, 0x00, 0x00, 0x00, 0x55, 0x55, 0xF3, 0x3E, 0xF1, 0x3D, 0xF1, 0x3D, 0xF1, 0x3D, 0xF1, 0x3D,
    0xF1, 0x3D, 0xF1, 0x3D, 0xF1, 0x3D, 0xF1, 0x3D, 0xF1, 0x3D, 0xF1, 0x3D, 0xF1, 0x3D, 0xF1, 0x3D,
    0xF1, 0x3D, 0xF1, 0x3D, 0xF1, 0x3D, 0xF1, 0x3D, 0x71, 0x3E, 0x31, 0x3E, 0x00, 0x00, 0x00, 0x00,
    0x00, 0x00, 0x55, 0x55, 0x00, 0x00, 0x00, 0x00, 0x00, 0x00, 0x00, 0x00, 0x00, 0x00, 0x00, 0x00,
    0x00, 0x00, 0x00, 0x00, 0x00, 0x00, 0x00, 0x00, 0x00, 0x00, 0xEF, 0x3D, 0x00, 0x00, 0x4F, 0x2D,
    0x31, 0x3E, 0x11, 0x3E, 0x11, 0x3E, 0x11, 0x3E, 0xF1, 0x3D, 0xF1, 0x3D, 0xF1, 0x3D, 0xF1, 0x3D,
    0xF1, 0x3D, 0xF1, 0x3D, 0xF1, 0x3D, 0xF1, 0x3D, 0xF1, 0x3D, 0xF1, 0x3D, 0xF1, 0x3D, 0xF1, 0x3D,
    0xF1, 0x3D, 0xF1, 0x3D, 0xF1, 0x3D, 0xF1, 0x3D, 0x11, 0x3E, 0x11, 0x3E, 0x11, 0x3E, 0x31, 0x3E,
    0x31, 0x3E, 0x00, 0x00, 0xEF, 0x7B, 0xFF, 0x07, 0x00, 0x00, 0x00, 0x00, 0x00, 0x00, 0x00, 0x00,
    0x00, 0x00, 0x00, 0x00, 0x00, 0x00, 0x00, 0x00, 0xFF, 0x07, 0x00, 0x00, 0xF1, 0x3D, 0x11, 0x3E,
    0x52, 0x3E, 0x52, 0x3E, 0x31, 0x3E, 0x11, 0x3E, 0x11, 0x3E, 0x11, 0x3E, 0x11, 0x3E, 0x11, 0x3E,
    0x11, 0x3E, 0x11, 0x3E, 0x11, 0x3E, 0x11, 0x3E, 0x11, 0x3E, 0x11, 0x3E, 0x11, 0x3E, 0x11, 0x3E,
    0x11, 0x3E, 0x11, 0x3E, 0x11, 0x3E, 0x11, 0x3E, 0x11, 0x3E, 0x11, 0x3E, 0x52, 0x3E, 0x52, 0x3E,
    0x11, 0x3E, 0x11, 0x3E, 0x00, 0x00, 0x00, 0x00, 0xFF, 0x07, 0x00, 0x00, 0x00, 0x00, 0x00, 0x00,
    0x00, 0x00, 0x00, 0x00, 0x00, 0x00, 0x55, 0x55, 0xFF, 0x07, 0xF1, 0x3D, 0x31, 0x3E, 0x31, 0x3E,
    0xF0, 0x3D, 0xF0, 0x3D, 0xF0, 0x3D, 0xF0, 0x3D, 0xF0, 0x3D, 0xF0, 0x3D, 0xF0, 0x3D, 0xF0, 0x3D,
    0xF0, 0x3D, 0xF0, 0x3D, 0xF0, 0x3D, 0xF0, 0x3D, 0xF0, 0x3D, 0xF0, 0x3D, 0xF0, 0x3D, 0xF0, 0x3D,
    0xF0, 0x3D, 0xF0, 0x3D, 0xF0, 0x3D, 0xF0, 0x3D, 0xF0, 0x3D, 0xF1, 0x3D, 0xF0, 0x3D, 0xD0, 0x3D,
    0x11, 0x3E, 0x52, 0x3E, 0x11, 0x3E, 0xD0, 0x35, 0xFF, 0x07, 0xFF, 0x07, 0x00, 0x00, 0x00, 0x00,
    0x00, 0x00, 0x00, 0x00, 0xEF, 0x3D, 0x00, 0x00, 0xD0, 0x35, 0x92, 0x3E, 0xD0, 0x35, 0xD0, 0x3D,
    0xF0, 0x3D, 0xF0, 0x3D, 0xF0, 0x3D, 0xF0, 0x3D, 0xF0, 0x3D, 0xF0, 0x3D, 0xF0, 0x3D, 0xF0, 0x3D,
    0xF0, 0x3D, 0xF0, 0x3D, 0xF0, 0x3D, 0xF0, 0x3D, 0xF0, 0x3D, 0xF0, 0x3D, 0xF0, 0x3D, 0xF0, 0x3D,
    0xF0, 0x3D, 0xF0, 0x3D, 0xF0, 0x3D, 0xF0, 0x3D, 0xF0, 0x3D, 0xF0, 0x3D, 0xF0, 0x3D, 0xF0, 0x3D,
    0xD0, 0x3D, 0xD0, 0x3D, 0x72, 0x3E, 0xF0, 0x3D, 0xE0, 0x07, 0x55, 0x55, 0x00, 0x00, 0x00, 0x00,
    0x00, 0x00, 0x55, 0x55, 0x00, 0x00, 0xD0, 0x3D, 0x11, 0x3E, 0xD0, 0x35, 0xD0, 0x35, 0xD0, 0x3D,
    0xD0, 0x35, 0xD0, 0x3D, 0xD0, 0x3D, 0xD0, 0x3D, 0xD0, 0x3D, 0xD0, 0x3D, 0xD0, 0x3D, 0xD0, 0x3D,
    0xD0, 0x3D, 0xD0, 0x3D, 0xD0, 0x3D, 0xD0, 0x3D, 0xD0, 0x3D, 0xD0, 0x3D, 0xD0, 0x3D, 0xD0, 0x3D,
    0xD0, 0x3D, 0xD0, 0x3D, 0xD0, 0x3D, 0xD0, 0x3D, 0xD0, 0x3D, 0xD0, 0x3D, 0xD0, 0x3D, 0xD0, 0x35,
    0xD0, 0x35, 0xD0, 0x3D, 0xD0, 0x35, 0x52, 0x3E, 0xD0, 0x35, 0x00, 0x00, 0x55, 0x55, 0x00, 0x00,
    0x00, 0x00, 0xFF, 0xFF, 0x31, 0x3E, 0xD0, 0x35, 0x11, 0x3E, 0xD0, 0x35, 0xD0, 0x35, 0xD0, 0x35,
    0xD0, 0x35, 0xD0, 0x35, 0xD0, 0x35, 0xD0, 0x35, 0xD0, 0x35, 0xD0, 0x35, 0xD0, 0x35, 0xD0, 0x35,
    0xD0, 0x35, 0xD0, 0x35, 0xD0, 0x35, 0xD0, 0x35, 0xD0, 0x35, 0xD0, 0x35, 0xD0, 0x35, 0xD0, 0x35,
    0xD0, 0x35, 0xD0, 0x35, 0xD0, 0x35, 0xD0, 0x35, 0xD0, 0x35, 0xD0, 0x35, 0xD0, 0x35, 0xD0, 0x35,
    0xD0, 0x35, 0xD0, 0x35, 0xD0, 0x35, 0xD0, 0x35, 0xF1, 0x3D, 0xB0, 0x35, 0x00, 0x00, 0xEF, 0x07,
    0xEF, 0x3B, 0x00, 0x00, 0xD0, 0x35, 0x31, 0x3E, 0xD0, 0x35, 0xD0, 0x35, 0xD0, 0x35, 0xD0, 0x35,
    0xD0, 0x35, 0xD0, 0x35, 0xD0, 0x35, 0xD0, 0x35, 0xD0, 0x35, 0xD0, 0x35, 0xD0, 0x35, 0xD0, 0x35,
    0xD0, 0x35, 0xD0, 0x35, 0xD0, 0x35, 0xD0, 0x35, 0xD0, 0x35, 0xD0, 0x35, 0xD0, 0x35, 0xD0, 0x35,
    0xD0, 0x35, 0xD0, 0x35, 0xD0, 0x35, 0xD0, 0x35, 0xD0, 0x35, 0xD0, 0x35, 0xD0, 0x35, 0xD0, 0x35,
    0xD0, 0x35, 0xD0, 0x35, 0xD0, 0x35, 0xD0, 0x35, 0x31, 0x3E, 0xD0, 0x35, 0x00, 0x00, 0xCC, 0x34,
    0xEF, 0x3D, 0x00, 0x00, 0xD0, 0x35, 0x31, 0x3E, 0xD0, 0x35, 0xD0, 0x35, 0xD0, 0x35, 0xD0, 0x35,
    0xD0, 0x35, 0xD0, 0x35, 0xD0, 0x35, 0xD0, 0x35, 0xD0, 0x35, 0xD0, 0x35, 0xD0, 0x35, 0xD0, 0x35,
    0xD0, 0x35, 0xD0, 0x35, 0xD0, 0x35, 0xD0, 0x35, 0xD0, 0x35, 0xD0, 0x35, 0xD0, 0x35, 0xD0, 0x35,
    0xD0, 0x35, 0xD0, 0x35, 0xD0, 0x35, 0xD0, 0x35, 0xD0, 0x35, 0xD0, 0x35, 0xD0, 0x35, 0xD0, 0x35,
    0xD0, 0x35, 0xD0, 0x35, 0xD0, 0x35, 0xD0, 0x35, 0xF1, 0x35, 0xB0, 0x35, 0xEF, 0x3D, 0xE0, 0x07,
    0xE0, 0x07, 0xEF, 0x3D, 0xB0, 0x35, 0xF0, 0x35, 0xB0, 0x35, 0xB0, 0x35, 0xB0, 0x35, 0xB0, 0x35,
    0xB0, 0x35, 0xB0, 0x35, 0xB0, 0x35, 0xB0, 0x35, 0xB0, 0x35, 0xB0, 0x35, 0xB0, 0x35, 0xB0, 0x35,
    0xB0, 0x35, 0xB0, 0x35, 0xB0, 0x35, 0xB0, 0x35, 0xB0, 0x35, 0xB0, 0x35, 0xB0, 0x35, 0xB0, 0x35,
    0xB0, 0x35, 0xB0, 0x35, 0xB0, 0x35, 0xB0, 0x35, 0xB0, 0x35, 0xB0, 0x35, 0xB0, 0x35, 0xB0, 0x35,
    0xB0, 0x35, 0xB0, 0x35, 0xB0, 0x35, 0xB0, 0x35, 0xB0, 0x35, 0xD0, 0x35, 0xD0, 0x35, 0x00, 0x00,
    0x00, 0x00, 0x10, 0x2E, 0xB0, 0x35, 0xD0, 0x35, 0xB0, 0x35, 0xB0, 0x35, 0xB0, 0x35, 0xB0, 0x35,
    0xB0, 0x35, 0xB0, 0x35, 0xB0, 0x35, 0xB0, 0x35, 0xB0, 0x35, 0xB0, 0x35, 0xB0, 0x35, 0xB0, 0x35,
    0xB0, 0x35, 0xB0, 0x35, 0xD0, 0x35, 0xD0, 0x35, 0xD0, 0x35, 0xD0, 0x35, 0xD0, 0x35, 0xB0, 0x35,
    0xB0, 0x35, 0xB0, 0x35, 0xB0, 0x35, 0xB0, 0x35, 0xB0, 0x35, 0xB0, 0x35, 0xB0, 0x35, 0xB0, 0x35,
    0xB0, 0x35, 0xB0, 0x35, 0xB0, 0x35, 0xB0, 0x35, 0xB0, 0x35, 0x11, 0x36, 0xB0, 0x35, 0x00, 0x00,
    0x00, 0x00, 0xEF, 0x2D, 0xB0, 0x35, 0xD0, 0x35, 0xB0, 0x35, 0xB0, 0x35, 0xB0, 0x35, 0xB0, 0x35,
    0xB0, 0x35, 0xB0, 0x35, 0xB0, 0x35, 0xB0, 0x35, 0xB0, 0x35, 0xB0, 0x35, 0xB0, 0x35, 0xB0, 0x35,
    0x8F, 0x2D, 0x8F, 0x2D, 0x8F, 0x25, 0x8F, 0x25, 0x8F, 0x25, 0x8F, 0x25, 0x8F, 0x25, 0x8F, 0x2D,
    0xB0, 0x35, 0xB0, 0x35, 0xB0, 0x35, 0xB0, 0x35, 0xB0, 0x35, 0xB0, 0x35, 0xB0, 0x35, 0xB0, 0x35,
    0xB0, 0x35, 0xB0, 0x35, 0xB0, 0x35, 0xB0, 0x35, 0xB0, 0x35, 0xF0, 0x35, 0xB0, 0x35, 0x00, 0x00,
    0x00, 0x00, 0xEF, 0x2D, 0xB0, 0x35, 0xD0, 0x35, 0xB0, 0x35, 0xB0, 0x35, 0xB0, 0x35, 0xB0, 0x35,
    0xB0, 0x35, 0xB0, 0x35, 0xB0, 0x35, 0xB0, 0x35, 0xB0, 0x35, 0x8F, 0x2D, 0x6F, 0x25, 0xB0, 0x35,
    0x12, 0x56, 0x54, 0x6E, 0xD7, 0x96, 0xD7, 0x9E, 0xD7, 0x96, 0xD7, 0x96, 0x75, 0x76, 0x13, 0x5E,
    0xB0, 0x3D, 0x8F, 0x25, 0x8F, 0x2D, 0xB0, 0x35, 0xB0, 0x35, 0xB0, 0x35, 0xB0, 0x35, 0xB0, 0x35,
    0xB0, 0x35, 0xB0, 0x35, 0xB0, 0x35, 0xB0, 0x35, 0xB0, 0x35, 0xF0, 0x35, 0xB0, 0x35, 0x00, 0x00,
    0x00, 0x00, 0x6F, 0x2D, 0x8F, 0x35, 0xB0, 0x35, 0x8F, 0x35, 0xB0, 0x35, 0xB0, 0x35, 0xB0, 0x35,
    0xB0, 0x35, 0xB0, 0x35, 0xB0, 0x35, 0x8F, 0x2D, 0x8F, 0x2D, 0x12, 0x56, 0xD8, 0x9E, 0x9D, 0xDF,
    0xFF, 0xFF, 0xFF, 0xFF, 0xFF, 0xFF, 0xFF, 0xFF, 0xFF, 0xFF, 0xFF, 0xFF, 0xFF, 0xFF, 0xFF, 0xFF,
    0xBD, 0xE7, 0x19, 0xAF, 0x34, 0x66, 0x8F, 0x2D, 0x8F, 0x25, 0xB0, 0x35, 0xB0, 0x35, 0xB0, 0x35,
    0xB0, 0x35, 0xB0, 0x35, 0xB0, 0x35, 0xB0, 0x35, 0x90, 0x35, 0xF0, 0x35, 0x8F, 0x2D, 0x00, 0x00,
    0x00, 0x00, 0x6F, 0x2D, 0x8F, 0x35, 0xB0, 0x35, 0x8F, 0x35, 0x8F, 0x35, 0x8F, 0x35, 0x8F, 0x35,
    0xB0, 0x35, 0x90, 0x35, 0x6E, 0x25, 0xF2, 0x55, 0x5B, 0xC7, 0xFF, 0xFF, 0xFF, 0xFF, 0xFF, 0xFF,
    0xFF, 0xFF, 0xFF, 0xFF, 0xDF, 0xF7, 0xDE, 0xEF, 0xDE, 0xEF, 0xDE, 0xF7, 0xFF, 0xFF, 0xFF, 0xFF,
    0xFF, 0xFF, 0xFF, 0xFF, 0xFF, 0xFF, 0x9C, 0xDF, 0x54, 0x6E, 0x6F, 0x25, 0x8F, 0x2D, 0xB0, 0x35,
    0x8F, 0x35, 0x8F, 0x35, 0x8F, 0x35, 0x8F, 0x35, 0x8F, 0x35, 0xF0, 0x35, 0x8F, 0x2D, 0x00, 0x00,
    0x00, 0x00, 0x6F, 0x2D, 0x8F, 0x2D, 0xB0, 0x35, 0x8F, 0x35, 0x8F, 0x35, 0x8F, 0x2D, 0x90, 0x35,
    0x8F, 0x2D, 0x6F, 0x2D, 0xD7, 0x96, 0xFF, 0xFF, 0xFF, 0xFF, 0xFF, 0xFF, 0xFF, 0xFF, 0x5B, 0xC7,
    0xB7, 0x8E, 0x33, 0x66, 0xF1, 0x4D, 0xD1, 0x3D, 0xD1, 0x45, 0xD1, 0x45, 0x33, 0x66, 0x75, 0x7E,
    0x3A, 0xBF, 0xBE, 0xEF, 0xFF, 0xFF, 0xFF, 0xFF, 0xFF, 0xFF, 0x3A, 0xB7, 0xB0, 0x3D, 0x6F, 0x25,
    0x90, 0x35, 0x8F, 0x2D, 0x8F, 0x35, 0x8F, 0x35, 0x8F, 0x35, 0xD0, 0x35, 0x8F, 0x2D, 0x00, 0x00,
    0x00, 0x00, 0x6F, 0x2D, 0x8F, 0x2D, 0xB0, 0x35, 0x8F, 0x2D, 0x8F, 0x2D, 0x90, 0x35, 0x6F, 0x2D,
    0xB0, 0x3D, 0x5B, 0xC7, 0xFF, 0xFF, 0xFF, 0xFF, 0xFF, 0xFF, 0x19, 0xAF, 0xF2, 0x55, 0x6F, 0x25,
    0x6E, 0x25, 0x4E, 0x1D, 0x4E, 0x1D, 0x4E, 0x1D, 0x4E, 0x1D, 0x4E, 0x1D, 0x4E, 0x1D, 0x4E, 0x1D,
    0x6E, 0x25, 0xB1, 0x3D, 0xB7, 0x96, 0xDE, 0xEF, 0xFF, 0xFF, 0xFF, 0xFF, 0xBD, 0xE7, 0x12, 0x56,
    0x6E, 0x25, 0x90, 0x35, 0x8F, 0x2D, 0x8F, 0x2D, 0x8F, 0x2D, 0xD0, 0x35, 0x8F, 0x2D, 0x00, 0x00,
    0x00, 0x00, 0x6F, 0x2D, 0x6F, 0x2D, 0x8F, 0x2D, 0x6F, 0x2D, 0x8F, 0x35, 0x6F, 0x25, 0x90, 0x35,
    0x7C, 0xD7, 0xFF, 0xFF, 0xFF, 0xFF, 0x7C, 0xCF, 0xD2, 0x4D, 0x6E, 0x25, 0x4E, 0x1D, 0x6E, 0x25,
    0xB0, 0x3D, 0x12, 0x5E, 0x75, 0x7E, 0xB7, 0x96, 0xD7, 0x96, 0x96, 0x8E, 0x13, 0x66, 0xB1, 0x45,
    0x6F, 0x25, 0x4E, 0x1D, 0x6E, 0x25, 0xB0, 0x3D, 0x19, 0xAF, 0xFF, 0xFF, 0xFF, 0xFF, 0xDE, 0xF7,
    0xF2, 0x55, 0x4E, 0x1D, 0x8F, 0x35, 0x8F, 0x2D, 0x6F, 0x2D, 0xD0, 0x35, 0x6F, 0x2D, 0x00, 0x00,
    0x00, 0x00, 0x6F, 0x2D, 0x6F, 0x2D, 0x8F, 0x2D, 0x6F, 0x2D, 0x6F, 0x2D, 0xB0, 0x3D, 0x9D, 0xDF,
    0xFF, 0xFF, 0xFF, 0xFF, 0x19, 0xAF, 0x6F, 0x2D, 0x6F, 0x25, 0x4E, 0x25, 0xF2, 0x55, 0xD8, 0x9E,
    0xBD, 0xE7, 0xFF, 0xFF, 0xFF, 0xFF, 0xFF, 0xFF, 0xFF, 0xFF, 0xFF, 0xFF, 0xFF, 0xFF, 0xDE, 0xEF,
    0x19, 0xB7, 0x33, 0x66, 0x6F, 0x25, 0x6F, 0x25, 0x4E, 0x25, 0x76, 0x86, 0xFF, 0xFF, 0xFF, 0xFF,
    0xDF, 0xF7, 0x13, 0x5E, 0x6E, 0x25, 0x8F, 0x2D, 0x6F, 0x2D, 0xD0, 0x2D, 0x6F, 0x2D, 0x00, 0x00,
    0x00, 0x00, 0x6F, 0x2D, 0x6F, 0x2D, 0x8F, 0x2D, 0x6F, 0x2D, 0x6F, 0x2D, 0xD1, 0x45, 0x9D, 0xDF,
    0xFF, 0xFF, 0xF9, 0xAE, 0x4E, 0x25, 0x6F, 0x2D, 0x6F, 0x2D, 0xB7, 0x96, 0xFF, 0xFF, 0xFF, 0xFF,
    0xFF, 0xFF, 0xFF, 0xFF, 0xFF, 0xFF, 0xDE, 0xEF, 0xDE, 0xEF, 0xDF, 0xF7, 0xFF, 0xFF, 0xFF, 0xFF,
    0xFF, 0xFF, 0xFF, 0xFF, 0x1A, 0xB7, 0x90, 0x3D, 0x6E, 0x25, 0x4E, 0x1D, 0x75, 0x7E, 0xFF, 0xFF,
    0xDE, 0xEF, 0x13, 0x5E, 0x6E, 0x25, 0x6F, 0x2D, 0x6F, 0x2D, 0xB0, 0x2D, 0x6F, 0x2D, 0x00, 0x00,
    0x00, 0x00, 0x6F, 0x2D, 0x6F, 0x2D, 0x8F, 0x2D, 0x6F, 0x2D, 0x6F, 0x2D, 0x4E, 0x25, 0xB0, 0x3D,
    0x96, 0x86, 0x6F, 0x2D, 0x4E, 0x25, 0x90, 0x35, 0x5B, 0xC7, 0xFF, 0xFF, 0xFF, 0xFF, 0xFF, 0xFF,
    0x3A, 0xBF, 0x75, 0x7E, 0xD2, 0x4D, 0xB0, 0x3D, 0xB0, 0x3D, 0xD1, 0x45, 0x34, 0x6E, 0xF9, 0xAE,
    0xBE, 0xEF, 0xFF, 0xFF, 0xFF, 0xFF, 0xBD, 0xE7, 0xF2, 0x55, 0x4E, 0x25, 0x4E, 0x25, 0x54, 0x6E,
    0xD1, 0x45, 0x4E, 0x1D, 0x6F, 0x2D, 0x6F, 0x2D, 0x6F, 0x2D, 0xB0, 0x2D, 0x6F, 0x2D, 0x00, 0x00,
    0x00, 0x00, 0x6F, 0x2D, 0x6F, 0x2D, 0x8F, 0x2D, 0x6F, 0x2D, 0x6F, 0x2D, 0x6F, 0x2D, 0x6F, 0x2D,
    0x4E, 0x1D, 0x6F, 0x2D, 0x90, 0x3D, 0x7C, 0xD7, 0xFF, 0xFF, 0xFF, 0xFF, 0x7C, 0xD7, 0xF2, 0x55,
    0x4E, 0x25, 0x2E, 0x1D, 0x2D, 0x15, 0x2D, 0x1D, 0x2D, 0x1D, 0x2D, 0x1D, 0x2D, 0x1D, 0x4E, 0x1D,
    0x90, 0x3D, 0x1A, 0xB7, 0xFF, 0xFF, 0xFF, 0xFF, 0xDF, 0xF7, 0xF3, 0x5D, 0x4E, 0x25, 0x4E, 0x25,
    0x4E, 0x25, 0x6F, 0x2D, 0x6F, 0x2D, 0x6F, 0x2D, 0x6F, 0x2D, 0xB0, 0x2D, 0x6F, 0x2D, 0x00, 0x00,
    0x00, 0x00, 0x6F, 0x2D, 0x6F, 0x2D, 0x6F, 0x2D, 0x4F, 0x2D, 0x6F, 0x2D, 0x6F, 0x2D, 0x6F, 0x2D,
    0x6F, 0x2D, 0x4E, 0x25, 0xD1, 0x4D, 0xDF, 0xF7, 0xFF, 0xFF, 0xF9, 0xAE, 0x4E, 0x25, 0x4E, 0x25,
    0x2E, 0x1D, 0x90, 0x3D, 0x34, 0x76, 0xB7, 0x96, 0xB7, 0x96, 0x75, 0x7E, 0xD1, 0x4D, 0x4E, 0x25,
    0x4E, 0x25, 0x2E, 0x1D, 0x75, 0x7E, 0xFF, 0xFF, 0xFF, 0xFF, 0x34, 0x6E, 0x4E, 0x1D, 0x6F, 0x35,
    0x6F, 0x2D, 0x6F, 0x2D, 0x6F, 0x2D, 0x6F, 0x2D, 0x4F, 0x2D, 0xB0, 0x2D, 0x4F, 0x2D, 0x00, 0x00,
    0x00, 0x00, 0x6F, 0x2D, 0x4F, 0x2D, 0x6F, 0x2D, 0x4F, 0x2D, 0x4F, 0x2D, 0x4F, 0x2D, 0x4F, 0x2D,
    0x4F, 0x2D, 0x6F, 0x2D, 0x2E, 0x1D, 0xD1, 0x4D, 0x76, 0x86, 0x4E, 0x25, 0x4E, 0x25, 0x4E, 0x25,
    0x97, 0x8E, 0xBE, 0xEF, 0xFF, 0xFF, 0xFF, 0xFF, 0xFF, 0xFF, 0xFF, 0xFF, 0xFF, 0xF7, 0xF9, 0xAE,
    0x90, 0x35, 0x2E, 0x25, 0x2E, 0x1D, 0x55, 0x76, 0xF2, 0x5D, 0x2D, 0x1D, 0x6F, 0x2D, 0x4F, 0x2D,
    0x4F, 0x2D, 0x4F, 0x2D, 0x4F, 0x2D, 0x4F, 0x2D, 0x4F, 0x2D, 0x8F, 0x2D, 0x4E, 0x2D, 0x00, 0x00,
    0x00, 0x00, 0x6F, 0x2D, 0x4F, 0x2D, 0x6F, 0x2D, 0x4E, 0x2D, 0x4F, 0x2D, 0x4F, 0x2D, 0x4F, 0x2D,
    0x4F, 0x2D, 0x4F, 0x2D, 0x4F, 0x2D, 0x2E, 0x25, 0x2E, 0x1D, 0x4E, 0x25, 0x90, 0x3D, 0x5B, 0xC7,
    0xFF, 0xFF, 0xFF, 0xFF, 0xFF, 0xFF, 0xDE, 0xEF, 0xBE, 0xEF, 0xFF, 0xFF, 0xFF, 0xFF, 0xFF, 0xFF,
    0x9D, 0xDF, 0xF2, 0x5D, 0x4E, 0x25, 0x2E, 0x1D, 0x2E, 0x25, 0x4F, 0x2D, 0x4F, 0x2D, 0x4F, 0x2D,
    0x4F, 0x2D, 0x4F, 0x2D, 0x4F, 0x2D, 0x4F, 0x2D, 0x4E, 0x2D, 0x8F, 0x2D, 0x4E, 0x25, 0x00, 0x00,
    0x00, 0x00, 0x6F, 0x2D, 0x4E, 0x2D, 0x6F, 0x2D, 0x4E, 0x2D, 0x4E, 0x2D, 0x4E, 0x2D, 0x4E, 0x2D,
    0x4E, 0x2D, 0x4E, 0x2D, 0x4E, 0x2D, 0x4F, 0x2D, 0x4F, 0x2D, 0x2E, 0x1D, 0xF3, 0x5D, 0xFF, 0xFF,
    0xFF, 0xFF, 0x7C, 0xD7, 0xF2, 0x5D, 0x90, 0x45, 0x90, 0x3D, 0xB1, 0x45, 0x19, 0xB7, 0xFF, 0xFF,
    0xFF, 0xFF, 0x75, 0x86, 0x2E, 0x1D, 0x4F, 0x2D, 0x4F, 0x2D, 0x4E, 0x2D, 0x4E, 0x2D, 0x4E, 0x2D,
    0x4E, 0x2D, 0x4E, 0x2D, 0x4E, 0x2D, 0x4E, 0x2D, 0x4E, 0x2D, 0x8F, 0x2D, 0x4E, 0x25, 0x00, 0x00,
    0x00, 0x00, 0x6F, 0x1D, 0x4E, 0x25, 0x6F, 0x2D, 0x4E, 0x25, 0x4E, 0x25, 0x4E, 0x25, 0x4E, 0x25,
    0x4E, 0x25, 0x4E, 0x25, 0x4E, 0x25, 0x4E, 0x25, 0x4E, 0x25, 0x4F, 0x2D, 0x0D, 0x1D, 0xF2, 0x5D,
    0xD8, 0xA6, 0x0D, 0x15, 0x34, 0x6E, 0xBD, 0xE7, 0xBD, 0xE7, 0x34, 0x6E, 0xEC, 0x0C, 0x75, 0x7E,
    0x14, 0x6E, 0x0D, 0x1D, 0x4F, 0x2D, 0x4E, 0x25, 0x4E, 0x25, 0x4E, 0x25, 0x4E, 0x25, 0x4E, 0x25,
    0x4E, 0x25, 0x4E, 0x25, 0x4E, 0x25, 0x4E, 0x25, 0x4E, 0x25, 0x8F, 0x2D, 0x4F, 0x2D, 0x00, 0x00,
    0x00, 0x00, 0xAF, 0x1D, 0x2E, 0x25, 0x4F, 0x25, 0x2E, 0x25, 0x2E, 0x25, 0x2E, 0x25, 0x2E, 0x25,
    0x2E, 0x25, 0x2E, 0x25, 0x2E, 0x25, 0x2E, 0x25, 0x2E, 0x25, 0x2E, 0x25, 0x4E, 0x2D, 0x2E, 0x25,
    0xED, 0x14, 0xF3, 0x5D, 0xFF, 0xFF, 0xFF, 0xFF, 0xFF, 0xFF, 0xFF, 0xFF, 0xF3, 0x65, 0xED, 0x14,
    0x2E, 0x1D, 0x4E, 0x2D, 0x2E, 0x25, 0x2E, 0x25, 0x2E, 0x25, 0x2E, 0x25, 0x2E, 0x25, 0x2E, 0x25,
    0x2E, 0x25, 0x2E, 0x25, 0x2E, 0x25, 0x4E, 0x25, 0x2E, 0x25, 0x8F, 0x2D, 0x2E, 0x25, 0x00, 0x00,
    0x00, 0x00, 0x4D, 0x15, 0x2E, 0x25, 0x4F, 0x25, 0x2E, 0x25, 0x2E, 0x25, 0x2E, 0x25, 0x2E, 0x25,
    0x2E, 0x25, 0x2E, 0x25, 0x2E, 0x25, 0x2E, 0x25, 0x2E, 0x25, 0x2E, 0x25, 0x2E, 0x25, 0x4F, 0x2D,
    0x0D, 0x15, 0xD8, 0x9E, 0xFF, 0xFF, 0xFF, 0xFF, 0xFF, 0xFF, 0xFF, 0xFF, 0xB8, 0x9E, 0x0D, 0x15,
    0x4F, 0x2D, 0x2E, 0x25, 0x2E, 0x25, 0x2E, 0x25, 0x2E, 0x25, 0x2E, 0x25, 0x2E, 0x25, 0x2E, 0x25,
    0x2E, 0x25, 0x2E, 0x25, 0x2E, 0x25, 0x2E, 0x25, 0x2E, 0x25, 0x6F, 0x25, 0x4E, 0x25, 0x00, 0x00,
    0xE7, 0x03, 0x00, 0x00, 0x2E, 0x25, 0x8F, 0x25, 0x2E, 0x25, 0x2E, 0x25, 0x2E, 0x25, 0x2E, 0x25,
    0x2E, 0x25, 0x2E, 0x25, 0x2E, 0x25, 0x2E, 0x25, 0x2E, 0x25, 0x2E, 0x25, 0x2E, 0x25, 0x2E, 0x2D,
    0x0D, 0x1D, 0xF3, 0x5D, 0xFF, 0xFF, 0xFF, 0xFF, 0xFF, 0xFF, 0xFF, 0xFF, 0xF3, 0x5D, 0x0D, 0x1D,
    0x2E, 0x2D, 0x2E, 0x25, 0x2E, 0x25, 0x2E, 0x25, 0x2E, 0x25, 0x2E, 0x25, 0x2E, 0x25, 0x2E, 0x25,
    0x2E, 0x25, 0x2E, 0x25, 0x2E, 0x25, 0x2E, 0x25, 0x4E, 0x25, 0x2E, 0x25, 0x8C, 0x1D, 0x00, 0x00,
    0xEF, 0x3D, 0x00, 0x00, 0x0E, 0x25, 0x8F, 0x25, 0x0E, 0x25, 0x2E, 0x25, 0x2E, 0x25, 0x2E, 0x25,
    0x2E, 0x25, 0x2E, 0x25, 0x2E, 0x25, 0x2E, 0x25, 0x2E, 0x25, 0x2E, 0x25, 0x2E, 0x25, 0x2E, 0x25,
    0x2E, 0x25, 0x0D, 0x1D, 0x35, 0x76, 0xBE, 0xEF, 0xBE, 0xEF, 0x35, 0x76, 0x0D, 0x1D, 0x2E, 0x25,
    0x2E, 0x25, 0x2E, 0x25, 0x2E, 0x25, 0x2E, 0x25, 0x2E, 0x25, 0x2E, 0x25, 0x2E, 0x25, 0x2E, 0x25,
    0x2E, 0x25, 0x2E, 0x25, 0x2E, 0x25, 0x2E, 0x25, 0x8F, 0x25, 0x2E, 0x25, 0x00, 0x00, 0xEF, 0x3D,
    0xFF, 0x07, 0xE0, 0x07, 0xED, 0x24, 0x2E, 0x25, 0x4E, 0x25, 0x0E, 0x25, 0x2E, 0x25, 0x2E, 0x25,
    0x2E, 0x25, 0x2E, 0x25, 0x2E, 0x25, 0x2E, 0x25, 0x2E, 0x25, 0x2E, 0x25, 0x2E, 0x25, 0x2E, 0x25,
    0x2E, 0x25, 0x2E, 0x25, 0xED, 0x1C, 0x4F, 0x2D, 0x4F, 0x2D, 0xED, 0x1C, 0x2E, 0x25, 0x2E, 0x25,
    0x2E, 0x25, 0x2E, 0x25, 0x2E, 0x25, 0x2E, 0x25, 0x2E, 0x25, 0x2E, 0x25, 0x2E, 0x25, 0x2E, 0x25,
    0x2E, 0x25, 0x2E, 0x25, 0x2E, 0x25, 0x0E, 0x25, 0x6F, 0x25, 0x0E, 0x25, 0x00, 0x00, 0x4A, 0x05,
    0x00, 0x00, 0x4A, 0x05, 0x00, 0x00, 0x0E, 0x25, 0x8F, 0x25, 0x0E, 0x25, 0x0E, 0x25, 0x0E, 0x25,
    0x0E, 0x25, 0x0E, 0x25, 0x0E, 0x25, 0x0E, 0x25, 0x0E, 0x25, 0x0E, 0x25, 0x0E, 0x25, 0x0E, 0x25,
    0x0E, 0x25, 0x0E, 0x25, 0x2E, 0x25, 0x0E, 0x25, 0x0E, 0x25, 0x2E, 0x25, 0x0E, 0x25, 0x0E, 0x25,
    0x0E, 0x25, 0x0E, 0x25, 0x0E, 0x25, 0x0E, 0x25, 0x0E, 0x25, 0x0E, 0x25, 0x0E, 0x25, 0x0E, 0x25,
    0x0E, 0x25, 0x0E, 0x25, 0x0E, 0x25, 0x6F, 0x25, 0x0E, 0x25, 0x00, 0x00, 0x4A, 0x05, 0x00, 0x00,
    0x00, 0x00, 0x00, 0x00, 0xF5, 0x57, 0x00, 0x00, 0x0E, 0x25, 0x8F, 0x25, 0x0E, 0x25, 0x0E, 0x25,
    0x0E, 0x25, 0x0E, 0x25, 0x0E, 0x25, 0x0E, 0x25, 0x0E, 0x25, 0x0E, 0x25, 0x0E, 0x25, 0x0E, 0x25,
    0x0E, 0x25, 0x0E, 0x25, 0x0E, 0x25, 0x0E, 0x25, 0x0E, 0x25, 0x0E, 0x25, 0x0E, 0x25, 0x0E, 0x25,
    0x0E, 0x25, 0x0E, 0x25, 0x0E, 0x25, 0x0E, 0x25, 0x0E, 0x25, 0x0E, 0x25, 0x0E, 0x25, 0x0E, 0x25,
    0x0E, 0x25, 0x0E, 0x25, 0x6F, 0x25, 0x2E, 0x25, 0xCE, 0x1C, 0xEF, 0x03, 0xE0, 0x07, 0x00, 0x00,
    0x00, 0x00, 0x00, 0x00, 0xE0, 0x07, 0xFF, 0x07, 0x2D, 0x1D, 0x2E, 0x25, 0x6F, 0x25, 0x0E, 0x25,
    0x0E, 0x25, 0x0E, 0x25, 0x0E, 0x25, 0x0E, 0x25, 0x0E, 0x25, 0x0E, 0x25, 0x0E, 0x25, 0x0E, 0x25,
    0x0E, 0x25, 0x0E, 0x25, 0x0E, 0x25, 0x0E, 0x25, 0x0E, 0x25, 0x0E, 0x25, 0x0E, 0x25, 0x0E, 0x25,
    0x0E, 0x25, 0x0E, 0x25, 0x0E, 0x25, 0x0E, 0x25, 0x0E, 0x25, 0x0E, 0x25, 0x0E, 0x25, 0x0E, 0x25,
    0x0D, 0x25, 0x6F, 0x25, 0x2E, 0x25, 0xEE, 0x24, 0x00, 0x00, 0xEF, 0x07, 0x00, 0x00, 0x00, 0x00,
    0x00, 0x00, 0x00, 0x00, 0x00, 0x00, 0xE0, 0x07, 0x00, 0x00, 0x00, 0x00, 0x0E, 0x1D, 0x2E, 0x25,
    0x6F, 0x25, 0x2E, 0x25, 0x0E, 0x25, 0x0D, 0x25, 0x0D, 0x25, 0x0D, 0x25, 0x0D, 0x25, 0x0D, 0x25,
    0x0D, 0x25, 0x0D, 0x25, 0x0D, 0x25, 0x0D, 0x25, 0x0D, 0x25, 0x0D, 0x25, 0x0D, 0x25, 0x0D, 0x25,
    0x0D, 0x25, 0x0D, 0x25, 0x0D, 0x25, 0x0D, 0x25, 0x0D, 0x25, 0x0E, 0x25, 0x2E, 0x25, 0x4E, 0x25,
    0x4E, 0x25, 0x2E, 0x25, 0x8D, 0x1C, 0x00, 0x00, 0xEF, 0x07, 0x00, 0x00, 0x00, 0x00, 0x00, 0x00,
    0x00, 0x00, 0x00, 0x00, 0x00, 0x00, 0x00, 0x00, 0xFF, 0x07, 0xFF, 0x07, 0x00, 0x00, 0x0D, 0x25,
    0x2E, 0x25, 0x0E, 0x25, 0x0E, 0x25, 0x4E, 0x25, 0x2E, 0x25, 0x2E, 0x25, 0x2E, 0x25, 0x2E, 0x25,
    0x2E, 0x25, 0x2E, 0x25, 0x2E, 0x25, 0x2E, 0x25, 0x2E, 0x25, 0x2E, 0x25, 0x2E, 0x25, 0x2E, 0x25,
    0x2E, 0x25, 0x2E, 0x25, 0x2E, 0x25, 0x2E, 0x25, 0x4E, 0x25, 0x2E, 0x25, 0x0E, 0x1D, 0x2E, 0x25,
    0x0E, 0x25, 0x00, 0x00, 0x00, 0x00, 0xEF, 0x07, 0x00, 0x00, 0x00, 0x00, 0x00, 0x00, 0x00, 0x00,
    0x00, 0x00, 0x00, 0x00, 0x00, 0x00, 0x00, 0x00, 0x00, 0x00, 0x00, 0x00, 0x4A, 0x05, 0x00, 0x00,
    0x00, 0x00, 0x4A, 0x05, 0x2E, 0x1D, 0x2E, 0x1D, 0xCD, 0x1C, 0xED, 0x1C, 0xED, 0x1C, 0xED, 0x1C,
    0xED, 0x1C, 0xED, 0x1C, 0xED, 0x1C, 0xED, 0x1C, 0xED, 0x1C, 0xED, 0x1C, 0xED, 0x1C, 0xED, 0x1C,
    0xED, 0x1C, 0xED, 0x1C, 0xED, 0x1C, 0xED, 0x1C, 0x2E, 0x1D, 0x0E, 0x1D, 0x4E, 0x1D, 0x00, 0x00,
    0x00, 0x00, 0xEF, 0x03, 0xE0, 0x07, 0x00, 0x00, 0x00, 0x00, 0x00, 0x00, 0x00, 0x00, 0x00, 0x00,
    0x00, 0x00, 0x00, 0x00, 0x00, 0x00, 0x00, 0x00, 0x00, 0x00, 0x00, 0x00, 0x00, 0x00, 0xEF, 0x03,
    0xEF, 0x05, 0x00, 0x00, 0x00, 0x00, 0x00, 0x00, 0x00, 0x00, 0x00, 0x00, 0x00, 0x00, 0x00, 0x00,
    0x00, 0x00, 0x00, 0x00, 0x00, 0x00, 0x00, 0x00, 0x00, 0x00, 0x00, 0x00, 0x00, 0x00, 0x00, 0x00,
    0x00, 0x00, 0x00, 0x00, 0x00, 0x00, 0x00, 0x00, 0x00, 0x00, 0x00, 0x00, 0x00, 0x00, 0xEF, 0x03,
    0x4A, 0x05, 0x00, 0x00, 0x00, 0x00, 0x00, 0x00, 0x00, 0x00, 0x00, 0x00, 0x00, 0x00, 0x00, 0x00,
    0x00, 0x00, 0x00, 0x00, 0x00, 0x00, 0x00, 0x01, 0x03, 0x04, 0x00, 0x00, 0x00, 0x00, 0x00, 0x00,
    0x00, 0x00, 0x00, 0x00, 0x00, 0x00, 0x00, 0x00, 0x00, 0x00, 0x00, 0x00, 0x00, 0x00, 0x03, 0x04,
    0x01, 0x00, 0x00, 0x00, 0x00, 0x00, 0x00, 0x00, 0x00, 0x00, 0x00, 0x00, 0x00, 0x00, 0x03, 0x00,
    0x00, 0x00, 0x03, 0x10, 0x10, 0x10, 0x10, 0x10, 0x10, 0x10, 0x10, 0x10, 0x10, 0x10, 0x10, 0x10,
    0x10, 0x10, 0x10, 0x10, 0x10, 0x09, 0x00, 0x00, 0x00, 0x03, 0x00, 0x00, 0x00, 0x00, 0x00, 0x00,
    0x00, 0x00, 0x00, 0x00, 0x00, 0x04, 0x00, 0x06, 0x4F, 0x9F, 0xD6, 0xEF, 0xEF, 0xF0, 0xF0, 0xF0,
    0xF0, 0xF0, 0xF0, 0xF0, 0xF0, 0xF0, 0xF0, 0xF0, 0xF0, 0xF0, 0xF0, 0xEF, 0xEF, 0xE2, 0xAE, 0x61,
    0x16, 0x00, 0x02, 0x01, 0x00, 0x00, 0x00, 0x00, 0x00, 0x00, 0x00, 0x00, 0x01, 0x00, 0x47, 0xD4,
    0xFF, 0xFF, 0xFF, 0xFF, 0xFF, 0xFF, 0xFF, 0xFF, 0xFF, 0xFF, 0xFF, 0xFF, 0xFF, 0xFF, 0xFF, 0xFF,
    0xFF, 0xFF, 0xFF, 0xFF, 0xFF, 0xFF, 0xFF, 0xFF, 0xE9, 0x6D, 0x00, 0x00, 0x01, 0x00, 0x00, 0x00,
    0x00, 0x00, 0x00, 0x03, 0x01, 0x7F, 0xFF, 0xFF, 0xFC, 0xFB, 0xFD, 0xFE, 0xFE, 0xFE, 0xFE, 0xFE,
    0xFE, 0xFE, 0xFE, 0xFE, 0xFE, 0xFE, 0xFE, 0xFE, 0xFE, 0xFE, 0xFE, 0xFE, 0xFE, 0xFD, 0xFC, 0xFB,
    0xFF, 0xFF, 0xA9, 0x13, 0x01, 0x01, 0x00, 0x00, 0x00, 0x00, 0x04, 0x00, 0x80, 0xFF, 0xFC, 0xFD,
    0xFF, 0xFF, 0xFF, 0xFF, 0xFF, 0xFF, 0xFF, 0xFF, 0xFF, 0xFF, 0xFF, 0xFF, 0xFF, 0xFF, 0xFF, 0xFF,
    0xFF, 0xFF, 0xFF, 0xFF, 0xFF, 0xFF, 0xFF, 0xFF, 0xFE, 0xFA, 0xFF, 0xBB, 0x01, 0x03, 0x00, 0x00,
    0x00, 0x03, 0x00, 0x44, 0xFE, 0xFA, 0xFE, 0xFF, 0xFF, 0xFF, 0xFF, 0xFF, 0xFF, 0xFF, 0xFF, 0xFF,
    0xFF, 0xFF, 0xFF, 0xFF, 0xFF, 0xFF, 0xFF, 0xFF, 0xFF, 0xFF, 0xFF, 0xFF, 0xFF, 0xFF, 0xFF, 0xFF,
    0xFF, 0xFF, 0xF9, 0xFF, 0x7F, 0x00, 0x03, 0x00, 0x00, 0x01, 0x09, 0xD9, 0xFF, 0xFD, 0xFF, 0xFF,
    0xFF, 0xFF, 0xFF, 0xFF, 0xFF, 0xFF, 0xFF, 0xFF, 0xFF, 0xFF, 0xFF, 0xFF, 0xFF, 0xFF, 0xFF, 0xFF,
    0xFF, 0xFF, 0xFF, 0xFF, 0xFF, 0xFF, 0xFF, 0xFF, 0xFF, 0xFF, 0xFE, 0xFD, 0xFA, 0x2A, 0x00, 0x02,
    0x04, 0x00, 0x4C, 0xFF, 0xFC, 0xFF, 0xFF, 0xFF, 0xFF, 0xFF, 0xFF, 0xFF, 0xFF, 0xFF, 0xFF, 0xFF,
    0xFF, 0xFF, 0xFF, 0xFF, 0xFF, 0xFF, 0xFF, 0xFF, 0xFF, 0xFF, 0xFF, 0xFF, 0xFF, 0xFF, 0xFF, 0xFF,
    0xFF, 0xFF, 0xFF, 0xFB, 0xFF, 0x8C, 0x00, 0x05, 0x04, 0x00, 0x9F, 0xFE, 0xFB, 0xFF, 0xFF, 0xFF,
    0xFF, 0xFF, 0xFF, 0xFF, 0xFF, 0xFF, 0xFF, 0xFF, 0xFF, 0xFF, 0xFF, 0xFF, 0xFF, 0xFF, 0xFF, 0xFF,
    0xFF, 0xFF, 0xFF, 0xFF, 0xFF, 0xFF, 0xFF, 0xFF, 0xFF, 0xFF, 0xFF, 0xFD, 0xFF, 0xD9, 0x04, 0x01,
    0x01, 0x08, 0xDB, 0xFF, 0xFD, 0xFF, 0xFF, 0xFF, 0xFF, 0xFF, 0xFF, 0xFF, 0xFF, 0xFF, 0xFF, 0xFF,
    0xFF, 0xFF, 0xFF, 0xFF, 0xFF, 0xFF, 0xFF, 0xFF, 0xFF, 0xFF, 0xFF, 0xFF, 0xFF, 0xFF, 0xFF, 0xFF,
    0xFF, 0xFF, 0xFF, 0xFF, 0xFE, 0xFA, 0x29, 0x00, 0x00, 0x11, 0xF3, 0xFF, 0xFE, 0xFF, 0xFF, 0xFF,
    0xFF, 0xFF, 0xFF, 0xFF, 0xFF, 0xFF, 0xFF, 0xFF, 0xFF, 0xFF, 0xFF, 0xFF, 0xFF, 0xFF, 0xFF, 0xFF,
    0xFF, 0xFF, 0xFF, 0xFF, 0xFF, 0xFF, 0xFF, 0xFF, 0xFF, 0xFF, 0xFF, 0xFF, 0xFD, 0xFF, 0x43, 0x00,
    0x00, 0x10, 0xEF, 0xFF, 0xFE, 0xFF, 0xFF, 0xFF, 0xFF, 0xFF, 0xFF, 0xFF, 0xFF, 0xFF, 0xFF, 0xFF,
    0xFF, 0xFF, 0xFF, 0xFF, 0xFF, 0xFF, 0xFF, 0xFF, 0xFF, 0xFF, 0xFF, 0xFF, 0xFF, 0xFF, 0xFF, 0xFF,
    0xFF, 0xFF, 0xFF, 0xFF, 0xFD, 0xFF, 0x3F, 0x00, 0x00, 0x10, 0xF0, 0xFF, 0xFE, 0xFF, 0xFF, 0xFF,
    0xFF, 0xFF, 0xFF, 0xFF, 0xFF, 0xFF, 0xFF, 0xFF, 0xFF, 0xFF, 0xFF, 0xFF, 0xFF, 0xFF, 0xFF, 0xFF,
    0xFF, 0xFF, 0xFF, 0xFF, 0xFF, 0xFF, 0xFF, 0xFF, 0xFF, 0xFF, 0xFF, 0xFF, 0xFD, 0xFF, 0x40, 0x00,
    0x00, 0x10, 0xF0, 0xFF, 0xFE, 0xFF, 0xFF, 0xFF, 0xFF, 0xFF, 0xFF, 0xFF, 0xFF, 0xFF, 0xFF, 0xFF,
    0xFF, 0xFF, 0xFF, 0xFF, 0xFF, 0xFF, 0xFF, 0xFF, 0xFF, 0xFF, 0xFF, 0xFF, 0xFF, 0xFF, 0xFF, 0xFF,
    0xFF, 0xFF, 0xFF, 0xFF, 0xFD, 0xFF, 0x40, 0x00, 0x00, 0x10, 0xF0, 0xFF, 0xFE, 0xFF, 0xFF, 0xFF,
    0xFF, 0xFF, 0xFF, 0xFF, 0xFF, 0xFF, 0xFF, 0xFF, 0xFF, 0xFF, 0xFF, 0xFF, 0xFF, 0xFF, 0xFF, 0xFF,
    0xFF, 0xFF, 0xFF, 0xFF, 0xFF, 0xFF, 0xFF, 0xFF, 0xFF, 0xFF, 0xFF, 0xFF, 0xFD, 0xFF, 0x40, 0x00,
    0x00, 0x10, 0xF0, 0xFF, 0xFE, 0xFF, 0xFF, 0xFF, 0xFF, 0xFF, 0xFF, 0xFF, 0xFF, 0xFF, 0xFF, 0xFF,
    0xFF, 0xFF, 0xFF, 0xFF, 0xFF, 0xFF, 0xFF, 0xFF, 0xFF, 0xFF, 0xFF, 0xFF, 0xFF, 0xFF, 0xFF, 0xFF,
    0xFF, 0xFF, 0xFF, 0xFF, 0xFD, 0xFF, 0x40, 0x00, 0x00, 0x10, 0xF0, 0xFF, 0xFE, 0xFF, 0xFF, 0xFF,
    0xFF, 0xFF, 0xFF, 0xFF, 0xFF, 0xFF, 0xFF, 0xFF, 0xFF, 0xFF, 0xFF, 0xFF, 0xFF, 0xFF, 0xFF, 0xFF,
    0xFF, 0xFF, 0xFF, 0xFF, 0xFF, 0xFF, 0xFF, 0xFF, 0xFF, 0xFF, 0xFF, 0xFF, 0xFD, 0xFF, 0x40, 0x00,
    0x00, 0x10, 0xF0, 0xFF, 0xFE, 0xFF, 0xFF, 0xFF, 0xFF, 0xFF, 0xFF, 0xFF, 0xFF, 0xFF, 0xFF, 0xFF,
    0xFF, 0xFF, 0xFF, 0xFF, 0xFF, 0xFF, 0xFF, 0xFF, 0xFF, 0xFF, 0xFF, 0xFF, 0xFF, 0xFF, 0xFF, 0xFF,
    0xFF, 0xFF, 0xFF, 0xFF, 0xFD, 0xFF, 0x40, 0x00, 0x00, 0x10, 0xF0, 0xFF, 0xFE, 0xFF, 0xFF, 0xFF,
    0xFF, 0xFF, 0xFF, 0xFF, 0xFF, 0xFF, 0xFF, 0xFF, 0xFF, 0xFF, 0xFF, 0xFF, 0xFF, 0xFF, 0xFF, 0xFF,
    0xFF, 0xFF, 0xFF, 0xFF, 0xFF, 0xFF, 0xFF, 0xFF, 0xFF, 0xFF, 0xFF, 0xFF, 0xFD, 0xFF, 0x40, 0x00,
    0x00, 0x10, 0xF0, 0xFF, 0xFE, 0xFF, 0xFF, 0xFF, 0xFF, 0xFF, 0xFF, 0xFF, 0xFF, 0xFF, 0xFF, 0xFF,
    0xFF, 0xFF, 0xFF, 0xFF, 0xFF, 0xFF, 0xFF, 0xFF, 0xFF, 0xFF, 0xFF, 0xFF, 0xFF, 0xFF, 0xFF, 0xFF,
    0xFF, 0xFF, 0xFF, 0xFF, 0xFD, 0xFF, 0x40, 0x00, 0x00, 0x10, 0xF0, 0xFF, 0xFE, 0xFF, 0xFF, 0xFF,
    0xFF, 0xFF, 0xFF, 0xFF, 0xFF, 0xFF, 0xFF, 0xFF, 0xFF, 0xFF, 0xFF, 0xFF, 0xFF, 0xFF, 0xFF, 0xFF,
    0xFF, 0xFF, 0xFF, 0xFF, 0xFF, 0xFF, 0xFF, 0xFF, 0xFF, 0xFF, 0xFF, 0xFF, 0xFD, 0xFF, 0x40, 0x00,
    0x00, 0x10, 0xF0, 0xFF, 0xFE, 0xFF, 0xFF, 0xFF, 0xFF, 0xFF, 0xFF, 0xFF, 0xFF, 0xFF, 0xFF, 0xFF,
    0xFF, 0xFF, 0xFF, 0xFF, 0xFF, 0xFF, 0xFF, 0xFF, 0xFF, 0xFF, 0xFF, 0xFF, 0xFF, 0xFF, 0xFF, 0xFF,
    0xFF, 0xFF, 0xFF, 0xFF, 0xFD, 0xFF, 0x40, 0x00, 0x00, 0x10, 0xF0, 0xFF, 0xFE, 0xFF, 0xFF, 0xFF,
    0xFF, 0xFF, 0xFF, 0xFF, 0xFF, 0xFF, 0xFF, 0xFF, 0xFF, 0xFF, 0xFF, 0xFF, 0xFF, 0xFF, 0xFF, 0xFF,
    0xFF, 0xFF, 0xFF, 0xFF, 0xFF, 0xFF, 0xFF, 0xFF, 0xFF, 0xFF, 0xFF, 0xFF, 0xFD, 0xFF, 0x40, 0x00,
    0x00, 0x10, 0xF0, 0xFF, 0xFE, 0xFF, 0xFF, 0xFF, 0xFF, 0xFF, 0xFF, 0xFF, 0xFF, 0xFF, 0xFF, 0xFF,
    0xFF, 0xFF, 0xFF, 0xFF, 0xFF, 0xFF, 0xFF, 0xFF, 0xFF, 0xFF, 0xFF, 0xFF, 0xFF, 0xFF, 0xFF, 0xFF,
    0xFF, 0xFF, 0xFF, 0xFF, 0xFD, 0xFF, 0x40, 0x00, 0x00, 0x10, 0xF0, 0xFF, 0xFE, 0xFF, 0xFF, 0xFF,
    0xFF, 0xFF, 0xFF, 0xFF, 0xFF, 0xFF, 0xFF, 0xFF, 0xFF, 0xFF, 0xFF, 0xFF, 0xFF, 0xFF, 0xFF, 0xFF,
    0xFF, 0xFF, 0xFF, 0xFF, 0xFF, 0xFF, 0xFF, 0xFF, 0xFF, 0xFF, 0xFF, 0xFF, 0xFD, 0xFF, 0x40, 0x00,
    0x00, 0x10, 0xF0, 0xFF, 0xFE, 0xFF, 0xFF, 0xFF, 0xFF, 0xFF, 0xFF, 0xFF, 0xFF, 0xFF, 0xFF, 0xFF,
    0xFF, 0xFF, 0xFF, 0xFF, 0xFF, 0xFF, 0xFF, 0xFF, 0xFF, 0xFF, 0xFF, 0xFF, 0xFF, 0xFF, 0xFF, 0xFF,
    0xFF, 0xFF, 0xFF, 0xFF, 0xFD, 0xFF, 0x40, 0x00, 0x00, 0x10, 0xEF, 0xFF, 0xFE, 0xFF, 0xFF, 0xFF,
    0xFF, 0xFF, 0xFF, 0xFF, 0xFF, 0xFF, 0xFF, 0xFF, 0xFF, 0xFF, 0xFF, 0xFF, 0xFF, 0xFF, 0xFF, 0xFF,
    0xFF, 0xFF, 0xFF, 0xFF, 0xFF, 0xFF, 0xFF, 0xFF, 0xFF, 0xFF, 0xFF, 0xFF, 0xFD, 0xFF, 0x3F, 0x00,
    0x00, 0x11, 0xF2, 0xFF, 0xFE, 0xFF, 0xFF, 0xFF, 0xFF, 0xFF, 0xFF, 0xFF, 0xFF, 0xFF, 0xFF, 0xFF,
    0xFF, 0xFF, 0xFF, 0xFF, 0xFF, 0xFF, 0xFF, 0xFF, 0xFF, 0xFF, 0xFF, 0xFF, 0xFF, 0xFF, 0xFF, 0xFF,
    0xFF, 0xFF, 0xFF, 0xFF, 0xFD, 0xFF, 0x42, 0x00, 0x01, 0x0C, 0xE5, 0xFF, 0xFE, 0xFF, 0xFF, 0xFF,
    0xFF, 0xFF, 0xFF, 0xFF, 0xFF, 0xFF, 0xFF, 0xFF, 0xFF, 0xFF, 0xFF, 0xFF, 0xFF, 0xFF, 0xFF, 0xFF,
    0xFF, 0xFF, 0xFF, 0xFF, 0xFF, 0xFF, 0xFF, 0xFF, 0xFF, 0xFF, 0xFF, 0xFF, 0xFE, 0xFD, 0x35, 0x00,
    0x04, 0x00, 0xB0, 0xFE, 0xFC, 0xFF, 0xFF, 0xFF, 0xFF, 0xFF, 0xFF, 0xFF, 0xFF, 0xFF, 0xFF, 0xFF,
    0xFF, 0xFF, 0xFF, 0xFF, 0xFF, 0xFF, 0xFF, 0xFF, 0xFF, 0xFF, 0xFF, 0xFF, 0xFF, 0xFF, 0xFF, 0xFF,
    0xFF, 0xFF, 0xFF, 0xFE, 0xFF, 0xE6, 0x0A, 0x01, 0x04, 0x00, 0x62, 0xFF, 0xFC, 0xFF, 0xFF, 0xFF,
    0xFF, 0xFF, 0xFF, 0xFF, 0xFF, 0xFF, 0xFF, 0xFF, 0xFF, 0xFF, 0xFF, 0xFF, 0xFF, 0xFF, 0xFF, 0xFF,
    0xFF, 0xFF, 0xFF, 0xFF, 0xFF, 0xFF, 0xFF, 0xFF, 0xFF, 0xFF, 0xFF, 0xFB, 0xFE, 0xA2, 0x00, 0x04,
    0x01, 0x01, 0x15, 0xEE, 0xFD, 0xFE, 0xFF, 0xFF, 0xFF, 0xFF, 0xFF, 0xFF, 0xFF, 0xFF, 0xFF, 0xFF,
    0xFF, 0xFF, 0xFF, 0xFF, 0xFF, 0xFF, 0xFF, 0xFF, 0xFF, 0xFF, 0xFF, 0xFF, 0xFF, 0xFF, 0xFF, 0xFF,
    0xFF, 0xFF, 0xFF, 0xFC, 0xFF, 0x42, 0x00, 0x03, 0x00, 0x03, 0x00, 0x6B, 0xFF, 0xFA, 0xFF, 0xFF,
    0xFF, 0xFF, 0xFF, 0xFF, 0xFF, 0xFF, 0xFF, 0xFF, 0xFF, 0xFF, 0xFF, 0xFF, 0xFF, 0xFF, 0xFF, 0xFF,
    0xFF, 0xFF, 0xFF, 0xFF, 0xFF, 0xFF, 0xFF, 0xFF, 0xFF, 0xFF, 0xFA, 0xFF, 0xAA, 0x00, 0x03, 0x00,
    0x00, 0x00, 0x03, 0x00, 0xAC, 0xFF, 0xF9, 0xFE, 0xFF, 0xFF, 0xFF, 0xFF, 0xFF, 0xFF, 0xFF, 0xFF,
    0xFF, 0xFF, 0xFF, 0xFF, 0xFF, 0xFF, 0xFF, 0xFF, 0xFF, 0xFF, 0xFF, 0xFF, 0xFF, 0xFF, 0xFF, 0xFF,
    0xFF, 0xFA, 0xFF, 0xDE, 0x12, 0x02, 0x01, 0x00, 0x00, 0x00, 0x01, 0x01, 0x11, 0xB8, 0xFF, 0xFF,
    0xFB, 0xFD, 0xFE, 0xFF, 0xFF, 0xFF, 0xFF, 0xFF, 0xFF, 0xFF, 0xFF, 0xFF, 0xFF, 0xFF, 0xFF, 0xFF,
    0xFF, 0xFF, 0xFF, 0xFF, 0xFF, 0xFF, 0xFD, 0xFB, 0xFD, 0xFF, 0xDA, 0x34, 0x00, 0x02, 0x00, 0x00,
    0x00, 0x00, 0x00, 0x01, 0x00, 0x00, 0x80, 0xF9, 0xFF, 0xFF, 0xFF, 0xFD, 0xFD, 0xFD, 0xFD, 0xFD,
    0xFD, 0xFD, 0xFD, 0xFD, 0xFD, 0xFD, 0xFD, 0xFD, 0xFD, 0xFD, 0xFD, 0xFD, 0xFD, 0xFE, 0xFF, 0xFF,
    0xFF, 0xA7, 0x13, 0x00, 0x02, 0x00, 0x00, 0x00, 0x00, 0x00, 0x00, 0x00, 0x01, 0x01, 0x00, 0x2C,
    0x8C, 0xD6, 0xFD, 0xFF, 0xFF, 0xFF, 0xFF, 0xFF, 0xFF, 0xFF, 0xFF, 0xFF, 0xFF, 0xFF, 0xFF, 0xFF,
    0xFF, 0xFF, 0xFF, 0xFF, 0xFF, 0xFF, 0xE2, 0x9F, 0x46, 0x00, 0x00, 0x02, 0x00, 0x00, 0x00, 0x00,
    0x00, 0x00, 0x00, 0x00, 0x00, 0x00, 0x03, 0x00, 0x00, 0x03, 0x28, 0x40, 0x40, 0x40, 0x40, 0x40,
    0x40, 0x40, 0x40, 0x40, 0x40, 0x40, 0x40, 0x40, 0x40, 0x40, 0x40, 0x40, 0x40, 0x34, 0x09, 0x00,
    0x00, 0x02, 0x01, 0x00, 0x00, 0x00, 0x00, 0x00, 0x00, 0x00, 0x00, 0x00, 0x00, 0x00, 0x00, 0x02,
    0x04, 0x00, 0x00, 0x00, 0x00, 0x00, 0x00, 0x00, 0x00, 0x00, 0x00, 0x00, 0x00, 0x00, 0x00, 0x00,
    0x00, 0x00, 0x00, 0x00, 0x00, 0x00, 0x00, 0x04, 0x03, 0x00, 0x00, 0x00, 0x00, 0x00, 0x00, 0x00,
};

const lv_image_dsc_t icon_home_wifi = {
    .header.magic = LV_IMAGE_HEADER_MAGIC,
    .header.cf = LV_COLOR_FORMAT_RGB565A8,
    .header.w = 40,
    .header.h = 40,
    .data_size = 4800,
    .data = icon_home_wifi_map,
};

const LV_ATTRIBUTE_MEM_ALIGN uint8_t icon_home_bt_map[] = {
    0x00, 0x00, 0x00, 0x00, 0x00, 0x00, 0x00, 0x00, 0x00, 0x00, 0x00, 0x00, 0x00, 0x00, 0x1F, 0x00,
    0x5F, 0x55, 0xF7, 0x7B, 0x00, 0x00, 0x00, 0x00, 0x00, 0x00, 0x00, 0x00, 0x00, 0x00, 0x00, 0x00,
    0x00, 0x00, 0x00, 0x00, 0x00, 0x00, 0x00, 0x00, 0x00, 0x00, 0x00, 0x00, 0x00, 0x00, 0x00, 0x00,
    0x00, 0x00, 0x00, 0x00, 0x00, 0x00, 0x00, 0x00, 0x00, 0x00, 0x00, 0x00, 0xBF, 0x52, 0xFF, 0x7B,
    0xFF, 0xFF, 0x00, 0x00, 0x00, 0x00, 0x00, 0x00, 0x00, 0x00, 0x00, 0x00, 0x00, 0x00, 0x00, 0x00,
    0x00, 0x00, 0x00, 0x00, 0x00, 0x00, 0x00, 0x00, 0x00, 0x00, 0x00, 0x00, 0xB5, 0x52, 0x00, 0x00,
    0x00, 0x00, 0x00, 0x00, 0xBF, 0x52, 0xFF, 0x7B, 0x7D, 0x6B, 0x7D, 0x6B, 0x7D, 0x6B, 0x7D, 0x6B,
    0x7D, 0x6B, 0x7D, 0x6B, 0x7D, 0x6B, 0x7D, 0x6B, 0x7D, 0x6B, 0x7D, 0x6B, 0x7D, 0x6B, 0x7D, 0x6B,
    0x7D, 0x6B, 0x7D, 0x6B, 0x7D, 0x6B, 0x7D, 0x6B, 0xFF, 0x6B, 0x9F, 0x73, 0x00, 0x00, 0x00, 0x00,
    0x00, 0x00, 0xBF, 0x52, 0x00, 0x00, 0x00, 0x00, 0x00, 0x00, 0x00, 0x00, 0x00, 0x00, 0x00, 0x00,
    0x00, 0x00, 0x00, 0x00, 0x00, 0x00, 0x00, 0x00, 0x00, 0x00, 0xF7, 0x3B, 0x00, 0x00, 0xBA, 0x52,
    0xBE, 0x6B, 0x9E, 0x6B, 0x9E, 0x6B, 0x9E, 0x6B, 0x9D, 0x6B, 0x9D, 0x6B, 0x9D, 0x6B, 0x9D, 0x6B,
    0x9D, 0x6B, 0x9D, 0x6B, 0x9D, 0x6B, 0x9D, 0x6B, 0x9D, 0x6B, 0x9D, 0x6B, 0x9D, 0x6B, 0x9D, 0x6B,
    0x9D, 0x6B, 0x9D, 0x6B, 0x9D, 0x6B, 0x9D, 0x6B, 0x9E, 0x6B, 0x9E, 0x6B, 0x9E, 0x6B, 0xBE, 0x6B,
    0x9E, 0x6B, 0x00, 0x00, 0xFF, 0x7B, 0x1F, 0x00, 0x00, 0x00, 0x00, 0x00, 0x00, 0x00, 0x00, 0x00,
    0x00, 0x00, 0x00, 0x00, 0x00, 0x00, 0x00, 0x00, 0x1F, 0x00, 0x00, 0x00, 0x7D, 0x6B, 0x9E, 0x6B,
    0xBF, 0x6B, 0xDF, 0x73, 0xBE, 0x6B, 0x9E, 0x6B, 0x9E, 0x6B, 0x9E, 0x6B, 0x9E, 0x6B, 0x9E, 0x6B,
    0x9E, 0x6B, 0x9E, 0x6B, 0x9E, 0x6B, 0x9E, 0x6B, 0x9E, 0x6B, 0x9E, 0x6B, 0x9E, 0x6B, 0x9E, 0x6B,
    0x9E, 0x6B, 0x9E, 0x6B, 0x9E, 0x6B, 0x9E, 0x6B, 0x9E, 0x6B, 0x9E, 0x6B, 0xBF, 0x6B, 0xDF, 0x73,
    0xBE, 0x6B, 0x9E, 0x6B, 0x00, 0x00, 0x00, 0x00, 0x1F, 0x00, 0x00, 0x00, 0x00, 0x00, 0x00, 0x00,
    0x00, 0x00, 0x00, 0x00, 0x00, 0x00, 0xBF, 0x52, 0x1F, 0x00, 0x9D, 0x6B, 0xBE, 0x6B, 0xBE, 0x6B,
    0x7D, 0x63, 0x7D, 0x63, 0x7D, 0x63, 0x7D, 0x63, 0x7D, 0x63, 0x7D, 0x63, 0x7D, 0x63, 0x7D, 0x63,
    0x7D, 0x63, 0x7D, 0x63, 0x7D, 0x63, 0x7D, 0x63, 0x7D, 0x63, 0x7D, 0x63, 0x7D, 0x63, 0x7D, 0x63,
    0x7D, 0x63, 0x7D, 0x63, 0x7D, 0x63, 0x7D, 0x63, 0x7D, 0x63, 0x7D, 0x63, 0x7D, 0x63, 0x7D, 0x63,
    0x9E, 0x6B, 0xDF, 0x73, 0x9E, 0x6B, 0x5C, 0x6B, 0xFF, 0xFF, 0x1F, 0x00, 0x00, 0x00, 0x00, 0x00,
    0x00, 0x00, 0x00, 0x00, 0xF7, 0x7B, 0x00, 0x00, 0x7D, 0x63, 0xDF, 0x73, 0x7D, 0x63, 0x7D, 0x63,
    0x7D, 0x63, 0x7D, 0x63, 0x7D, 0x63, 0x7D, 0x63, 0x7D, 0x63, 0x7D, 0x63, 0x7D, 0x63, 0x7D, 0x63,
    0x7D, 0x63, 0x7D, 0x63, 0x7D, 0x63, 0x7D, 0x63, 0x7D, 0x63, 0x7D, 0x63, 0x7D, 0x63, 0x7D, 0x63,
    0x7D, 0x63, 0x7D, 0x63, 0x7D, 0x63, 0x7D, 0x63, 0x7D, 0x63, 0x7D, 0x63, 0x7D, 0x63, 0x7D, 0x63,
    0x7D, 0x63, 0x7D, 0x63, 0xDF, 0x73, 0x7D, 0x63, 0x1F, 0x00, 0xBF, 0x52, 0x00, 0x00, 0x00, 0x00,
    0x00, 0x00, 0xBF, 0x52, 0x00, 0x00, 0x7D, 0x63, 0x9E, 0x6B, 0x7D, 0x63, 0x7D, 0x63, 0x7D, 0x63,
    0x7D, 0x63, 0x7D, 0x63, 0x7D, 0x63, 0x7D, 0x63, 0x7D, 0x63, 0x7D, 0x63, 0x7D, 0x63, 0x7D, 0x63,
    0x7D, 0x63, 0x7D, 0x63, 0x7D, 0x63, 0x9D, 0x6B, 0x7D, 0x63, 0x7D, 0x63, 0x7D, 0x63, 0x7D, 0x63,
    0x7D, 0x63, 0x7D, 0x63, 0x7D, 0x63, 0x7D, 0x63, 0x7D, 0x63, 0x7D, 0x63, 0x7D, 0x63, 0x7D, 0x63,
    0x7D, 0x63, 0x7D, 0x63, 0x7D, 0x63, 0xBF, 0x6B, 0x7D, 0x63, 0x00, 0x00, 0xBF, 0x52, 0x00, 0x00,
    0x00, 0x00, 0xFF, 0xFF, 0x9C, 0x73, 0x7D, 0x63, 0x9E, 0x6B, 0x7D, 0x63, 0x7D, 0x63, 0x7D, 0x63,
    0x7D, 0x63, 0x7D, 0x63, 0x7D, 0x63, 0x7D, 0x63, 0x7D, 0x63, 0x7D, 0x63, 0x7D, 0x63, 0x7D, 0x63,
    0x7D, 0x63, 0x7D, 0x63, 0x7D, 0x63, 0x1C, 0x53, 0x9D, 0x6B, 0x7D, 0x63, 0x5D, 0x63, 0x7D, 0x6B,
    0x7D, 0x63, 0x7D, 0x63, 0x7D, 0x63, 0x7D, 0x63, 0x7D, 0x63, 0x7D, 0x63, 0x7D, 0x63, 0x7D, 0x63,
    0x7D, 0x63, 0x7D, 0x63, 0x7D, 0x63, 0x7D, 0x63, 0x9D, 0x6B, 0x7C, 0x63, 0x00, 0x00, 0xFF, 0x7B,
    0xF7, 0x39, 0x00, 0x00, 0x5C, 0x63, 0x9E, 0x6B, 0x5C, 0x63, 0x7D, 0x63, 0x7D, 0x63, 0x7D, 0x63,
    0x7D, 0x63, 0x7D, 0x63, 0x7D, 0x63, 0x7D, 0x63, 0x7D, 0x63, 0x7D, 0x63, 0x7D, 0x63, 0x7D, 0x63,
    0x7D, 0x63, 0x5D, 0x63, 0x9D, 0x6B, 0x5E, 0xA5, 0xFF, 0xDE, 0xFF, 0xDE, 0x9D, 0x6B, 0x3C, 0x5B,
    0x7D, 0x6B, 0x7D, 0x63, 0x7D, 0x63, 0x7D, 0x63, 0x7D, 0x63, 0x7D, 0x63, 0x7D, 0x63, 0x7D, 0x63,
    0x7D, 0x63, 0x7D, 0x63, 0x7D, 0x63, 0x5C, 0x63, 0xBF, 0x6B, 0x5D, 0x63, 0x00, 0x00, 0x39, 0x63,
    0xF7, 0x7B, 0x00, 0x00, 0x5D, 0x63, 0x9E, 0x6B, 0x5C, 0x63, 0x5D, 0x63, 0x5D, 0x63, 0x5D, 0x63,
    0x5D, 0x63, 0x5D, 0x63, 0x5D, 0x63, 0x5D, 0x63, 0x5D, 0x63, 0x5D, 0x63, 0x5D, 0x63, 0x5D, 0x63,
    0x7D, 0x63, 0x5D, 0x63, 0xBD, 0x6B, 0xFF, 0xFF, 0xFF, 0xFF, 0xFF, 0xFF, 0x5F, 0xEF, 0x3D, 0x84,
    0xFC, 0x52, 0x7D, 0x63, 0x7D, 0x63, 0x5D, 0x63, 0x5D, 0x63, 0x5D, 0x63, 0x5D, 0x63, 0x5D, 0x63,
    0x5D, 0x63, 0x5D, 0x63, 0x5D, 0x63, 0x5C, 0x63, 0x7E, 0x63, 0x5C, 0x63, 0xFF, 0x7B, 0x1F, 0x00,
    0x1F, 0x00, 0xFF, 0x5B, 0x5C, 0x63, 0x7D, 0x63, 0x5C, 0x63, 0x5C, 0x63, 0x5C, 0x63, 0x5C, 0x63,
    0x5C, 0x63, 0x5C, 0x63, 0x5C, 0x63, 0x5C, 0x63, 0x5C, 0x63, 0x5C, 0x63, 0x5C, 0x63, 0x5C, 0x63,
    0x5C, 0x63, 0x3C, 0x63, 0xBD, 0x6B, 0x9F, 0xF7, 0xFF, 0xFF, 0xFF, 0xFF, 0xFF, 0xFF, 0xBF, 0xF7,
    0x1E, 0x9D, 0x1C, 0x5B, 0x5C, 0x63, 0x7C, 0x63, 0x5C, 0x63, 0x5C, 0x63, 0x5C, 0x63, 0x5C, 0x63,
    0x5C, 0x63, 0x5C, 0x63, 0x5C, 0x63, 0x5C, 0x63, 0x5C, 0x63, 0x7D, 0x63, 0x7D, 0x63, 0x00, 0x00,
    0x00, 0x00, 0xDE, 0x5B, 0x5C, 0x63, 0x5D, 0x63, 0x5C, 0x63, 0x5C, 0x63, 0x5C, 0x63, 0x5C, 0x63,
    0x5C, 0x63, 0x5C, 0x63, 0x5C, 0x63, 0x5C, 0x63, 0x5C, 0x63, 0x5C, 0x63, 0x5C, 0x63, 0x5C, 0x63,
    0x5C, 0x63, 0x3C, 0x5B, 0x9D, 0x6B, 0xBF, 0xF7, 0xFF, 0xFF, 0x9E, 0xCE, 0x5F, 0xE7, 0xFF, 0xFF,
    0xFF, 0xFF, 0x1E, 0xBE, 0x3C, 0x5B, 0x3C, 0x5B, 0x5C, 0x63, 0x5C, 0x63, 0x5C, 0x63, 0x5C, 0x63,
    0x5C, 0x63, 0x5C, 0x63, 0x5C, 0x63, 0x5C, 0x63, 0x5C, 0x63, 0x7E, 0x63, 0x5D, 0x63, 0x00, 0x00,
    0x00, 0x00, 0x7D, 0x5B, 0x5C, 0x63, 0x5D, 0x63, 0x5C, 0x63, 0x5C, 0x63, 0x5C, 0x63, 0x5C, 0x63,
    0x5C, 0x63, 0x5C, 0x63, 0x5C, 0x63, 0x5C, 0x63, 0x5C, 0x63, 0x5C, 0x63, 0x5C, 0x63, 0x5C, 0x63,
    0x5C, 0x63, 0x3C, 0x5B, 0x9C, 0x6B, 0x9F, 0xF7, 0xFF, 0xFF, 0x7E, 0xAD, 0x3C, 0x63, 0xBF, 0xD6,
    0xFF, 0xFF, 0xFF, 0xFF, 0xFF, 0xDE, 0x9C, 0x6B, 0x3C, 0x5B, 0x5C, 0x63, 0x5C, 0x63, 0x5C, 0x63,
    0x5C, 0x63, 0x5C, 0x63, 0x5C, 0x63, 0x5C, 0x63, 0x3C, 0x63, 0x7E, 0x63, 0x5C, 0x63, 0x00, 0x00,
    0x00, 0x00, 0x7D, 0x5B, 0x5C, 0x5B, 0x5D, 0x63, 0x5C, 0x63, 0x5C, 0x63, 0x5C, 0x63, 0x5C, 0x63,
    0x5C, 0x63, 0x5C, 0x63, 0x5C, 0x63, 0x3C, 0x63, 0x5C, 0x63, 0x3C, 0x5B, 0x1C, 0x5B, 0x5C, 0x63,
    0x5C, 0x63, 0x3C, 0x5B, 0x9C, 0x6B, 0x9F, 0xF7, 0xFF, 0xFF, 0xBE, 0xB5, 0xDC, 0x52, 0x3C, 0x5B,
    0x9E, 0xB5, 0xBF, 0xF7, 0xFF, 0xFF, 0x7F, 0xEF, 0xBD, 0x73, 0x3C, 0x5B, 0x5C, 0x63, 0x5C, 0x63,
    0x5C, 0x63, 0x5C, 0x63, 0x5C, 0x63, 0x5C, 0x63, 0x3C, 0x5B, 0x7E, 0x63, 0x3C, 0x5B, 0x00, 0x00,
    0x00, 0x00, 0x7D, 0x5B, 0x3C, 0x5B, 0x5D, 0x63, 0x3C, 0x5B, 0x3C, 0x5B, 0x3C, 0x5B, 0x3C, 0x5B,
    0x3C, 0x5B, 0x3C, 0x5B, 0x3C, 0x5B, 0x5C, 0x63, 0x1C, 0x5B, 0x9C, 0x6B, 0x3D, 0x84, 0xDC, 0x52,
    0x5C, 0x63, 0x3C, 0x5B, 0x9C, 0x6B, 0x9F, 0xF7, 0xFF, 0xFF, 0x9E, 0xAD, 0xFC, 0x52, 0xFC, 0x52,
    0x9D, 0x8C, 0x9F, 0xF7, 0xFF, 0xFF, 0xFF, 0xFF, 0x1D, 0x7C, 0x1C, 0x5B, 0x5C, 0x63, 0x3C, 0x5B,
    0x3C, 0x5B, 0x3C, 0x5B, 0x3C, 0x5B, 0x3C, 0x5B, 0x3C, 0x5B, 0x7D, 0x63, 0x3C, 0x5B, 0x00, 0x00,
    0x00, 0x00, 0xFB, 0x5A, 0x3C, 0x5B, 0x3C, 0x63, 0x3C, 0x5B, 0x3C, 0x5B, 0x3C, 0x5B, 0x3C, 0x5B,
    0x3C, 0x5B, 0x3C, 0x5B, 0x3C, 0x5B, 0x3C, 0x5B, 0x1C, 0x5B, 0x5E, 0xC6, 0xFF, 0xFF, 0x3D, 0xA5,
    0xFC, 0x52, 0x1C, 0x5B, 0x9C, 0x6B, 0x9F, 0xF7, 0xFF, 0xFF, 0x7E, 0xAD, 0x9C, 0x4A, 0xFE, 0xBD,
    0xFF, 0xFF, 0xFF, 0xFF, 0xBF, 0xF7, 0x7D, 0x84, 0x1C, 0x5B, 0x3C, 0x63, 0x3C, 0x5B, 0x3C, 0x5B,
    0x3C, 0x5B, 0x3C, 0x5B, 0x3C, 0x5B, 0x3C, 0x5B, 0x3C, 0x5B, 0x5D, 0x63, 0x3C, 0x5B, 0x00, 0x00,
    0x00, 0x00, 0xFB, 0x5A, 0x3C, 0x5B, 0x3C, 0x63, 0x3C, 0x5B, 0x3C, 0x5B, 0x3C, 0x5B, 0x3C, 0x5B,
    0x3C, 0x5B, 0x3C, 0x5B, 0x3C, 0x5B, 0x1C, 0x5B, 0x9C, 0x6B, 0x7F, 0xEF, 0xFF, 0xFF, 0xFF, 0xFF,
    0x5E, 0xCE, 0x5C, 0x63, 0x3C, 0x5B, 0xBF, 0xF7, 0xFF, 0xFF, 0xFE, 0xBD, 0x5E, 0xC6, 0xFF, 0xFF,
    0xFF, 0xFF, 0xDF, 0xDE, 0xBC, 0x73, 0xDC, 0x52, 0x3C, 0x5B, 0x3C, 0x5B, 0x3C, 0x5B, 0x3C, 0x5B,
    0x3C, 0x5B, 0x3C, 0x5B, 0x3C, 0x5B, 0x3C, 0x5B, 0x3C, 0x5B, 0x5D, 0x63, 0x1C, 0x5B, 0x00, 0x00,
    0x00, 0x00, 0xFB, 0x5A, 0x1C, 0x5B, 0x3C, 0x5B, 0x3C, 0x5B, 0x3C, 0x5B, 0x3C, 0x5B, 0x3C, 0x5B,
    0x3C, 0x5B, 0x3C, 0x5B, 0x3C, 0x5B, 0x3C, 0x5B, 0x1C, 0x5B, 0x5C, 0x63, 0x5E, 0xCE, 0xFF, 0xFF,
    0xFF, 0xFF, 0x3F, 0xE7, 0xBD, 0x94, 0x9F, 0xF7, 0xFF, 0xFF, 0xFF, 0xFF, 0xFF, 0xFF, 0xFF, 0xFF,
    0xFE, 0xBD, 0x1C, 0x5B, 0xFC, 0x52, 0x3C, 0x63, 0x3C, 0x5B, 0x3C, 0x5B, 0x3C, 0x5B, 0x3C, 0x5B,
    0x3C, 0x5B, 0x3C, 0x5B, 0x3C, 0x5B, 0x3C, 0x5B, 0x1C, 0x5B, 0x5D, 0x63, 0x1C, 0x5B, 0x00, 0x00,
    0x00, 0x00, 0xFB, 0x5A, 0x1C, 0x5B, 0x3C, 0x5B, 0x1C, 0x5B, 0x1C, 0x5B, 0x1C, 0x5B, 0x1C, 0x5B,
    0x1C, 0x5B, 0x1C, 0x5B, 0x1C, 0x5B, 0x1C, 0x5B, 0x3C, 0x5B, 0x1C, 0x5B, 0xFB, 0x52, 0x1D, 0x9D,
    0xBF, 0xF7, 0xFF, 0xFF, 0xFF, 0xFF, 0xFF, 0xFF, 0xFF, 0xFF, 0xFF, 0xFF, 0xBF, 0xF7, 0xFD, 0x9C,
    0xDB, 0x52, 0x1C, 0x5B, 0x3C, 0x5B, 0x1C, 0x5B, 0x1C, 0x5B, 0x1C, 0x5B, 0x1C, 0x5B, 0x1C, 0x5B,
    0x1C, 0x5B, 0x1C, 0x5B, 0x1C, 0x5B, 0x1C, 0x5B, 0x1C, 0x5B, 0x5D, 0x63, 0x1C, 0x5B, 0x00, 0x00,
    0x00, 0x00, 0xFB, 0x5A, 0x1B, 0x5B, 0x3C, 0x5B, 0x1B, 0x5B, 0x1C, 0x5B, 0x1C, 0x5B, 0x1C, 0x5B,
    0x1C, 0x5B, 0x1C, 0x5B, 0x1C, 0x5B, 0x1C, 0x5B, 0x1C, 0x5B, 0x1C, 0x5B, 0x3C, 0x5B, 0xDB, 0x52,
    0xBC, 0x73, 0xDF, 0xDE, 0xFF, 0xFF, 0xFF, 0xFF, 0xFF, 0xFF, 0x5F, 0xEF, 0xDC, 0x73, 0xDB, 0x52,
    0x3C, 0x5B, 0x1C, 0x5B, 0x1C, 0x5B, 0x1C, 0x5B, 0x1C, 0x5B, 0x1C, 0x5B, 0x1C, 0x5B, 0x1C, 0x5B,
    0x1C, 0x5B, 0x1C, 0x5B, 0x1C, 0x5B, 0x1C, 0x5B, 0x1B, 0x5B, 0x3D, 0x63, 0x1B, 0x5B, 0x00, 0x00,
    0x00, 0x00, 0xFB, 0x5A, 0x1B, 0x5B, 0x1C, 0x5B, 0x1B, 0x5B, 0x1B, 0x5B, 0x1B, 0x5B, 0x1B, 0x5B,
    0x1B, 0x5B, 0x1B, 0x5B, 0x1B, 0x5B, 0x1B, 0x5B, 0x1B, 0x5B, 0x1B, 0x5B, 0x3C, 0x5B, 0xBB, 0x52,
    0xBC, 0x6B, 0xDF, 0xDE, 0xFF, 0xFF, 0xFF, 0xFF, 0xFF, 0xFF, 0x7F, 0xEF, 0x3C, 0x84, 0xBB, 0x52,
    0x1B, 0x5B, 0x1B, 0x5B, 0x1B, 0x5B, 0x1B, 0x5B, 0x1B, 0x5B, 0x1B, 0x5B, 0x1B, 0x5B, 0x1B, 0x5B,
    0x1B, 0x5B, 0x1B, 0x5B, 0x1B, 0x5B, 0x1B, 0x5B, 0x1B, 0x5B, 0x3D, 0x5B, 0xFB, 0x5A, 0x00, 0x00,
    0x00, 0x00, 0xFB, 0x5A, 0xFB, 0x5A, 0x1C, 0x5B, 0x1B, 0x5B, 0x1B, 0x5B, 0x1B, 0x5B, 0x1B, 0x5B,
    0x1B, 0x5B, 0x1B, 0x5B, 0x1B, 0x5B, 0x1B, 0x5B, 0x1B, 0x5B, 0x1B, 0x5B, 0xBB, 0x4A, 0x9D, 0x8C,
    0xBF, 0xF7, 0xFF, 0xFF, 0xFF, 0xFF, 0xFF, 0xFF, 0xFF, 0xFF, 0xFF, 0xFF, 0xFF, 0xFF, 0x7D, 0xAD,
    0xDB, 0x52, 0xDB, 0x52, 0x1B, 0x5B, 0x1B, 0x5B, 0x1B, 0x5B, 0x1B, 0x5B, 0x1B, 0x5B, 0x1B, 0x5B,
    0x1B, 0x5B, 0x1B, 0x5B, 0x1B, 0x5B, 0x1B, 0x5B, 0xFB, 0x5A, 0x3D, 0x5B, 0xFB, 0x52, 0x00, 0x00,
    0x00, 0x00, 0xFB, 0x5A, 0xFB, 0x5A, 0x1C, 0x5B, 0xFB, 0x5A, 0xFB, 0x5A, 0xFB, 0x5A, 0xFB, 0x5A,
    0xFB, 0x5A, 0xFB, 0x5A, 0xFB, 0x5A, 0x1B, 0x5B, 0xFB, 0x5A, 0xDB, 0x52, 0xBE, 0xB5, 0xFF, 0xFF,
    0xFF, 0xFF, 0x9F, 0xF7, 0xBD, 0x8C, 0x9F, 0xF7, 0xFF, 0xFF, 0xFF, 0xFF, 0xFF, 0xFF, 0xFF, 0xFF,
    0x9E, 0xD6, 0x9C, 0x6B, 0xBB, 0x4A, 0x1B, 0x5B, 0xFB, 0x5A, 0xFB, 0x5A, 0xFB, 0x5A, 0xFB, 0x5A,
    0xFB, 0x5A, 0xFB, 0x5A, 0xFB, 0x5A, 0xFB, 0x5A, 0xFB, 0x52, 0x3D, 0x5B, 0xFB, 0x52, 0x00, 0x00,
    0x00, 0x00, 0xFB, 0x5A, 0xFB, 0x5A, 0x1C, 0x5B, 0xFB, 0x5A, 0xFB, 0x5A, 0xFB, 0x5A, 0xFB, 0x5A,
    0xFB, 0x5A, 0xFB, 0x5A, 0xFB, 0x5A, 0xFB, 0x5A, 0xDB, 0x52, 0x7E, 0xCE, 0xFF, 0xFF, 0xFF, 0xFF,
    0xDE, 0xDE, 0x7C, 0x6B, 0xFB, 0x5A, 0xBF, 0xF7, 0xFF, 0xFF, 0xBD, 0xB5, 0x7D, 0xAD, 0xFF, 0xFF,
    0xFF, 0xFF, 0xBF, 0xF7, 0x9D, 0x8C, 0x9B, 0x4A, 0xFB, 0x5A, 0xFB, 0x5A, 0xFB, 0x52, 0xFB, 0x5A,
    0xFB, 0x5A, 0xFB, 0x5A, 0xFB, 0x5A, 0xFB, 0x5A, 0xFB, 0x52, 0x1D, 0x5B, 0xFB, 0x52, 0x00, 0x00,
    0x00, 0x00, 0xFB, 0x5A, 0xFB, 0x52, 0x1C, 0x5B, 0xFB, 0x52, 0xFB, 0x52, 0xFB, 0x52, 0xFB, 0x52,
    0xFB, 0x52, 0xFB, 0x52, 0xFB, 0x52, 0xFB, 0x5A, 0xBB, 0x4A, 0x1D, 0x9D, 0xFF, 0xFF, 0xFE, 0xBD,
    0xDB, 0x52, 0xBB, 0x4A, 0x5B, 0x63, 0x9F, 0xF7, 0xFF, 0xFF, 0x5D, 0xAD, 0x3A, 0x3A, 0xBD, 0x94,
    0x9F, 0xF7, 0xFF, 0xFF, 0xFF, 0xFF, 0xBD, 0xB5, 0xDB, 0x52, 0xFB, 0x5A, 0xFB, 0x52, 0xFB, 0x52,
    0xFB, 0x52, 0xFB, 0x52, 0xFB, 0x52, 0xFB, 0x52, 0xFB, 0x52, 0x1C, 0x5B, 0xFB, 0x52, 0x00, 0x00,
    0x00, 0x00, 0xFB, 0x4A, 0xDB, 0x52, 0xFB, 0x52, 0xFB, 0x52, 0xFB, 0x52, 0xFB, 0x52, 0xFB, 0x52,
    0xFB, 0x52, 0xFB, 0x52, 0xFB, 0x52, 0xFB, 0x52, 0xDB, 0x52, 0xDB, 0x52, 0x3C, 0x84, 0xBB, 0x52,
    0xFB, 0x52, 0xDB, 0x52, 0x3B, 0x63, 0x9F, 0xF7, 0xFF, 0xFF, 0x7D, 0xAD, 0xBB, 0x4A, 0x7B, 0x4A,
    0x9B, 0x6B, 0x7F, 0xEF, 0xFF, 0xFF, 0xFF, 0xFF, 0xFC, 0x7B, 0xBB, 0x4A, 0xFB, 0x5A, 0xFB, 0x52,
    0xFB, 0x52, 0xFB, 0x52, 0xFB, 0x52, 0xFB, 0x52, 0xDB, 0x52, 0x1C, 0x5B, 0xDB, 0x52, 0x00, 0x00,
    0x00, 0x00, 0xFB, 0x4A, 0xDB, 0x52, 0xFB, 0x52, 0xFB, 0x52, 0xFB, 0x52, 0xFB, 0x52, 0xFB, 0x52,
    0xFB, 0x52, 0xFB, 0x52, 0xFB, 0x52, 0xFB, 0x52, 0xFB, 0x52, 0xFB, 0x52, 0xBB, 0x4A, 0xFB, 0x52,
    0xFB, 0x52, 0xDB, 0x52, 0x3B, 0x63, 0x9F, 0xF7, 0xFF, 0xFF, 0x7D, 0xAD, 0x3A, 0x3A, 0x5B, 0x63,
    0x7E, 0xCE, 0xDF, 0xFF, 0xFF, 0xFF, 0xBE, 0xD6, 0x1B, 0x5B, 0xDB, 0x52, 0xFB, 0x52, 0xFB, 0x52,
    0xFB, 0x52, 0xFB, 0x52, 0xFB, 0x52, 0xFB, 0x52, 0xDB, 0x52, 0x1C, 0x5B, 0xDB, 0x52, 0x00, 0x00,
    0x00, 0x00, 0xFB, 0x4A, 0xDB, 0x52, 0xFB, 0x52, 0xDB, 0x52, 0xDB, 0x52, 0xDB, 0x52, 0xDB, 0x52,
    0xDB, 0x52, 0xDB, 0x52, 0xDB, 0x52, 0xDB, 0x52, 0xDB, 0x52, 0xDB, 0x52, 0xFB, 0x52, 0xDB, 0x52,
    0xFB, 0x52, 0xDB, 0x52, 0x3B, 0x5B, 0x9F, 0xF7, 0xFF, 0xFF, 0x3D, 0xA5, 0x9B, 0x6B, 0x5F, 0xE7,
    0xFF, 0xFF, 0xFF, 0xFF, 0xFE, 0xBD, 0xDB, 0x52, 0xDB, 0x52, 0xFB, 0x52, 0xDB, 0x52, 0xDB, 0x52,
    0xDB, 0x52, 0xDB, 0x52, 0xDB, 0x52, 0xDB, 0x52, 0xDB, 0x52, 0xFC, 0x5A, 0xFB, 0x52, 0x00, 0x00,
    0x00, 0x00, 0xDC, 0x4A, 0xDB, 0x52, 0xFB, 0x52, 0xDB, 0x52, 0xDB, 0x52, 0xDB, 0x52, 0xDB, 0x52,
    0xDB, 0x52, 0xDB, 0x52, 0xDB, 0x52, 0xDB, 0x52, 0xDB, 0x52, 0xDB, 0x52, 0xDB, 0x52, 0xDB, 0x52,
    0xDB, 0x52, 0xBB, 0x52, 0x3B, 0x5B, 0x9F, 0xF7, 0xFF, 0xFF, 0xFF, 0xDE, 0xBF, 0xF7, 0xFF, 0xFF,
    0xDF, 0xFF, 0xDD, 0x94, 0x7A, 0x4A, 0xDB, 0x52, 0xDB, 0x52, 0xDB, 0x52, 0xDB, 0x52, 0xDB, 0x52,
    0xDB, 0x52, 0xDB, 0x52, 0xDB, 0x52, 0xDB, 0x52, 0xDA, 0x52, 0xFC, 0x5A, 0xFB, 0x52, 0x00, 0x00,
    0x00, 0x00, 0xBA, 0x52, 0xDB, 0x52, 0xFB, 0x52, 0xDA, 0x52, 0xDB, 0x52, 0xDB, 0x52, 0xDB, 0x52,
    0xDB, 0x52, 0xDB, 0x52, 0xDB, 0x52, 0xDB, 0x52, 0xDB, 0x52, 0xDB, 0x52, 0xDB, 0x52, 0xDB, 0x52,
    0xDB, 0x52, 0xBA, 0x4A, 0x3B, 0x5B, 0x9F, 0xF7, 0xFF, 0xFF, 0xFF, 0xFF, 0xFF, 0xFF, 0x3F, 0xE7,
    0xFC, 0x73, 0x7A, 0x42, 0xDB, 0x52, 0xDB, 0x52, 0xDB, 0x52, 0xDB, 0x52, 0xDB, 0x52, 0xDB, 0x52,
    0xDB, 0x52, 0xDB, 0x52, 0xDB, 0x52, 0xDB, 0x52, 0xDA, 0x52, 0xDB, 0x52, 0xBA, 0x52, 0x00, 0x00,
    0xF7, 0x39, 0x00, 0x00, 0xDA, 0x52, 0xFC, 0x52, 0xDA, 0x52, 0xDA, 0x52, 0xDA, 0x52, 0xDA, 0x52,
    0xDA, 0x52, 0xDA, 0x52, 0xDA, 0x52, 0xDA, 0x52, 0xDA, 0x52, 0xDA, 0x52, 0xDA, 0x52, 0xDA, 0x52,
    0xDA, 0x52, 0xBA, 0x4A, 0x1B, 0x5B, 0xFF, 0xFF, 0xFF, 0xFF, 0xFF, 0xFF, 0x9E, 0xCE, 0x1B, 0x5B,
    0x7A, 0x4A, 0xDB, 0x52, 0xDA, 0x52, 0xDA, 0x52, 0xDA, 0x52, 0xDA, 0x52, 0xDA, 0x52, 0xDA, 0x52,
    0xDA, 0x52, 0xDA, 0x52, 0xDA, 0x52, 0xDA, 0x52, 0xDB, 0x52, 0xBA, 0x52, 0x3C, 0x4B, 0x00, 0x00,
    0xFF, 0x3B, 0x00, 0x00, 0xBA, 0x52, 0xFC, 0x52, 0xBA, 0x4A, 0xBA, 0x52, 0xBA, 0x52, 0xBA, 0x52,
    0xBA, 0x52, 0xBA, 0x52, 0xBA, 0x52, 0xBA, 0x52, 0xBA, 0x52, 0xBA, 0x52, 0xBA, 0x52, 0xBA, 0x52,
    0xBA, 0x52, 0xBA, 0x52, 0xDA, 0x52, 0xFB, 0x7B, 0x3F, 0xE7, 0xDD, 0xB5, 0x7A, 0x4A, 0xBA, 0x4A,
    0xDA, 0x52, 0xBA, 0x52, 0xBA, 0x52, 0xBA, 0x52, 0xBA, 0x52, 0xBA, 0x52, 0xBA, 0x52, 0xBA, 0x52,
    0xBA, 0x52, 0xBA, 0x52, 0xBA, 0x52, 0xBA, 0x52, 0xFC, 0x52, 0xDA, 0x52, 0x00, 0x00, 0xF7, 0x3B,
    0x1F, 0x00, 0x1F, 0x00, 0xBB, 0x52, 0xBA, 0x52, 0xDB, 0x52, 0xBA, 0x4A, 0xBA, 0x52, 0xBA, 0x52,
    0xBA, 0x52, 0xBA, 0x52, 0xBA, 0x52, 0xBA, 0x52, 0xBA, 0x52, 0xBA, 0x52, 0xBA, 0x52, 0xBA, 0x52,
    0xBA, 0x52, 0xBA, 0x52, 0xBA, 0x52, 0x7A, 0x42, 0x1B, 0x5B, 0x9A, 0x4A, 0xBA, 0x4A, 0xDA, 0x52,
    0xBA, 0x4A, 0xBA, 0x52, 0xBA, 0x52, 0xBA, 0x52, 0xBA, 0x52, 0xBA, 0x52, 0xBA, 0x52, 0xBA, 0x52,
    0xBA, 0x52, 0xBA, 0x52, 0xBA, 0x52, 0xBA, 0x4A, 0xDC, 0x52, 0xBA, 0x52, 0x00, 0x00, 0xBF, 0x52,
    0x00, 0x00, 0xBF, 0x52, 0x00, 0x00, 0xBA, 0x4A, 0xFC, 0x52, 0xBA, 0x4A, 0xBA, 0x4A, 0xBA, 0x4A,
    0xBA, 0x4A, 0xBA, 0x4A, 0xBA, 0x4A, 0xBA, 0x4A, 0xBA, 0x4A, 0xBA, 0x4A, 0xBA, 0x4A, 0xBA, 0x4A,
    0xBA, 0x4A, 0xBA, 0x4A, 0xBA, 0x4A, 0xDA, 0x52, 0x9A, 0x4A, 0xBA, 0x52, 0xBA, 0x4A, 0xBA, 0x4A,
    0xBA, 0x4A, 0xBA, 0x4A, 0xBA, 0x4A, 0xBA, 0x4A, 0xBA, 0x4A, 0xBA, 0x4A, 0xBA, 0x4A, 0xBA, 0x4A,
    0xBA, 0x4A, 0xBA, 0x4A, 0xBA, 0x4A, 0xDC, 0x52, 0xBA, 0x4A, 0x00, 0x00, 0xB5, 0x52, 0x00, 0x00,
    0x00, 0x00, 0x00, 0x00, 0xBF, 0x52, 0x00, 0x00, 0xBA, 0x4A, 0xFD, 0x52, 0x9A, 0x4A, 0xBA, 0x4A,
    0xBA, 0x4A, 0xBA, 0x4A, 0xBA, 0x4A, 0xBA, 0x4A, 0xBA, 0x4A, 0xBA, 0x4A, 0xBA, 0x4A, 0xBA, 0x4A,
    0xBA, 0x4A, 0xBA, 0x4A, 0xBA, 0x4A, 0xBA, 0x4A, 0xBA, 0x4A, 0xBA, 0x4A, 0xBA, 0x4A, 0xBA, 0x4A,
    0xBA, 0x4A, 0xBA, 0x4A, 0xBA, 0x4A, 0xBA, 0x4A, 0xBA, 0x4A, 0xBA, 0x4A, 0xBA, 0x4A, 0xBA, 0x4A,
    0xBA, 0x4A, 0x9A, 0x4A, 0xDC, 0x52, 0xBA, 0x4A, 0xBA, 0x42, 0xFF, 0x7B, 0x1F, 0x00, 0x00, 0x00,
    0x00, 0x00, 0x00, 0x00, 0x1F, 0x00, 0x1F, 0x00, 0xDA, 0x4A, 0xBB, 0x4A, 0xDC, 0x52, 0xBA, 0x4A,
    0x9A, 0x4A, 0x9A, 0x4A, 0x9A, 0x4A, 0x9A, 0x4A, 0x9A, 0x4A, 0x9A, 0x4A, 0x9A, 0x4A, 0x9A, 0x4A,
    0x9A, 0x4A, 0x9A, 0x4A, 0x9A, 0x4A, 0x9A, 0x4A, 0x9A, 0x4A, 0x9A, 0x4A, 0x9A, 0x4A, 0x9A, 0x4A,
    0x9A, 0x4A, 0x9A, 0x4A, 0x9A, 0x4A, 0x9A, 0x4A, 0x9A, 0x4A, 0x9A, 0x4A, 0x9A, 0x4A, 0x9A, 0x4A,
    0x9A, 0x4A, 0xDC, 0x52, 0xBB, 0x52, 0x99, 0x4A, 0x00, 0x00, 0xFF, 0x7B, 0x00, 0x00, 0x00, 0x00,
    0x00, 0x00, 0x00, 0x00, 0x00, 0x00, 0x1F, 0x00, 0x00, 0x00, 0x00, 0x00, 0x9A, 0x4A, 0xBB, 0x4A,
    0xDC, 0x52, 0xBB, 0x4A, 0x9A, 0x4A, 0x9A, 0x4A, 0x9A, 0x4A, 0x9A, 0x4A, 0x9A, 0x4A, 0x9A, 0x4A,
    0x9A, 0x4A, 0x9A, 0x4A, 0x9A, 0x4A, 0x9A, 0x4A, 0x9A, 0x4A, 0x9A, 0x4A, 0x9A, 0x4A, 0x9A, 0x4A,
    0x9A, 0x4A, 0x9A, 0x4A, 0x9A, 0x4A, 0x9A, 0x4A, 0x9A, 0x4A, 0x9A, 0x4A, 0xBA, 0x4A, 0xDC, 0x52,
    0xBB, 0x52, 0xBB, 0x4A, 0x99, 0x42, 0x00, 0x00, 0xFF, 0x7B, 0x00, 0x00, 0x00, 0x00, 0x00, 0x00,
    0x00, 0x00, 0x00, 0x00, 0x00, 0x00, 0x00, 0x00, 0x1F, 0x00, 0x1F, 0x00, 0x00, 0x00, 0x9A, 0x4A,
    0x9B, 0x4A, 0x9A, 0x4A, 0x9A, 0x4A, 0xBB, 0x52, 0xBB, 0x4A, 0xBB, 0x4A, 0xBB, 0x4A, 0xBB, 0x4A,
    0xBB, 0x4A, 0xBB, 0x4A, 0xBB, 0x4A, 0xBB, 0x4A, 0xBB, 0x4A, 0xBB, 0x4A, 0xBB, 0x4A, 0xBB, 0x4A,
    0xBB, 0x4A, 0xBB, 0x4A, 0xBB, 0x4A, 0xBB, 0x4A, 0xBB, 0x4A, 0xBA, 0x4A, 0x9A, 0x4A, 0xBB, 0x4A,
    0x9A, 0x4A, 0x00, 0x00, 0x00, 0x00, 0xFF, 0x7B, 0x00, 0x00, 0x00, 0x00, 0x00, 0x00, 0x00, 0x00,
    0x00, 0x00, 0x00, 0x00, 0x00, 0x00, 0x00, 0x00, 0x00, 0x00, 0x00, 0x00, 0xBF, 0x52, 0x00, 0x00,
    0x00, 0x00, 0xB5, 0x52, 0x9B, 0x4A, 0x9B, 0x4A, 0x79, 0x4A, 0x7A, 0x4A, 0x7A, 0x4A, 0x7A, 0x4A,
    0x7A, 0x4A, 0x7A, 0x4A, 0x7A, 0x4A, 0x7A, 0x4A, 0x7A, 0x4A, 0x7A, 0x4A, 0x7A, 0x4A, 0x7A, 0x4A,
    0x7A, 0x4A, 0x7A, 0x4A, 0x7A, 0x4A, 0x79, 0x4A, 0x9A, 0x4A, 0x9A, 0x4A, 0xBC, 0x52, 0x00, 0x00,
    0x00, 0x00, 0xFF, 0x7B, 0x1F, 0x00, 0x00, 0x00, 0x00, 0x00, 0x00, 0x00, 0x00, 0x00, 0x00, 0x00,
    0x00, 0x00, 0x00, 0x00, 0x00, 0x00, 0x00, 0x00, 0x00, 0x00, 0x00, 0x00, 0x00, 0x00, 0xFF, 0x7B,
    0xF7, 0x39, 0x00, 0x00, 0x00, 0x00, 0x00, 0x00, 0x00, 0x00, 0x00, 0x00, 0x00, 0x00, 0x00, 0x00,
    0x00, 0x00, 0x00, 0x00, 0x00, 0x00, 0x00, 0x00, 0x00, 0x00, 0x00, 0x00, 0x00, 0x00, 0x00, 0x00,
    0x00, 0x00, 0x00, 0x00, 0x00, 0x00, 0x00, 0x00, 0x00, 0x00, 0x00, 0x00, 0x00, 0x00, 0xF7, 0x39,
    0xBF, 0x52, 0x00, 0x00, 0x00, 0x00, 0x00, 0x00, 0x00, 0x00, 0x00, 0x00, 0x00, 0x00, 0x00, 0x00,
    0x00, 0x00, 0x00, 0x00, 0x00, 0x00, 0x00, 0x01, 0x03, 0x04, 0x00, 0x00, 0x00, 0x00, 0x00, 0x00,
    0x00, 0x00, 0x00, 0x00, 0x00, 0x00, 0x00, 0x00, 0x00, 0x00, 0x00, 0x00, 0x00, 0x00, 0x03, 0x04,
    0x01, 0x00, 0x00, 0x00, 0x00, 0x00, 0x00, 0x00, 0x00, 0x00, 0x00, 0x00, 0x00, 0x00, 0x03, 0x00,
    0x00, 0x00, 0x03, 0x10, 0x10, 0x10, 0x10, 0x10, 0x10, 0x10, 0x10, 0x10, 0x10, 0x10, 0x10, 0x10,
    0x10, 0x10, 0x10, 0x10, 0x10, 0x09, 0x00, 0x00, 0x00, 0x03, 0x00, 0x00, 0x00, 0x00, 0x00, 0x00,
    0x00, 0x00, 0x00, 0x00, 0x00, 0x04, 0x00, 0x06, 0x4F, 0x9F, 0xD6, 0xEF, 0xEF, 0xF0, 0xF0, 0xF0,
    0xF0, 0xF0, 0xF0, 0xF0, 0xF0, 0xF0, 0xF0, 0xF0, 0xF0, 0xF0, 0xF0, 0xEF, 0xEF, 0xE2, 0xAE, 0x61,
    0x16, 0x00, 0x02, 0x01, 0x00, 0x00, 0x00, 0x00, 0x00, 0x00, 0x00, 0x00, 0x01, 0x00, 0x47, 0xD4,
    0xFF, 0xFF, 0xFF, 0xFF, 0xFF, 0xFF, 0xFF, 0xFF, 0xFF, 0xFF, 0xFF, 0xFF, 0xFF, 0xFF, 0xFF, 0xFF,
    0xFF, 0xFF, 0xFF, 0xFF, 0xFF, 0xFF, 0xFF, 0xFF, 0xE9, 0x6D, 0x00, 0x00, 0x01, 0x00, 0x00, 0x00,
    0x00, 0x00, 0x00, 0x03, 0x01, 0x7F, 0xFF, 0xFF, 0xFC, 0xFB, 0xFD, 0xFE, 0xFE, 0xFE, 0xFE, 0xFE,
    0xFE, 0xFE, 0xFE, 0xFE, 0xFE, 0xFE, 0xFE, 0xFE, 0xFE, 0xFE, 0xFE, 0xFE, 0xFE, 0xFD, 0xFC, 0xFB,
    0xFF, 0xFF, 0xA9, 0x13, 0x01, 0x01, 0x00, 0x00, 0x00, 0x00, 0x04, 0x00, 0x80, 0xFF, 0xFC, 0xFD,
    0xFF, 0xFF, 0xFF, 0xFF, 0xFF, 0xFF, 0xFF, 0xFF, 0xFF, 0xFF, 0xFF, 0xFF, 0xFF, 0xFF, 0xFF, 0xFF,
    0xFF, 0xFF, 0xFF, 0xFF, 0xFF, 0xFF, 0xFF, 0xFF, 0xFE, 0xFA, 0xFF, 0xBB, 0x01, 0x03, 0x00, 0x00,
    0x00, 0x03, 0x00, 0x44, 0xFE, 0xFA, 0xFE, 0xFF, 0xFF, 0xFF, 0xFF, 0xFF, 0xFF, 0xFF, 0xFF, 0xFF,
    0xFF, 0xFF, 0xFF, 0xFF, 0xFF, 0xFF, 0xFF, 0xFF, 0xFF, 0xFF, 0xFF, 0xFF, 0xFF, 0xFF, 0xFF, 0xFF,
    0xFF, 0xFF, 0xF9, 0xFF, 0x7F, 0x00, 0x03, 0x00, 0x00, 0x01, 0x09, 0xD9, 0xFF, 0xFD, 0xFF, 0xFF,
    0xFF, 0xFF, 0xFF, 0xFF, 0xFF, 0xFF, 0xFF, 0xFF, 0xFF, 0xFF, 0xFF, 0xFF, 0xFF, 0xFF, 0xFF, 0xFF,
    0xFF, 0xFF, 0xFF, 0xFF, 0xFF, 0xFF, 0xFF, 0xFF, 0xFF, 0xFF, 0xFE, 0xFD, 0xFA, 0x2A, 0x00, 0x02,
    0x04, 0x00, 0x4C, 0xFF, 0xFC, 0xFF, 0xFF, 0xFF, 0xFF, 0xFF, 0xFF, 0xFF, 0xFF, 0xFF, 0xFF, 0xFF,
    0xFF, 0xFF, 0xFF, 0xFF, 0xFF, 0xFF, 0xFF, 0xFF, 0xFF, 0xFF, 0xFF, 0xFF, 0xFF, 0xFF, 0xFF, 0xFF,
    0xFF, 0xFF, 0xFF, 0xFB, 0xFF, 0x8C, 0x00, 0x05, 0x04, 0x00, 0x9F, 0xFE, 0xFB, 0xFF, 0xFF, 0xFF,
    0xFF, 0xFF, 0xFF, 0xFF, 0xFF, 0xFF, 0xFF, 0xFF, 0xFF, 0xFF, 0xFF, 0xFF, 0xFF, 0xFF, 0xFF, 0xFF,
    0xFF, 0xFF, 0xFF, 0xFF, 0xFF, 0xFF, 0xFF, 0xFF, 0xFF, 0xFF, 0xFF, 0xFD, 0xFF, 0xD9, 0x04, 0x01,
    0x01, 0x08, 0xDB, 0xFF, 0xFD, 0xFF, 0xFF, 0xFF, 0xFF, 0xFF, 0xFF, 0xFF, 0xFF, 0xFF, 0xFF, 0xFF,
    0xFF, 0xFF, 0xFF, 0xFF, 0xFF, 0xFF, 0xFF, 0xFF, 0xFF, 0xFF, 0xFF, 0xFF, 0xFF, 0xFF, 0xFF, 0xFF,
    0xFF, 0xFF, 0xFF, 0xFF, 0xFE, 0xFA, 0x29, 0x00, 0x00, 0x11, 0xF3, 0xFF, 0xFE, 0xFF, 0xFF, 0xFF,
    0xFF, 0xFF, 0xFF, 0xFF, 0xFF, 0xFF, 0xFF, 0xFF, 0xFF, 0xFF, 0xFF, 0xFF, 0xFF, 0xFF, 0xFF, 0xFF,
    0xFF, 0xFF, 0xFF, 0xFF, 0xFF, 0xFF, 0xFF, 0xFF, 0xFF, 0xFF, 0xFF, 0xFF, 0xFD, 0xFF, 0x43, 0x00,
    0x00, 0x10, 0xEF, 0xFF, 0xFE, 0xFF, 0xFF, 0xFF, 0xFF, 0xFF, 0xFF, 0xFF, 0xFF, 0xFF, 0xFF, 0xFF,
    0xFF, 0xFF, 0xFF, 0xFF, 0xFF, 0xFF, 0xFF, 0xFF, 0xFF, 0xFF, 0xFF, 0xFF, 0xFF, 0xFF, 0xFF, 0xFF,
    0xFF, 0xFF, 0xFF, 0xFF, 0xFD, 0xFF, 0x3F, 0x00, 0x00, 0x10, 0xF0, 0xFF, 0xFE, 0xFF, 0xFF, 0xFF,
    0xFF, 0xFF, 0xFF, 0xFF, 0xFF, 0xFF, 0xFF, 0xFF, 0xFF, 0xFF, 0xFF, 0xFF, 0xFF, 0xFF, 0xFF, 0xFF,
    0xFF, 0xFF, 0xFF, 0xFF, 0xFF, 0xFF, 0xFF, 0xFF, 0xFF, 0xFF, 0xFF, 0xFF, 0xFD, 0xFF, 0x40, 0x00,
    0x00, 0x10, 0xF0, 0xFF, 0xFE, 0xFF, 0xFF, 0xFF, 0xFF, 0xFF, 0xFF, 0xFF, 0xFF, 0xFF, 0xFF, 0xFF,
    0xFF, 0xFF, 0xFF, 0xFF, 0xFF, 0xFF, 0xFF, 0xFF, 0xFF, 0xFF, 0xFF, 0xFF, 0xFF, 0xFF, 0xFF, 0xFF,
    0xFF, 0xFF, 0xFF, 0xFF, 0xFD, 0xFF, 0x40, 0x00, 0x00, 0x10, 0xF0, 0xFF, 0xFE, 0xFF, 0xFF, 0xFF,
    0xFF, 0xFF, 0xFF, 0xFF, 0xFF, 0xFF, 0xFF, 0xFF, 0xFF, 0xFF, 0xFF, 0xFF, 0xFF, 0xFF, 0xFF, 0xFF,
    0xFF, 0xFF, 0xFF, 0xFF, 0xFF, 0xFF, 0xFF, 0xFF, 0xFF, 0xFF, 0xFF, 0xFF, 0xFD, 0xFF, 0x40, 0x00,
    0x00, 0x10, 0xF0, 0xFF, 0xFE, 0xFF, 0xFF, 0xFF, 0xFF, 0xFF, 0xFF, 0xFF, 0xFF, 0xFF, 0xFF, 0xFF,
    0xFF, 0xFF, 0xFF, 0xFF, 0xFF, 0xFF, 0xFF, 0xFF, 0xFF, 0xFF, 0xFF, 0xFF, 0xFF, 0xFF, 0xFF, 0xFF,
    0xFF, 0xFF, 0xFF, 0xFF, 0xFD, 0xFF, 0x40, 0x00, 0x00, 0x10, 0xF0, 0xFF, 0xFE, 0xFF, 0xFF, 0xFF,
    0xFF, 0xFF, 0xFF, 0xFF, 0xFF, 0xFF, 0xFF, 0xFF, 0xFF, 0xFF, 0xFF, 0xFF, 0xFF, 0xFF, 0xFF, 0xFF,
    0xFF, 0xFF, 0xFF, 0xFF, 0xFF, 0xFF, 0xFF, 0xFF, 0xFF, 0xFF, 0xFF, 0xFF, 0xFD, 0xFF, 0x40, 0x00,
    0x00, 0x10, 0xF0, 0xFF, 0xFE, 0xFF, 0xFF, 0xFF, 0xFF, 0xFF, 0xFF, 0xFF, 0xFF, 0xFF, 0xFF, 0xFF,
    0xFF, 0xFF, 0xFF, 0xFF, 0xFF, 0xFF, 0xFF, 0xFF, 0xFF, 0xFF, 0xFF, 0xFF, 0xFF, 0xFF, 0xFF, 0xFF,
    0xFF, 0xFF, 0xFF, 0xFF, 0xFD, 0xFF, 0x40, 0x00, 0x00, 0x10, 0xF0, 0xFF, 0xFE, 0xFF, 0xFF, 0xFF,
    0xFF, 0xFF, 0xFF, 0xFF, 0xFF, 0xFF, 0xFF, 0xFF, 0xFF, 0xFF, 0xFF, 0xFF, 0xFF, 0xFF, 0xFF, 0xFF,
    0xFF, 0xFF, 0xFF, 0xFF, 0xFF, 0xFF, 0xFF, 0xFF, 0xFF, 0xFF, 0xFF, 0xFF, 0xFD, 0xFF, 0x40, 0x00,
    0x00, 0x10, 0xF0, 0xFF, 0xFE, 0xFF, 0xFF, 0xFF, 0xFF, 0xFF, 0xFF, 0xFF, 0xFF, 0xFF, 0xFF, 0xFF,
    0xFF, 0xFF, 0xFF, 0xFF, 0xFF, 0xFF, 0xFF, 0xFF, 0xFF, 0xFF, 0xFF, 0xFF, 0xFF, 0xFF, 0xFF, 0xFF,
    0xFF, 0xFF, 0xFF, 0xFF, 0xFD, 0xFF, 0x40, 0x00, 0x00, 0x10, 0xF0, 0xFF, 0xFE, 0xFF, 0xFF, 0xFF,
    0xFF, 0xFF, 0xFF, 0xFF, 0xFF, 0xFF, 0xFF, 0xFF, 0xFF, 0xFF, 0xFF, 0xFF, 0xFF, 0xFF, 0xFF, 0xFF,
    0xFF, 0xFF, 0xFF, 0xFF, 0xFF, 0xFF, 0xFF, 0xFF, 0xFF, 0xFF, 0xFF, 0xFF, 0xFD, 0xFF, 0x40, 0x00,
    0x00, 0x10, 0xF0, 0xFF, 0xFE, 0xFF, 0xFF, 0xFF, 0xFF, 0xFF, 0xFF, 0xFF, 0xFF, 0xFF, 0xFF, 0xFF,
    0xFF, 0xFF, 0xFF, 0xFF, 0xFF, 0xFF, 0xFF, 0xFF, 0xFF, 0xFF, 0xFF, 0xFF, 0xFF, 0xFF, 0xFF, 0xFF,
    0xFF, 0xFF, 0xFF, 0xFF, 0xFD, 0xFF, 0x40, 0x00, 0x00, 0x10, 0xF0, 0xFF, 0xFE, 0xFF, 0xFF, 0xFF,
    0xFF, 0xFF, 0xFF, 0xFF, 0xFF, 0xFF, 0xFF, 0xFF, 0xFF, 0xFF, 0xFF, 0xFF, 0xFF, 0xFF, 0xFF, 0xFF,
    0xFF, 0xFF, 0xFF, 0xFF, 0xFF, 0xFF, 0xFF, 0xFF, 0xFF, 0xFF, 0xFF, 0xFF, 0xFD, 0xFF, 0x40, 0x00,
    0x00, 0x10, 0xF0, 0xFF, 0xFE, 0xFF, 0xFF, 0xFF, 0xFF, 0xFF, 0xFF, 0xFF, 0xFF, 0xFF, 0xFF, 0xFF,
    0xFF, 0xFF, 0xFF, 0xFF, 0xFF, 0xFF, 0xFF, 0xFF, 0xFF, 0xFF, 0xFF, 0xFF, 0xFF, 0xFF, 0xFF, 0xFF,
    0xFF, 0xFF, 0xFF, 0xFF, 0xFD, 0xFF, 0x40, 0x00, 0x00, 0x10, 0xF0, 0xFF, 0xFE, 0xFF, 0xFF, 0xFF,
    0xFF, 0xFF, 0xFF, 0xFF, 0xFF, 0xFF, 0xFF, 0xFF, 0xFF, 0xFF, 0xFF, 0xFF, 0xFF, 0xFF, 0xFF, 0xFF,
    0xFF, 0xFF, 0xFF, 0xFF, 0xFF, 0xFF, 0xFF, 0xFF, 0xFF, 0xFF, 0xFF, 0xFF, 0xFD, 0xFF, 0x40, 0x00,
    0x00, 0x10, 0xF0, 0xFF, 0xFE, 0xFF, 0xFF, 0xFF, 0xFF, 0xFF, 0xFF, 0xFF, 0xFF, 0xFF, 0xFF, 0xFF,
    0xFF, 0xFF, 0xFF, 0xFF, 0xFF, 0xFF, 0xFF, 0xFF, 0xFF, 0xFF, 0xFF, 0xFF, 0xFF, 0xFF, 0xFF, 0xFF,
    0xFF, 0xFF, 0xFF, 0xFF, 0xFD, 0xFF, 0x40, 0x00, 0x00, 0x10, 0xEF, 0xFF, 0xFE, 0xFF, 0xFF, 0xFF,
    0xFF, 0xFF, 0xFF, 0xFF, 0xFF, 0xFF, 0xFF, 0xFF, 0xFF, 0xFF, 0xFF, 0xFF, 0xFF, 0xFF, 0xFF, 0xFF,
    0xFF, 0xFF, 0xFF, 0xFF, 0xFF, 0xFF, 0xFF, 0xFF, 0xFF, 0xFF, 0xFF, 0xFF, 0xFD, 0xFF, 0x3F, 0x00,
    0x00, 0x11, 0xF2, 0xFF, 0xFE, 0xFF, 0xFF, 0xFF, 0xFF, 0xFF, 0xFF, 0xFF, 0xFF, 0xFF, 0xFF, 0xFF,
    0xFF, 0xFF, 0xFF, 0xFF, 0xFF, 0xFF, 0xFF, 0xFF, 0xFF, 0xFF, 0xFF, 0xFF, 0xFF, 0xFF, 0xFF, 0xFF,
    0xFF, 0xFF, 0xFF, 0xFF, 0xFD, 0xFF, 0x42, 0x00, 0x01, 0x0C, 0xE5, 0xFF, 0xFE, 0xFF, 0xFF, 0xFF,
    0xFF, 0xFF, 0xFF, 0xFF, 0xFF, 0xFF, 0xFF, 0xFF, 0xFF, 0xFF, 0xFF, 0xFF, 0xFF, 0xFF, 0xFF, 0xFF,
    0xFF, 0xFF, 0xFF, 0xFF, 0xFF, 0xFF, 0xFF, 0xFF, 0xFF, 0xFF, 0xFF, 0xFF, 0xFE, 0xFD, 0x35, 0x00,
    0x04, 0x00, 0xB0, 0xFE, 0xFC, 0xFF, 0xFF, 0xFF, 0xFF, 0xFF, 0xFF, 0xFF, 0xFF, 0xFF, 0xFF, 0xFF,
    0xFF, 0xFF, 0xFF, 0xFF, 0xFF, 0xFF, 0xFF, 0xFF, 0xFF, 0xFF, 0xFF, 0xFF, 0xFF, 0xFF, 0xFF, 0xFF,
    0xFF, 0xFF, 0xFF, 0xFE, 0xFF, 0xE6, 0x0A, 0x01, 0x04, 0x00, 0x62, 0xFF, 0xFC, 0xFF, 0xFF, 0xFF,
    0xFF, 0xFF, 0xFF, 0xFF, 0xFF, 0xFF, 0xFF, 0xFF, 0xFF, 0xFF, 0xFF, 0xFF, 0xFF, 0xFF, 0xFF, 0xFF,
    0xFF, 0xFF, 0xFF, 0xFF, 0xFF, 0xFF, 0xFF, 0xFF, 0xFF, 0xFF, 0xFF, 0xFB, 0xFE, 0xA2, 0x00, 0x04,
    0x01, 0x01, 0x15, 0xEE, 0xFD, 0xFE, 0xFF, 0xFF, 0xFF, 0xFF, 0xFF, 0xFF, 0xFF, 0xFF, 0xFF, 0xFF,
    0xFF, 0xFF, 0xFF, 0xFF, 0xFF, 0xFF, 0xFF, 0xFF, 0xFF, 0xFF, 0xFF, 0xFF, 0xFF, 0xFF, 0xFF, 0xFF,
    0xFF, 0xFF, 0xFF, 0xFC, 0xFF, 0x42, 0x00, 0x03, 0x00, 0x03, 0x00, 0x6B, 0xFF, 0xFA, 0xFF, 0xFF,
    0xFF, 0xFF, 0xFF, 0xFF, 0xFF, 0xFF, 0xFF, 0xFF, 0xFF, 0xFF, 0xFF, 0xFF, 0xFF, 0xFF, 0xFF, 0xFF,
    0xFF, 0xFF, 0xFF, 0xFF, 0xFF, 0xFF, 0xFF, 0xFF, 0xFF, 0xFF, 0xFA, 0xFF, 0xAA, 0x00, 0x03, 0x00,
    0x00, 0x00, 0x03, 0x00, 0xAC, 0xFF, 0xF9, 0xFE, 0xFF, 0xFF, 0xFF, 0xFF, 0xFF, 0xFF, 0xFF, 0xFF,
    0xFF, 0xFF, 0xFF, 0xFF, 0xFF, 0xFF, 0xFF, 0xFF, 0xFF, 0xFF, 0xFF, 0xFF, 0xFF, 0xFF, 0xFF, 0xFF,
    0xFF, 0xFA, 0xFF, 0xDE, 0x12, 0x02, 0x01, 0x00, 0x00, 0x00, 0x01, 0x01, 0x11, 0xB8, 0xFF, 0xFF,
    0xFB, 0xFD, 0xFE, 0xFF, 0xFF, 0xFF, 0xFF, 0xFF, 0xFF, 0xFF, 0xFF, 0xFF, 0xFF, 0xFF, 0xFF, 0xFF,
    0xFF, 0xFF, 0xFF, 0xFF, 0xFF, 0xFF, 0xFD, 0xFB, 0xFD, 0xFF, 0xDA, 0x34, 0x00, 0x02, 0x00, 0x00,
    0x00, 0x00, 0x00, 0x01, 0x00, 0x00, 0x80, 0xF9, 0xFF, 0xFF, 0xFF, 0xFD, 0xFD, 0xFD, 0xFD, 0xFD,
    0xFD, 0xFD, 0xFD, 0xFD, 0xFD, 0xFD, 0xFD, 0xFD, 0xFD, 0xFD, 0xFD, 0xFD, 0xFD, 0xFE, 0xFF, 0xFF,
    0xFF, 0xA7, 0x13, 0x00, 0x02, 0x00, 0x00, 0x00, 0x00, 0x00, 0x00, 0x00, 0x01, 0x01, 0x00, 0x2C,
    0x8C, 0xD6, 0xFD, 0xFF, 0xFF, 0xFF, 0xFF, 0xFF, 0xFF, 0xFF, 0xFF, 0xFF, 0xFF, 0xFF, 0xFF, 0xFF,
    0xFF, 0xFF, 0xFF, 0xFF, 0xFF, 0xFF, 0xE2, 0x9F, 0x46, 0x00, 0x00, 0x02, 0x00, 0x00, 0x00, 0x00,
    0x00, 0x00, 0x00, 0x00, 0x00, 0x00, 0x03, 0x00, 0x00, 0x03, 0x28, 0x40, 0x40, 0x40, 0x40, 0x40,
    0x40, 0x40, 0x40, 0x40, 0x40, 0x40, 0x40, 0x40, 0x40, 0x40, 0x40, 0x40, 0x40, 0x34, 0x09, 0x00,
    0x00, 0x02, 0x01, 0x00, 0x00, 0x00, 0x00, 0x00, 0x00, 0x00, 0x00, 0x00, 0x00, 0x00, 0x00, 0x02,
    0x04, 0x00, 0x00, 0x00, 0x00, 0x00, 0x00, 0x00, 0x00, 0x00, 0x00, 0x00, 0x00, 0x00, 0x00, 0x00,
    0x00, 0x00, 0x00, 0x00, 0x00, 0x00, 0x00, 0x04, 0x03, 0x00, 0x00, 0x00, 0x00, 0x00, 0x00, 0x00,
};

const lv_image_dsc_t icon_home_bt = {
    .header.magic = LV_IMAGE_HEADER_MAGIC,
    .header.cf = LV_COLOR_FORMAT_RGB565A8,
    .header.w = 40,
    .header.h = 40,
    .data_size = 4800,
    .data = icon_home_bt_map,
};

const LV_ATTRIBUTE_MEM_ALIGN uint8_t icon_home_display_map[] = {
    0x00, 0x00, 0x00, 0x00, 0x00, 0x00, 0x00, 0x00, 0x00, 0x00, 0x00, 0x00, 0x00, 0x00, 0x1F, 0x00,
    0xBF, 0xAA, 0xF7, 0x79, 0x00, 0x00, 0x00, 0x00, 0x00, 0x00, 0x00, 0x00, 0x00, 0x00, 0x00, 0x00,
    0x00, 0x00, 0x00, 0x00, 0x00, 0x00, 0x00, 0x00, 0x00, 0x00, 0x00, 0x00, 0x00, 0x00, 0x00, 0x00,
    0x00, 0x00, 0x00, 0x00, 0x00, 0x00, 0x00, 0x00, 0x00, 0x00, 0x00, 0x00, 0xBF, 0xAA, 0xFF, 0xBB,
    0xFF, 0xFF, 0x00, 0x00, 0x00, 0x00, 0x00, 0x00, 0x00, 0x00, 0x00, 0x00, 0x00, 0x00, 0x00, 0x00,
    0x00, 0x00, 0x00, 0x00, 0x00, 0x00, 0x00, 0x00, 0x00, 0x00, 0x00, 0x00, 0xB5, 0xAA, 0x00, 0x00,
    0x00, 0x00, 0x00, 0x00, 0xBF, 0xAA, 0x7F, 0xBB, 0xFD, 0x9A, 0x7D, 0x9B, 0x7D, 0x9B, 0x7D, 0x9B,
    0x7D, 0x9B, 0x7D, 0x9B, 0x7D, 0x9B, 0x7D, 0x9B, 0x7D, 0x9B, 0x7D, 0x9B, 0x7D, 0x9B, 0x7D, 0x9B,
    0x7D, 0x9B, 0x7D, 0x9B, 0x7D, 0x9B, 0x7D, 0x9B, 0x7F, 0xAB, 0x9F, 0xAB, 0x00, 0x00, 0x00, 0x00,
    0x00, 0x00, 0xBF, 0xAA, 0x00, 0x00, 0x00, 0x00, 0x00, 0x00, 0x00, 0x00, 0x00, 0x00, 0x00, 0x00,
    0x00, 0x00, 0x00, 0x00, 0x00, 0x00, 0x00, 0x00, 0x00, 0x00, 0xF7, 0x79, 0x00, 0x00, 0xBA, 0x7A,
    0x5E, 0xA3, 0x5E, 0xA3, 0x5E, 0xA3, 0x5E, 0xA3, 0x3D, 0xA3, 0x3D, 0xA3, 0x3D, 0xA3, 0x3D, 0xA3,
    0x3D, 0xA3, 0x3D, 0xA3, 0x3D, 0xA3, 0x3D, 0xA3, 0x3D, 0xA3, 0x3D, 0xA3, 0x3D, 0xA3, 0x3D, 0xA3,
    0x3D, 0xA3, 0x3D, 0xA3, 0x3D, 0xA3, 0x3D, 0xA3, 0x5E, 0xA3, 0x5E, 0xA3, 0x5E, 0xA3, 0x5E, 0xAB,
    0x5E, 0xA3, 0x00, 0x00, 0xFF, 0x7B, 0x1F, 0xF8, 0x00, 0x00, 0x00, 0x00, 0x00, 0x00, 0x00, 0x00,
    0x00, 0x00, 0x00, 0x00, 0x00, 0x00, 0x00, 0x00, 0x1F, 0xF8, 0x00, 0x00, 0x3D, 0xA3, 0x5E, 0xA3,
    0x7F, 0xAB, 0x7F, 0xAB, 0x5E, 0xA3, 0x5E, 0xA3, 0x5E, 0xA3, 0x5E, 0xA3, 0x5E, 0xA3, 0x5E, 0xA3,
    0x5E, 0xA3, 0x5E, 0xA3, 0x5E, 0xA3, 0x5E, 0xA3, 0x5E, 0xA3, 0x5E, 0xA3, 0x5E, 0xA3, 0x5E, 0xA3,
    0x5E, 0xA3, 0x5E, 0xA3, 0x5E, 0xA3, 0x5E, 0xA3, 0x5E, 0xA3, 0x5E, 0xA3, 0x7F, 0xAB, 0x7F, 0xAB,
    0x5E, 0xA3, 0x5E, 0xA3, 0x00, 0x00, 0x00, 0x00, 0x1F, 0xF8, 0x00, 0x00, 0x00, 0x00, 0x00, 0x00,
    0x00, 0x00, 0x00, 0x00, 0x00, 0x00, 0xBF, 0xAA, 0xFF, 0xFF, 0x3D, 0xA3, 0x5E, 0xA3, 0x5E, 0xA3,
    0x3D, 0x9B, 0x3D, 0xA3, 0x3D, 0xA3, 0x3D, 0xA3, 0x3D, 0xA3, 0x3D, 0xA3, 0x3D, 0xA3, 0x3D, 0xA3,
    0x3D, 0xA3, 0x3D, 0xA3, 0x3D, 0xA3, 0x3D, 0xA3, 0x3D, 0xA3, 0x3D, 0xA3, 0x3D, 0xA3, 0x3D, 0xA3,
    0x3D, 0xA3, 0x3D, 0xA3, 0x3D, 0xA3, 0x3D, 0xA3, 0x3D, 0xA3, 0x3D, 0xA3, 0x3D, 0x9B, 0x3D, 0x9B,
    0x3E, 0xA3, 0x7F, 0xAB, 0x5E, 0xA3, 0x5E, 0xA3, 0xFF, 0xFF, 0x1F, 0xF8, 0x00, 0x00, 0x00, 0x00,
    0x00, 0x00, 0x00, 0x00, 0xF7, 0xBB, 0x00, 0x00, 0x1D, 0x9B, 0x9F, 0xB3, 0x3D, 0x9B, 0x1D, 0x9B,
    0x3D, 0x9B, 0x3D, 0x9B, 0x3D, 0x9B, 0x3D, 0x9B, 0x3D, 0x9B, 0x3D, 0x9B, 0x3D, 0x9B, 0x3D, 0x9B,
    0x3D, 0x9B, 0x3D, 0x9B, 0x3D, 0x9B, 0x3D, 0x9B, 0x3D, 0x9B, 0x3D, 0x9B, 0x3D, 0x9B, 0x3D, 0x9B,
    0x3D, 0x9B, 0x3D, 0x9B, 0x3D, 0x9B, 0x3D, 0x9B, 0x3D, 0x9B, 0x3D, 0x9B, 0x3D, 0x9B, 0x3D, 0x9B,
    0x3D, 0x9B, 0x1D, 0x9B, 0x7F, 0xB3, 0x3D, 0x9B, 0x1F, 0x00, 0xBF, 0xAA, 0x00, 0x00, 0x00, 0x00,
    0x00, 0x00, 0xBF, 0xAA, 0x00, 0x00, 0x1D, 0x9B, 0x3E, 0xA3, 0x1D, 0x9B, 0x1D, 0x9B, 0x3D, 0x9B,
    0x1D, 0x9B, 0x1D, 0x9B, 0x1D, 0x9B, 0x1D, 0x9B, 0x1D, 0x9B, 0x1D, 0x9B, 0x1D, 0x9B, 0x1D, 0x9B,
    0x1D, 0x9B, 0x1D, 0x9B, 0x1D, 0x9B, 0x1D, 0x9B, 0x1D, 0x9B, 0x1D, 0x9B, 0x1D, 0x9B, 0x1D, 0x9B,
    0x1D, 0x9B, 0x1D, 0x9B, 0x1D, 0x9B, 0x1D, 0x9B, 0x1D, 0x9B, 0x1D, 0x9B, 0x1D, 0x9B, 0x1D, 0x9B,
    0x1D, 0x9B, 0x3D, 0x9B, 0x1D, 0x9B, 0x5F, 0xAB, 0x1D, 0x9B, 0x00, 0x00, 0xBF, 0xAA, 0x00, 0x00,
    0x00, 0x00, 0xFF, 0xFF, 0xBC, 0xAA, 0x1D, 0x9B, 0x3E, 0xA3, 0x1D, 0x9B, 0x1D, 0x9B, 0x1D, 0x9B,
    0x1D, 0x9B, 0x1D, 0x9B, 0x1D, 0x9B, 0x1D, 0x9B, 0x1D, 0x9B, 0x1D, 0x9B, 0x1D, 0x9B, 0x1D, 0x9B,
    0x1D, 0x9B, 0x1D, 0x9B, 0x1D, 0x9B, 0x1D, 0x9B, 0x1D, 0x9B, 0x1D, 0x9B, 0x1D, 0x9B, 0x1D, 0x9B,
    0x1D, 0x9B, 0x1D, 0x9B, 0x1D, 0x9B, 0x1D, 0x9B, 0x1D, 0x9B, 0x1D, 0x9B, 0x1D, 0x9B, 0x1D, 0x9B,
    0x1D, 0x9B, 0x1D, 0x9B, 0x1D, 0x9B, 0x1D, 0x9B, 0x3E, 0xA3, 0x1C, 0x93, 0x00, 0x00, 0xFF, 0xFB,
    0xF7, 0x79, 0x00, 0x00, 0x1D, 0x9B, 0x3F, 0xA3, 0x1D, 0x9B, 0x1D, 0x9B, 0x1D, 0x9B, 0x1D, 0x9B,
    0x3D, 0x9B, 0x1D, 0x9B, 0xFD, 0x9A, 0xFD, 0x9A, 0xFD, 0x9A, 0xFD, 0x9A, 0xFD, 0x9A, 0xFD, 0x9A,
    0xFD, 0x9A, 0xFD, 0x9A, 0xFD, 0x9A, 0xFD, 0x9A, 0xFD, 0x9A, 0xFD, 0x9A, 0xFD, 0x9A, 0xFD, 0x9A,
    0xFD, 0x9A, 0xFD, 0x9A, 0xFD, 0x9A, 0xFD, 0x9A, 0xFD, 0x9A, 0xFD, 0x9A, 0xFD, 0x9A, 0x1D, 0x9B,
    0x1D, 0x9B, 0x1D, 0x9B, 0x1D, 0x9B, 0x1D, 0x9B, 0x5F, 0xAB, 0x1D, 0x9B, 0x00, 0x00, 0x39, 0x9B,
    0xF7, 0xBB, 0x00, 0x00, 0x1D, 0x9B, 0x3F, 0xA3, 0x1D, 0x9B, 0x1D, 0x9B, 0x1D, 0x9B, 0x1D, 0x9B,
    0xBD, 0x92, 0x3D, 0x9B, 0x5D, 0xA3, 0x5D, 0xA3, 0x5D, 0xA3, 0x5D, 0xA3, 0x5D, 0xA3, 0x5D, 0xA3,
    0x5D, 0xA3, 0x5D, 0xA3, 0x5D, 0xA3, 0x5D, 0xA3, 0x5D, 0xA3, 0x5D, 0xA3, 0x5D, 0xA3, 0x5D, 0xA3,
    0x5D, 0xA3, 0x5D, 0xA3, 0x5D, 0xA3, 0x5D, 0xA3, 0x5D, 0xA3, 0x5D, 0xA3, 0x5D, 0xA3, 0xDD, 0x92,
    0xFD, 0x9A, 0x1D, 0x9B, 0x1D, 0x9B, 0x1D, 0x9B, 0x3E, 0xA3, 0xFD, 0x9A, 0xFF, 0xBB, 0x1F, 0xF8,
    0x1F, 0xF8, 0xFF, 0x9A, 0xFD, 0x9A, 0x1E, 0x9B, 0xFD, 0x9A, 0xFD, 0x9A, 0xFD, 0x9A, 0xFD, 0x9A,
    0x7E, 0xCD, 0x5F, 0xF7, 0x9F, 0xF7, 0x9F, 0xF7, 0x9F, 0xFF, 0x9F, 0xFF, 0x9F, 0xFF, 0x9F, 0xFF,
    0x9F, 0xFF, 0x9F, 0xFF, 0x9F, 0xFF, 0x9F, 0xFF, 0x9F, 0xFF, 0x9F, 0xFF, 0x9F, 0xFF, 0x9F, 0xFF,
    0x9F, 0xFF, 0x9F, 0xFF, 0x9F, 0xFF, 0x9F, 0xFF, 0x9F, 0xFF, 0x9F, 0xF7, 0x9F, 0xF7, 0x1E, 0xDE,
    0x5D, 0xA3, 0xFD, 0x9A, 0x1D, 0x9B, 0xFD, 0x9A, 0xFD, 0x9A, 0x1D, 0x9B, 0x1D, 0x9B, 0x00, 0x00,
    0x00, 0x00, 0xDE, 0xA2, 0xFC, 0x9A, 0x1D, 0x9B, 0xFD, 0x9A, 0x1D, 0x9B, 0x9C, 0x92, 0x7E, 0xCD,
    0xFF, 0xFF, 0xFF, 0xFF, 0xFF, 0xFF, 0xFF, 0xFF, 0xFF, 0xFF, 0xFF, 0xFF, 0xFF, 0xFF, 0xFF, 0xFF,
    0xFF, 0xFF, 0xFF, 0xFF, 0xFF, 0xFF, 0xFF, 0xFF, 0xFF, 0xFF, 0xFF, 0xFF, 0xFF, 0xFF, 0xFF, 0xFF,
    0xFF, 0xFF, 0xFF, 0xFF, 0xFF, 0xFF, 0xFF, 0xFF, 0xFF, 0xFF, 0xFF, 0xFF, 0xFF, 0xFF, 0xFF, 0xFF,
    0x9F, 0xE6, 0xDD, 0x92, 0xFD, 0x9A, 0xFD, 0x9A, 0xFC, 0x9A, 0x1E, 0xA3, 0xFD, 0x9A, 0x00, 0x00,
    0x00, 0x00, 0xFD, 0x9A, 0xDC, 0x9A, 0xFD, 0x9A, 0xFC, 0x9A, 0xDD, 0x92, 0x1D, 0x9B, 0x7F, 0xF7,
    0xFF, 0xFF, 0x1E, 0xD6, 0xFD, 0xAB, 0x3D, 0xB4, 0x3D, 0xB4, 0x3D, 0xB4, 0x3D, 0xB4, 0x3D, 0xB4,
    0x3D, 0xB4, 0x3D, 0xB4, 0x3D, 0xB4, 0x3D, 0xB4, 0x3D, 0xB4, 0x3D, 0xB4, 0x3D, 0xB4, 0x3D, 0xB4,
    0x3D, 0xB4, 0x3D, 0xB4, 0x3D, 0xB4, 0x3D, 0xB4, 0x3D, 0xB4, 0x1D, 0xAC, 0x3E, 0xC5, 0xDF, 0xFF,
    0xFF, 0xFF, 0xFD, 0xAB, 0xBC, 0x92, 0xFD, 0x9A, 0xFC, 0x9A, 0x1E, 0xA3, 0xFC, 0x9A, 0x00, 0x00,
    0x00, 0x00, 0xFD, 0x9A, 0xDC, 0x92, 0xFD, 0x9A, 0xFC, 0x9A, 0xDD, 0x92, 0x3D, 0x9B, 0xBF, 0xF7,
    0xFF, 0xFF, 0xFD, 0xAB, 0x5C, 0x8A, 0xBC, 0x92, 0x9C, 0x92, 0x9C, 0x92, 0x9C, 0x92, 0x9C, 0x92,
    0x9C, 0x92, 0x9C, 0x92, 0x9C, 0x92, 0x9C, 0x92, 0x9C, 0x92, 0x9C, 0x92, 0x9C, 0x92, 0x9C, 0x92,
    0x9C, 0x92, 0x9C, 0x92, 0x9C, 0x92, 0x9C, 0x92, 0xBC, 0x92, 0x9C, 0x92, 0xFD, 0x9A, 0x9F, 0xF7,
    0xFF, 0xFF, 0x3D, 0xB4, 0x9C, 0x92, 0xFD, 0x9A, 0xDC, 0x9A, 0x1E, 0x9B, 0xDC, 0x92, 0x00, 0x00,
    0x00, 0x00, 0xFD, 0x9A, 0xDC, 0x92, 0xFD, 0x9A, 0xDC, 0x92, 0xDC, 0x92, 0x3D, 0x9B, 0x9F, 0xF7,
    0xFF, 0xFF, 0x3D, 0xB4, 0xBC, 0x92, 0xFC, 0x9A, 0xFC, 0x9A, 0xFC, 0x9A, 0xFC, 0x9A, 0xFC, 0x9A,
    0xFC, 0x9A, 0xFC, 0x9A, 0xFC, 0x9A, 0xFC, 0x9A, 0xFC, 0x9A, 0xFC, 0x9A, 0xFC, 0x9A, 0xFC, 0x9A,
    0xFC, 0x9A, 0xFC, 0x9A, 0xFC, 0x9A, 0xFC, 0x9A, 0xFC, 0x9A, 0xDC, 0x92, 0x5D, 0x9B, 0x9F, 0xF7,
    0xFF, 0xFF, 0x3D, 0xB4, 0x9C, 0x92, 0xFC, 0x92, 0xDC, 0x92, 0xFE, 0x9A, 0xDC, 0x92, 0x00, 0x00,
    0x00, 0x00, 0xFD, 0x9A, 0xDC, 0x92, 0xFD, 0x9A, 0xDC, 0x92, 0xBC, 0x92, 0x3D, 0x9B, 0x9F, 0xF7,
    0xFF, 0xFF, 0x3D, 0xB4, 0x9C, 0x8A, 0xFC, 0x92, 0xDC, 0x92, 0xDC, 0x92, 0xDC, 0x92, 0xDC, 0x92,
    0xDC, 0x92, 0xDC, 0x92, 0xDC, 0x92, 0xDC, 0x92, 0xDC, 0x92, 0xDC, 0x92, 0xDC, 0x92, 0xDC, 0x92,
    0xDC, 0x92, 0xDC, 0x92, 0xDC, 0x92, 0xDC, 0x92, 0xDC, 0x92, 0xBC, 0x92, 0x3D, 0x9B, 0x9F, 0xF7,
    0xFF, 0xFF, 0x3D, 0xB4, 0x9C, 0x92, 0xFC, 0x92, 0xDC, 0x92, 0xFE, 0x9A, 0xDC, 0x92, 0x00, 0x00,
    0x00, 0x00, 0xFD, 0x8A, 0xDC, 0x92, 0xDD, 0x92, 0xDC, 0x92, 0xBC, 0x92, 0x1D, 0x9B, 0x9F, 0xF7,
    0xFF, 0xFF, 0x1D, 0xB4, 0x7C, 0x8A, 0xDC, 0x92, 0xDC, 0x92, 0xDC, 0x92, 0xDC, 0x92, 0xDC, 0x92,
    0xDC, 0x92, 0xDC, 0x92, 0xDC, 0x92, 0xDC, 0x92, 0xDC, 0x92, 0xDC, 0x92, 0xDC, 0x92, 0xDC, 0x92,
    0xDC, 0x92, 0xDC, 0x92, 0xDC, 0x92, 0xDC, 0x92, 0xDC, 0x92, 0xBC, 0x92, 0x1D, 0x9B, 0x9F, 0xF7,
    0xFF, 0xFF, 0x1D, 0xB4, 0x7C, 0x8A, 0xDC, 0x92, 0xBC, 0x92, 0xFE, 0x9A, 0xBC, 0x92, 0x00, 0x00,
    0x00, 0x00, 0xFD, 0x8A, 0xBC, 0x92, 0xDD, 0x92, 0xBC, 0x92, 0xBC, 0x92, 0x1C, 0x9B, 0x9F, 0xF7,
    0xFF, 0xFF, 0x1D, 0xAC, 0x7C, 0x8A, 0xDC, 0x92, 0xBC, 0x92, 0xBC, 0x92, 0xBC, 0x92, 0xBC, 0x92,
    0xBC, 0x92, 0xBC, 0x92, 0xBC, 0x92, 0xBC, 0x92, 0xBC, 0x92, 0xBC, 0x92, 0xBC, 0x92, 0xBC, 0x92,
    0xBC, 0x92, 0xBC, 0x92, 0xBC, 0x92, 0xBC, 0x92, 0xDC, 0x92, 0xBC, 0x92, 0x1C, 0x9B, 0x9F, 0xF7,
    0xFF, 0xFF, 0x1D, 0xAC, 0x7C, 0x8A, 0xDC, 0x92, 0xBC, 0x92, 0xDE, 0x9A, 0xBC, 0x92, 0x00, 0x00,
    0x00, 0x00, 0x7D, 0x8A, 0xBC, 0x92, 0xBD, 0x92, 0xBC, 0x92, 0x9C, 0x92, 0x1C, 0x9B, 0x9F, 0xF7,
    0xFF, 0xFF, 0x1D, 0xAC, 0x7C, 0x8A, 0xDC, 0x92, 0xBC, 0x92, 0xBC, 0x92, 0xBC, 0x92, 0xBC, 0x92,
    0xBC, 0x92, 0xBC, 0x92, 0xBC, 0x92, 0xBC, 0x92, 0xBC, 0x92, 0xBC, 0x92, 0xBC, 0x92, 0xBC, 0x92,
    0xBC, 0x92, 0xBC, 0x92, 0xBC, 0x92, 0xBC, 0x92, 0xBC, 0x92, 0x9C, 0x92, 0x1C, 0x9B, 0x9F, 0xF7,
    0xFF, 0xFF, 0x1D, 0xAC, 0x7C, 0x8A, 0xDC, 0x92, 0xBC, 0x92, 0xDD, 0x9A, 0xBC, 0x92, 0x00, 0x00,
    0x00, 0x00, 0x7D, 0x8A, 0xBC, 0x92, 0xBD, 0x92, 0xBC, 0x92, 0x9C, 0x92, 0x1C, 0x9B, 0x9F, 0xF7,
    0xFF, 0xFF, 0x1D, 0xAC, 0x7C, 0x8A, 0xBC, 0x92, 0xBC, 0x92, 0xBC, 0x92, 0xBC, 0x92, 0xBC, 0x92,
    0xBC, 0x92, 0xBC, 0x92, 0xBC, 0x92, 0xBC, 0x92, 0xBC, 0x92, 0xBC, 0x92, 0xBC, 0x92, 0xBC, 0x92,
    0xBC, 0x92, 0xBC, 0x92, 0xBC, 0x92, 0xBC, 0x92, 0xBC, 0x92, 0x9C, 0x92, 0x1C, 0x9B, 0x9F, 0xF7,
    0xFF, 0xFF, 0x1D, 0xAC, 0x7C, 0x8A, 0xBC, 0x92, 0xBC, 0x92, 0xDD, 0x9A, 0x9C, 0x92, 0x00, 0x00,
    0x00, 0x00, 0x7B, 0x8A, 0x9C, 0x92, 0xBC, 0x92, 0xBC, 0x92, 0x9C, 0x8A, 0xFC, 0x9A, 0x9F, 0xF7,
    0xFF, 0xFF, 0xFD, 0xAB, 0x5C, 0x8A, 0xBC, 0x92, 0xBC, 0x92, 0xBC, 0x92, 0xBC, 0x92, 0xBC, 0x92,
    0xBC, 0x92, 0xBC, 0x92, 0xBC, 0x92, 0xBC, 0x92, 0xBC, 0x92, 0xBC, 0x92, 0xBC, 0x92, 0xBC, 0x92,
    0xBC, 0x92, 0xBC, 0x92, 0xBC, 0x92, 0xBC, 0x92, 0xBC, 0x92, 0x9C, 0x8A, 0xFC, 0x9A, 0x9F, 0xF7,
    0xFF, 0xFF, 0xFD, 0xAB, 0x5C, 0x8A, 0xBC, 0x92, 0x9C, 0x92, 0xDD, 0x9A, 0x9C, 0x92, 0x00, 0x00,
    0x00, 0x00, 0x7B, 0x8A, 0x9C, 0x8A, 0xBC, 0x92, 0x9C, 0x8A, 0x9C, 0x8A, 0xFC, 0x92, 0x9F, 0xF7,
    0xFF, 0xFF, 0x1D, 0xAC, 0x5C, 0x8A, 0xBC, 0x92, 0xBC, 0x92, 0xBC, 0x92, 0xBC, 0x92, 0xBC, 0x92,
    0xBC, 0x92, 0xBC, 0x92, 0xBC, 0x92, 0xBC, 0x92, 0xBC, 0x92, 0xBC, 0x92, 0xBC, 0x92, 0xBC, 0x92,
    0xBC, 0x92, 0xBC, 0x92, 0xBC, 0x92, 0xBC, 0x92, 0xBC, 0x92, 0x9C, 0x8A, 0xFC, 0x92, 0x9F, 0xF7,
    0xFF, 0xFF, 0xFD, 0xAB, 0x5C, 0x8A, 0xBC, 0x92, 0x9C, 0x92, 0xBD, 0x92, 0x9C, 0x8A, 0x00, 0x00,
    0x00, 0x00, 0x7B, 0x8A, 0x9C, 0x8A, 0x9C, 0x92, 0x9C, 0x8A, 0x7C, 0x8A, 0xFC, 0x92, 0x9F, 0xF7,
    0xFF, 0xFF, 0xDD, 0xA3, 0x3B, 0x82, 0x9C, 0x8A, 0x7C, 0x8A, 0x7C, 0x8A, 0x7C, 0x8A, 0x7C, 0x8A,
    0x7C, 0x8A, 0x7C, 0x8A, 0x7C, 0x8A, 0x7C, 0x8A, 0x7C, 0x8A, 0x7C, 0x8A, 0x7C, 0x8A, 0x7C, 0x8A,
    0x7C, 0x8A, 0x7C, 0x8A, 0x7C, 0x8A, 0x7C, 0x8A, 0x9C, 0x8A, 0x7C, 0x8A, 0xBC, 0x92, 0x9F, 0xF7,
    0xFF, 0xFF, 0xFD, 0xAB, 0x5C, 0x8A, 0xBC, 0x92, 0x9C, 0x8A, 0xBD, 0x92, 0x9C, 0x8A, 0x00, 0x00,
    0x00, 0x00, 0x7B, 0x8A, 0x9C, 0x8A, 0x9C, 0x92, 0x9C, 0x8A, 0x7C, 0x8A, 0xDC, 0x92, 0x9F, 0xF7,
    0xFF, 0xFF, 0xFD, 0xC4, 0x9C, 0x8A, 0xFC, 0x92, 0xFC, 0x92, 0xFC, 0x92, 0xFC, 0x92, 0xFC, 0x92,
    0xFC, 0x92, 0xFC, 0x92, 0xFC, 0x92, 0xFC, 0x92, 0xFC, 0x92, 0xFC, 0x92, 0xFC, 0x92, 0xFC, 0x92,
    0xFC, 0x92, 0xFC, 0x92, 0xFC, 0x92, 0xFC, 0x92, 0xFC, 0x92, 0xBC, 0x92, 0xFD, 0xAB, 0xBF, 0xFF,
    0xFF, 0xFF, 0xFD, 0xAB, 0x3B, 0x82, 0x9C, 0x8A, 0x9C, 0x8A, 0xBD, 0x92, 0x7C, 0x8A, 0x00, 0x00,
    0x00, 0x00, 0x7B, 0x8A, 0x7C, 0x8A, 0x9C, 0x8A, 0x9C, 0x8A, 0x9C, 0x8A, 0x3B, 0x82, 0xFE, 0xD5,
    0xFF, 0xFF, 0xFF, 0xFF, 0x9F, 0xF7, 0x9F, 0xF7, 0x9F, 0xF7, 0x9F, 0xF7, 0x9F, 0xF7, 0x9F, 0xF7,
    0x9F, 0xF7, 0xBF, 0xFF, 0xBF, 0xFF, 0xBF, 0xFF, 0xBF, 0xFF, 0xBF, 0xFF, 0xBF, 0xFF, 0x9F, 0xF7,
    0x9F, 0xF7, 0x9F, 0xF7, 0x9F, 0xF7, 0x9F, 0xF7, 0x9F, 0xF7, 0x9F, 0xF7, 0xDF, 0xFF, 0xFF, 0xFF,
    0x3F, 0xEF, 0x9C, 0x8A, 0x7C, 0x8A, 0x9C, 0x8A, 0x7C, 0x8A, 0xBD, 0x92, 0x7C, 0x8A, 0x00, 0x00,
    0x00, 0x00, 0x7B, 0x8A, 0x7B, 0x8A, 0x7C, 0x8A, 0x7B, 0x8A, 0x7C, 0x8A, 0x5B, 0x8A, 0xDC, 0x92,
    0x7E, 0xDE, 0xFF, 0xFF, 0xFF, 0xFF, 0xFF, 0xFF, 0xFF, 0xFF, 0xFF, 0xFF, 0xFF, 0xFF, 0xFF, 0xFF,
    0xFF, 0xFF, 0xFF, 0xFF, 0xFF, 0xFF, 0xFF, 0xFF, 0xFF, 0xFF, 0xFF, 0xFF, 0xFF, 0xFF, 0xFF, 0xFF,
    0xFF, 0xFF, 0xFF, 0xFF, 0xFF, 0xFF, 0xFF, 0xFF, 0xFF, 0xFF, 0xFF, 0xFF, 0xFF, 0xFF, 0x1F, 0xEF,
    0x9C, 0xA3, 0x3B, 0x82, 0x9C, 0x8A, 0x7C, 0x8A, 0x7B, 0x8A, 0x9D, 0x92, 0x7B, 0x8A, 0x00, 0x00,
    0x00, 0x00, 0x7B, 0x8A, 0x7B, 0x8A, 0x7C, 0x8A, 0x7B, 0x8A, 0x7C, 0x8A, 0x7C, 0x8A, 0x5B, 0x8A,
    0x5B, 0x82, 0x9C, 0xA3, 0xDD, 0xAB, 0xDD, 0xAB, 0xDD, 0xAB, 0xDD, 0xAB, 0xDD, 0xAB, 0xFD, 0xAB,
    0x9C, 0xA3, 0x7E, 0xE6, 0xFF, 0xFF, 0xFF, 0xFF, 0xFF, 0xFF, 0xFF, 0xFF, 0x7F, 0xF7, 0xDD, 0xAB,
    0xDC, 0xAB, 0xDC, 0xAB, 0xDD, 0xAB, 0xDD, 0xAB, 0xDD, 0xAB, 0xDC, 0xAB, 0xDC, 0xA3, 0x9C, 0x8A,
    0x3B, 0x82, 0x7C, 0x8A, 0x7C, 0x8A, 0x7C, 0x8A, 0x7B, 0x8A, 0x9D, 0x92, 0x5B, 0x8A, 0x00, 0x00,
    0x00, 0x00, 0x7B, 0x8A, 0x5B, 0x8A, 0x7C, 0x8A, 0x7B, 0x8A, 0x7B, 0x8A, 0x7B, 0x8A, 0x7B, 0x8A,
    0x7B, 0x8A, 0x3B, 0x82, 0x1B, 0x82, 0x1B, 0x82, 0x1B, 0x82, 0x3B, 0x82, 0x3B, 0x82, 0x1B, 0x82,
    0x9C, 0x8A, 0x7F, 0xF7, 0xFF, 0xFF, 0xFF, 0xFF, 0xFF, 0xFF, 0xFF, 0xFF, 0xFF, 0xFF, 0x9C, 0xA3,
    0xDB, 0x79, 0x3B, 0x82, 0x3B, 0x82, 0x1B, 0x82, 0x1B, 0x82, 0x1B, 0x82, 0x1B, 0x82, 0x5B, 0x8A,
    0x7B, 0x8A, 0x7B, 0x8A, 0x7B, 0x8A, 0x7B, 0x8A, 0x5B, 0x8A, 0x9D, 0x92, 0x7C, 0x8A, 0x00, 0x00,
    0x00, 0x00, 0x5C, 0x82, 0x5B, 0x8A, 0x7C, 0x8A, 0x5B, 0x8A, 0x5B, 0x8A, 0x5B, 0x8A, 0x5B, 0x8A,
    0x5B, 0x8A, 0x7B, 0x8A, 0x7B, 0x8A, 0x7B, 0x8A, 0x7B, 0x8A, 0x5B, 0x8A, 0x7B, 0x8A, 0xFB, 0x81,
    0x9D, 0xB4, 0xFF, 0xFF, 0xFF, 0xFF, 0xFF, 0xFF, 0xFF, 0xFF, 0xFF, 0xFF, 0xFF, 0xFF, 0xFE, 0xD5,
    0xFB, 0x81, 0x7B, 0x8A, 0x5B, 0x8A, 0x7B, 0x8A, 0x7B, 0x8A, 0x7B, 0x8A, 0x7B, 0x8A, 0x7B, 0x8A,
    0x5B, 0x8A, 0x5B, 0x8A, 0x5B, 0x8A, 0x5B, 0x8A, 0x5B, 0x8A, 0x7D, 0x92, 0x7C, 0x8A, 0x00, 0x00,
    0x00, 0x00, 0xBA, 0x92, 0x5B, 0x82, 0x7C, 0x8A, 0x5B, 0x82, 0x5B, 0x8A, 0x5B, 0x8A, 0x5B, 0x8A,
    0x5B, 0x8A, 0x5B, 0x8A, 0x5B, 0x8A, 0x5B, 0x82, 0x3B, 0x82, 0xBC, 0x92, 0xBC, 0x92, 0x9B, 0x8A,
    0x9E, 0xE6, 0xFF, 0xFF, 0xFF, 0xFF, 0xFF, 0xFF, 0xFF, 0xFF, 0xFF, 0xFF, 0xFF, 0xFF, 0x9F, 0xF7,
    0x1C, 0x9B, 0x9B, 0x8A, 0xBC, 0x92, 0x5B, 0x8A, 0x3B, 0x82, 0x5B, 0x8A, 0x5B, 0x8A, 0x5B, 0x8A,
    0x5B, 0x8A, 0x5B, 0x8A, 0x5B, 0x8A, 0x5B, 0x8A, 0x5B, 0x82, 0x7C, 0x8A, 0x7B, 0x82, 0x00, 0x00,
    0xF7, 0x39, 0x00, 0x00, 0x5B, 0x82, 0x7D, 0x8A, 0x5B, 0x82, 0x5B, 0x82, 0x5B, 0x82, 0x5B, 0x82,
    0x5B, 0x82, 0x5B, 0x82, 0x5B, 0x82, 0x3B, 0x82, 0xBE, 0xCD, 0x9F, 0xF7, 0x7F, 0xF7, 0x9F, 0xF7,
    0xFF, 0xFF, 0xFF, 0xFF, 0xFF, 0xFF, 0xFF, 0xFF, 0xFF, 0xFF, 0xFF, 0xFF, 0xFF, 0xFF, 0xFF, 0xFF,
    0xBF, 0xFF, 0x7F, 0xF7, 0x9F, 0xF7, 0x9E, 0xE6, 0xBB, 0x8A, 0x3B, 0x82, 0x5B, 0x82, 0x5B, 0x82,
    0x5B, 0x82, 0x5B, 0x82, 0x5B, 0x82, 0x5B, 0x82, 0x5C, 0x8A, 0x5B, 0x82, 0x7C, 0x9A, 0x00, 0x00,
    0xFF, 0x79, 0x00, 0x00, 0x3B, 0x82, 0x7D, 0x8A, 0x3B, 0x82, 0x5B, 0x82, 0x5B, 0x82, 0x5B, 0x82,
    0x5B, 0x82, 0x5B, 0x82, 0x3B, 0x82, 0x9B, 0x8A, 0xFF, 0xFF, 0xFF, 0xFF, 0xFF, 0xFF, 0xFF, 0xFF,
    0xFF, 0xFF, 0xFF, 0xFF, 0xFF, 0xFF, 0xFF, 0xFF, 0xFF, 0xFF, 0xFF, 0xFF, 0xFF, 0xFF, 0xFF, 0xFF,
    0xFF, 0xFF, 0xFF, 0xFF, 0xFF, 0xFF, 0xFF, 0xFF, 0xDC, 0xA3, 0xFB, 0x79, 0x5B, 0x82, 0x5B, 0x82,
    0x5B, 0x82, 0x5B, 0x82, 0x5B, 0x82, 0x5B, 0x82, 0x7D, 0x8A, 0x5B, 0x82, 0x00, 0x00, 0xF7, 0x79,
    0x1F, 0xF8, 0x1F, 0x00, 0x5B, 0x82, 0x3B, 0x82, 0x5C, 0x8A, 0x3B, 0x82, 0x3B, 0x82, 0x3B, 0x82,
    0x3B, 0x82, 0x3B, 0x82, 0x5B, 0x82, 0x1B, 0x82, 0x7D, 0xB4, 0x7E, 0xDE, 0x7E, 0xDE, 0x7E, 0xDE,
    0x9E, 0xDE, 0x9E, 0xE6, 0x9E, 0xE6, 0x9E, 0xE6, 0x9E, 0xE6, 0x9E, 0xE6, 0x9E, 0xE6, 0x9E, 0xE6,
    0x7E, 0xDE, 0x7E, 0xDE, 0x7E, 0xDE, 0x5D, 0xC5, 0x3B, 0x82, 0x3B, 0x82, 0x3B, 0x82, 0x3B, 0x82,
    0x3B, 0x82, 0x3B, 0x82, 0x3B, 0x82, 0x3B, 0x82, 0x5D, 0x8A, 0x3B, 0x82, 0x00, 0x00, 0xBF, 0xAA,
    0x00, 0x00, 0xBF, 0xAA, 0x00, 0x00, 0x3B, 0x82, 0x5D, 0x8A, 0x3B, 0x82, 0x3B, 0x82, 0x3B, 0x82,
    0x3B, 0x82, 0x3B, 0x82, 0x3B, 0x82, 0x3B, 0x82, 0xFB, 0x79, 0xFB, 0x79, 0xFB, 0x79, 0xFB, 0x79,
    0xFB, 0x79, 0xFB, 0x79, 0xFB, 0x79, 0xFB, 0x79, 0xFB, 0x79, 0xFB, 0x79, 0xFB, 0x79, 0xFB, 0x79,
    0xFB, 0x79, 0xFB, 0x79, 0xFB, 0x79, 0xFB, 0x79, 0x3B, 0x82, 0x3B, 0x82, 0x3B, 0x82, 0x3B, 0x82,
    0x3B, 0x82, 0x3B, 0x82, 0x3B, 0x82, 0x5D, 0x8A, 0x3B, 0x82, 0x00, 0x00, 0xBF, 0x52, 0x00, 0x00,
    0x00, 0x00, 0x00, 0x00, 0xBF, 0xAA, 0x00, 0x00, 0x3B, 0x82, 0x5E, 0x92, 0x3B, 0x82, 0x3B, 0x82,
    0x3B, 0x82, 0x3B, 0x82, 0x3B, 0x82, 0x3B, 0x82, 0x3B, 0x82, 0x3B, 0x82, 0x3B, 0x82, 0x3B, 0x82,
    0x3B, 0x82, 0x3B, 0x82, 0x3B, 0x82, 0x3B, 0x82, 0x3B, 0x82, 0x3B, 0x82, 0x3B, 0x82, 0x3B, 0x82,
    0x3B, 0x82, 0x3B, 0x82, 0x3B, 0x82, 0x3B, 0x82, 0x3B, 0x82, 0x3B, 0x82, 0x3B, 0x82, 0x3B, 0x82,
    0x3B, 0x82, 0x3B, 0x82, 0x5D, 0x8A, 0x3B, 0x82, 0x3A, 0x7A, 0xFF, 0x7B, 0x1F, 0xF8, 0x00, 0x00,
    0x00, 0x00, 0x00, 0x00, 0x1F, 0xF8, 0x1F, 0xF8, 0xFC, 0x79, 0x3B, 0x82, 0x5D, 0x8A, 0x1B, 0x82,
    0x1B, 0x82, 0x1B, 0x82, 0x1B, 0x82, 0x1B, 0x82, 0x1B, 0x82, 0x1B, 0x82, 0x1B, 0x82, 0x1B, 0x82,
    0x1B, 0x82, 0x1B, 0x82, 0x1B, 0x82, 0x1B, 0x82, 0x1B, 0x82, 0x1B, 0x82, 0x1B, 0x82, 0x1B, 0x82,
    0x1B, 0x82, 0x1B, 0x82, 0x1B, 0x82, 0x1B, 0x82, 0x1B, 0x82, 0x1B, 0x82, 0x1B, 0x82, 0x1B, 0x82,
    0x1B, 0x82, 0x5D, 0x8A, 0x3C, 0x82, 0xFA, 0x79, 0x00, 0x00, 0xFF, 0x7B, 0x00, 0x00, 0x00, 0x00,
    0x00, 0x00, 0x00, 0x00, 0x00, 0x00, 0x1F, 0xF8, 0x00, 0x00, 0x00, 0x00, 0x1B, 0x82, 0x3C, 0x82,
    0x3D, 0x8A, 0x3C, 0x82, 0x1B, 0x82, 0x1B, 0x82, 0x1B, 0x82, 0x1B, 0x82, 0x1B, 0x82, 0x1B, 0x82,
    0x1B, 0x82, 0x1B, 0x82, 0x1B, 0x82, 0x1B, 0x82, 0x1B, 0x82, 0x1B, 0x82, 0x1B, 0x82, 0x1B, 0x82,
    0x1B, 0x82, 0x1B, 0x82, 0x1B, 0x82, 0x1B, 0x82, 0x1B, 0x82, 0x1B, 0x82, 0x3B, 0x82, 0x3C, 0x8A,
    0x3C, 0x82, 0x3C, 0x82, 0x19, 0x7A, 0x00, 0x00, 0xFF, 0x7B, 0x00, 0x00, 0x00, 0x00, 0x00, 0x00,
    0x00, 0x00, 0x00, 0x00, 0x00, 0x00, 0x00, 0x00, 0x1F, 0xF8, 0x1F, 0xF8, 0x00, 0x00, 0xFB, 0x79,
    0x1C, 0x82, 0x1B, 0x82, 0x1B, 0x82, 0x3C, 0x82, 0x3C, 0x82, 0x3C, 0x82, 0x3C, 0x82, 0x3C, 0x82,
    0x3C, 0x82, 0x3C, 0x82, 0x3C, 0x82, 0x3C, 0x82, 0x3C, 0x82, 0x3C, 0x82, 0x3C, 0x82, 0x3C, 0x82,
    0x3C, 0x82, 0x3C, 0x82, 0x3C, 0x82, 0x3C, 0x82, 0x3C, 0x82, 0x1B, 0x82, 0x1B, 0x82, 0x1C, 0x82,
    0x3B, 0x82, 0x00, 0x00, 0x00, 0x00, 0xFF, 0x7B, 0x00, 0x00, 0x00, 0x00, 0x00, 0x00, 0x00, 0x00,
    0x00, 0x00, 0x00, 0x00, 0x00, 0x00, 0x00, 0x00, 0x00, 0x00, 0x00, 0x00, 0xBF, 0xAA, 0x00, 0x00,
    0x00, 0x00, 0xBF, 0x52, 0x3C, 0x82, 0x1C, 0x82, 0xFA, 0x79, 0xFB, 0x79, 0xFB, 0x79, 0xFB, 0x79,
    0xFB, 0x79, 0xFB, 0x79, 0xFB, 0x79, 0xFB, 0x79, 0xFB, 0x79, 0xFB, 0x79, 0xFB, 0x79, 0xFB, 0x79,
    0xFB, 0x79, 0xFB, 0x79, 0xFB, 0x79, 0xFA, 0x79, 0x1C, 0x82, 0x3B, 0x7A, 0xDC, 0x89, 0x00, 0x00,
    0x00, 0x00, 0x1F, 0x78, 0x1F, 0xF8, 0x00, 0x00, 0x00, 0x00, 0x00, 0x00, 0x00, 0x00, 0x00, 0x00,
    0x00, 0x00, 0x00, 0x00, 0x00, 0x00, 0x00, 0x00, 0x00, 0x00, 0x00, 0x00, 0x00, 0x00, 0xFF, 0x7B,
    0xF7, 0x79, 0x00, 0x00, 0x00, 0x00, 0x00, 0x00, 0x00, 0x00, 0x00, 0x00, 0x00, 0x00, 0x00, 0x00,
    0x00, 0x00, 0x00, 0x00, 0x00, 0x00, 0x00, 0x00, 0x00, 0x00, 0x00, 0x00, 0x00, 0x00, 0x00, 0x00,
    0x00, 0x00, 0x00, 0x00, 0x00, 0x00, 0x00, 0x00, 0x00, 0x00, 0x00, 0x00, 0x00, 0x00, 0xF7, 0x79,
    0xBF, 0xAA, 0x00, 0x00, 0x00, 0x00, 0x00, 0x00, 0x00, 0x00, 0x00, 0x00, 0x00, 0x00, 0x00, 0x00,
    0x00, 0x00, 0x00, 0x00, 0x00, 0x00, 0x00, 0x01, 0x03, 0x04, 0x00, 0x00, 0x00, 0x00, 0x00, 0x00,
    0x00, 0x00, 0x00, 0x00, 0x00, 0x00, 0x00, 0x00, 0x00, 0x00, 0x00, 0x00, 0x00, 0x00, 0x03, 0x04,
    0x01, 0x00, 0x00, 0x00, 0x00, 0x00, 0x00, 0x00, 0x00, 0x00, 0x00, 0x00, 0x00, 0x00, 0x03, 0x00,
    0x00, 0x00, 0x03, 0x10, 0x10, 0x10, 0x10, 0x10, 0x10, 0x10, 0x10, 0x10, 0x10, 0x10, 0x10, 0x10,
    0x10, 0x10, 0x10, 0x10, 0x10, 0x09, 0x00, 0x00, 0x00, 0x03, 0x00, 0x00, 0x00, 0x00, 0x00, 0x00,
    0x00, 0x00, 0x00, 0x00, 0x00, 0x04, 0x00, 0x06, 0x4F, 0x9F, 0xD6, 0xEF, 0xEF, 0xF0, 0xF0, 0xF0,
    0xF0, 0xF0, 0xF0, 0xF0, 0xF0, 0xF0, 0xF0, 0xF0, 0xF0, 0xF0, 0xF0, 0xEF, 0xEF, 0xE2, 0xAE, 0x61,
    0x16, 0x00, 0x02, 0x01, 0x00, 0x00, 0x00, 0x00, 0x00, 0x00, 0x00, 0x00, 0x01, 0x00, 0x47, 0xD4,
    0xFF, 0xFF, 0xFF, 0xFF, 0xFF, 0xFF, 0xFF, 0xFF, 0xFF, 0xFF, 0xFF, 0xFF, 0xFF, 0xFF, 0xFF, 0xFF,
    0xFF, 0xFF, 0xFF, 0xFF, 0xFF, 0xFF, 0xFF, 0xFF, 0xE9, 0x6D, 0x00, 0x00, 0x01, 0x00, 0x00, 0x00,
    0x00, 0x00, 0x00, 0x03, 0x01, 0x7F, 0xFF, 0xFF, 0xFC, 0xFB, 0xFD, 0xFE, 0xFE, 0xFE, 0xFE, 0xFE,
    0xFE, 0xFE, 0xFE, 0xFE, 0xFE, 0xFE, 0xFE, 0xFE, 0xFE, 0xFE, 0xFE, 0xFE, 0xFE, 0xFD, 0xFC, 0xFB,
    0xFF, 0xFF, 0xA9, 0x13, 0x01, 0x01, 0x00, 0x00, 0x00, 0x00, 0x04, 0x00, 0x80, 0xFF, 0xFC, 0xFD,
    0xFF, 0xFF, 0xFF, 0xFF, 0xFF, 0xFF, 0xFF, 0xFF, 0xFF, 0xFF, 0xFF, 0xFF, 0xFF, 0xFF, 0xFF, 0xFF,
    0xFF, 0xFF, 0xFF, 0xFF, 0xFF, 0xFF, 0xFF, 0xFF, 0xFE, 0xFA, 0xFF, 0xBB, 0x01, 0x03, 0x00, 0x00,
    0x00, 0x03, 0x00, 0x44, 0xFE, 0xFA, 0xFE, 0xFF, 0xFF, 0xFF, 0xFF, 0xFF, 0xFF, 0xFF, 0xFF, 0xFF,
    0xFF, 0xFF, 0xFF, 0xFF, 0xFF, 0xFF, 0xFF, 0xFF, 0xFF, 0xFF, 0xFF, 0xFF, 0xFF, 0xFF, 0xFF, 0xFF,
    0xFF, 0xFF, 0xF9, 0xFF, 0x7F, 0x00, 0x03, 0x00, 0x00, 0x01, 0x09, 0xD9, 0xFF, 0xFD, 0xFF, 0xFF,
    0xFF, 0xFF, 0xFF, 0xFF, 0xFF, 0xFF, 0xFF, 0xFF, 0xFF, 0xFF, 0xFF, 0xFF, 0xFF, 0xFF, 0xFF, 0xFF,
    0xFF, 0xFF, 0xFF, 0xFF, 0xFF, 0xFF, 0xFF, 0xFF, 0xFF, 0xFF, 0xFE, 0xFD, 0xFA, 0x2A, 0x00, 0x02,
    0x04, 0x00, 0x4C, 0xFF, 0xFC, 0xFF, 0xFF, 0xFF, 0xFF, 0xFF, 0xFF, 0xFF, 0xFF, 0xFF, 0xFF, 0xFF,
    0xFF, 0xFF, 0xFF, 0xFF, 0xFF, 0xFF, 0xFF, 0xFF, 0xFF, 0xFF, 0xFF, 0xFF, 0xFF, 0xFF, 0xFF, 0xFF,
    0xFF, 0xFF, 0xFF, 0xFB, 0xFF, 0x8C, 0x00, 0x05, 0x04, 0x00, 0x9F, 0xFE, 0xFB, 0xFF, 0xFF, 0xFF,
    0xFF, 0xFF, 0xFF, 0xFF, 0xFF, 0xFF, 0xFF, 0xFF, 0xFF, 0xFF, 0xFF, 0xFF, 0xFF, 0xFF, 0xFF, 0xFF,
    0xFF, 0xFF, 0xFF, 0xFF, 0xFF, 0xFF, 0xFF, 0xFF, 0xFF, 0xFF, 0xFF, 0xFD, 0xFF, 0xD9, 0x04, 0x01,
    0x01, 0x08, 0xDB, 0xFF, 0xFD, 0xFF, 0xFF, 0xFF, 0xFF, 0xFF, 0xFF, 0xFF, 0xFF, 0xFF, 0xFF, 0xFF,
    0xFF, 0xFF, 0xFF, 0xFF, 0xFF, 0xFF, 0xFF, 0xFF, 0xFF, 0xFF, 0xFF, 0xFF, 0xFF, 0xFF, 0xFF, 0xFF,
    0xFF, 0xFF, 0xFF, 0xFF, 0xFE, 0xFA, 0x29, 0x00, 0x00, 0x11, 0xF3, 0xFF, 0xFE, 0xFF, 0xFF, 0xFF,
    0xFF, 0xFF, 0xFF, 0xFF, 0xFF, 0xFF, 0xFF, 0xFF, 0xFF, 0xFF, 0xFF, 0xFF, 0xFF, 0xFF, 0xFF, 0xFF,
    0xFF, 0xFF, 0xFF, 0xFF, 0xFF, 0xFF, 0xFF, 0xFF, 0xFF, 0xFF, 0xFF, 0xFF, 0xFD, 0xFF, 0x43, 0x00,
    0x00, 0x10, 0xEF, 0xFF, 0xFE, 0xFF, 0xFF, 0xFF, 0xFF, 0xFF, 0xFF, 0xFF, 0xFF, 0xFF, 0xFF, 0xFF,
    0xFF, 0xFF, 0xFF, 0xFF, 0xFF, 0xFF, 0xFF, 0xFF, 0xFF, 0xFF, 0xFF, 0xFF, 0xFF, 0xFF, 0xFF, 0xFF,
    0xFF, 0xFF, 0xFF, 0xFF, 0xFD, 0xFF, 0x3F, 0x00, 0x00, 0x10, 0xF0, 0xFF, 0xFE, 0xFF, 0xFF, 0xFF,
    0xFF, 0xFF, 0xFF, 0xFF, 0xFF, 0xFF, 0xFF, 0xFF, 0xFF, 0xFF, 0xFF, 0xFF, 0xFF, 0xFF, 0xFF, 0xFF,
    0xFF, 0xFF, 0xFF, 0xFF, 0xFF, 0xFF, 0xFF, 0xFF, 0xFF, 0xFF, 0xFF, 0xFF, 0xFD, 0xFF, 0x40, 0x00,
    0x00, 0x10, 0xF0, 0xFF, 0xFE, 0xFF, 0xFF, 0xFF, 0xFF, 0xFF, 0xFF, 0xFF, 0xFF, 0xFF, 0xFF, 0xFF,
    0xFF, 0xFF, 0xFF, 0xFF, 0xFF, 0xFF, 0xFF, 0xFF, 0xFF, 0xFF, 0xFF, 0xFF, 0xFF, 0xFF, 0xFF, 0xFF,
    0xFF, 0xFF, 0xFF, 0xFF, 0xFD, 0xFF, 0x40, 0x00, 0x00, 0x10, 0xF0, 0xFF, 0xFE, 0xFF, 0xFF, 0xFF,
    0xFF, 0xFF, 0xFF, 0xFF, 0xFF, 0xFF, 0xFF, 0xFF, 0xFF, 0xFF, 0xFF, 0xFF, 0xFF, 0xFF, 0xFF, 0xFF,
    0xFF, 0xFF, 0xFF, 0xFF, 0xFF, 0xFF, 0xFF, 0xFF, 0xFF, 0xFF, 0xFF, 0xFF, 0xFD, 0xFF, 0x40, 0x00,
    0x00, 0x10, 0xF0, 0xFF, 0xFE, 0xFF, 0xFF, 0xFF, 0xFF, 0xFF, 0xFF, 0xFF, 0xFF, 0xFF, 0xFF, 0xFF,
    0xFF, 0xFF, 0xFF, 0xFF, 0xFF, 0xFF, 0xFF, 0xFF, 0xFF, 0xFF, 0xFF, 0xFF, 0xFF, 0xFF, 0xFF, 0xFF,
    0xFF, 0xFF, 0xFF, 0xFF, 0xFD, 0xFF, 0x40, 0x00, 0x00, 0x10, 0xF0, 0xFF, 0xFE, 0xFF, 0xFF, 0xFF,
    0xFF, 0xFF, 0xFF, 0xFF, 0xFF, 0xFF, 0xFF, 0xFF, 0xFF, 0xFF, 0xFF, 0xFF, 0xFF, 0xFF, 0xFF, 0xFF,
    0xFF, 0xFF, 0xFF, 0xFF, 0xFF, 0xFF, 0xFF, 0xFF, 0xFF, 0xFF, 0xFF, 0xFF, 0xFD, 0xFF, 0x40, 0x00,
    0x00, 0x10, 0xF0, 0xFF, 0xFE, 0xFF, 0xFF, 0xFF, 0xFF, 0xFF, 0xFF, 0xFF, 0xFF, 0xFF, 0xFF, 0xFF,
    0xFF, 0xFF, 0xFF, 0xFF, 0xFF, 0xFF, 0xFF, 0xFF, 0xFF, 0xFF, 0xFF, 0xFF, 0xFF, 0xFF, 0xFF, 0xFF,
    0xFF, 0xFF, 0xFF, 0xFF, 0xFD, 0xFF, 0x40, 0x00, 0x00, 0x10, 0xF0, 0xFF, 0xFE, 0xFF, 0xFF, 0xFF,
    0xFF, 0xFF, 0xFF, 0xFF, 0xFF, 0xFF, 0xFF, 0xFF, 0xFF, 0xFF, 0xFF, 0xFF, 0xFF, 0xFF, 0xFF, 0xFF,
    0xFF, 0xFF, 0xFF, 0xFF, 0xFF, 0xFF, 0xFF, 0xFF, 0xFF, 0xFF, 0xFF, 0xFF, 0xFD, 0xFF, 0x40, 0x00,
    0x00, 0x10, 0xF0, 0xFF, 0xFE, 0xFF, 0xFF, 0xFF, 0xFF, 0xFF, 0xFF, 0xFF, 0xFF, 0xFF, 0xFF, 0xFF,
    0xFF, 0xFF, 0xFF, 0xFF, 0xFF, 0xFF, 0xFF, 0xFF, 0xFF, 0xFF, 0xFF, 0xFF, 0xFF, 0xFF, 0xFF, 0xFF,
    0xFF, 0xFF, 0xFF, 0xFF, 0xFD, 0xFF, 0x40, 0x00, 0x00, 0x10, 0xF0, 0xFF, 0xFE, 0xFF, 0xFF, 0xFF,
    0xFF, 0xFF, 0xFF, 0xFF, 0xFF, 0xFF, 0xFF, 0xFF, 0xFF, 0xFF, 0xFF, 0xFF, 0xFF, 0xFF, 0xFF, 0xFF,
    0xFF, 0xFF, 0xFF, 0xFF, 0xFF, 0xFF, 0xFF, 0xFF, 0xFF, 0xFF, 0xFF, 0xFF, 0xFD, 0xFF, 0x40, 0x00,
    0x00, 0x10, 0xF0, 0xFF, 0xFE, 0xFF, 0xFF, 0xFF, 0xFF, 0xFF, 0xFF, 0xFF, 0xFF, 0xFF, 0xFF, 0xFF,
    0xFF, 0xFF, 0xFF, 0xFF, 0xFF, 0xFF, 0xFF, 0xFF, 0xFF, 0xFF, 0xFF, 0xFF, 0xFF, 0xFF, 0xFF, 0xFF,
    0xFF, 0xFF, 0xFF, 0xFF, 0xFD, 0xFF, 0x40, 0x00, 0x00, 0x10, 0xF0, 0xFF, 0xFE, 0xFF, 0xFF, 0xFF,
    0xFF, 0xFF, 0xFF, 0xFF, 0xFF, 0xFF, 0xFF, 0xFF, 0xFF, 0xFF, 0xFF, 0xFF, 0xFF, 0xFF, 0xFF, 0xFF,
    0xFF, 0xFF, 0xFF, 0xFF, 0xFF, 0xFF, 0xFF, 0xFF, 0xFF, 0xFF, 0xFF, 0xFF, 0xFD, 0xFF, 0x40, 0x00,
    0x00, 0x10, 0xF0, 0xFF, 0xFE, 0xFF, 0xFF, 0xFF, 0xFF, 0xFF, 0xFF, 0xFF, 0xFF, 0xFF, 0xFF, 0xFF,
    0xFF, 0xFF, 0xFF, 0xFF, 0xFF, 0xFF, 0xFF, 0xFF, 0xFF, 0xFF, 0xFF, 0xFF, 0xFF, 0xFF, 0xFF, 0xFF,
    0xFF, 0xFF, 0xFF, 0xFF, 0xFD, 0xFF, 0x40, 0x00, 0x00, 0x10, 0xF0, 0xFF, 0xFE, 0xFF, 0xFF, 0xFF,
    0xFF, 0xFF, 0xFF, 0xFF, 0xFF, 0xFF, 0xFF, 0xFF, 0xFF, 0xFF, 0xFF, 0xFF, 0xFF, 0xFF, 0xFF, 0xFF,
    0xFF, 0xFF, 0xFF, 0xFF, 0xFF, 0xFF, 0xFF, 0xFF, 0xFF, 0xFF, 0xFF, 0xFF, 0xFD, 0xFF, 0x40, 0x00,
    0x00, 0x10, 0xF0, 0xFF, 0xFE, 0xFF, 0xFF, 0xFF, 0xFF, 0xFF, 0xFF, 0xFF, 0xFF, 0xFF, 0xFF, 0xFF,
    0xFF, 0xFF, 0xFF, 0xFF, 0xFF, 0xFF, 0xFF, 0xFF, 0xFF, 0xFF, 0xFF, 0xFF, 0xFF, 0xFF, 0xFF, 0xFF,
    0xFF, 0xFF, 0xFF, 0xFF, 0xFD, 0xFF, 0x40, 0x00, 0x00, 0x10, 0xEF, 0xFF, 0xFE, 0xFF, 0xFF, 0xFF,
    0xFF, 0xFF, 0xFF, 0xFF, 0xFF, 0xFF, 0xFF, 0xFF, 0xFF, 0xFF, 0xFF, 0xFF, 0xFF, 0xFF, 0xFF, 0xFF,
    0xFF, 0xFF, 0xFF, 0xFF, 0xFF, 0xFF, 0xFF, 0xFF, 0xFF, 0xFF, 0xFF, 0xFF, 0xFD, 0xFF, 0x3F, 0x00,
    0x00, 0x11, 0xF2, 0xFF, 0xFE, 0xFF, 0xFF, 0xFF, 0xFF, 0xFF, 0xFF, 0xFF, 0xFF, 0xFF, 0xFF, 0xFF,
    0xFF, 0xFF, 0xFF, 0xFF, 0xFF, 0xFF, 0xFF, 0xFF, 0xFF, 0xFF, 0xFF, 0xFF, 0xFF, 0xFF, 0xFF, 0xFF,
    0xFF, 0xFF, 0xFF, 0xFF, 0xFD, 0xFF, 0x42, 0x00, 0x01, 0x0C, 0xE5, 0xFF, 0xFE, 0xFF, 0xFF, 0xFF,
    0xFF, 0xFF, 0xFF, 0xFF, 0xFF, 0xFF, 0xFF, 0xFF, 0xFF, 0xFF, 0xFF, 0xFF, 0xFF, 0xFF, 0xFF, 0xFF,
    0xFF, 0xFF, 0xFF, 0xFF, 0xFF, 0xFF, 0xFF, 0xFF, 0xFF, 0xFF, 0xFF, 0xFF, 0xFE, 0xFD, 0x35, 0x00,
    0x04, 0x00, 0xB0, 0xFE, 0xFC, 0xFF, 0xFF, 0xFF, 0xFF, 0xFF, 0xFF, 0xFF, 0xFF, 0xFF, 0xFF, 0xFF,
    0xFF, 0xFF, 0xFF, 0xFF, 0xFF, 0xFF, 0xFF, 0xFF, 0xFF, 0xFF, 0xFF, 0xFF, 0xFF, 0xFF, 0xFF, 0xFF,
    0xFF, 0xFF, 0xFF, 0xFE, 0xFF, 0xE6, 0x0A, 0x01, 0x04, 0x00, 0x62, 0xFF, 0xFC, 0xFF, 0xFF, 0xFF,
    0xFF, 0xFF, 0xFF, 0xFF, 0xFF, 0xFF, 0xFF, 0xFF, 0xFF, 0xFF, 0xFF, 0xFF, 0xFF, 0xFF, 0xFF, 0xFF,
    0xFF, 0xFF, 0xFF, 0xFF, 0xFF, 0xFF, 0xFF, 0xFF, 0xFF, 0xFF, 0xFF, 0xFB, 0xFE, 0xA2, 0x00, 0x04,
    0x01, 0x01, 0x15, 0xEE, 0xFD, 0xFE, 0xFF, 0xFF, 0xFF, 0xFF, 0xFF, 0xFF, 0xFF, 0xFF, 0xFF, 0xFF,
    0xFF, 0xFF, 0xFF, 0xFF, 0xFF, 0xFF, 0xFF, 0xFF, 0xFF, 0xFF, 0xFF, 0xFF, 0xFF, 0xFF, 0xFF, 0xFF,
    0xFF, 0xFF, 0xFF, 0xFC, 0xFF, 0x42, 0x00, 0x03, 0x00, 0x03, 0x00, 0x6B, 0xFF, 0xFA, 0xFF, 0xFF,
    0xFF, 0xFF, 0xFF, 0xFF, 0xFF, 0xFF, 0xFF, 0xFF, 0xFF, 0xFF, 0xFF, 0xFF, 0xFF, 0xFF, 0xFF, 0xFF,
    0xFF, 0xFF, 0xFF, 0xFF, 0xFF, 0xFF, 0xFF, 0xFF, 0xFF, 0xFF, 0xFA, 0xFF, 0xAA, 0x00, 0x03, 0x00,
    0x00, 0x00, 0x03, 0x00, 0xAC, 0xFF, 0xF9, 0xFE, 0xFF, 0xFF, 0xFF, 0xFF, 0xFF, 0xFF, 0xFF, 0xFF,
    0xFF, 0xFF, 0xFF, 0xFF, 0xFF, 0xFF, 0xFF, 0xFF, 0xFF, 0xFF, 0xFF, 0xFF, 0xFF, 0xFF, 0xFF, 0xFF,
    0xFF, 0xFA, 0xFF, 0xDE, 0x12, 0x02, 0x01, 0x00, 0x00, 0x00, 0x01, 0x01, 0x11, 0xB8, 0xFF, 0xFF,
    0xFB, 0xFD, 0xFE, 0xFF, 0xFF, 0xFF, 0xFF, 0xFF, 0xFF, 0xFF, 0xFF, 0xFF, 0xFF, 0xFF, 0xFF, 0xFF,
    0xFF, 0xFF, 0xFF, 0xFF, 0xFF, 0xFF, 0xFD, 0xFB, 0xFD, 0xFF, 0xDA, 0x34, 0x00, 0x02, 0x00, 0x00,
    0x00, 0x00, 0x00, 0x01, 0x00, 0x00, 0x80, 0xF9, 0xFF, 0xFF, 0xFF, 0xFD, 0xFD, 0xFD, 0xFD, 0xFD,
    0xFD, 0xFD, 0xFD, 0xFD, 0xFD, 0xFD, 0xFD, 0xFD, 0xFD, 0xFD, 0xFD, 0xFD, 0xFD, 0xFE, 0xFF, 0xFF,
    0xFF, 0xA7, 0x13, 0x00, 0x02, 0x00, 0x00, 0x00, 0x00, 0x00, 0x00, 0x00, 0x01, 0x01, 0x00, 0x2C,
    0x8C, 0xD6, 0xFD, 0xFF, 0xFF, 0xFF, 0xFF, 0xFF, 0xFF, 0xFF, 0xFF, 0xFF, 0xFF, 0xFF, 0xFF, 0xFF,
    0xFF, 0xFF, 0xFF, 0xFF, 0xFF, 0xFF, 0xE2, 0x9F, 0x46, 0x00, 0x00, 0x02, 0x00, 0x00, 0x00, 0x00,
    0x00, 0x00, 0x00, 0x00, 0x00, 0x00, 0x03, 0x00, 0x00, 0x03, 0x28, 0x40, 0x40, 0x40, 0x40, 0x40,
    0x40, 0x40, 0x40, 0x40, 0x40, 0x40, 0x40, 0x40, 0x40, 0x40, 0x40, 0x40, 0x40, 0x34, 0x09, 0x00,
    0x00, 0x02, 0x01, 0x00, 0x00, 0x00, 0x00, 0x00, 0x00, 0x00, 0x00, 0x00, 0x00, 0x00, 0x00, 0x02,
    0x04, 0x00, 0x00, 0x00, 0x00, 0x00, 0x00, 0x00, 0x00, 0x00, 0x00, 0x00, 0x00, 0x00, 0x00, 0x00,
    0x00, 0x00, 0x00, 0x00, 0x00, 0x00, 0x00, 0x04, 0x03, 0x00, 0x00, 0x00, 0x00, 0x00, 0x00, 0x00,
};

const lv_image_dsc_t icon_home_display = {
    .header.magic = LV_IMAGE_HEADER_MAGIC,
    .header.cf = LV_COLOR_FORMAT_RGB565A8,
    .header.w = 40,
    .header.h = 40,
    .data_size = 4800,
    .data = icon_home_display_map,
};

const LV_ATTRIBUTE_MEM_ALIGN uint8_t icon_home_sound_map[] = {
    0x00, 0x00, 0x00, 0x00, 0x00, 0x00, 0x00, 0x00, 0x00, 0x00, 0x00, 0x00, 0x00, 0x00, 0x00, 0xF8,
    0x4A, 0xFD, 0xE7, 0xFB, 0x00, 0x00, 0x00, 0x00, 0x00, 0x00, 0x00, 0x00, 0x00, 0x00, 0x00, 0x00,
    0x00, 0x00, 0x00, 0x00, 0x00, 0x00, 0x00, 0x00, 0x00, 0x00, 0x00, 0x00, 0x00, 0x00, 0x00, 0x00,
    0x00, 0x00, 0x00, 0x00, 0x00, 0x00, 0x00, 0x00, 0x00, 0x00, 0x00, 0x00, 0x4A, 0xFD, 0xE7, 0xFB,
    0xE0, 0xFF, 0x00, 0x00, 0x00, 0x00, 0x00, 0x00, 0x00, 0x00, 0x00, 0x00, 0x00, 0x00, 0x00, 0x00,
    0x00, 0x00, 0x00, 0x00, 0x00, 0x00, 0x00, 0x00, 0x00, 0x00, 0x00, 0x00, 0x4A, 0xFD, 0x00, 0x00,
    0x00, 0x00, 0x00, 0x00, 0x4A, 0xFD, 0x69, 0xFD, 0x69, 0xFC, 0xE9, 0xFC, 0xE9, 0xFC, 0xE9, 0xFC,
    0xE9, 0xFC, 0xE9, 0xFC, 0xE9, 0xFC, 0xE9, 0xFC, 0xE9, 0xFC, 0xE9, 0xFC, 0xE9, 0xFC, 0xE9, 0xFC,
    0xE9, 0xFC, 0xE9, 0xFC, 0xE9, 0xFC, 0x69, 0xFC, 0xE9, 0xFC, 0x4A, 0xFD, 0x00, 0x00, 0x00, 0x00,
    0x00, 0x00, 0x4A, 0xFD, 0x00, 0x00, 0x00, 0x00, 0x00, 0x00, 0x00, 0x00, 0x00, 0x00, 0x00, 0x00,
    0x00, 0x00, 0x00, 0x00, 0x00, 0x00, 0x00, 0x00, 0x00, 0x00, 0xE7, 0xFB, 0x00, 0x00, 0xEA, 0xFB,
    0xC9, 0xFC, 0xC9, 0xFC, 0xC9, 0xFC, 0xC9, 0xFC, 0xA9, 0xFC, 0xA9, 0xFC, 0xA9, 0xFC, 0xA9, 0xFC,
    0xA9, 0xFC, 0xA9, 0xFC, 0xA9, 0xFC, 0xA9, 0xFC, 0xA9, 0xFC, 0xA9, 0xFC, 0xA9, 0xFC, 0xA9, 0xFC,
    0xA9, 0xFC, 0xA9, 0xFC, 0xA9, 0xFC, 0xA9, 0xFC, 0xC9, 0xFC, 0xC9, 0xFC, 0xC9, 0xFC, 0xE9, 0xFC,
    0xAA, 0xFC, 0x00, 0x00, 0xEF, 0xFB, 0xE0, 0xFF, 0x00, 0x00, 0x00, 0x00, 0x00, 0x00, 0x00, 0x00,
    0x00, 0x00, 0x00, 0x00, 0x00, 0x00, 0x00, 0x00, 0xE0, 0xFF, 0x00, 0x00, 0xA8, 0xFC, 0xC9, 0xFC,
    0xE9, 0xFC, 0xE9, 0xFC, 0xC9, 0xFC, 0xC9, 0xFC, 0xC9, 0xFC, 0xC9, 0xFC, 0xC9, 0xFC, 0xC9, 0xFC,
    0xC9, 0xFC, 0xC9, 0xFC, 0xC9, 0xFC, 0xC9, 0xFC, 0xC9, 0xFC, 0xC9, 0xFC, 0xC9, 0xFC, 0xC9, 0xFC,
    0xC9, 0xFC, 0xC9, 0xFC, 0xC9, 0xFC, 0xC9, 0xFC, 0xC9, 0xFC, 0xC9, 0xFC, 0xE9, 0xFC, 0x09, 0xFD,
    0xC9, 0xFC, 0xC9, 0xFC, 0x00, 0x00, 0x00, 0x00, 0xE0, 0xFF, 0x00, 0x00, 0x00, 0x00, 0x00, 0x00,
    0x00, 0x00, 0x00, 0x00, 0x00, 0x00, 0x4A, 0xFD, 0xE0, 0xFF, 0xA9, 0xFC, 0xC9, 0xFC, 0xC9, 0xFC,
    0x88, 0xFC, 0xA9, 0xFC, 0xA8, 0xFC, 0xA9, 0xFC, 0xA9, 0xFC, 0xA9, 0xFC, 0xA9, 0xFC, 0xA9, 0xFC,
    0xA9, 0xFC, 0xA9, 0xFC, 0xA9, 0xFC, 0xA9, 0xFC, 0xA9, 0xFC, 0xA9, 0xFC, 0xA9, 0xFC, 0xA9, 0xFC,
    0xA9, 0xFC, 0xA9, 0xFC, 0xA9, 0xFC, 0xA9, 0xFC, 0xA9, 0xFC, 0xA9, 0xFC, 0xA8, 0xFC, 0xA9, 0xFC,
    0xA9, 0xFC, 0x09, 0xFD, 0xC9, 0xFC, 0x88, 0xFC, 0xE0, 0xFF, 0xE0, 0xFF, 0x00, 0x00, 0x00, 0x00,
    0x00, 0x00, 0x00, 0x00, 0xE7, 0xFB, 0x00, 0x00, 0x88, 0xFC, 0x29, 0xFD, 0x88, 0xFC, 0x88, 0xFC,
    0xA8, 0xFC, 0xA8, 0xFC, 0xA8, 0xFC, 0xA8, 0xFC, 0xA8, 0xFC, 0xA8, 0xFC, 0xA8, 0xFC, 0xA8, 0xFC,
    0xA8, 0xFC, 0xA8, 0xFC, 0xA8, 0xFC, 0xA8, 0xFC, 0xA8, 0xFC, 0xA8, 0xFC, 0xA8, 0xFC, 0xA8, 0xFC,
    0xA8, 0xFC, 0xA8, 0xFC, 0xA8, 0xFC, 0xA8, 0xFC, 0xA8, 0xFC, 0xA8, 0xFC, 0xA8, 0xFC, 0xA8, 0xFC,
    0x88, 0xFC, 0x88, 0xFC, 0x09, 0xFD, 0xA8, 0xFC, 0xE0, 0xFF, 0x4A, 0xFD, 0x00, 0x00, 0x00, 0x00,
    0x00, 0x00, 0x4A, 0xFD, 0x00, 0x00, 0x88, 0xFC, 0xC9, 0xFC, 0x88, 0xFC, 0x88, 0xFC, 0x88, 0xFC,
    0x88, 0xFC, 0x88, 0xFC, 0x88, 0xFC, 0x88, 0xFC, 0x88, 0xFC, 0x88, 0xFC, 0x88, 0xFC, 0x88, 0xFC,
    0x88, 0xFC, 0x88, 0xFC, 0x88, 0xFC, 0x88, 0xFC, 0x88, 0xFC, 0x88, 0xFC, 0x88, 0xFC, 0x88, 0xFC,
    0x88, 0xFC, 0x88, 0xFC, 0x88, 0xFC, 0x88, 0xFC, 0x88, 0xFC, 0x88, 0xFC, 0x88, 0xFC, 0x88, 0xFC,
    0x88, 0xFC, 0x88, 0xFC, 0x88, 0xFC, 0xE9, 0xFC, 0x88, 0xFC, 0x00, 0x00, 0x4A, 0xFD, 0x00, 0x00,
    0x00, 0x00, 0xFF, 0xFF, 0x67, 0xFC, 0x88, 0xFC, 0xA9, 0xFC, 0x88, 0xFC, 0x88, 0xFC, 0x88, 0xFC,
    0x88, 0xFC, 0x88, 0xFC, 0x88, 0xFC, 0x88, 0xFC, 0x88, 0xFC, 0x88, 0xFC, 0x88, 0xFC, 0x88, 0xFC,
    0x88, 0xFC, 0x88, 0xFC, 0x88, 0xFC, 0x88, 0xFC, 0x88, 0xFC, 0x88, 0xFC, 0x88, 0xFC, 0x88, 0xFC,
    0x88, 0xFC, 0x88, 0xFC, 0x88, 0xFC, 0x88, 0xFC, 0x88, 0xFC, 0x88, 0xFC, 0x88, 0xFC, 0x88, 0xFC,
    0x88, 0xFC, 0x88, 0xFC, 0x88, 0xFC, 0x88, 0xFC, 0xA8, 0xFC, 0x48, 0xFC, 0x00, 0x00, 0xE0, 0xFF,
    0xE7, 0xFB, 0x00, 0x00, 0x88, 0xFC, 0xC9, 0xFC, 0x88, 0xFC, 0x88, 0xFC, 0x88, 0xFC, 0x88, 0xFC,
    0x88, 0xFC, 0x88, 0xFC, 0x88, 0xFC, 0x88, 0xFC, 0x88, 0xFC, 0x88, 0xFC, 0x88, 0xFC, 0x88, 0xFC,
    0x88, 0xFC, 0x88, 0xFC, 0x88, 0xFC, 0x88, 0xFC, 0x88, 0xFC, 0x88, 0xFC, 0x88, 0xFC, 0x88, 0xFC,
    0x88, 0xFC, 0x88, 0xFC, 0x88, 0xFC, 0x88, 0xFC, 0x88, 0xFC, 0x88, 0xFC, 0x88, 0xFC, 0x88, 0xFC,
    0x88, 0xFC, 0x88, 0xFC, 0x88, 0xFC, 0x88, 0xFC, 0xE9, 0xFC, 0x88, 0xFC, 0x00, 0x00, 0xC6, 0xFC,
    0xE7, 0xFB, 0x00, 0x00, 0x68, 0xFC, 0xC8, 0xFC, 0x68, 0xFC, 0x68, 0xFC, 0x68, 0xFC, 0x68, 0xFC,
    0x68, 0xFC, 0x68, 0xFC, 0x68, 0xFC, 0x68, 0xFC, 0x68, 0xFC, 0x68, 0xFC, 0x68, 0xFC, 0x68, 0xFC,
    0x68, 0xFC, 0x68, 0xFC, 0x68, 0xFC, 0x68, 0xFC, 0x68, 0xFC, 0x88, 0xFC, 0x68, 0xFC, 0x67, 0xFC,
    0x88, 0xFC, 0x68, 0xFC, 0x68, 0xFC, 0x68, 0xFC, 0x68, 0xFC, 0x68, 0xFC, 0x68, 0xFC, 0x68, 0xFC,
    0x68, 0xFC, 0x68, 0xFC, 0x68, 0xFC, 0x68, 0xFC, 0xA8, 0xFC, 0x68, 0xFC, 0xE7, 0xFB, 0x00, 0xF8,
    0x00, 0xF8, 0xE7, 0xFC, 0x68, 0xFC, 0x88, 0xFC, 0x68, 0xFC, 0x68, 0xFC, 0x68, 0xFC, 0x68, 0xFC,
    0x68, 0xFC, 0x68, 0xFC, 0x68, 0xFC, 0x68, 0xFC, 0x68, 0xFC, 0x68, 0xFC, 0x68, 0xFC, 0x68, 0xFC,
    0x68, 0xFC, 0x68, 0xFC, 0x68, 0xFC, 0x68, 0xFC, 0x88, 0xFC, 0x47, 0xFC, 0xCA, 0xFC, 0xEB, 0xFC,
    0x47, 0xFC, 0x68, 0xFC, 0x68, 0xFC, 0x68, 0xFC, 0x88, 0xFC, 0x68, 0xFC, 0x68, 0xFC, 0x68, 0xFC,
    0x68, 0xFC, 0x68, 0xFC, 0x68, 0xFC, 0x68, 0xFC, 0x68, 0xFC, 0x88, 0xFC, 0x68, 0xFC, 0x00, 0x00,
    0x00, 0x00, 0xA7, 0xFC, 0x68, 0xFC, 0x68, 0xFC, 0x68, 0xFC, 0x68, 0xFC, 0x68, 0xFC, 0x68, 0xFC,
    0x68, 0xFC, 0x68, 0xFC, 0x68, 0xFC, 0x68, 0xFC, 0x68, 0xFC, 0x68, 0xFC, 0x68, 0xFC, 0x68, 0xFC,
    0x68, 0xFC, 0x68, 0xFC, 0x68, 0xFC, 0x68, 0xFC, 0x47, 0xFC, 0x88, 0xFC, 0x7B, 0xFF, 0x8F, 0xFD,
    0x26, 0xFC, 0x68, 0xFC, 0x68, 0xFC, 0x47, 0xFC, 0x26, 0xFC, 0x67, 0xFC, 0x68, 0xFC, 0x68, 0xFC,
    0x68, 0xFC, 0x68, 0xFC, 0x68, 0xFC, 0x68, 0xFC, 0x68, 0xFC, 0xA8, 0xFC, 0x88, 0xFC, 0x00, 0x00,
    0x00, 0x00, 0x67, 0xFC, 0x48, 0xFC, 0x68, 0xFC, 0x48, 0xFC, 0x68, 0xFC, 0x68, 0xFC, 0x68, 0xFC,
    0x68, 0xFC, 0x68, 0xFC, 0x68, 0xFC, 0x68, 0xFC, 0x68, 0xFC, 0x68, 0xFC, 0x68, 0xFC, 0x68, 0xFC,
    0x68, 0xFC, 0x67, 0xFC, 0x68, 0xFC, 0x26, 0xFC, 0x0C, 0xFD, 0x7C, 0xFF, 0xFF, 0xFF, 0x4D, 0xFD,
    0x26, 0xFC, 0x68, 0xFC, 0x26, 0xFC, 0x0C, 0xFD, 0x96, 0xFE, 0x89, 0xFC, 0x47, 0xFC, 0x68, 0xFC,
    0x68, 0xFC, 0x68, 0xFC, 0x68, 0xFC, 0x68, 0xFC, 0x67, 0xFC, 0x88, 0xFC, 0x68, 0xFC, 0x00, 0x00,
    0x00, 0x00, 0x67, 0xFC, 0x47, 0xFC, 0x68, 0xFC, 0x47, 0xFC, 0x47, 0xFC, 0x47, 0xFC, 0x47, 0xFC,
    0x47, 0xFC, 0x47, 0xFC, 0x47, 0xFC, 0x47, 0xFC, 0x47, 0xFC, 0x47, 0xFC, 0x47, 0xFC, 0x47, 0xFC,
    0x47, 0xFC, 0x68, 0xFC, 0x06, 0xFC, 0x0C, 0xFD, 0xBE, 0xFF, 0xFF, 0xFF, 0xFF, 0xFF, 0x4E, 0xFD,
    0x26, 0xFC, 0x68, 0xFC, 0x47, 0xFC, 0x5B, 0xFF, 0xFF, 0xFF, 0xF9, 0xFE, 0x26, 0xFC, 0x48, 0xFC,
    0x47, 0xFC, 0x47, 0xFC, 0x47, 0xFC, 0x47, 0xFC, 0x47, 0xFC, 0x88, 0xFC, 0x47, 0xFC, 0x00, 0x00,
    0x00, 0x00, 0x67, 0xFC, 0x47, 0xFC, 0x67, 0xFC, 0x47, 0xFC, 0x47, 0xFC, 0x47, 0xFC, 0x47, 0xFC,
    0x47, 0xFC, 0x47, 0xFC, 0x47, 0xFC, 0x68, 0xFC, 0x68, 0xFC, 0x68, 0xFC, 0x68, 0xFC, 0x68, 0xFC,
    0x68, 0xFC, 0x05, 0xFC, 0x0C, 0xFD, 0xBE, 0xFF, 0xFF, 0xFF, 0xFF, 0xFF, 0xFF, 0xFF, 0x4D, 0xFD,
    0x26, 0xFC, 0x26, 0xFC, 0x06, 0xFC, 0xF2, 0xFD, 0xFF, 0xFF, 0xFF, 0xFF, 0x33, 0xFE, 0x06, 0xFC,
    0x68, 0xFC, 0x47, 0xFC, 0x47, 0xFC, 0x47, 0xFC, 0x47, 0xFC, 0x88, 0xFC, 0x47, 0xFC, 0x00, 0x00,
    0x00, 0x00, 0x67, 0xFC, 0x47, 0xF4, 0x47, 0xFC, 0x47, 0xF4, 0x47, 0xFC, 0x47, 0xFC, 0x47, 0xFC,
    0x47, 0xFC, 0x47, 0xFC, 0x47, 0xFC, 0x05, 0xFC, 0x05, 0xFC, 0x05, 0xFC, 0x05, 0xFC, 0x05, 0xFC,
    0xE5, 0xF3, 0xB0, 0xFD, 0xDE, 0xFF, 0xFF, 0xFF, 0xFF, 0xFF, 0xFF, 0xFF, 0xFF, 0xFF, 0x4E, 0xFD,
    0xC4, 0xF3, 0xD1, 0xFD, 0x4E, 0xFD, 0xA3, 0xF3, 0x34, 0xFE, 0xFF, 0xFF, 0xFF, 0xFF, 0xEB, 0xFC,
    0x26, 0xFC, 0x47, 0xFC, 0x47, 0xFC, 0x47, 0xFC, 0x47, 0xF4, 0x88, 0xFC, 0x47, 0xFC, 0x00, 0x00,
    0x00, 0x00, 0x67, 0xFC, 0x47, 0xF4, 0x47, 0xFC, 0x27, 0xF4, 0x47, 0xFC, 0x47, 0xFC, 0x47, 0xFC,
    0x47, 0xFC, 0x27, 0xFC, 0x68, 0xFC, 0xF2, 0xFD, 0x13, 0xFE, 0x13, 0xFE, 0x33, 0xFE, 0x13, 0xFE,
    0x75, 0xFE, 0xFF, 0xFF, 0xFF, 0xFF, 0xFF, 0xFF, 0xFF, 0xFF, 0xFF, 0xFF, 0xFF, 0xFF, 0x0C, 0xFD,
    0x0D, 0xFD, 0xFF, 0xFF, 0xBE, 0xFF, 0x89, 0xFC, 0x26, 0xFC, 0x5B, 0xFF, 0xFF, 0xFF, 0x54, 0xFE,
    0xE5, 0xF3, 0x47, 0xFC, 0x47, 0xFC, 0x47, 0xFC, 0x47, 0xF4, 0x67, 0xFC, 0x27, 0xFC, 0x00, 0x00,
    0x00, 0x00, 0x67, 0xFC, 0x27, 0xF4, 0x47, 0xFC, 0x27, 0xF4, 0x27, 0xFC, 0x27, 0xFC, 0x27, 0xFC,
    0x47, 0xFC, 0x26, 0xFC, 0x69, 0xFC, 0xFF, 0xFF, 0xFF, 0xFF, 0xFF, 0xFF, 0xFF, 0xFF, 0xFF, 0xFF,
    0xFF, 0xFF, 0xFF, 0xFF, 0xFF, 0xFF, 0xFF, 0xFF, 0xFF, 0xFF, 0xFF, 0xFF, 0xFF, 0xFF, 0x0C, 0xFD,
    0xAA, 0xFC, 0x9D, 0xFF, 0xFF, 0xFF, 0xB7, 0xFE, 0xA4, 0xF3, 0xF2, 0xFD, 0xFF, 0xFF, 0x5B, 0xFF,
    0x27, 0xFC, 0x27, 0xFC, 0x27, 0xFC, 0x27, 0xFC, 0x27, 0xF4, 0x67, 0xFC, 0x27, 0xFC, 0x00, 0x00,
    0x00, 0x00, 0x67, 0xFC, 0x27, 0xF4, 0x47, 0xFC, 0x27, 0xF4, 0x27, 0xF4, 0x27, 0xF4, 0x27, 0xF4,
    0x27, 0xF4, 0x26, 0xF4, 0x68, 0xFC, 0xBD, 0xFF, 0xFF, 0xFF, 0xFF, 0xFF, 0xFF, 0xFF, 0xFF, 0xFF,
    0xFF, 0xFF, 0xFF, 0xFF, 0xFF, 0xFF, 0xFF, 0xFF, 0xFF, 0xFF, 0xFF, 0xFF, 0xFF, 0xFF, 0x2E, 0xFD,
    0x83, 0xF3, 0xB1, 0xFD, 0xFF, 0xFF, 0xDE, 0xFF, 0x47, 0xF4, 0xCB, 0xFC, 0xFF, 0xFF, 0xFF, 0xFF,
    0xCB, 0xFC, 0x06, 0xF4, 0x27, 0xF4, 0x27, 0xF4, 0x27, 0xF4, 0x67, 0xFC, 0x27, 0xF4, 0x00, 0x00,
    0x00, 0x00, 0xE7, 0xFB, 0x07, 0xF4, 0x27, 0xFC, 0x07, 0xF4, 0x27, 0xF4, 0x27, 0xF4, 0x27, 0xF4,
    0x27, 0xF4, 0x06, 0xF4, 0x68, 0xFC, 0xBE, 0xFF, 0xFF, 0xFF, 0xFF, 0xFF, 0xFF, 0xFF, 0xFF, 0xFF,
    0xFF, 0xFF, 0xFF, 0xFF, 0xFF, 0xFF, 0xFF, 0xFF, 0xFF, 0xFF, 0xFF, 0xFF, 0xFF, 0xFF, 0x2D, 0xFD,
    0xC5, 0xF3, 0x89, 0xFC, 0xDE, 0xFF, 0xFF, 0xFF, 0x0C, 0xFD, 0x27, 0xF4, 0xBE, 0xFF, 0xFF, 0xFF,
    0x2D, 0xFD, 0xE5, 0xF3, 0x27, 0xF4, 0x27, 0xF4, 0x27, 0xF4, 0x67, 0xFC, 0x26, 0xF4, 0x00, 0x00,
    0x00, 0x00, 0xE7, 0xFB, 0x06, 0xF4, 0x27, 0xFC, 0x07, 0xF4, 0x27, 0xF4, 0x27, 0xF4, 0x27, 0xF4,
    0x27, 0xF4, 0x06, 0xF4, 0x68, 0xF4, 0xBE, 0xFF, 0xFF, 0xFF, 0xFF, 0xFF, 0xFF, 0xFF, 0xFF, 0xFF,
    0xFF, 0xFF, 0xFF, 0xFF, 0xFF, 0xFF, 0xFF, 0xFF, 0xFF, 0xFF, 0xFF, 0xFF, 0xFF, 0xFF, 0x0D, 0xFD,
    0xC5, 0xF3, 0x68, 0xF4, 0xBE, 0xFF, 0xFF, 0xFF, 0x0D, 0xFD, 0x06, 0xF4, 0xBE, 0xFF, 0xFF, 0xFF,
    0x0D, 0xFD, 0xE5, 0xF3, 0x27, 0xF4, 0x27, 0xF4, 0x26, 0xF4, 0x47, 0xFC, 0x06, 0xF4, 0x00, 0x00,
    0x00, 0x00, 0xE7, 0xFB, 0x06, 0xF4, 0x26, 0xFC, 0x06, 0xF4, 0x06, 0xF4, 0x06, 0xF4, 0x06, 0xF4,
    0x06, 0xF4, 0x06, 0xF4, 0x48, 0xF4, 0xBE, 0xFF, 0xFF, 0xFF, 0xFF, 0xFF, 0xFF, 0xFF, 0xFF, 0xFF,
    0xFF, 0xFF, 0xFF, 0xFF, 0xFF, 0xFF, 0xFF, 0xFF, 0xFF, 0xFF, 0xFF, 0xFF, 0xFF, 0xFF, 0x2D, 0xFD,
    0x83, 0xF3, 0x2E, 0xFD, 0xFF, 0xFF, 0xDF, 0xFF, 0x69, 0xF4, 0x89, 0xF4, 0xDF, 0xFF, 0xFF, 0xFF,
    0xEC, 0xFC, 0xE5, 0xF3, 0x27, 0xF4, 0x06, 0xF4, 0x06, 0xF4, 0x47, 0xFC, 0x06, 0xF4, 0x00, 0x00,
    0x00, 0x00, 0xE5, 0xFB, 0x06, 0xF4, 0x06, 0xFC, 0x06, 0xF4, 0x06, 0xF4, 0x06, 0xF4, 0x06, 0xF4,
    0x06, 0xF4, 0xE6, 0xF3, 0x48, 0xF4, 0xFF, 0xFF, 0xFF, 0xFF, 0xFF, 0xFF, 0xFF, 0xFF, 0xFF, 0xFF,
    0xFF, 0xFF, 0xFF, 0xFF, 0xFF, 0xFF, 0xFF, 0xFF, 0xFF, 0xFF, 0xFF, 0xFF, 0xFF, 0xFF, 0x0C, 0xFD,
    0x06, 0xF4, 0x3A, 0xFF, 0xFF, 0xFF, 0x19, 0xFF, 0xA4, 0xF3, 0x90, 0xFD, 0xFF, 0xFF, 0x9C, 0xFF,
    0x27, 0xF4, 0x06, 0xF4, 0x06, 0xF4, 0x06, 0xF4, 0x06, 0xF4, 0x27, 0xFC, 0x06, 0xF4, 0x00, 0x00,
    0x00, 0x00, 0xE5, 0xFB, 0xE6, 0xF3, 0x06, 0xFC, 0xE6, 0xF3, 0x06, 0xF4, 0x06, 0xF4, 0x06, 0xF4,
    0x06, 0xF4, 0xE6, 0xF3, 0x27, 0xF4, 0xD8, 0xFE, 0xF9, 0xFE, 0xF9, 0xFE, 0xF9, 0xFE, 0xF9, 0xFE,
    0x3A, 0xFF, 0xFF, 0xFF, 0xFF, 0xFF, 0xFF, 0xFF, 0xFF, 0xFF, 0xFF, 0xFF, 0xFF, 0xFF, 0xCB, 0xF4,
    0x2E, 0xFD, 0xFF, 0xFF, 0xFF, 0xFF, 0xCB, 0xF4, 0xA4, 0xF3, 0xF9, 0xFE, 0xFF, 0xFF, 0x76, 0xFE,
    0xA4, 0xF3, 0x06, 0xF4, 0x06, 0xF4, 0x06, 0xF4, 0x06, 0xF4, 0x26, 0xFC, 0xE6, 0xF3, 0x00, 0x00,
    0x00, 0x00, 0xE5, 0xFB, 0xE6, 0xF3, 0x06, 0xFC, 0xE6, 0xF3, 0xE6, 0xF3, 0xE6, 0xF3, 0xE6, 0xF3,
    0xE6, 0xF3, 0xE6, 0xF3, 0xE6, 0xF3, 0xC5, 0xF3, 0xC5, 0xF3, 0xC5, 0xF3, 0xC5, 0xF3, 0xC5, 0xF3,
    0xC5, 0xF3, 0x55, 0xFE, 0xFF, 0xFF, 0xFF, 0xFF, 0xFF, 0xFF, 0xFF, 0xFF, 0xFF, 0xFF, 0x0D, 0xFD,
    0xA4, 0xF3, 0x76, 0xFE, 0xD1, 0xFD, 0x42, 0xF3, 0x6F, 0xFD, 0xFF, 0xFF, 0xFF, 0xFF, 0x0D, 0xFD,
    0xC5, 0xF3, 0x06, 0xF4, 0xE6, 0xF3, 0xE6, 0xF3, 0xE6, 0xF3, 0x26, 0xFC, 0xE6, 0xF3, 0x00, 0x00,
    0x00, 0x00, 0xE5, 0xFB, 0xE6, 0xF3, 0x06, 0xFC, 0xE6, 0xF3, 0xE6, 0xF3, 0xE6, 0xF3, 0xE6, 0xF3,
    0xE6, 0xF3, 0xE6, 0xF3, 0xE6, 0xF3, 0xE6, 0xF3, 0xE6, 0xF3, 0xE6, 0xF3, 0xE6, 0xF3, 0x06, 0xF4,
    0xE6, 0xF3, 0xA4, 0xF3, 0x90, 0xFD, 0xFF, 0xFF, 0xFF, 0xFF, 0xFF, 0xFF, 0xFF, 0xFF, 0xED, 0xF4,
    0xA4, 0xF3, 0xE5, 0xF3, 0xA4, 0xF3, 0xCB, 0xF4, 0xBD, 0xFF, 0xFF, 0xFF, 0xB7, 0xFE, 0xA5, 0xF3,
    0xE6, 0xF3, 0xE6, 0xF3, 0xE6, 0xF3, 0xE6, 0xF3, 0xE6, 0xF3, 0x26, 0xFC, 0xE6, 0xF3, 0x00, 0x00,
    0x00, 0x00, 0xE5, 0xFB, 0xE6, 0xF3, 0xE6, 0xFB, 0xE6, 0xF3, 0xE6, 0xF3, 0xE6, 0xF3, 0xE6, 0xF3,
    0xE6, 0xF3, 0xE6, 0xF3, 0xE6, 0xF3, 0xE6, 0xF3, 0xE6, 0xF3, 0xE6, 0xF3, 0xE6, 0xF3, 0xE6, 0xF3,
    0xE6, 0xF3, 0xE6, 0xF3, 0x84, 0xF3, 0x90, 0xFD, 0xFF, 0xFF, 0xFF, 0xFF, 0xFF, 0xFF, 0xEC, 0xF4,
    0xA4, 0xF3, 0xE6, 0xF3, 0xE6, 0xF3, 0x7C, 0xFF, 0xFF, 0xFF, 0x7C, 0xFF, 0x07, 0xF4, 0xC5, 0xF3,
    0xE6, 0xF3, 0xE6, 0xF3, 0xE6, 0xF3, 0xE6, 0xF3, 0xE6, 0xF3, 0x06, 0xFC, 0xE5, 0xF3, 0x00, 0x00,
    0x00, 0x00, 0xE5, 0xEB, 0xC6, 0xF3, 0xE6, 0xFB, 0xC6, 0xF3, 0xE6, 0xF3, 0xE6, 0xF3, 0xE6, 0xF3,
    0xE6, 0xF3, 0xE6, 0xF3, 0xE6, 0xF3, 0xE6, 0xF3, 0xE6, 0xF3, 0xE6, 0xF3, 0xE6, 0xF3, 0xE6, 0xF3,
    0xE6, 0xF3, 0xE6, 0xF3, 0xE6, 0xF3, 0x84, 0xF3, 0x70, 0xFD, 0xFF, 0xFF, 0xFF, 0xFF, 0xEC, 0xF4,
    0xA4, 0xF3, 0xE6, 0xF3, 0xA4, 0xF3, 0x4F, 0xF5, 0x3B, 0xFF, 0x8A, 0xF4, 0xA4, 0xF3, 0xE6, 0xF3,
    0xE6, 0xF3, 0xE6, 0xF3, 0xE6, 0xF3, 0xE6, 0xF3, 0xC6, 0xF3, 0x06, 0xFC, 0xE6, 0xF3, 0x00, 0x00,
    0x00, 0x00, 0xC5, 0xF3, 0xC5, 0xF3, 0xE6, 0xF3, 0xC5, 0xF3, 0xC5, 0xF3, 0xC5, 0xF3, 0xC5, 0xF3,
    0xC5, 0xF3, 0xC5, 0xF3, 0xC5, 0xF3, 0xC5, 0xF3, 0xC5, 0xF3, 0xC5, 0xF3, 0xC5, 0xF3, 0xC5, 0xF3,
    0xC5, 0xF3, 0xC5, 0xF3, 0xC5, 0xF3, 0xE6, 0xF3, 0x84, 0xF3, 0xAB, 0xF4, 0xDE, 0xFF, 0x0D, 0xF5,
    0x84, 0xF3, 0xE6, 0xF3, 0xC5, 0xF3, 0xC5, 0xF3, 0xC6, 0xF3, 0xA5, 0xF3, 0xE6, 0xF3, 0xC5, 0xF3,
    0xC5, 0xF3, 0xC5, 0xF3, 0xC5, 0xF3, 0xC5, 0xF3, 0xC5, 0xF3, 0x06, 0xFC, 0xC5, 0xF3, 0x00, 0x00,
    0x00, 0x00, 0xE5, 0xEB, 0xC5, 0xF3, 0xE5, 0xFB, 0xC5, 0xF3, 0xC5, 0xF3, 0xC5, 0xF3, 0xC5, 0xF3,
    0xC5, 0xF3, 0xC5, 0xF3, 0xC5, 0xF3, 0xC5, 0xF3, 0xC5, 0xF3, 0xC5, 0xF3, 0xC5, 0xF3, 0xC5, 0xF3,
    0xC5, 0xF3, 0xC5, 0xF3, 0xC5, 0xF3, 0xC5, 0xF3, 0xE6, 0xF3, 0x63, 0xF3, 0xCC, 0xF4, 0xAB, 0xF4,
    0xA4, 0xF3, 0xC6, 0xF3, 0xC5, 0xF3, 0xC5, 0xF3, 0xC5, 0xF3, 0xC6, 0xF3, 0xC5, 0xF3, 0xC5, 0xF3,
    0xC5, 0xF3, 0xC5, 0xF3, 0xC5, 0xF3, 0xC5, 0xF3, 0xC5, 0xF3, 0xE5, 0xFB, 0xE6, 0xF3, 0x00, 0x00,
    0xE0, 0xB9, 0x00, 0x00, 0xC5, 0xF3, 0x06, 0xFC, 0xC5, 0xF3, 0xC5, 0xF3, 0xC5, 0xF3, 0xC5, 0xF3,
    0xC5, 0xF3, 0xC5, 0xF3, 0xC5, 0xF3, 0xC5, 0xF3, 0xC5, 0xF3, 0xC5, 0xF3, 0xC5, 0xF3, 0xC5, 0xF3,
    0xC5, 0xF3, 0xC5, 0xF3, 0xC5, 0xF3, 0xC5, 0xF3, 0xC5, 0xF3, 0xC6, 0xF3, 0xA4, 0xF3, 0xA5, 0xF3,
    0xC5, 0xF3, 0xC5, 0xF3, 0xC5, 0xF3, 0xC5, 0xF3, 0xC5, 0xF3, 0xC5, 0xF3, 0xC5, 0xF3, 0xC5, 0xF3,
    0xC5, 0xF3, 0xC5, 0xF3, 0xC5, 0xF3, 0xC5, 0xF3, 0xC5, 0xFB, 0xC5, 0xF3, 0xE6, 0xE3, 0x00, 0x00,
    0xE7, 0xFB, 0x00, 0x00, 0xA5, 0xF3, 0xE5, 0xFB, 0xA5, 0xF3, 0xC5, 0xF3, 0xC5, 0xF3, 0xC5, 0xF3,
    0xC5, 0xF3, 0xC5, 0xF3, 0xC5, 0xF3, 0xC5, 0xF3, 0xC5, 0xF3, 0xC5, 0xF3, 0xC5, 0xF3, 0xC5, 0xF3,
    0xC5, 0xF3, 0xC5, 0xF3, 0xC5, 0xF3, 0xC5, 0xF3, 0xC5, 0xF3, 0xA5, 0xF3, 0xC5, 0xF3, 0xC5, 0xF3,
    0xA5, 0xF3, 0xC5, 0xF3, 0xC5, 0xF3, 0xC5, 0xF3, 0xC5, 0xF3, 0xC5, 0xF3, 0xC5, 0xF3, 0xC5, 0xF3,
    0xC5, 0xF3, 0xC5, 0xF3, 0xC5, 0xF3, 0xA5, 0xF3, 0xE5, 0xFB, 0xC5, 0xF3, 0x00, 0x00, 0xE7, 0xBB,
    0xE0, 0xFF, 0x00, 0xF8, 0xC6, 0xF3, 0xC5, 0xF3, 0xC5, 0xF3, 0xA5, 0xF3, 0xA5, 0xF3, 0xA5, 0xF3,
    0xA5, 0xF3, 0xA5, 0xF3, 0xA5, 0xF3, 0xA5, 0xF3, 0xA5, 0xF3, 0xA5, 0xF3, 0xA5, 0xF3, 0xA5, 0xF3,
    0xA5, 0xF3, 0xA5, 0xF3, 0xA5, 0xF3, 0xA5, 0xF3, 0xA5, 0xF3, 0xA5, 0xF3, 0xA5, 0xF3, 0xA5, 0xF3,
    0xA5, 0xF3, 0xA5, 0xF3, 0xA5, 0xF3, 0xA5, 0xF3, 0xA5, 0xF3, 0xA5, 0xF3, 0xA5, 0xF3, 0xA5, 0xF3,
    0xA5, 0xF3, 0xA5, 0xF3, 0xA5, 0xF3, 0xA5, 0xF3, 0xE5, 0xFB, 0xA5, 0xEB, 0x00, 0x00, 0x4A, 0xFD,
    0x00, 0x00, 0xA0, 0xFA, 0x00, 0x00, 0xA5, 0xF3, 0xE5, 0xFB, 0xA5, 0xEB, 0xA5, 0xF3, 0xA5, 0xF3,
    0xA5, 0xF3, 0xA5, 0xF3, 0xA5, 0xF3, 0xA5, 0xF3, 0xA5, 0xF3, 0xA5, 0xF3, 0xA5, 0xF3, 0xA5, 0xF3,
    0xA5, 0xF3, 0xA5, 0xF3, 0xA5, 0xF3, 0xA5, 0xF3, 0xA5, 0xF3, 0xA5, 0xF3, 0xA5, 0xF3, 0xA5, 0xF3,
    0xA5, 0xF3, 0xA5, 0xF3, 0xA5, 0xF3, 0xA5, 0xF3, 0xA5, 0xF3, 0xA5, 0xF3, 0xA5, 0xF3, 0xA5, 0xF3,
    0xA5, 0xF3, 0xA5, 0xF3, 0xA5, 0xEB, 0xE5, 0xFB, 0xA5, 0xF3, 0x00, 0x00, 0xA0, 0xFA, 0x00, 0x00,
    0x00, 0x00, 0x00, 0x00, 0x4A, 0xFD, 0x00, 0x00, 0x85, 0xF3, 0x05, 0xFC, 0x85, 0xF3, 0xA5, 0xF3,
    0xA5, 0xF3, 0xA5, 0xF3, 0xA5, 0xF3, 0xA5, 0xF3, 0xA5, 0xF3, 0xA5, 0xF3, 0xA5, 0xF3, 0xA5, 0xF3,
    0xA5, 0xF3, 0xA5, 0xF3, 0xA5, 0xF3, 0xA5, 0xF3, 0xA5, 0xF3, 0xA5, 0xF3, 0xA5, 0xF3, 0xA5, 0xF3,
    0xA5, 0xF3, 0xA5, 0xF3, 0xA5, 0xF3, 0xA5, 0xF3, 0xA5, 0xF3, 0xA5, 0xF3, 0xA5, 0xF3, 0xA5, 0xF3,
    0xA5, 0xF3, 0x85, 0xEB, 0xC5, 0xFB, 0xA5, 0xF3, 0x85, 0xF3, 0xE0, 0xFB, 0x00, 0xF8, 0x00, 0x00,
    0x00, 0x00, 0x00, 0x00, 0xE0, 0xFF, 0xE0, 0xFF, 0xC5, 0xF3, 0xA5, 0xF3, 0xE5, 0xFB, 0xA5, 0xF3,
    0x84, 0xEB, 0x85, 0xEB, 0x85, 0xF3, 0x85, 0xF3, 0x85, 0xF3, 0x85, 0xF3, 0x85, 0xF3, 0x85, 0xF3,
    0x85, 0xF3, 0x85, 0xF3, 0x85, 0xF3, 0x85, 0xF3, 0x85, 0xF3, 0x85, 0xF3, 0x85, 0xF3, 0x85, 0xF3,
    0x85, 0xF3, 0x85, 0xF3, 0x85, 0xF3, 0x85, 0xF3, 0x85, 0xF3, 0x85, 0xF3, 0x85, 0xF3, 0x84, 0xEB,
    0x85, 0xEB, 0xC5, 0xFB, 0xA5, 0xF3, 0x84, 0xEB, 0x00, 0x00, 0xE0, 0xFB, 0x00, 0x00, 0x00, 0x00,
    0x00, 0x00, 0x00, 0x00, 0x00, 0x00, 0xE0, 0xFF, 0x00, 0x00, 0x00, 0x00, 0x84, 0xF3, 0xA4, 0xF3,
    0xC5, 0xFB, 0xA5, 0xFB, 0x84, 0xF3, 0x84, 0xEB, 0x84, 0xEB, 0x84, 0xEB, 0x84, 0xEB, 0x84, 0xEB,
    0x84, 0xEB, 0x84, 0xEB, 0x84, 0xEB, 0x84, 0xEB, 0x84, 0xEB, 0x84, 0xEB, 0x84, 0xEB, 0x84, 0xEB,
    0x84, 0xEB, 0x84, 0xEB, 0x84, 0xEB, 0x84, 0xEB, 0x84, 0xEB, 0x84, 0xEB, 0xA5, 0xF3, 0xC5, 0xFB,
    0xC5, 0xFB, 0xA4, 0xF3, 0x45, 0xE3, 0x00, 0x00, 0xE0, 0xFB, 0x00, 0x00, 0x00, 0x00, 0x00, 0x00,
    0x00, 0x00, 0x00, 0x00, 0x00, 0x00, 0x00, 0x00, 0xE0, 0xFF, 0xE0, 0xFF, 0x00, 0x00, 0x85, 0xF3,
    0xA5, 0xF3, 0x84, 0xF3, 0x84, 0xF3, 0xA5, 0xFB, 0xA5, 0xFB, 0xA5, 0xFB, 0xA5, 0xFB, 0xA5, 0xFB,
    0xA5, 0xFB, 0xA5, 0xFB, 0xA5, 0xFB, 0xA5, 0xFB, 0xA5, 0xFB, 0xA5, 0xFB, 0xA5, 0xFB, 0xA5, 0xFB,
    0xA5, 0xFB, 0xA5, 0xFB, 0xA5, 0xFB, 0xA5, 0xFB, 0xA5, 0xFB, 0xA4, 0xF3, 0x84, 0xF3, 0xA5, 0xFB,
    0xA5, 0xF3, 0x00, 0x00, 0x00, 0x00, 0xE0, 0xFB, 0x00, 0x00, 0x00, 0x00, 0x00, 0x00, 0x00, 0x00,
    0x00, 0x00, 0x00, 0x00, 0x00, 0x00, 0x00, 0x00, 0x00, 0x00, 0x00, 0x00, 0xA0, 0xFA, 0x00, 0x00,
    0x00, 0x00, 0xA0, 0xFA, 0xC4, 0xFB, 0xA4, 0xFB, 0x64, 0xEB, 0x64, 0xEB, 0x64, 0xEB, 0x64, 0xEB,
    0x64, 0xEB, 0x64, 0xEB, 0x64, 0xEB, 0x64, 0xEB, 0x64, 0xEB, 0x64, 0xEB, 0x64, 0xEB, 0x64, 0xEB,
    0x64, 0xEB, 0x64, 0xEB, 0x64, 0xEB, 0x64, 0xEB, 0x84, 0xF3, 0x84, 0xF3, 0x83, 0xFB, 0x00, 0x00,
    0x00, 0x00, 0xE0, 0xFB, 0x00, 0xF8, 0x00, 0x00, 0x00, 0x00, 0x00, 0x00, 0x00, 0x00, 0x00, 0x00,
    0x00, 0x00, 0x00, 0x00, 0x00, 0x00, 0x00, 0x00, 0x00, 0x00, 0x00, 0x00, 0x00, 0x00, 0xE0, 0xFB,
    0xE7, 0xFB, 0x00, 0x00, 0x00, 0x00, 0x00, 0x00, 0x00, 0x00, 0x00, 0x00, 0x00, 0x00, 0x00, 0x00,
    0x00, 0x00, 0x00, 0x00, 0x00, 0x00, 0x00, 0x00, 0x00, 0x00, 0x00, 0x00, 0x00, 0x00, 0x00, 0x00,
    0x00, 0x00, 0x00, 0x00, 0x00, 0x00, 0x00, 0x00, 0x00, 0x00, 0x00, 0x00, 0x00, 0x00, 0xE7, 0xBB,
    0xA0, 0xFA, 0x00, 0x00, 0x00, 0x00, 0x00, 0x00, 0x00, 0x00, 0x00, 0x00, 0x00, 0x00, 0x00, 0x00,
    0x00, 0x00, 0x00, 0x00, 0x00, 0x00, 0x00, 0x01, 0x03, 0x04, 0x00, 0x00, 0x00, 0x00, 0x00, 0x00,
    0x00, 0x00, 0x00, 0x00, 0x00, 0x00, 0x00, 0x00, 0x00, 0x00, 0x00, 0x00, 0x00, 0x00, 0x03, 0x04,
    0x01, 0x00, 0x00, 0x00, 0x00, 0x00, 0x00, 0x00, 0x00, 0x00, 0x00, 0x00, 0x00, 0x00, 0x03, 0x00,
    0x00, 0x00, 0x03, 0x10, 0x10, 0x10, 0x10, 0x10, 0x10, 0x10, 0x10, 0x10, 0x10, 0x10, 0x10, 0x10,
    0x10, 0x10, 0x10, 0x10, 0x10, 0x09, 0x00, 0x00, 0x00, 0x03, 0x00, 0x00, 0x00, 0x00, 0x00, 0x00,
    0x00, 0x00, 0x00, 0x00, 0x00, 0x04, 0x00, 0x06, 0x4F, 0x9F, 0xD6, 0xEF, 0xEF, 0xF0, 0xF0, 0xF0,
    0xF0, 0xF0, 0xF0, 0xF0, 0xF0, 0xF0, 0xF0, 0xF0, 0xF0, 0xF0, 0xF0, 0xEF, 0xEF, 0xE2, 0xAE, 0x61,
    0x16, 0x00, 0x02, 0x01, 0x00, 0x00, 0x00, 0x00, 0x00, 0x00, 0x00, 0x00, 0x01, 0x00, 0x47, 0xD4,
    0xFF, 0xFF, 0xFF, 0xFF, 0xFF, 0xFF, 0xFF, 0xFF, 0xFF, 0xFF, 0xFF, 0xFF, 0xFF, 0xFF, 0xFF, 0xFF,
    0xFF, 0xFF, 0xFF, 0xFF, 0xFF, 0xFF, 0xFF, 0xFF, 0xE9, 0x6D, 0x00, 0x00, 0x01, 0x00, 0x00, 0x00,
    0x00, 0x00, 0x00, 0x03, 0x01, 0x7F, 0xFF, 0xFF, 0xFC, 0xFB, 0xFD, 0xFE, 0xFE, 0xFE, 0xFE, 0xFE,
    0xFE, 0xFE, 0xFE, 0xFE, 0xFE, 0xFE, 0xFE, 0xFE, 0xFE, 0xFE, 0xFE, 0xFE, 0xFE, 0xFD, 0xFC, 0xFB,
    0xFF, 0xFF, 0xA9, 0x13, 0x01, 0x01, 0x00, 0x00, 0x00, 0x00, 0x04, 0x00, 0x80, 0xFF, 0xFC, 0xFD,
    0xFF, 0xFF, 0xFF, 0xFF, 0xFF, 0xFF, 0xFF, 0xFF, 0xFF, 0xFF, 0xFF, 0xFF, 0xFF, 0xFF, 0xFF, 0xFF,
    0xFF, 0xFF, 0xFF, 0xFF, 0xFF, 0xFF, 0xFF, 0xFF, 0xFE, 0xFA, 0xFF, 0xBB, 0x01, 0x03, 0x00, 0x00,
    0x00, 0x03, 0x00, 0x44, 0xFE, 0xFA, 0xFE, 0xFF, 0xFF, 0xFF, 0xFF, 0xFF, 0xFF, 0xFF, 0xFF, 0xFF,
    0xFF, 0xFF, 0xFF, 0xFF, 0xFF, 0xFF, 0xFF, 0xFF, 0xFF, 0xFF, 0xFF, 0xFF, 0xFF, 0xFF, 0xFF, 0xFF,
    0xFF, 0xFF, 0xF9, 0xFF, 0x7F, 0x00, 0x03, 0x00, 0x00, 0x01, 0x09, 0xD9, 0xFF, 0xFD, 0xFF, 0xFF,
    0xFF, 0xFF, 0xFF, 0xFF, 0xFF, 0xFF, 0xFF, 0xFF, 0xFF, 0xFF, 0xFF, 0xFF, 0xFF, 0xFF, 0xFF, 0xFF,
    0xFF, 0xFF, 0xFF, 0xFF, 0xFF, 0xFF, 0xFF, 0xFF, 0xFF, 0xFF, 0xFE, 0xFD, 0xFA, 0x2A, 0x00, 0x02,
    0x04, 0x00, 0x4C, 0xFF, 0xFC, 0xFF, 0xFF, 0xFF, 0xFF, 0xFF, 0xFF, 0xFF, 0xFF, 0xFF, 0xFF, 0xFF,
    0xFF, 0xFF, 0xFF, 0xFF, 0xFF, 0xFF, 0xFF, 0xFF, 0xFF, 0xFF, 0xFF, 0xFF, 0xFF, 0xFF, 0xFF, 0xFF,
    0xFF, 0xFF, 0xFF, 0xFB, 0xFF, 0x8C, 0x00, 0x05, 0x04, 0x00, 0x9F, 0xFE, 0xFB, 0xFF, 0xFF, 0xFF,
    0xFF, 0xFF, 0xFF, 0xFF, 0xFF, 0xFF, 0xFF, 0xFF, 0xFF, 0xFF, 0xFF, 0xFF, 0xFF, 0xFF, 0xFF, 0xFF,
    0xFF, 0xFF, 0xFF, 0xFF, 0xFF, 0xFF, 0xFF, 0xFF, 0xFF, 0xFF, 0xFF, 0xFD, 0xFF, 0xD9, 0x04, 0x01,
    0x01, 0x08, 0xDB, 0xFF, 0xFD, 0xFF, 0xFF, 0xFF, 0xFF, 0xFF, 0xFF, 0xFF, 0xFF, 0xFF, 0xFF, 0xFF,
    0xFF, 0xFF, 0xFF, 0xFF, 0xFF, 0xFF, 0xFF, 0xFF, 0xFF, 0xFF, 0xFF, 0xFF, 0xFF, 0xFF, 0xFF, 0xFF,
    0xFF, 0xFF, 0xFF, 0xFF, 0xFE, 0xFA, 0x29, 0x00, 0x00, 0x11, 0xF3, 0xFF, 0xFE, 0xFF, 0xFF, 0xFF,
    0xFF, 0xFF, 0xFF, 0xFF, 0xFF, 0xFF, 0xFF, 0xFF, 0xFF, 0xFF, 0xFF, 0xFF, 0xFF, 0xFF, 0xFF, 0xFF,
    0xFF, 0xFF, 0xFF, 0xFF, 0xFF, 0xFF, 0xFF, 0xFF, 0xFF, 0xFF, 0xFF, 0xFF, 0xFD, 0xFF, 0x43, 0x00,
    0x00, 0x10, 0xEF, 0xFF, 0xFE, 0xFF, 0xFF, 0xFF, 0xFF, 0xFF, 0xFF, 0xFF, 0xFF, 0xFF, 0xFF, 0xFF,
    0xFF, 0xFF, 0xFF, 0xFF, 0xFF, 0xFF, 0xFF, 0xFF, 0xFF, 0xFF, 0xFF, 0xFF, 0xFF, 0xFF, 0xFF, 0xFF,
    0xFF, 0xFF, 0xFF, 0xFF, 0xFD, 0xFF, 0x3F, 0x00, 0x00, 0x10, 0xF0, 0xFF, 0xFE, 0xFF, 0xFF, 0xFF,
    0xFF, 0xFF, 0xFF, 0xFF, 0xFF, 0xFF, 0xFF, 0xFF, 0xFF, 0xFF, 0xFF, 0xFF, 0xFF, 0xFF, 0xFF, 0xFF,
    0xFF, 0xFF, 0xFF, 0xFF, 0xFF, 0xFF, 0xFF, 0xFF, 0xFF, 0xFF, 0xFF, 0xFF, 0xFD, 0xFF, 0x40, 0x00,
    0x00, 0x10, 0xF0, 0xFF, 0xFE, 0xFF, 0xFF, 0xFF, 0xFF, 0xFF, 0xFF, 0xFF, 0xFF, 0xFF, 0xFF, 0xFF,
    0xFF, 0xFF, 0xFF, 0xFF, 0xFF, 0xFF, 0xFF, 0xFF, 0xFF, 0xFF, 0xFF, 0xFF, 0xFF, 0xFF, 0xFF, 0xFF,
    0xFF, 0xFF, 0xFF, 0xFF, 0xFD, 0xFF, 0x40, 0x00, 0x00, 0x10, 0xF0, 0xFF, 0xFE, 0xFF, 0xFF, 0xFF,
    0xFF, 0xFF, 0xFF, 0xFF, 0xFF, 0xFF, 0xFF, 0xFF, 0xFF, 0xFF, 0xFF, 0xFF, 0xFF, 0xFF, 0xFF, 0xFF,
    0xFF, 0xFF, 0xFF, 0xFF, 0xFF, 0xFF, 0xFF, 0xFF, 0xFF, 0xFF, 0xFF, 0xFF, 0xFD, 0xFF, 0x40, 0x00,
    0x00, 0x10, 0xF0, 0xFF, 0xFE, 0xFF, 0xFF, 0xFF, 0xFF, 0xFF, 0xFF, 0xFF, 0xFF, 0xFF, 0xFF, 0xFF,
    0xFF, 0xFF, 0xFF, 0xFF, 0xFF, 0xFF, 0xFF, 0xFF, 0xFF, 0xFF, 0xFF, 0xFF, 0xFF, 0xFF, 0xFF, 0xFF,
    0xFF, 0xFF, 0xFF, 0xFF, 0xFD, 0xFF, 0x40, 0x00, 0x00, 0x10, 0xF0, 0xFF, 0xFE, 0xFF, 0xFF, 0xFF,
    0xFF, 0xFF, 0xFF, 0xFF, 0xFF, 0xFF, 0xFF, 0xFF, 0xFF, 0xFF, 0xFF, 0xFF, 0xFF, 0xFF, 0xFF, 0xFF,
    0xFF, 0xFF, 0xFF, 0xFF, 0xFF, 0xFF, 0xFF, 0xFF, 0xFF, 0xFF, 0xFF, 0xFF, 0xFD, 0xFF, 0x40, 0x00,
    0x00, 0x10, 0xF0, 0xFF, 0xFE, 0xFF, 0xFF, 0xFF, 0xFF, 0xFF, 0xFF, 0xFF, 0xFF, 0xFF, 0xFF, 0xFF,
    0xFF, 0xFF, 0xFF, 0xFF, 0xFF, 0xFF, 0xFF, 0xFF, 0xFF, 0xFF, 0xFF, 0xFF, 0xFF, 0xFF, 0xFF, 0xFF,
    0xFF, 0xFF, 0xFF, 0xFF, 0xFD, 0xFF, 0x40, 0x00, 0x00, 0x10, 0xF0, 0xFF, 0xFE, 0xFF, 0xFF, 0xFF,
    0xFF, 0xFF, 0xFF, 0xFF, 0xFF, 0xFF, 0xFF, 0xFF, 0xFF, 0xFF, 0xFF, 0xFF, 0xFF, 0xFF, 0xFF, 0xFF,
    0xFF, 0xFF, 0xFF, 0xFF, 0xFF, 0xFF, 0xFF, 0xFF, 0xFF, 0xFF, 0xFF, 0xFF, 0xFD, 0xFF, 0x40, 0x00,
    0x00, 0x10, 0xF0, 0xFF, 0xFE, 0xFF, 0xFF, 0xFF, 0xFF, 0xFF, 0xFF, 0xFF, 0xFF, 0xFF, 0xFF, 0xFF,
    0xFF, 0xFF, 0xFF, 0xFF, 0xFF, 0xFF, 0xFF, 0xFF, 0xFF, 0xFF, 0xFF, 0xFF, 0xFF, 0xFF, 0xFF, 0xFF,
    0xFF, 0xFF, 0xFF, 0xFF, 0xFD, 0xFF, 0x40, 0x00, 0x00, 0x10, 0xF0, 0xFF, 0xFE, 0xFF, 0xFF, 0xFF,
    0xFF, 0xFF, 0xFF, 0xFF, 0xFF, 0xFF, 0xFF, 0xFF, 0xFF, 0xFF, 0xFF, 0xFF, 0xFF, 0xFF, 0xFF, 0xFF,
    0xFF, 0xFF, 0xFF, 0xFF, 0xFF, 0xFF, 0xFF, 0xFF, 0xFF, 0xFF, 0xFF, 0xFF, 0xFD, 0xFF, 0x40, 0x00,
    0x00, 0x10, 0xF0, 0xFF, 0xFE, 0xFF, 0xFF, 0xFF, 0xFF, 0xFF, 0xFF, 0xFF, 0xFF, 0xFF, 0xFF, 0xFF,
    0xFF, 0xFF, 0xFF, 0xFF, 0xFF, 0xFF, 0xFF, 0xFF, 0xFF, 0xFF, 0xFF, 0xFF, 0xFF, 0xFF, 0xFF, 0xFF,
    0xFF, 0xFF, 0xFF, 0xFF, 0xFD, 0xFF, 0x40, 0x00, 0x00, 0x10, 0xF0, 0xFF, 0xFE, 0xFF, 0xFF, 0xFF,
    0xFF, 0xFF, 0xFF, 0xFF, 0xFF, 0xFF, 0xFF, 0xFF, 0xFF, 0xFF, 0xFF, 0xFF, 0xFF, 0xFF, 0xFF, 0xFF,
    0xFF, 0xFF, 0xFF, 0xFF, 0xFF, 0xFF, 0xFF, 0xFF, 0xFF, 0xFF, 0xFF, 0xFF, 0xFD, 0xFF, 0x40, 0x00,
    0x00, 0x10, 0xF0, 0xFF, 0xFE, 0xFF, 0xFF, 0xFF, 0xFF, 0xFF, 0xFF, 0xFF, 0xFF, 0xFF, 0xFF, 0xFF,
    0xFF, 0xFF, 0xFF, 0xFF, 0xFF, 0xFF, 0xFF, 0xFF, 0xFF, 0xFF, 0xFF, 0xFF, 0xFF, 0xFF, 0xFF, 0xFF,
    0xFF, 0xFF, 0xFF, 0xFF, 0xFD, 0xFF, 0x40, 0x00, 0x00, 0x10, 0xF0, 0xFF, 0xFE, 0xFF, 0xFF, 0xFF,
    0xFF, 0xFF, 0xFF, 0xFF, 0xFF, 0xFF, 0xFF, 0xFF, 0xFF, 0xFF, 0xFF, 0xFF, 0xFF, 0xFF, 0xFF, 0xFF,
    0xFF, 0xFF, 0xFF, 0xFF, 0xFF, 0xFF, 0xFF, 0xFF, 0xFF, 0xFF, 0xFF, 0xFF, 0xFD, 0xFF, 0x40, 0x00,
    0x00, 0x10, 0xF0, 0xFF, 0xFE, 0xFF, 0xFF, 0xFF, 0xFF, 0xFF, 0xFF, 0xFF, 0xFF, 0xFF, 0xFF, 0xFF,
    0xFF, 0xFF, 0xFF, 0xFF, 0xFF, 0xFF, 0xFF, 0xFF, 0xFF, 0xFF, 0xFF, 0xFF, 0xFF, 0xFF, 0xFF, 0xFF,
    0xFF, 0xFF, 0xFF, 0xFF, 0xFD, 0xFF, 0x40, 0x00, 0x00, 0x10, 0xEF, 0xFF, 0xFE, 0xFF, 0xFF, 0xFF,
    0xFF, 0xFF, 0xFF, 0xFF, 0xFF, 0xFF, 0xFF, 0xFF, 0xFF, 0xFF, 0xFF, 0xFF, 0xFF, 0xFF, 0xFF, 0xFF,
    0xFF, 0xFF, 0xFF, 0xFF, 0xFF, 0xFF, 0xFF, 0xFF, 0xFF, 0xFF, 0xFF, 0xFF, 0xFD, 0xFF, 0x3F, 0x00,
    0x00, 0x11, 0xF2, 0xFF, 0xFE, 0xFF, 0xFF, 0xFF, 0xFF, 0xFF, 0xFF, 0xFF, 0xFF, 0xFF, 0xFF, 0xFF,
    0xFF, 0xFF, 0xFF, 0xFF, 0xFF, 0xFF, 0xFF, 0xFF, 0xFF, 0xFF, 0xFF, 0xFF, 0xFF, 0xFF, 0xFF, 0xFF,
    0xFF, 0xFF, 0xFF, 0xFF, 0xFD, 0xFF, 0x42, 0x00, 0x01, 0x0C, 0xE5, 0xFF, 0xFE, 0xFF, 0xFF, 0xFF,
    0xFF, 0xFF, 0xFF, 0xFF, 0xFF, 0xFF, 0xFF, 0xFF, 0xFF, 0xFF, 0xFF, 0xFF, 0xFF, 0xFF, 0xFF, 0xFF,
    0xFF, 0xFF, 0xFF, 0xFF, 0xFF, 0xFF, 0xFF, 0xFF, 0xFF, 0xFF, 0xFF, 0xFF, 0xFE, 0xFD, 0x35, 0x00,
    0x04, 0x00, 0xB0, 0xFE, 0xFC, 0xFF, 0xFF, 0xFF, 0xFF, 0xFF, 0xFF, 0xFF, 0xFF, 0xFF, 0xFF, 0xFF,
    0xFF, 0xFF, 0xFF, 0xFF, 0xFF, 0xFF, 0xFF, 0xFF, 0xFF, 0xFF, 0xFF, 0xFF, 0xFF, 0xFF, 0xFF, 0xFF,
    0xFF, 0xFF, 0xFF, 0xFE, 0xFF, 0xE6, 0x0A, 0x01, 0x04, 0x00, 0x62, 0xFF, 0xFC, 0xFF, 0xFF, 0xFF,
    0xFF, 0xFF, 0xFF, 0xFF, 0xFF, 0xFF, 0xFF, 0xFF, 0xFF, 0xFF, 0xFF, 0xFF, 0xFF, 0xFF, 0xFF, 0xFF,
    0xFF, 0xFF, 0xFF, 0xFF, 0xFF, 0xFF, 0xFF, 0xFF, 0xFF, 0xFF, 0xFF, 0xFB, 0xFE, 0xA2, 0x00, 0x04,
    0x01, 0x01, 0x15, 0xEE, 0xFD, 0xFE, 0xFF, 0xFF, 0xFF, 0xFF, 0xFF, 0xFF, 0xFF, 0xFF, 0xFF, 0xFF,
    0xFF, 0xFF, 0xFF, 0xFF, 0xFF, 0xFF, 0xFF, 0xFF, 0xFF, 0xFF, 0xFF, 0xFF, 0xFF, 0xFF, 0xFF, 0xFF,
    0xFF, 0xFF, 0xFF, 0xFC, 0xFF, 0x42, 0x00, 0x03, 0x00, 0x03, 0x00, 0x6B, 0xFF, 0xFA, 0xFF, 0xFF,
    0xFF, 0xFF, 0xFF, 0xFF, 0xFF, 0xFF, 0xFF, 0xFF, 0xFF, 0xFF, 0xFF, 0xFF, 0xFF, 0xFF, 0xFF, 0xFF,
    0xFF, 0xFF, 0xFF, 0xFF, 0xFF, 0xFF, 0xFF, 0xFF, 0xFF, 0xFF, 0xFA, 0xFF, 0xAA, 0x00, 0x03, 0x00,
    0x00, 0x00, 0x03, 0x00, 0xAC, 0xFF, 0xF9, 0xFE, 0xFF, 0xFF, 0xFF, 0xFF, 0xFF, 0xFF, 0xFF, 0xFF,
    0xFF, 0xFF, 0xFF, 0xFF, 0xFF, 0xFF, 0xFF, 0xFF, 0xFF, 0xFF, 0xFF, 0xFF, 0xFF, 0xFF, 0xFF, 0xFF,
    0xFF, 0xFA, 0xFF, 0xDE, 0x12, 0x02, 0x01, 0x00, 0x00, 0x00, 0x01, 0x01, 0x11, 0xB8, 0xFF, 0xFF,
    0xFB, 0xFD, 0xFE, 0xFF, 0xFF, 0xFF, 0xFF, 0xFF, 0xFF, 0xFF, 0xFF, 0xFF, 0xFF, 0xFF, 0xFF, 0xFF,
    0xFF, 0xFF, 0xFF, 0xFF, 0xFF, 0xFF, 0xFD, 0xFB, 0xFD, 0xFF, 0xDA, 0x34, 0x00, 0x02, 0x00, 0x00,
    0x00, 0x00, 0x00, 0x01, 0x00, 0x00, 0x80, 0xF9, 0xFF, 0xFF, 0xFF, 0xFD, 0xFD, 0xFD, 0xFD, 0xFD,
    0xFD, 0xFD, 0xFD, 0xFD, 0xFD, 0xFD, 0xFD, 0xFD, 0xFD, 0xFD, 0xFD, 0xFD, 0xFD, 0xFE, 0xFF, 0xFF,
    0xFF, 0xA7, 0x13, 0x00, 0x02, 0x00, 0x00, 0x00, 0x00, 0x00, 0x00, 0x00, 0x01, 0x01, 0x00, 0x2C,
    0x8C, 0xD6, 0xFD, 0xFF, 0xFF, 0xFF, 0xFF, 0xFF, 0xFF, 0xFF, 0xFF, 0xFF, 0xFF, 0xFF, 0xFF, 0xFF,
    0xFF, 0xFF, 0xFF, 0xFF, 0xFF, 0xFF, 0xE2, 0x9F, 0x46, 0x00, 0x00, 0x02, 0x00, 0x00, 0x00, 0x00,
    0x00, 0x00, 0x00, 0x00, 0x00, 0x00, 0x03, 0x00, 0x00, 0x03, 0x28, 0x40, 0x40, 0x40, 0x40, 0x40,
    0x40, 0x40, 0x40, 0x40, 0x40, 0x40, 0x40, 0x40, 0x40, 0x40, 0x40, 0x40, 0x40, 0x34, 0x09, 0x00,
    0x00, 0x02, 0x01, 0x00, 0x00, 0x00, 0x00, 0x00, 0x00, 0x00, 0x00, 0x00, 0x00, 0x00, 0x00, 0x02,
    0x04, 0x00, 0x00, 0x00, 0x00, 0x00, 0x00, 0x00, 0x00, 0x00, 0x00, 0x00, 0x00, 0x00, 0x00, 0x00,
    0x00, 0x00, 0x00, 0x00, 0x00, 0x00, 0x00, 0x04, 0x03, 0x00, 0x00, 0x00, 0x00, 0x00, 0x00, 0x00,
};

const lv_image_dsc_t icon_home_sound = {
    .header.magic = LV_IMAGE_HEADER_MAGIC,
    .header.cf = LV_COLOR_FORMAT_RGB565A8,
    .header.w = 40,
    .header.h = 40,
    .data_size = 4800,
    .data = icon_home_sound_map,
};

const LV_ATTRIBUTE_MEM_ALIGN uint8_t icon_home_file_map[] = {
    0x00, 0x00, 0x00, 0x00, 0x00, 0x00, 0x00, 0x00, 0x00, 0x00, 0x00, 0x00, 0x00, 0x00, 0xE0, 0xFF,
    0xEA, 0xFF, 0xE7, 0xFD, 0x00, 0x00, 0x00, 0x00, 0x00, 0x00, 0x00, 0x00, 0x00, 0x00, 0x00, 0x00,
    0x00, 0x00, 0x00, 0x00, 0x00, 0x00, 0x00, 0x00, 0x00, 0x00, 0x00, 0x00, 0x00, 0x00, 0x00, 0x00,
    0x00, 0x00, 0x00, 0x00, 0x00, 0x00, 0x00, 0x00, 0x00, 0x00, 0x00, 0x00, 0x4A, 0xFD, 0xE7, 0xFD,
    0xE0, 0xFF, 0x00, 0x00, 0x00, 0x00, 0x00, 0x00, 0x00, 0x00, 0x00, 0x00, 0x00, 0x00, 0x00, 0x00,
    0x00, 0x00, 0x00, 0x00, 0x00, 0x00, 0x00, 0x00, 0x00, 0x00, 0x00, 0x00, 0x4A, 0xFD, 0x00, 0x00,
    0x00, 0x00, 0x00, 0x00, 0x4A, 0xFD, 0xE9, 0xFE, 0xE9, 0xFD, 0xE9, 0xFD, 0xE9, 0xFD, 0xE9, 0xFD,
    0xE9, 0xFD, 0xE9, 0xFD, 0xE9, 0xFD, 0xE9, 0xFD, 0xE9, 0xFD, 0xE9, 0xFD, 0xE9, 0xFD, 0xE9, 0xFD,
    0xE9, 0xFD, 0xE9, 0xFD, 0xE9, 0xFD, 0xE9, 0xFD, 0x69, 0xFE, 0x2A, 0xFE, 0x00, 0x00, 0x00, 0x00,
    0x00, 0x00, 0x4A, 0xFD, 0x00, 0x00, 0x00, 0x00, 0x00, 0x00, 0x00, 0x00, 0x00, 0x00, 0x00, 0x00,
    0x00, 0x00, 0x00, 0x00, 0x00, 0x00, 0x00, 0x00, 0x00, 0x00, 0xE7, 0xFD, 0x00, 0x00, 0x4A, 0xFD,
    0x29, 0xFE, 0x09, 0xFE, 0x09, 0xFE, 0x09, 0xFE, 0xE9, 0xFD, 0xE9, 0xFD, 0xE9, 0xFD, 0xE9, 0xFD,
    0xE9, 0xFD, 0xE9, 0xFD, 0xE9, 0xFD, 0xE9, 0xFD, 0xE9, 0xFD, 0xE9, 0xFD, 0xE9, 0xFD, 0xE9, 0xFD,
    0xE9, 0xFD, 0xE9, 0xFD, 0xE9, 0xFD, 0xE9, 0xFD, 0x09, 0xFE, 0x09, 0xFE, 0x09, 0xFE, 0x29, 0xFE,
    0x2A, 0xFE, 0x00, 0x00, 0xEF, 0xFB, 0xE0, 0xFF, 0x00, 0x00, 0x00, 0x00, 0x00, 0x00, 0x00, 0x00,
    0x00, 0x00, 0x00, 0x00, 0x00, 0x00, 0x00, 0x00, 0xE0, 0xFF, 0x00, 0x00, 0xE8, 0xFD, 0x09, 0xFE,
    0x49, 0xFE, 0x49, 0xFE, 0x29, 0xFE, 0x09, 0xFE, 0x09, 0xFE, 0x09, 0xFE, 0x09, 0xFE, 0x09, 0xFE,
    0x09, 0xFE, 0x09, 0xFE, 0x09, 0xFE, 0x09, 0xFE, 0x09, 0xFE, 0x09, 0xFE, 0x09, 0xFE, 0x09, 0xFE,
    0x09, 0xFE, 0x09, 0xFE, 0x09, 0xFE, 0x09, 0xFE, 0x09, 0xFE, 0x09, 0xFE, 0x49, 0xFE, 0x49, 0xFE,
    0x09, 0xFE, 0x09, 0xFE, 0x00, 0x00, 0x00, 0x00, 0xE0, 0xFF, 0x00, 0x00, 0x00, 0x00, 0x00, 0x00,
    0x00, 0x00, 0x00, 0x00, 0x00, 0x00, 0x4A, 0xFD, 0xE0, 0xFF, 0xE8, 0xFD, 0x09, 0xFE, 0x29, 0xFE,
    0xC8, 0xFD, 0xC8, 0xFD, 0xE8, 0xFD, 0xE8, 0xFD, 0xC8, 0xFD, 0xC8, 0xFD, 0xC8, 0xFD, 0xC8, 0xFD,
    0xC8, 0xFD, 0xC8, 0xFD, 0xC8, 0xFD, 0xC8, 0xFD, 0xC8, 0xFD, 0xC8, 0xFD, 0xC8, 0xFD, 0xC8, 0xFD,
    0xC8, 0xFD, 0xC8, 0xFD, 0xC8, 0xFD, 0xC8, 0xFD, 0xC8, 0xFD, 0xE8, 0xFD, 0xE8, 0xFD, 0xC8, 0xFD,
    0xE9, 0xFD, 0x49, 0xFE, 0xE9, 0xFD, 0xC8, 0xFD, 0xE0, 0xFF, 0xE0, 0xFF, 0x00, 0x00, 0x00, 0x00,
    0x00, 0x00, 0x00, 0x00, 0xE7, 0xFD, 0x00, 0x00, 0xC8, 0xFD, 0x89, 0xFE, 0xC8, 0xFD, 0xC8, 0xFD,
    0xC8, 0xFD, 0xC8, 0xFD, 0xC8, 0xFD, 0xC8, 0xFD, 0xC8, 0xFD, 0xC8, 0xFD, 0xC8, 0xFD, 0xC8, 0xFD,
    0xC8, 0xFD, 0xC8, 0xFD, 0xC8, 0xFD, 0xC8, 0xFD, 0xC8, 0xFD, 0xC8, 0xFD, 0xC8, 0xFD, 0xC8, 0xFD,
    0xC8, 0xFD, 0xC8, 0xFD, 0xC8, 0xFD, 0xC8, 0xFD, 0xC8, 0xFD, 0xC8, 0xFD, 0xC8, 0xFD, 0xC8, 0xFD,
    0xC8, 0xFD, 0xC8, 0xFD, 0x69, 0xFE, 0xE8, 0xFD, 0xE0, 0xFF, 0x4A, 0xFD, 0x00, 0x00, 0x00, 0x00,
    0x00, 0x00, 0x4A, 0xFD, 0x00, 0x00, 0xC8, 0xFD, 0x08, 0xFE, 0xC8, 0xFD, 0xC8, 0xFD, 0xC8, 0xFD,
    0xC8, 0xFD, 0xC8, 0xFD, 0xC8, 0xFD, 0xC8, 0xFD, 0xC8, 0xFD, 0xC8, 0xFD, 0xC8, 0xFD, 0xC8, 0xFD,
    0xC8, 0xFD, 0xC8, 0xFD, 0xC8, 0xFD, 0xC8, 0xFD, 0xC8, 0xFD, 0xC8, 0xFD, 0xC8, 0xFD, 0xC8, 0xFD,
    0xC8, 0xFD, 0xC8, 0xFD, 0xC8, 0xFD, 0xC8, 0xFD, 0xC8, 0xFD, 0xC8, 0xFD, 0xC8, 0xFD, 0xC8, 0xFD,
    0xC8, 0xFD, 0xC8, 0xFD, 0xC8, 0xFD, 0x49, 0xFE, 0xC8, 0xFD, 0x00, 0x00, 0x4A, 0xFD, 0x00, 0x00,
    0x00, 0x00, 0xFF, 0xFF, 0x27, 0xFE, 0xC8, 0xFD, 0x08, 0xFE, 0xC8, 0xFD, 0xC8, 0xFD, 0xC8, 0xFD,
    0xC8, 0xFD, 0xC8, 0xFD, 0xC8, 0xFD, 0xC8, 0xFD, 0xC8, 0xFD, 0xC8, 0xFD, 0xC8, 0xFD, 0xC8, 0xFD,
    0xC8, 0xFD, 0xC8, 0xFD, 0xC8, 0xFD, 0xC8, 0xFD, 0xC8, 0xFD, 0xC8, 0xFD, 0xC8, 0xFD, 0xC8, 0xFD,
    0xC8, 0xFD, 0xC8, 0xFD, 0xC8, 0xFD, 0xC8, 0xFD, 0xC8, 0xFD, 0xC8, 0xFD, 0xC8, 0xFD, 0xC8, 0xFD,
    0xC8, 0xFD, 0xC8, 0xFD, 0xC8, 0xFD, 0xC8, 0xFD, 0xE8, 0xFD, 0xA8, 0xFD, 0x00, 0x00, 0xE0, 0xFF,
    0xE7, 0xFB, 0x00, 0x00, 0xC8, 0xFD, 0x08, 0xFE, 0xA8, 0xFD, 0xC8, 0xFD, 0xC8, 0xFD, 0xC8, 0xFD,
    0xC8, 0xFD, 0xC8, 0xFD, 0xC8, 0xFD, 0xC8, 0xFD, 0xC8, 0xFD, 0xC8, 0xFD, 0xC8, 0xFD, 0xC8, 0xFD,
    0xC8, 0xFD, 0xC8, 0xFD, 0xC8, 0xFD, 0xC8, 0xFD, 0xC8, 0xFD, 0xC8, 0xFD, 0xC8, 0xFD, 0xC8, 0xFD,
    0xC8, 0xFD, 0xC8, 0xFD, 0xC8, 0xFD, 0xC8, 0xFD, 0xC8, 0xFD, 0xC8, 0xFD, 0xC8, 0xFD, 0xC8, 0xFD,
    0xC8, 0xFD, 0xC8, 0xFD, 0xC8, 0xFD, 0xA8, 0xFD, 0x28, 0xFE, 0xA8, 0xFD, 0x00, 0x00, 0xC6, 0xFC,
    0xE7, 0xFD, 0x00, 0x00, 0xA8, 0xFD, 0x28, 0xFE, 0xA8, 0xFD, 0xA8, 0xFD, 0xA8, 0xFD, 0xA8, 0xFD,
    0xA7, 0xFD, 0xA7, 0xFD, 0xA7, 0xFD, 0xA7, 0xFD, 0xA7, 0xFD, 0xA7, 0xFD, 0xA7, 0xFD, 0xA7, 0xFD,
    0xA7, 0xFD, 0xC8, 0xFD, 0xA8, 0xFD, 0xA8, 0xFD, 0xA8, 0xFD, 0xA8, 0xFD, 0xA8, 0xFD, 0xA8, 0xFD,
    0xA8, 0xFD, 0xA8, 0xFD, 0xA8, 0xFD, 0xA8, 0xFD, 0xA8, 0xFD, 0xA8, 0xFD, 0xA8, 0xFD, 0xA8, 0xFD,
    0xA8, 0xFD, 0xA8, 0xFD, 0xA8, 0xFD, 0xA8, 0xFD, 0xE8, 0xFD, 0xA7, 0xFD, 0xE7, 0xFD, 0xE0, 0xFF,
    0xE0, 0xFF, 0xE7, 0xFD, 0xA7, 0xFD, 0xE8, 0xFD, 0xA7, 0xFD, 0xA7, 0xFD, 0xA7, 0xFD, 0xA8, 0xFD,
    0xC9, 0xFD, 0xC9, 0xFD, 0xC9, 0xFD, 0xC9, 0xFD, 0xC9, 0xFD, 0xC9, 0xFD, 0xC9, 0xFD, 0xC9, 0xFD,
    0xC8, 0xFD, 0xA7, 0xFD, 0xA8, 0xFD, 0xA7, 0xFD, 0xA7, 0xFD, 0xA7, 0xFD, 0xA7, 0xFD, 0xA7, 0xFD,
    0xA7, 0xFD, 0xA7, 0xFD, 0xA7, 0xFD, 0xA7, 0xFD, 0xA7, 0xFD, 0xA7, 0xFD, 0xA7, 0xFD, 0xA7, 0xFD,
    0xA7, 0xFD, 0xA7, 0xFD, 0xA7, 0xFD, 0xA7, 0xFD, 0xA7, 0xFD, 0xC8, 0xFD, 0xC7, 0xFD, 0x00, 0x00,
    0x00, 0x00, 0x07, 0xFE, 0xA7, 0xFD, 0xC7, 0xFD, 0xA7, 0xFD, 0xA7, 0xFD, 0xA7, 0xFD, 0xC9, 0xFD,
    0xBC, 0xFF, 0xDE, 0xFF, 0xDE, 0xFF, 0xDE, 0xFF, 0xDE, 0xFF, 0xDE, 0xFF, 0xDE, 0xFF, 0xDE, 0xFF,
    0xBC, 0xFF, 0xC9, 0xFD, 0xA7, 0xFD, 0xA7, 0xFD, 0xA7, 0xFD, 0xA7, 0xFD, 0xA7, 0xFD, 0xA7, 0xFD,
    0xA7, 0xFD, 0xA7, 0xFD, 0xA7, 0xFD, 0xA7, 0xFD, 0xA7, 0xFD, 0xA7, 0xFD, 0xA7, 0xFD, 0xA7, 0xFD,
    0xA7, 0xFD, 0xA7, 0xFD, 0xA7, 0xFD, 0xA7, 0xFD, 0xA7, 0xFD, 0xE8, 0xFD, 0xA7, 0xFD, 0x00, 0x00,
    0x00, 0x00, 0x67, 0xFD, 0xA7, 0xFD, 0xA7, 0xFD, 0x87, 0xFD, 0xA7, 0xFD, 0x87, 0xFD, 0xC9, 0xFD,
    0xDE, 0xFF, 0xFF, 0xFF, 0xFF, 0xFF, 0xFF, 0xFF, 0xFF, 0xFF, 0xFF, 0xFF, 0xFF, 0xFF, 0xFF, 0xFF,
    0xFF, 0xFF, 0x59, 0xFF, 0x86, 0xFD, 0xA7, 0xFD, 0xA8, 0xFD, 0xA8, 0xFD, 0xA8, 0xFD, 0xA8, 0xFD,
    0xA8, 0xFD, 0xA8, 0xFD, 0xA8, 0xFD, 0xA8, 0xFD, 0xA8, 0xFD, 0xA8, 0xFD, 0xA8, 0xFD, 0xA8, 0xFD,
    0xA7, 0xFD, 0xA7, 0xFD, 0xA7, 0xFD, 0xA7, 0xFD, 0x87, 0xFD, 0xE7, 0xFD, 0xA7, 0xFD, 0x00, 0x00,
    0x00, 0x00, 0x67, 0xFD, 0x87, 0xFD, 0xA7, 0xFD, 0x87, 0xFD, 0xA7, 0xFD, 0x87, 0xFD, 0xC9, 0xFD,
    0xDE, 0xFF, 0xFF, 0xFF, 0xFF, 0xFF, 0xFF, 0xFF, 0xFF, 0xFF, 0xFF, 0xFF, 0xFF, 0xFF, 0xFF, 0xFF,
    0xFF, 0xFF, 0xFF, 0xFF, 0xB2, 0xFE, 0x44, 0xFD, 0x65, 0xFD, 0x65, 0xFD, 0x65, 0xFD, 0x65, 0xFD,
    0x65, 0xFD, 0x65, 0xFD, 0x65, 0xFD, 0x65, 0xFD, 0x65, 0xFD, 0x65, 0xFD, 0x65, 0xFD, 0x65, 0xFD,
    0x86, 0xFD, 0xA7, 0xFD, 0x87, 0xFD, 0xA7, 0xFD, 0x87, 0xFD, 0xE7, 0xFD, 0x87, 0xFD, 0x00, 0x00,
    0x00, 0x00, 0x67, 0xFD, 0x87, 0xFD, 0xA7, 0xFD, 0x87, 0xFD, 0x87, 0xFD, 0x86, 0xFD, 0xA8, 0xFD,
    0xDE, 0xFF, 0xFF, 0xFF, 0xFF, 0xFF, 0xFF, 0xFF, 0xFF, 0xFF, 0xFF, 0xFF, 0xFF, 0xFF, 0xFF, 0xFF,
    0xFF, 0xFF, 0xFF, 0xFF, 0xFF, 0xFF, 0xD4, 0xFE, 0xD3, 0xFE, 0xD3, 0xFE, 0xD3, 0xFE, 0xD3, 0xFE,
    0xD3, 0xFE, 0xD3, 0xFE, 0xD3, 0xFE, 0xD3, 0xFE, 0xD3, 0xFE, 0xD3, 0xFE, 0xD3, 0xFE, 0xD3, 0xFE,
    0xEA, 0xFD, 0x86, 0xFD, 0x87, 0xFD, 0x87, 0xFD, 0x87, 0xFD, 0xC7, 0xFD, 0x87, 0xFD, 0x00, 0x00,
    0x00, 0x00, 0x67, 0xFD, 0x87, 0xFD, 0xA7, 0xFD, 0x87, 0xFD, 0x87, 0xFD, 0x86, 0xFD, 0xA8, 0xFD,
    0xDE, 0xFF, 0xFF, 0xFF, 0xFF, 0xFF, 0xFF, 0xFF, 0xFF, 0xFF, 0xFF, 0xFF, 0xFF, 0xFF, 0xFF, 0xFF,
    0xFF, 0xFF, 0xFF, 0xFF, 0xFF, 0xFF, 0xFF, 0xFF, 0xFF, 0xFF, 0xFF, 0xFF, 0xFF, 0xFF, 0xFF, 0xFF,
    0xFF, 0xFF, 0xFF, 0xFF, 0xFF, 0xFF, 0xFF, 0xFF, 0xFF, 0xFF, 0xFF, 0xFF, 0xFF, 0xFF, 0xFF, 0xFF,
    0x2D, 0xFE, 0x65, 0xFD, 0x87, 0xFD, 0x87, 0xFD, 0x86, 0xFD, 0xC7, 0xFD, 0x86, 0xFD, 0x00, 0x00,
    0x00, 0x00, 0x67, 0xFD, 0x86, 0xF5, 0xA7, 0xFD, 0x86, 0xF5, 0x87, 0xFD, 0x86, 0xFD, 0xA8, 0xFD,
    0xDE, 0xFF, 0xFF, 0xFF, 0xFF, 0xFF, 0xFF, 0xFF, 0xFF, 0xFF, 0xFF, 0xFF, 0xFF, 0xFF, 0xFF, 0xFF,
    0xFF, 0xFF, 0xFF, 0xFF, 0xFF, 0xFF, 0xFF, 0xFF, 0xFF, 0xFF, 0xFF, 0xFF, 0xFF, 0xFF, 0xFF, 0xFF,
    0xFF, 0xFF, 0xFF, 0xFF, 0xFF, 0xFF, 0xFF, 0xFF, 0xFF, 0xFF, 0xFF, 0xFF, 0xFF, 0xFF, 0xFF, 0xFF,
    0x2D, 0xFE, 0x65, 0xFD, 0x87, 0xFD, 0x86, 0xFD, 0x86, 0xF5, 0xC7, 0xFD, 0x86, 0xFD, 0x00, 0x00,
    0x00, 0x00, 0x65, 0xFD, 0x66, 0xF5, 0x86, 0xFD, 0x66, 0xF5, 0x86, 0xFD, 0x66, 0xFD, 0xA8, 0xFD,
    0xDE, 0xFF, 0xFF, 0xFF, 0xFF, 0xFF, 0xDE, 0xFF, 0xDE, 0xFF, 0xDE, 0xFF, 0xDE, 0xFF, 0xDE, 0xFF,
    0xDE, 0xFF, 0xDE, 0xFF, 0xDE, 0xFF, 0xDE, 0xFF, 0xDE, 0xFF, 0xDE, 0xFF, 0xDE, 0xFF, 0xDE, 0xFF,
    0xDE, 0xFF, 0xDE, 0xFF, 0xDE, 0xFF, 0xDE, 0xFF, 0xDE, 0xFF, 0xFF, 0xFF, 0xFF, 0xFF, 0xFF, 0xFF,
    0x2D, 0xFE, 0x65, 0xFD, 0x87, 0xFD, 0x86, 0xFD, 0x66, 0xF5, 0xC7, 0xFD, 0x66, 0xFD, 0x00, 0x00,
    0x00, 0x00, 0x65, 0xFD, 0x66, 0xF5, 0x86, 0xFD, 0x66, 0xF5, 0x66, 0xFD, 0x66, 0xFD, 0xA8, 0xFD,
    0xDE, 0xFF, 0xFF, 0xFF, 0xDE, 0xFF, 0xC9, 0xFD, 0x87, 0xFD, 0xA8, 0xFD, 0xA8, 0xFD, 0xA8, 0xFD,
    0xA8, 0xFD, 0xA8, 0xFD, 0xA8, 0xFD, 0xA8, 0xFD, 0xA8, 0xFD, 0xA8, 0xFD, 0xA8, 0xFD, 0xA8, 0xFD,
    0xA8, 0xFD, 0xA8, 0xFD, 0xA8, 0xFD, 0xA8, 0xFD, 0x87, 0xFD, 0x59, 0xFF, 0xFF, 0xFF, 0xFF, 0xFF,
    0x2D, 0xFE, 0x45, 0xFD, 0x86, 0xFD, 0x66, 0xFD, 0x66, 0xF5, 0xC6, 0xFD, 0x66, 0xFD, 0x00, 0x00,
    0x00, 0x00, 0x65, 0xFD, 0x66, 0xF5, 0x86, 0xFD, 0x66, 0xF5, 0x66, 0xF5, 0x66, 0xF5, 0x88, 0xFD,
    0xDE, 0xFF, 0xFF, 0xFF, 0xDE, 0xFF, 0x87, 0xFD, 0x45, 0xF5, 0x66, 0xF5, 0x65, 0xF5, 0x65, 0xF5,
    0x65, 0xF5, 0x65, 0xF5, 0x65, 0xF5, 0x65, 0xF5, 0x65, 0xF5, 0x65, 0xF5, 0x65, 0xF5, 0x65, 0xF5,
    0x65, 0xF5, 0x65, 0xF5, 0x65, 0xF5, 0x66, 0xF5, 0x44, 0xF5, 0x59, 0xFF, 0xFF, 0xFF, 0xFF, 0xFF,
    0x0C, 0xFE, 0x45, 0xF5, 0x66, 0xF5, 0x66, 0xF5, 0x66, 0xF5, 0xA6, 0xFD, 0x66, 0xF5, 0x00, 0x00,
    0x00, 0x00, 0x65, 0xFD, 0x66, 0xF5, 0x86, 0xFD, 0x66, 0xF5, 0x66, 0xF5, 0x65, 0xF5, 0x87, 0xFD,
    0xDE, 0xFF, 0xFF, 0xFF, 0xDE, 0xFF, 0x87, 0xFD, 0x65, 0xF5, 0x66, 0xF5, 0x66, 0xF5, 0x66, 0xF5,
    0x66, 0xF5, 0x66, 0xF5, 0x66, 0xF5, 0x66, 0xF5, 0x66, 0xF5, 0x66, 0xF5, 0x66, 0xF5, 0x66, 0xF5,
    0x66, 0xF5, 0x66, 0xF5, 0x66, 0xF5, 0x66, 0xF5, 0x45, 0xF5, 0x59, 0xFF, 0xFF, 0xFF, 0xFF, 0xFF,
    0x0C, 0xFE, 0x44, 0xF5, 0x66, 0xF5, 0x66, 0xF5, 0x66, 0xF5, 0xA6, 0xFD, 0x66, 0xF5, 0x00, 0x00,
    0x00, 0x00, 0x65, 0xFD, 0x45, 0xF5, 0x66, 0xFD, 0x46, 0xF5, 0x66, 0xF5, 0x45, 0xF5, 0x87, 0xF5,
    0xDE, 0xFF, 0xFF, 0xFF, 0xDE, 0xFF, 0x87, 0xF5, 0x45, 0xF5, 0x66, 0xF5, 0x66, 0xF5, 0x66, 0xF5,
    0x66, 0xF5, 0x66, 0xF5, 0x66, 0xF5, 0x66, 0xF5, 0x66, 0xF5, 0x66, 0xF5, 0x66, 0xF5, 0x66, 0xF5,
    0x66, 0xF5, 0x66, 0xF5, 0x66, 0xF5, 0x66, 0xF5, 0x44, 0xF5, 0x59, 0xFF, 0xFF, 0xFF, 0xFF, 0xFF,
    0x0C, 0xFE, 0x24, 0xF5, 0x66, 0xF5, 0x66, 0xF5, 0x46, 0xF5, 0xA6, 0xFD, 0x45, 0xF5, 0x00, 0x00,
    0x00, 0x00, 0x65, 0xFD, 0x45, 0xF5, 0x66, 0xFD, 0x45, 0xF5, 0x46, 0xF5, 0x45, 0xF5, 0x87, 0xF5,
    0xDE, 0xFF, 0xFF, 0xFF, 0xDE, 0xFF, 0x87, 0xF5, 0x45, 0xF5, 0x46, 0xF5, 0x45, 0xF5, 0x45, 0xF5,
    0x45, 0xF5, 0x45, 0xF5, 0x45, 0xF5, 0x45, 0xF5, 0x45, 0xF5, 0x45, 0xF5, 0x45, 0xF5, 0x45, 0xF5,
    0x45, 0xF5, 0x45, 0xF5, 0x45, 0xF5, 0x66, 0xF5, 0x24, 0xF5, 0x59, 0xFF, 0xFF, 0xFF, 0xFF, 0xFF,
    0x0C, 0xFE, 0x24, 0xF5, 0x66, 0xF5, 0x45, 0xF5, 0x45, 0xF5, 0x86, 0xFD, 0x45, 0xF5, 0x00, 0x00,
    0x00, 0x00, 0x65, 0xFD, 0x45, 0xF5, 0x65, 0xFD, 0x45, 0xF5, 0x45, 0xF5, 0x45, 0xF5, 0x87, 0xF5,
    0xDE, 0xFF, 0xFF, 0xFF, 0xDE, 0xFF, 0x87, 0xF5, 0x45, 0xF5, 0x45, 0xF5, 0x45, 0xF5, 0x45, 0xF5,
    0x45, 0xF5, 0x45, 0xF5, 0x45, 0xF5, 0x45, 0xF5, 0x45, 0xF5, 0x45, 0xF5, 0x45, 0xF5, 0x45, 0xF5,
    0x45, 0xF5, 0x45, 0xF5, 0x45, 0xF5, 0x46, 0xF5, 0x24, 0xF5, 0x59, 0xFF, 0xFF, 0xFF, 0xFF, 0xFF,
    0x0C, 0xFE, 0x24, 0xF5, 0x46, 0xF5, 0x45, 0xF5, 0x45, 0xF5, 0x86, 0xFD, 0x45, 0xF5, 0x00, 0x00,
    0x00, 0x00, 0x65, 0xFD, 0x45, 0xF5, 0x65, 0xFD, 0x45, 0xF5, 0x45, 0xF5, 0x25, 0xF5, 0x67, 0xF5,
    0xDE, 0xFF, 0xFF, 0xFF, 0xDE, 0xFF, 0x67, 0xF5, 0x25, 0xF5, 0x45, 0xF5, 0x45, 0xF5, 0x45, 0xF5,
    0x45, 0xF5, 0x45, 0xF5, 0x45, 0xF5, 0x45, 0xF5, 0x45, 0xF5, 0x45, 0xF5, 0x45, 0xF5, 0x45, 0xF5,
    0x45, 0xF5, 0x45, 0xF5, 0x45, 0xF5, 0x45, 0xF5, 0x24, 0xF5, 0x59, 0xFF, 0xFF, 0xFF, 0xFF, 0xFF,
    0xEC, 0xFD, 0x24, 0xF5, 0x45, 0xF5, 0x45, 0xF5, 0x45, 0xF5, 0x85, 0xFD, 0x45, 0xF5, 0x00, 0x00,
    0x00, 0x00, 0x65, 0xFD, 0x25, 0xF5, 0x45, 0xFD, 0x25, 0xF5, 0x25, 0xF5, 0x24, 0xF5, 0x67, 0xF5,
    0xDE, 0xFF, 0xFF, 0xFF, 0xDE, 0xFF, 0x67, 0xF5, 0x24, 0xF5, 0x25, 0xF5, 0x25, 0xF5, 0x25, 0xF5,
    0x25, 0xF5, 0x25, 0xF5, 0x25, 0xF5, 0x25, 0xF5, 0x25, 0xF5, 0x25, 0xF5, 0x25, 0xF5, 0x25, 0xF5,
    0x25, 0xF5, 0x25, 0xF5, 0x25, 0xF5, 0x45, 0xF5, 0x04, 0xF5, 0x59, 0xFF, 0xFF, 0xFF, 0xFF, 0xFF,
    0xEC, 0xFD, 0x04, 0xF5, 0x45, 0xF5, 0x25, 0xF5, 0x25, 0xF5, 0x65, 0xFD, 0x25, 0xF5, 0x00, 0x00,
    0x00, 0x00, 0x65, 0xFD, 0x25, 0xF5, 0x45, 0xFD, 0x25, 0xF5, 0x25, 0xF5, 0x24, 0xF5, 0x67, 0xF5,
    0xDE, 0xFF, 0xFF, 0xFF, 0xDE, 0xFF, 0x67, 0xF5, 0x24, 0xF5, 0x25, 0xF5, 0x25, 0xF5, 0x25, 0xF5,
    0x25, 0xF5, 0x25, 0xF5, 0x25, 0xF5, 0x25, 0xF5, 0x25, 0xF5, 0x25, 0xF5, 0x25, 0xF5, 0x25, 0xF5,
    0x25, 0xF5, 0x25, 0xF5, 0x25, 0xF5, 0x45, 0xF5, 0x03, 0xF5, 0x59, 0xFF, 0xFF, 0xFF, 0xFF, 0xFF,
    0xEC, 0xFD, 0x03, 0xF5, 0x45, 0xF5, 0x25, 0xF5, 0x25, 0xF5, 0x65, 0xFD, 0x25, 0xF5, 0x00, 0x00,
    0x00, 0x00, 0x65, 0xFD, 0x25, 0xF5, 0x45, 0xFD, 0x25, 0xF5, 0x25, 0xF5, 0x24, 0xF5, 0x66, 0xF5,
    0xDE, 0xFF, 0xFF, 0xFF, 0xDE, 0xFF, 0x66, 0xF5, 0x24, 0xF5, 0x25, 0xF5, 0x25, 0xF5, 0x25, 0xF5,
    0x25, 0xF5, 0x25, 0xF5, 0x25, 0xF5, 0x25, 0xF5, 0x25, 0xF5, 0x25, 0xF5, 0x25, 0xF5, 0x25, 0xF5,
    0x25, 0xF5, 0x25, 0xF5, 0x25, 0xF5, 0x25, 0xF5, 0x03, 0xF5, 0x59, 0xFF, 0xFF, 0xFF, 0xFF, 0xFF,
    0xEB, 0xF5, 0x03, 0xF5, 0x25, 0xF5, 0x25, 0xF5, 0x25, 0xF5, 0x65, 0xFD, 0x45, 0xF5, 0x00, 0x00,
    0x00, 0x00, 0x23, 0xFD, 0x24, 0xF5, 0x25, 0xFD, 0x24, 0xF5, 0x25, 0xF5, 0x04, 0xF5, 0x46, 0xF5,
    0xDD, 0xFF, 0xFF, 0xFF, 0xDD, 0xFF, 0x46, 0xF5, 0x04, 0xF5, 0x25, 0xF5, 0x24, 0xF5, 0x24, 0xF5,
    0x24, 0xF5, 0x24, 0xF5, 0x24, 0xF5, 0x24, 0xF5, 0x24, 0xF5, 0x24, 0xF5, 0x24, 0xF5, 0x24, 0xF5,
    0x24, 0xF5, 0x24, 0xF5, 0x24, 0xF5, 0x25, 0xF5, 0x03, 0xF5, 0x38, 0xFF, 0xFF, 0xFF, 0xFF, 0xFF,
    0xCB, 0xF5, 0x03, 0xF5, 0x25, 0xF5, 0x24, 0xF5, 0x24, 0xF5, 0x65, 0xFD, 0x24, 0xF5, 0x00, 0x00,
    0x00, 0x00, 0xA2, 0xEC, 0x04, 0xF5, 0x44, 0xFD, 0x04, 0xF5, 0x24, 0xF5, 0x04, 0xF5, 0x46, 0xF5,
    0xFF, 0xFF, 0xFF, 0xFF, 0xFF, 0xFF, 0x46, 0xF5, 0x04, 0xF5, 0x24, 0xF5, 0x24, 0xF5, 0x24, 0xF5,
    0x24, 0xF5, 0x24, 0xF5, 0x24, 0xF5, 0x24, 0xF5, 0x24, 0xF5, 0x24, 0xF5, 0x24, 0xF5, 0x24, 0xF5,
    0x24, 0xF5, 0x24, 0xF5, 0x24, 0xF5, 0x25, 0xF5, 0x03, 0xF5, 0x59, 0xFF, 0xFF, 0xFF, 0xFF, 0xFF,
    0xEC, 0xF5, 0xE3, 0xF4, 0x25, 0xF5, 0x24, 0xF5, 0x04, 0xF5, 0x44, 0xFD, 0x04, 0xF5, 0x00, 0x00,
    0xE0, 0xBB, 0x00, 0x00, 0x04, 0xF5, 0x64, 0xFD, 0x04, 0xF5, 0x04, 0xF5, 0x04, 0xF5, 0x25, 0xF5,
    0xCB, 0xF5, 0xCB, 0xF5, 0xCB, 0xF5, 0x25, 0xF5, 0x04, 0xF5, 0x04, 0xF5, 0x04, 0xF5, 0x04, 0xF5,
    0x04, 0xF5, 0x04, 0xF5, 0x04, 0xF5, 0x04, 0xF5, 0x04, 0xF5, 0x04, 0xF5, 0x04, 0xF5, 0x04, 0xF5,
    0x04, 0xF5, 0x04, 0xF5, 0x04, 0xF5, 0x04, 0xF5, 0x04, 0xF5, 0xA9, 0xF5, 0xCB, 0xF5, 0xCB, 0xF5,
    0x46, 0xF5, 0x04, 0xF5, 0x04, 0xF5, 0x04, 0xF5, 0x24, 0xFD, 0x04, 0xF5, 0xC3, 0xE4, 0x00, 0x00,
    0xE7, 0xFD, 0x00, 0x00, 0x04, 0xF5, 0x64, 0xFD, 0x04, 0xF5, 0x04, 0xF5, 0x04, 0xF5, 0x04, 0xF5,
    0xE3, 0xF4, 0xE2, 0xF4, 0xE3, 0xF4, 0x04, 0xF5, 0x04, 0xF5, 0x04, 0xF5, 0x04, 0xF5, 0x04, 0xF5,
    0x04, 0xF5, 0x04, 0xF5, 0x04, 0xF5, 0x04, 0xF5, 0x04, 0xF5, 0x04, 0xF5, 0x04, 0xF5, 0x04, 0xF5,
    0x04, 0xF5, 0x04, 0xF5, 0x04, 0xF5, 0x04, 0xF5, 0x04, 0xF5, 0xE3, 0xF4, 0xE2, 0xF4, 0xE2, 0xF4,
    0x04, 0xF5, 0x04, 0xF5, 0x04, 0xF5, 0x04, 0xF5, 0x64, 0xFD, 0x04, 0xF5, 0x00, 0x00, 0xE7, 0xBD,
    0xE0, 0xFF, 0x00, 0xF8, 0xE4, 0xF4, 0x04, 0xF5, 0x24, 0xF5, 0x04, 0xF5, 0x04, 0xF5, 0x04, 0xF5,
    0x04, 0xF5, 0x04, 0xF5, 0x04, 0xF5, 0x04, 0xF5, 0x04, 0xF5, 0x04, 0xF5, 0x04, 0xF5, 0x04, 0xF5,
    0x04, 0xF5, 0x04, 0xF5, 0x04, 0xF5, 0x04, 0xF5, 0x04, 0xF5, 0x04, 0xF5, 0x04, 0xF5, 0x04, 0xF5,
    0x04, 0xF5, 0x04, 0xF5, 0x04, 0xF5, 0x04, 0xF5, 0x04, 0xF5, 0x04, 0xF5, 0x04, 0xF5, 0x04, 0xF5,
    0x04, 0xF5, 0x04, 0xF5, 0x04, 0xF5, 0xE4, 0xF4, 0x44, 0xFD, 0xE4, 0xEC, 0x00, 0x00, 0x40, 0xFD,
    0x00, 0x00, 0x40, 0xFD, 0x00, 0x00, 0xE3, 0xF4, 0x64, 0xFD, 0xE4, 0xF4, 0x04, 0xF5, 0x04, 0xF5,
    0x04, 0xF5, 0x04, 0xF5, 0x04, 0xF5, 0x04, 0xF5, 0x04, 0xF5, 0x04, 0xF5, 0x04, 0xF5, 0x04, 0xF5,
    0x04, 0xF5, 0x04, 0xF5, 0x04, 0xF5, 0x04, 0xF5, 0x04, 0xF5, 0x04, 0xF5, 0x04, 0xF5, 0x04, 0xF5,
    0x04, 0xF5, 0x04, 0xF5, 0x04, 0xF5, 0x04, 0xF5, 0x04, 0xF5, 0x04, 0xF5, 0x04, 0xF5, 0x04, 0xF5,
    0x04, 0xF5, 0x04, 0xF5, 0xE3, 0xF4, 0x44, 0xFD, 0xE3, 0xF4, 0x00, 0x00, 0x40, 0xFD, 0x00, 0x00,
    0x00, 0x00, 0x00, 0x00, 0xEA, 0xFF, 0x00, 0x00, 0xE3, 0xF4, 0x64, 0xFD, 0xE3, 0xF4, 0xE3, 0xF4,
    0xE3, 0xF4, 0xE3, 0xF4, 0xE3, 0xF4, 0xE3, 0xF4, 0xE3, 0xF4, 0xE3, 0xF4, 0xE3, 0xF4, 0xE3, 0xF4,
    0xE3, 0xF4, 0xE3, 0xF4, 0xE3, 0xF4, 0xE3, 0xF4, 0xE3, 0xF4, 0xE3, 0xF4, 0xE3, 0xF4, 0xE3, 0xF4,
    0xE3, 0xF4, 0xE3, 0xF4, 0xE3, 0xF4, 0xE3, 0xF4, 0xE3, 0xF4, 0xE3, 0xF4, 0xE3, 0xF4, 0xE3, 0xF4,
    0xE3, 0xF4, 0xE3, 0xF4, 0x44, 0xFD, 0x03, 0xF5, 0xC3, 0xF4, 0xE0, 0xFB, 0xE0, 0xFF, 0x00, 0x00,
    0x00, 0x00, 0x00, 0x00, 0xE0, 0xFF, 0xE0, 0xFF, 0x23, 0xF5, 0x03, 0xF5, 0x44, 0xFD, 0xE3, 0xF4,
    0xE3, 0xF4, 0xE3, 0xF4, 0xE3, 0xF4, 0xE3, 0xF4, 0xE3, 0xF4, 0xE3, 0xF4, 0xE3, 0xF4, 0xE3, 0xF4,
    0xE3, 0xF4, 0xE3, 0xF4, 0xE3, 0xF4, 0xE3, 0xF4, 0xE3, 0xF4, 0xE3, 0xF4, 0xE3, 0xF4, 0xE3, 0xF4,
    0xE3, 0xF4, 0xE3, 0xF4, 0xE3, 0xF4, 0xE3, 0xF4, 0xE3, 0xF4, 0xE3, 0xF4, 0xE3, 0xF4, 0xE3, 0xF4,
    0xE3, 0xEC, 0x43, 0xFD, 0x03, 0xFD, 0xE3, 0xEC, 0x00, 0x00, 0xE0, 0xFF, 0x00, 0x00, 0x00, 0x00,
    0x00, 0x00, 0x00, 0x00, 0x00, 0x00, 0xE0, 0xFF, 0x00, 0x00, 0x00, 0x00, 0xE3, 0xF4, 0x03, 0xF5,
    0x43, 0xFD, 0x03, 0xFD, 0xE3, 0xF4, 0xE3, 0xF4, 0xE3, 0xF4, 0xE3, 0xF4, 0xE3, 0xF4, 0xE3, 0xF4,
    0xE3, 0xF4, 0xE3, 0xF4, 0xE3, 0xF4, 0xE3, 0xF4, 0xE3, 0xF4, 0xE3, 0xF4, 0xE3, 0xF4, 0xE3, 0xF4,
    0xE3, 0xF4, 0xE3, 0xF4, 0xE3, 0xF4, 0xE3, 0xF4, 0xE3, 0xF4, 0xE3, 0xF4, 0x03, 0xF5, 0x23, 0xFD,
    0x23, 0xFD, 0x03, 0xF5, 0x83, 0xE4, 0x00, 0x00, 0xE0, 0xFF, 0x00, 0x00, 0x00, 0x00, 0x00, 0x00,
    0x00, 0x00, 0x00, 0x00, 0x00, 0x00, 0x00, 0x00, 0xE0, 0xFF, 0xE0, 0xFF, 0x00, 0x00, 0xE3, 0xF4,
    0x03, 0xF5, 0xE3, 0xF4, 0xE3, 0xF4, 0x23, 0xFD, 0x03, 0xFD, 0x03, 0xFD, 0x03, 0xFD, 0x03, 0xFD,
    0x03, 0xFD, 0x03, 0xFD, 0x03, 0xFD, 0x03, 0xFD, 0x03, 0xFD, 0x03, 0xFD, 0x03, 0xFD, 0x03, 0xFD,
    0x03, 0xFD, 0x03, 0xFD, 0x03, 0xFD, 0x03, 0xFD, 0x23, 0xFD, 0x03, 0xF5, 0xE3, 0xF4, 0x03, 0xFD,
    0x03, 0xF5, 0x00, 0x00, 0x00, 0x00, 0xE0, 0xFF, 0x00, 0x00, 0x00, 0x00, 0x00, 0x00, 0x00, 0x00,
    0x00, 0x00, 0x00, 0x00, 0x00, 0x00, 0x00, 0x00, 0x00, 0x00, 0x00, 0x00, 0x40, 0xFD, 0x00, 0x00,
    0x00, 0x00, 0x40, 0xFD, 0x23, 0xFD, 0x03, 0xFD, 0xA3, 0xEC, 0xC3, 0xEC, 0xC3, 0xEC, 0xC3, 0xEC,
    0xC3, 0xEC, 0xC3, 0xEC, 0xC3, 0xEC, 0xC3, 0xEC, 0xC3, 0xEC, 0xC3, 0xEC, 0xC3, 0xEC, 0xC3, 0xEC,
    0xC3, 0xEC, 0xC3, 0xEC, 0xC3, 0xEC, 0xC3, 0xEC, 0xE3, 0xFC, 0xE3, 0xF4, 0x43, 0xFD, 0x00, 0x00,
    0x00, 0x00, 0xE0, 0xFB, 0xE0, 0xFF, 0x00, 0x00, 0x00, 0x00, 0x00, 0x00, 0x00, 0x00, 0x00, 0x00,
    0x00, 0x00, 0x00, 0x00, 0x00, 0x00, 0x00, 0x00, 0x00, 0x00, 0x00, 0x00, 0x00, 0x00, 0xE0, 0xFB,
    0xE0, 0xFB, 0x00, 0x00, 0x00, 0x00, 0x00, 0x00, 0x00, 0x00, 0x00, 0x00, 0x00, 0x00, 0x00, 0x00,
    0x00, 0x00, 0x00, 0x00, 0x00, 0x00, 0x00, 0x00, 0x00, 0x00, 0x00, 0x00, 0x00, 0x00, 0x00, 0x00,
    0x00, 0x00, 0x00, 0x00, 0x00, 0x00, 0x00, 0x00, 0x00, 0x00, 0x00, 0x00, 0x00, 0x00, 0xE0, 0xBB,
    0x40, 0xFD, 0x00, 0x00, 0x00, 0x00, 0x00, 0x00, 0x00, 0x00, 0x00, 0x00, 0x00, 0x00, 0x00, 0x00,
    0x00, 0x00, 0x00, 0x00, 0x00, 0x00, 0x00, 0x01, 0x03, 0x04, 0x00, 0x00, 0x00, 0x00, 0x00, 0x00,
    0x00, 0x00, 0x00, 0x00, 0x00, 0x00, 0x00, 0x00, 0x00, 0x00, 0x00, 0x00, 0x00, 0x00, 0x03, 0x04,
    0x01, 0x00, 0x00, 0x00, 0x00, 0x00, 0x00, 0x00, 0x00, 0x00, 0x00, 0x00, 0x00, 0x00, 0x03, 0x00,
    0x00, 0x00, 0x03, 0x10, 0x10, 0x10, 0x10, 0x10, 0x10, 0x10, 0x10, 0x10, 0x10, 0x10, 0x10, 0x10,
    0x10, 0x10, 0x10, 0x10, 0x10, 0x09, 0x00, 0x00, 0x00, 0x03, 0x00, 0x00, 0x00, 0x00, 0x00, 0x00,
    0x00, 0x00, 0x00, 0x00, 0x00, 0x04, 0x00, 0x06, 0x4F, 0x9F, 0xD6, 0xEF, 0xEF, 0xF0, 0xF0, 0xF0,
    0xF0, 0xF0, 0xF0, 0xF0, 0xF0, 0xF0, 0xF0, 0xF0, 0xF0, 0xF0, 0xF0, 0xEF, 0xEF, 0xE2, 0xAE, 0x61,
    0x16, 0x00, 0x02, 0x01, 0x00, 0x00, 0x00, 0x00, 0x00, 0x00, 0x00, 0x00, 0x01, 0x00, 0x47, 0xD4,
    0xFF, 0xFF, 0xFF, 0xFF, 0xFF, 0xFF, 0xFF, 0xFF, 0xFF, 0xFF, 0xFF, 0xFF, 0xFF, 0xFF, 0xFF, 0xFF,
    0xFF, 0xFF, 0xFF, 0xFF, 0xFF, 0xFF, 0xFF, 0xFF, 0xE9, 0x6D, 0x00, 0x00, 0x01, 0x00, 0x00, 0x00,
    0x00, 0x00, 0x00, 0x03, 0x01, 0x7F, 0xFF, 0xFF, 0xFC, 0xFB, 0xFD, 0xFE, 0xFE, 0xFE, 0xFE, 0xFE,
    0xFE, 0xFE, 0xFE, 0xFE, 0xFE, 0xFE, 0xFE, 0xFE, 0xFE, 0xFE, 0xFE, 0xFE, 0xFE, 0xFD, 0xFC, 0xFB,
    0xFF, 0xFF, 0xA9, 0x13, 0x01, 0x01, 0x00, 0x00, 0x00, 0x00, 0x04, 0x00, 0x80, 0xFF, 0xFC, 0xFD,
    0xFF, 0xFF, 0xFF, 0xFF, 0xFF, 0xFF, 0xFF, 0xFF, 0xFF, 0xFF, 0xFF, 0xFF, 0xFF, 0xFF, 0xFF, 0xFF,
    0xFF, 0xFF, 0xFF, 0xFF, 0xFF, 0xFF, 0xFF, 0xFF, 0xFE, 0xFA, 0xFF, 0xBB, 0x01, 0x03, 0x00, 0x00,
    0x00, 0x03, 0x00, 0x44, 0xFE, 0xFA, 0xFE, 0xFF, 0xFF, 0xFF, 0xFF, 0xFF, 0xFF, 0xFF, 0xFF, 0xFF,
    0xFF, 0xFF, 0xFF, 0xFF, 0xFF, 0xFF, 0xFF, 0xFF, 0xFF, 0xFF, 0xFF, 0xFF, 0xFF, 0xFF, 0xFF, 0xFF,
    0xFF, 0xFF, 0xF9, 0xFF, 0x7F, 0x00, 0x03, 0x00, 0x00, 0x01, 0x09, 0xD9, 0xFF, 0xFD, 0xFF, 0xFF,
    0xFF, 0xFF, 0xFF, 0xFF, 0xFF, 0xFF, 0xFF, 0xFF, 0xFF, 0xFF, 0xFF, 0xFF, 0xFF, 0xFF, 0xFF, 0xFF,
    0xFF, 0xFF, 0xFF, 0xFF, 0xFF, 0xFF, 0xFF, 0xFF, 0xFF, 0xFF, 0xFE, 0xFD, 0xFA, 0x2A, 0x00, 0x02,
    0x04, 0x00, 0x4C, 0xFF, 0xFC, 0xFF, 0xFF, 0xFF, 0xFF, 0xFF, 0xFF, 0xFF, 0xFF, 0xFF, 0xFF, 0xFF,
    0xFF, 0xFF, 0xFF, 0xFF, 0xFF, 0xFF, 0xFF, 0xFF, 0xFF, 0xFF, 0xFF, 0xFF, 0xFF, 0xFF, 0xFF, 0xFF,
    0xFF, 0xFF, 0xFF, 0xFB, 0xFF, 0x8C, 0x00, 0x05, 0x04, 0x00, 0x9F, 0xFE, 0xFB, 0xFF, 0xFF, 0xFF,
    0xFF, 0xFF, 0xFF, 0xFF, 0xFF, 0xFF, 0xFF, 0xFF, 0xFF, 0xFF, 0xFF, 0xFF, 0xFF, 0xFF, 0xFF, 0xFF,
    0xFF, 0xFF, 0xFF, 0xFF, 0xFF, 0xFF, 0xFF, 0xFF, 0xFF, 0xFF, 0xFF, 0xFD, 0xFF, 0xD9, 0x04, 0x01,
    0x01, 0x08, 0xDB, 0xFF, 0xFD, 0xFF, 0xFF, 0xFF, 0xFF, 0xFF, 0xFF, 0xFF, 0xFF, 0xFF, 0xFF, 0xFF,
    0xFF, 0xFF, 0xFF, 0xFF, 0xFF, 0xFF, 0xFF, 0xFF, 0xFF, 0xFF, 0xFF, 0xFF, 0xFF, 0xFF, 0xFF, 0xFF,
    0xFF, 0xFF, 0xFF, 0xFF, 0xFE, 0xFA, 0x29, 0x00, 0x00, 0x11, 0xF3, 0xFF, 0xFE, 0xFF, 0xFF, 0xFF,
    0xFF, 0xFF, 0xFF, 0xFF, 0xFF, 0xFF, 0xFF, 0xFF, 0xFF, 0xFF, 0xFF, 0xFF, 0xFF, 0xFF, 0xFF, 0xFF,
    0xFF, 0xFF, 0xFF, 0xFF, 0xFF, 0xFF, 0xFF, 0xFF, 0xFF, 0xFF, 0xFF, 0xFF, 0xFD, 0xFF, 0x43, 0x00,
    0x00, 0x10, 0xEF, 0xFF, 0xFE, 0xFF, 0xFF, 0xFF, 0xFF, 0xFF, 0xFF, 0xFF, 0xFF, 0xFF, 0xFF, 0xFF,
    0xFF, 0xFF, 0xFF, 0xFF, 0xFF, 0xFF, 0xFF, 0xFF, 0xFF, 0xFF, 0xFF, 0xFF, 0xFF, 0xFF, 0xFF, 0xFF,
    0xFF, 0xFF, 0xFF, 0xFF, 0xFD, 0xFF, 0x3F, 0x00, 0x00, 0x10, 0xF0, 0xFF, 0xFE, 0xFF, 0xFF, 0xFF,
    0xFF, 0xFF, 0xFF, 0xFF, 0xFF, 0xFF, 0xFF, 0xFF, 0xFF, 0xFF, 0xFF, 0xFF, 0xFF, 0xFF, 0xFF, 0xFF,
    0xFF, 0xFF, 0xFF, 0xFF, 0xFF, 0xFF, 0xFF, 0xFF, 0xFF, 0xFF, 0xFF, 0xFF, 0xFD, 0xFF, 0x40, 0x00,
    0x00, 0x10, 0xF0, 0xFF, 0xFE, 0xFF, 0xFF, 0xFF, 0xFF, 0xFF, 0xFF, 0xFF, 0xFF, 0xFF, 0xFF, 0xFF,
    0xFF, 0xFF, 0xFF, 0xFF, 0xFF, 0xFF, 0xFF, 0xFF, 0xFF, 0xFF, 0xFF, 0xFF, 0xFF, 0xFF, 0xFF, 0xFF,
    0xFF, 0xFF, 0xFF, 0xFF, 0xFD, 0xFF, 0x40, 0x00, 0x00, 0x10, 0xF0, 0xFF, 0xFE, 0xFF, 0xFF, 0xFF,
    0xFF, 0xFF, 0xFF, 0xFF, 0xFF, 0xFF, 0xFF, 0xFF, 0xFF, 0xFF, 0xFF, 0xFF, 0xFF, 0xFF, 0xFF, 0xFF,
    0xFF, 0xFF, 0xFF, 0xFF, 0xFF, 0xFF, 0xFF, 0xFF, 0xFF, 0xFF, 0xFF, 0xFF, 0xFD, 0xFF, 0x40, 0x00,
    0x00, 0x10, 0xF0, 0xFF, 0xFE, 0xFF, 0xFF, 0xFF, 0xFF, 0xFF, 0xFF, 0xFF, 0xFF, 0xFF, 0xFF, 0xFF,
    0xFF, 0xFF, 0xFF, 0xFF, 0xFF, 0xFF, 0xFF, 0xFF, 0xFF, 0xFF, 0xFF, 0xFF, 0xFF, 0xFF, 0xFF, 0xFF,
    0xFF, 0xFF, 0xFF, 0xFF, 0xFD, 0xFF, 0x40, 0x00, 0x00, 0x10, 0xF0, 0xFF, 0xFE, 0xFF, 0xFF, 0xFF,
    0xFF, 0xFF, 0xFF, 0xFF, 0xFF, 0xFF, 0xFF, 0xFF, 0xFF, 0xFF, 0xFF, 0xFF, 0xFF, 0xFF, 0xFF, 0xFF,
    0xFF, 0xFF, 0xFF, 0xFF, 0xFF, 0xFF, 0xFF, 0xFF, 0xFF, 0xFF, 0xFF, 0xFF, 0xFD, 0xFF, 0x40, 0x00,
    0x00, 0x10, 0xF0, 0xFF, 0xFE, 0xFF, 0xFF, 0xFF, 0xFF, 0xFF, 0xFF, 0xFF, 0xFF, 0xFF, 0xFF, 0xFF,
    0xFF, 0xFF, 0xFF, 0xFF, 0xFF, 0xFF, 0xFF, 0xFF, 0xFF, 0xFF, 0xFF, 0xFF, 0xFF, 0xFF, 0xFF, 0xFF,
    0xFF, 0xFF, 0xFF, 0xFF, 0xFD, 0xFF, 0x40, 0x00, 0x00, 0x10, 0xF0, 0xFF, 0xFE, 0xFF, 0xFF, 0xFF,
    0xFF, 0xFF, 0xFF, 0xFF, 0xFF, 0xFF, 0xFF, 0xFF, 0xFF, 0xFF, 0xFF, 0xFF, 0xFF, 0xFF, 0xFF, 0xFF,
    0xFF, 0xFF, 0xFF, 0xFF, 0xFF, 0xFF, 0xFF, 0xFF, 0xFF, 0xFF, 0xFF, 0xFF, 0xFD, 0xFF, 0x40, 0x00,
    0x00, 0x10, 0xF0, 0xFF, 0xFE, 0xFF, 0xFF, 0xFF, 0xFF, 0xFF, 0xFF, 0xFF, 0xFF, 0xFF, 0xFF, 0xFF,
    0xFF, 0xFF, 0xFF, 0xFF, 0xFF, 0xFF, 0xFF, 0xFF, 0xFF, 0xFF, 0xFF, 0xFF, 0xFF, 0xFF, 0xFF, 0xFF,
    0xFF, 0xFF, 0xFF, 0xFF, 0xFD, 0xFF, 0x40, 0x00, 0x00, 0x10, 0xF0, 0xFF, 0xFE, 0xFF, 0xFF, 0xFF,
    0xFF, 0xFF, 0xFF, 0xFF, 0xFF, 0xFF, 0xFF, 0xFF, 0xFF, 0xFF, 0xFF, 0xFF, 0xFF, 0xFF, 0xFF, 0xFF,
    0xFF, 0xFF, 0xFF, 0xFF, 0xFF, 0xFF, 0xFF, 0xFF, 0xFF, 0xFF, 0xFF, 0xFF, 0xFD, 0xFF, 0x40, 0x00,
    0x00, 0x10, 0xF0, 0xFF, 0xFE, 0xFF, 0xFF, 0xFF, 0xFF, 0xFF, 0xFF, 0xFF, 0xFF, 0xFF, 0xFF, 0xFF,
    0xFF, 0xFF, 0xFF, 0xFF, 0xFF, 0xFF, 0xFF, 0xFF, 0xFF, 0xFF, 0xFF, 0xFF, 0xFF, 0xFF, 0xFF, 0xFF,
    0xFF, 0xFF, 0xFF, 0xFF, 0xFD, 0xFF, 0x40, 0x00, 0x00, 0x10, 0xF0, 0xFF, 0xFE, 0xFF, 0xFF, 0xFF,
    0xFF, 0xFF, 0xFF, 0xFF, 0xFF, 0xFF, 0xFF, 0xFF, 0xFF, 0xFF, 0xFF, 0xFF, 0xFF, 0xFF, 0xFF, 0xFF,
    0xFF, 0xFF, 0xFF, 0xFF, 0xFF, 0xFF, 0xFF, 0xFF, 0xFF, 0xFF, 0xFF, 0xFF, 0xFD, 0xFF, 0x40, 0x00,
    0x00, 0x10, 0xF0, 0xFF, 0xFE, 0xFF, 0xFF, 0xFF, 0xFF, 0xFF, 0xFF, 0xFF, 0xFF, 0xFF, 0xFF, 0xFF,
    0xFF, 0xFF, 0xFF, 0xFF, 0xFF, 0xFF, 0xFF, 0xFF, 0xFF, 0xFF, 0xFF, 0xFF, 0xFF, 0xFF, 0xFF, 0xFF,
    0xFF, 0xFF, 0xFF, 0xFF, 0xFD, 0xFF, 0x40, 0x00, 0x00, 0x10, 0xF0, 0xFF, 0xFE, 0xFF, 0xFF, 0xFF,
    0xFF, 0xFF, 0xFF, 0xFF, 0xFF, 0xFF, 0xFF, 0xFF, 0xFF, 0xFF, 0xFF, 0xFF, 0xFF, 0xFF, 0xFF, 0xFF,
    0xFF, 0xFF, 0xFF, 0xFF, 0xFF, 0xFF, 0xFF, 0xFF, 0xFF, 0xFF, 0xFF, 0xFF, 0xFD, 0xFF, 0x40, 0x00,
    0x00, 0x10, 0xF0, 0xFF, 0xFE, 0xFF, 0xFF, 0xFF, 0xFF, 0xFF, 0xFF, 0xFF, 0xFF, 0xFF, 0xFF, 0xFF,
    0xFF, 0xFF, 0xFF, 0xFF, 0xFF, 0xFF, 0xFF, 0xFF, 0xFF, 0xFF, 0xFF, 0xFF, 0xFF, 0xFF, 0xFF, 0xFF,
    0xFF, 0xFF, 0xFF, 0xFF, 0xFD, 0xFF, 0x40, 0x00, 0x00, 0x10, 0xEF, 0xFF, 0xFE, 0xFF, 0xFF, 0xFF,
    0xFF, 0xFF, 0xFF, 0xFF, 0xFF, 0xFF, 0xFF, 0xFF, 0xFF, 0xFF, 0xFF, 0xFF, 0xFF, 0xFF, 0xFF, 0xFF,
    0xFF, 0xFF, 0xFF, 0xFF, 0xFF, 0xFF, 0xFF, 0xFF, 0xFF, 0xFF, 0xFF, 0xFF, 0xFD, 0xFF, 0x3F, 0x00,
    0x00, 0x11, 0xF2, 0xFF, 0xFE, 0xFF, 0xFF, 0xFF, 0xFF, 0xFF, 0xFF, 0xFF, 0xFF, 0xFF, 0xFF, 0xFF,
    0xFF, 0xFF, 0xFF, 0xFF, 0xFF, 0xFF, 0xFF, 0xFF, 0xFF, 0xFF, 0xFF, 0xFF, 0xFF, 0xFF, 0xFF, 0xFF,
    0xFF, 0xFF, 0xFF, 0xFF, 0xFD, 0xFF, 0x42, 0x00, 0x01, 0x0C, 0xE5, 0xFF, 0xFE, 0xFF, 0xFF, 0xFF,
    0xFF, 0xFF, 0xFF, 0xFF, 0xFF, 0xFF, 0xFF, 0xFF, 0xFF, 0xFF, 0xFF, 0xFF, 0xFF, 0xFF, 0xFF, 0xFF,
    0xFF, 0xFF, 0xFF, 0xFF, 0xFF, 0xFF, 0xFF, 0xFF, 0xFF, 0xFF, 0xFF, 0xFF, 0xFE, 0xFD, 0x35, 0x00,
    0x04, 0x00, 0xB0, 0xFE, 0xFC, 0xFF, 0xFF, 0xFF, 0xFF, 0xFF, 0xFF, 0xFF, 0xFF, 0xFF, 0xFF, 0xFF,
    0xFF, 0xFF, 0xFF, 0xFF, 0xFF, 0xFF, 0xFF, 0xFF, 0xFF, 0xFF, 0xFF, 0xFF, 0xFF, 0xFF, 0xFF, 0xFF,
    0xFF, 0xFF, 0xFF, 0xFE, 0xFF, 0xE6, 0x0A, 0x01, 0x04, 0x00, 0x62, 0xFF, 0xFC, 0xFF, 0xFF, 0xFF,
    0xFF, 0xFF, 0xFF, 0xFF, 0xFF, 0xFF, 0xFF, 0xFF, 0xFF, 0xFF, 0xFF, 0xFF, 0xFF, 0xFF, 0xFF, 0xFF,
    0xFF, 0xFF, 0xFF, 0xFF, 0xFF, 0xFF, 0xFF, 0xFF, 0xFF, 0xFF, 0xFF, 0xFB, 0xFE, 0xA2, 0x00, 0x04,
    0x01, 0x01, 0x15, 0xEE, 0xFD, 0xFE, 0xFF, 0xFF, 0xFF, 0xFF, 0xFF, 0xFF, 0xFF, 0xFF, 0xFF, 0xFF,
    0xFF, 0xFF, 0xFF, 0xFF, 0xFF, 0xFF, 0xFF, 0xFF, 0xFF, 0xFF, 0xFF, 0xFF, 0xFF, 0xFF, 0xFF, 0xFF,
    0xFF, 0xFF, 0xFF, 0xFC, 0xFF, 0x42, 0x00, 0x03, 0x00, 0x03, 0x00, 0x6B, 0xFF, 0xFA, 0xFF, 0xFF,
    0xFF, 0xFF, 0xFF, 0xFF, 0xFF, 0xFF, 0xFF, 0xFF, 0xFF, 0xFF, 0xFF, 0xFF, 0xFF, 0xFF, 0xFF, 0xFF,
    0xFF, 0xFF, 0xFF, 0xFF, 0xFF, 0xFF, 0xFF, 0xFF, 0xFF, 0xFF, 0xFA, 0xFF, 0xAA, 0x00, 0x03, 0x00,
    0x00, 0x00, 0x03, 0x00, 0xAC, 0xFF, 0xF9, 0xFE, 0xFF, 0xFF, 0xFF, 0xFF, 0xFF, 0xFF, 0xFF, 0xFF,
    0xFF, 0xFF, 0xFF, 0xFF, 0xFF, 0xFF, 0xFF, 0xFF, 0xFF, 0xFF, 0xFF, 0xFF, 0xFF, 0xFF, 0xFF, 0xFF,
    0xFF, 0xFA, 0xFF, 0xDE, 0x12, 0x02, 0x01, 0x00, 0x00, 0x00, 0x01, 0x01, 0x11, 0xB8, 0xFF, 0xFF,
    0xFB, 0xFD, 0xFE, 0xFF, 0xFF, 0xFF, 0xFF, 0xFF, 0xFF, 0xFF, 0xFF, 0xFF, 0xFF, 0xFF, 0xFF, 0xFF,
    0xFF, 0xFF, 0xFF, 0xFF, 0xFF, 0xFF, 0xFD, 0xFB, 0xFD, 0xFF, 0xDA, 0x34, 0x00, 0x02, 0x00, 0x00,
    0x00, 0x00, 0x00, 0x01, 0x00, 0x00, 0x80, 0xF9, 0xFF, 0xFF, 0xFF, 0xFD, 0xFD, 0xFD, 0xFD, 0xFD,
    0xFD, 0xFD, 0xFD, 0xFD, 0xFD, 0xFD, 0xFD, 0xFD, 0xFD, 0xFD, 0xFD, 0xFD, 0xFD, 0xFE, 0xFF, 0xFF,
    0xFF, 0xA7, 0x13, 0x00, 0x02, 0x00, 0x00, 0x00, 0x00, 0x00, 0x00, 0x00, 0x01, 0x01, 0x00, 0x2C,
    0x8C, 0xD6, 0xFD, 0xFF, 0xFF, 0xFF, 0xFF, 0xFF, 0xFF, 0xFF, 0xFF, 0xFF, 0xFF, 0xFF, 0xFF, 0xFF,
    0xFF, 0xFF, 0xFF, 0xFF, 0xFF, 0xFF, 0xE2, 0x9F, 0x46, 0x00, 0x00, 0x02, 0x00, 0x00, 0x00, 0x00,
    0x00, 0x00, 0x00, 0x00, 0x00, 0x00, 0x03, 0x00, 0x00, 0x03, 0x28, 0x40, 0x40, 0x40, 0x40, 0x40,
    0x40, 0x40, 0x40, 0x40, 0x40, 0x40, 0x40, 0x40, 0x40, 0x40, 0x40, 0x40, 0x40, 0x34, 0x09, 0x00,
    0x00, 0x02, 0x01, 0x00, 0x00, 0x00, 0x00, 0x00, 0x00, 0x00, 0x00, 0x00, 0x00, 0x00, 0x00, 0x02,
    0x04, 0x00, 0x00, 0x00, 0x00, 0x00, 0x00, 0x00, 0x00, 0x00, 0x00, 0x00, 0x00, 0x00, 0x00, 0x00,
    0x00, 0x00, 0x00, 0x00, 0x00, 0x00, 0x00, 0x04, 0x03, 0x00, 0x00, 0x00, 0x00, 0x00, 0x00, 0x00,
};

const lv_image_dsc_t icon_home_file = {
    .header.magic = LV_IMAGE_HEADER_MAGIC,
    .header.cf = LV_COLOR_FORMAT_RGB565A8,
    .header.w = 40,
    .header.h = 40,
    .data_size = 4800,
    .data = icon_home_file_map,
};

const LV_ATTRIBUTE_MEM_ALIGN uint8_t icon_home_editor_map[] = {
    0x00, 0x00, 0x00, 0x00, 0x00, 0x00, 0x00, 0x00, 0x00, 0x00, 0x00, 0x00, 0x00, 0x00, 0xFF, 0x07,
    0x5F, 0x55, 0xF7, 0x3B, 0x00, 0x00, 0x00, 0x00, 0x00, 0x00, 0x00, 0x00, 0x00, 0x00, 0x00, 0x00,
    0x00, 0x00, 0x00, 0x00, 0x00, 0x00, 0x00, 0x00, 0x00, 0x00, 0x00, 0x00, 0x00, 0x00, 0x00, 0x00,
    0x00, 0x00, 0x00, 0x00, 0x00, 0x00, 0x00, 0x00, 0x00, 0x00, 0x00, 0x00, 0x5F, 0x55, 0xFF, 0x3D,
    0xFF, 0x07, 0x00, 0x00, 0x00, 0x00, 0x00, 0x00, 0x00, 0x00, 0x00, 0x00, 0x00, 0x00, 0x00, 0x00,
    0x00, 0x00, 0x00, 0x00, 0x00, 0x00, 0x00, 0x00, 0x00, 0x00, 0x00, 0x00, 0x55, 0x55, 0x00, 0x00,
    0x00, 0x00, 0x00, 0x00, 0x5F, 0x55, 0xFF, 0x4D, 0x7B, 0x4D, 0x7B, 0x4D, 0x7B, 0x4D, 0x7B, 0x4D,
    0x7B, 0x4D, 0x7B, 0x4D, 0x7B, 0x4D, 0x7B, 0x4D, 0x7B, 0x4D, 0x7B, 0x4D, 0x7B, 0x4D, 0x7B, 0x4D,
    0x7B, 0x4D, 0x7B, 0x4D, 0x7B, 0x4D, 0x7B, 0x4D, 0xFD, 0x4D, 0x3C, 0x56, 0x00, 0x00, 0x00, 0x00,
    0x00, 0x00, 0x5F, 0x55, 0x00, 0x00, 0x00, 0x00, 0x00, 0x00, 0x00, 0x00, 0x00, 0x00, 0x00, 0x00,
    0x00, 0x00, 0x00, 0x00, 0x00, 0x00, 0x00, 0x00, 0x00, 0x00, 0xF7, 0x3D, 0x00, 0x00, 0x5A, 0x55,
    0x9C, 0x4D, 0x9C, 0x4D, 0x9C, 0x4D, 0x7C, 0x4D, 0x7B, 0x4D, 0x7B, 0x4D, 0x7B, 0x4D, 0x7B, 0x4D,
    0x7B, 0x4D, 0x7B, 0x4D, 0x7B, 0x4D, 0x7B, 0x4D, 0x7B, 0x4D, 0x7B, 0x4D, 0x7B, 0x4D, 0x7B, 0x4D,
    0x7B, 0x4D, 0x7B, 0x4D, 0x7B, 0x4D, 0x7B, 0x4D, 0x7B, 0x4D, 0x7C, 0x4D, 0x9C, 0x4D, 0xBC, 0x4D,
    0x7B, 0x55, 0x00, 0x00, 0xFF, 0x7B, 0xFF, 0x07, 0x00, 0x00, 0x00, 0x00, 0x00, 0x00, 0x00, 0x00,
    0x00, 0x00, 0x00, 0x00, 0x00, 0x00, 0x00, 0x00, 0xFF, 0x07, 0x00, 0x00, 0x7B, 0x45, 0x7C, 0x4D,
    0xBD, 0x4D, 0xBD, 0x4D, 0x9C, 0x4D, 0x7B, 0x4D, 0x7C, 0x4D, 0x7C, 0x4D, 0x7C, 0x4D, 0x7C, 0x4D,
    0x7C, 0x4D, 0x7C, 0x4D, 0x7C, 0x4D, 0x7C, 0x4D, 0x7C, 0x4D, 0x7C, 0x4D, 0x7C, 0x4D, 0x7C, 0x4D,
    0x7C, 0x4D, 0x7C, 0x4D, 0x7C, 0x4D, 0x7C, 0x4D, 0x7B, 0x4D, 0x9C, 0x4D, 0xBD, 0x4D, 0xBD, 0x4D,
    0x9C, 0x4D, 0x7C, 0x4D, 0x00, 0x00, 0x00, 0x00, 0xFF, 0x07, 0x00, 0x00, 0x00, 0x00, 0x00, 0x00,
    0x00, 0x00, 0x00, 0x00, 0x00, 0x00, 0x55, 0x55, 0xFF, 0x07, 0x5B, 0x4D, 0x9C, 0x4D, 0x9C, 0x4D,
    0x5B, 0x45, 0x5B, 0x4D, 0x5B, 0x45, 0x5B, 0x4D, 0x5B, 0x4D, 0x5B, 0x4D, 0x5B, 0x4D, 0x5B, 0x4D,
    0x5B, 0x4D, 0x5B, 0x4D, 0x5B, 0x4D, 0x5B, 0x4D, 0x5B, 0x4D, 0x5B, 0x4D, 0x5B, 0x4D, 0x5B, 0x4D,
    0x5B, 0x4D, 0x5B, 0x4D, 0x5B, 0x4D, 0x5B, 0x4D, 0x5B, 0x4D, 0x5B, 0x4D, 0x5B, 0x45, 0x5B, 0x4D,
    0x7B, 0x4D, 0xBD, 0x4D, 0x7C, 0x4D, 0x7A, 0x45, 0xFF, 0x07, 0xFF, 0x07, 0x00, 0x00, 0x00, 0x00,
    0x00, 0x00, 0x00, 0x00, 0xF7, 0x3D, 0x00, 0x00, 0x3A, 0x45, 0xFE, 0x4D, 0x5B, 0x45, 0x5B, 0x45,
    0x5B, 0x45, 0x5B, 0x45, 0x5B, 0x45, 0x5B, 0x45, 0x5B, 0x45, 0x5B, 0x4D, 0x5B, 0x4D, 0x5B, 0x4D,
    0x5B, 0x4D, 0x5B, 0x4D, 0x5B, 0x4D, 0x5B, 0x4D, 0x5B, 0x4D, 0x5B, 0x4D, 0x5B, 0x4D, 0x5B, 0x4D,
    0x5B, 0x4D, 0x5B, 0x4D, 0x5B, 0x4D, 0x5B, 0x45, 0x5B, 0x45, 0x5B, 0x45, 0x5B, 0x45, 0x5B, 0x45,
    0x5B, 0x45, 0x5B, 0x45, 0xDE, 0x4D, 0x5B, 0x45, 0x1F, 0x00, 0x5F, 0x55, 0x00, 0x00, 0x00, 0x00,
    0x00, 0x00, 0x5F, 0x55, 0x00, 0x00, 0x5B, 0x45, 0x7C, 0x4D, 0x5B, 0x45, 0x3B, 0x45, 0x5B, 0x45,
    0x5B, 0x45, 0x5B, 0x45, 0x5B, 0x45, 0x5B, 0x45, 0x5B, 0x45, 0x3B, 0x45, 0x3B, 0x45, 0x3B, 0x45,
    0x3B, 0x45, 0x3B, 0x45, 0x3B, 0x45, 0x3B, 0x45, 0x3B, 0x45, 0x3B, 0x45, 0x3B, 0x45, 0x3B, 0x45,
    0x3B, 0x45, 0x3B, 0x45, 0x3B, 0x45, 0x5B, 0x45, 0x5B, 0x4D, 0x5B, 0x45, 0x5B, 0x45, 0x5B, 0x45,
    0x5B, 0x45, 0x5B, 0x45, 0x3B, 0x45, 0xBD, 0x4D, 0x3A, 0x45, 0x00, 0x00, 0x5F, 0x55, 0x00, 0x00,
    0x00, 0x00, 0xFF, 0xFF, 0x5C, 0x3D, 0x3B, 0x45, 0x7C, 0x4D, 0x3A, 0x45, 0x3B, 0x45, 0x3B, 0x45,
    0x3B, 0x45, 0x3B, 0x45, 0x5B, 0x45, 0x3A, 0x45, 0x3A, 0x45, 0x7B, 0x55, 0x7B, 0x55, 0x7B, 0x55,
    0x7B, 0x55, 0x7B, 0x55, 0x7B, 0x55, 0x7B, 0x55, 0x7B, 0x55, 0x7B, 0x55, 0x7B, 0x55, 0x7B, 0x55,
    0x7B, 0x55, 0x7B, 0x55, 0x7B, 0x55, 0x5B, 0x45, 0x1A, 0x3D, 0x5B, 0x45, 0x3B, 0x45, 0x3B, 0x45,
    0x3B, 0x45, 0x3B, 0x45, 0x3A, 0x45, 0x5B, 0x45, 0x5B, 0x45, 0x1A, 0x45, 0x00, 0x00, 0xFF, 0x07,
    0xF7, 0x3B, 0x00, 0x00, 0x3A, 0x45, 0x7C, 0x4D, 0x3A, 0x45, 0x3A, 0x45, 0x3A, 0x45, 0x3A, 0x45,
    0x3A, 0x45, 0x3A, 0x45, 0x3A, 0x45, 0x5B, 0x4D, 0x3E, 0xCF, 0xDF, 0xF7, 0xDF, 0xF7, 0xDF, 0xF7,
    0xDF, 0xF7, 0xDF, 0xF7, 0xDF, 0xF7, 0xDF, 0xF7, 0xDF, 0xF7, 0xDF, 0xF7, 0xDF, 0xF7, 0xDF, 0xF7,
    0xDF, 0xF7, 0xDF, 0xF7, 0xDF, 0xF7, 0x7F, 0xDF, 0xBB, 0x6D, 0x1A, 0x3D, 0x3A, 0x45, 0x3A, 0x45,
    0x3A, 0x45, 0x3A, 0x45, 0x3A, 0x45, 0x3A, 0x45, 0x9C, 0x4D, 0x3B, 0x45, 0x00, 0x00, 0xD9, 0x34,
    0xF7, 0x3D, 0x00, 0x00, 0x3A, 0x45, 0x7C, 0x4D, 0x3A, 0x45, 0x3A, 0x45, 0x3A, 0x45, 0x3A, 0x45,
    0x3A, 0x45, 0x3A, 0x45, 0x1A, 0x3D, 0x3E, 0xCF, 0xFF, 0xFF, 0xFF, 0xFF, 0xFF, 0xFF, 0xFF, 0xFF,
    0xFF, 0xFF, 0xFF, 0xFF, 0xFF, 0xFF, 0xFF, 0xFF, 0xFF, 0xFF, 0xFF, 0xFF, 0xFF, 0xFF, 0xFF, 0xFF,
    0xFF, 0xFF, 0xFF, 0xFF, 0xFF, 0xFF, 0xFF, 0xFF, 0xDF, 0xF7, 0x7B, 0x55, 0x1A, 0x45, 0x3A, 0x45,
    0x3A, 0x45, 0x3A, 0x45, 0x3A, 0x45, 0x3A, 0x45, 0x5B, 0x45, 0x1A, 0x45, 0xFF, 0x3D, 0xFF, 0x07,
    0xFF, 0x07, 0xFB, 0x3C, 0x1A, 0x45, 0x5B, 0x45, 0x1A, 0x45, 0x1A, 0x45, 0x3A, 0x45, 0x3A, 0x45,
    0x3A, 0x45, 0x1A, 0x3D, 0x5B, 0x4D, 0xDF, 0xF7, 0xFF, 0xFF, 0x7D, 0x96, 0xBB, 0x6D, 0xDC, 0x75,
    0xDC, 0x75, 0xDC, 0x75, 0xDC, 0x75, 0xDC, 0x75, 0xDC, 0x75, 0xDC, 0x75, 0xDC, 0x75, 0xDC, 0x75,
    0xDC, 0x75, 0xDB, 0x6D, 0xFC, 0x7D, 0xDF, 0xF7, 0xFF, 0xFF, 0xFC, 0x75, 0xFA, 0x34, 0x3A, 0x45,
    0x3A, 0x45, 0x3A, 0x45, 0x3A, 0x45, 0x1A, 0x45, 0x3A, 0x45, 0x3B, 0x45, 0x1B, 0x45, 0x00, 0x00,
    0x00, 0x00, 0x3A, 0x3D, 0x1A, 0x45, 0x3B, 0x45, 0x1A, 0x45, 0x1A, 0x45, 0x1A, 0x45, 0x1A, 0x45,
    0x1A, 0x45, 0x1A, 0x3D, 0x5A, 0x4D, 0xBF, 0xF7, 0xFF, 0xFF, 0xBB, 0x6D, 0xDA, 0x2C, 0xFA, 0x3C,
    0xFA, 0x34, 0xFA, 0x34, 0xFA, 0x34, 0xFA, 0x34, 0xFA, 0x34, 0xFA, 0x34, 0xFA, 0x34, 0xFA, 0x34,
    0xFA, 0x3C, 0xDA, 0x34, 0x3A, 0x45, 0xDF, 0xF7, 0xFF, 0xFF, 0xDB, 0x75, 0xFA, 0x34, 0x1A, 0x45,
    0x1A, 0x45, 0x1A, 0x45, 0x1A, 0x45, 0x1A, 0x45, 0x1A, 0x45, 0x5C, 0x45, 0x1A, 0x45, 0x00, 0x00,
    0x00, 0x00, 0xF9, 0x3C, 0x1A, 0x45, 0x3A, 0x45, 0x1A, 0x45, 0x1A, 0x45, 0x1A, 0x45, 0x1A, 0x45,
    0x1A, 0x45, 0xFA, 0x3C, 0x3A, 0x4D, 0xDF, 0xF7, 0xFF, 0xFF, 0xDB, 0x75, 0xFA, 0x3C, 0x3A, 0x45,
    0x1A, 0x45, 0x1A, 0x45, 0x1A, 0x45, 0x1A, 0x45, 0x1A, 0x45, 0x1A, 0x45, 0x1A, 0x45, 0x1A, 0x45,
    0x1A, 0x45, 0x1A, 0x45, 0x5A, 0x4D, 0xDF, 0xF7, 0xFF, 0xFF, 0xDB, 0x75, 0xFA, 0x34, 0x1A, 0x45,
    0x1A, 0x45, 0x1A, 0x45, 0x1A, 0x45, 0x1A, 0x45, 0x1A, 0x3D, 0x5B, 0x45, 0x1A, 0x45, 0x00, 0x00,
    0x00, 0x00, 0xF9, 0x3C, 0xFA, 0x3C, 0x1A, 0x45, 0xFA, 0x3C, 0x1A, 0x3D, 0x1A, 0x3D, 0x1A, 0x3D,
    0x1A, 0x45, 0xFA, 0x3C, 0x3A, 0x4D, 0xDF, 0xF7, 0xFF, 0xFF, 0xDB, 0x6D, 0xDA, 0x34, 0xFA, 0x3C,
    0xFA, 0x34, 0xFA, 0x34, 0xFA, 0x34, 0xFA, 0x34, 0xFA, 0x34, 0xFA, 0x34, 0xFA, 0x34, 0xFA, 0x34,
    0xFA, 0x34, 0xFA, 0x3C, 0x3A, 0x4D, 0xDF, 0xF7, 0xFF, 0xFF, 0xDB, 0x6D, 0xDA, 0x34, 0x1A, 0x45,
    0x1A, 0x3D, 0x1A, 0x3D, 0x1A, 0x3D, 0x1A, 0x3D, 0xFA, 0x3C, 0x5B, 0x45, 0xFA, 0x3C, 0x00, 0x00,
    0x00, 0x00, 0xF9, 0x3C, 0xFA, 0x3C, 0x1A, 0x3D, 0xFA, 0x3C, 0xFA, 0x3C, 0xFA, 0x3C, 0xFA, 0x3C,
    0xFA, 0x3C, 0xFA, 0x3C, 0x3A, 0x4D, 0xDF, 0xF7, 0xFF, 0xFF, 0xBB, 0x6D, 0xFA, 0x3C, 0x1E, 0xC7,
    0x3E, 0xCF, 0x3E, 0xCF, 0x3E, 0xCF, 0x3E, 0xCF, 0x3E, 0xCF, 0x3E, 0xCF, 0x3E, 0xCF, 0x3E, 0xCF,
    0x3E, 0xCF, 0x7B, 0x5D, 0x1A, 0x45, 0xDF, 0xF7, 0xFF, 0xFF, 0xBB, 0x6D, 0xD9, 0x34, 0x1A, 0x45,
    0xFA, 0x3C, 0xFA, 0x3C, 0xFA, 0x3C, 0xFA, 0x3C, 0xFA, 0x3C, 0x3B, 0x45, 0xFA, 0x3C, 0x00, 0x00,
    0x00, 0x00, 0xF9, 0x3C, 0xF9, 0x3C, 0x1A, 0x3D, 0xF9, 0x3C, 0xFA, 0x3C, 0xFA, 0x3C, 0xFA, 0x3C,
    0xFA, 0x3C, 0xF9, 0x3C, 0x3A, 0x4D, 0xDF, 0xF7, 0xFF, 0xFF, 0xBB, 0x6D, 0xFA, 0x44, 0xFF, 0xFF,
    0xFF, 0xFF, 0xFF, 0xFF, 0xFF, 0xFF, 0xFF, 0xFF, 0xFF, 0xFF, 0xFF, 0xFF, 0xFF, 0xFF, 0xFF, 0xFF,
    0xFF, 0xFF, 0xBB, 0x75, 0xFA, 0x3C, 0xDF, 0xF7, 0xFF, 0xFF, 0xBB, 0x6D, 0xD9, 0x34, 0xFA, 0x3C,
    0xFA, 0x3C, 0xFA, 0x3C, 0xFA, 0x3C, 0xFA, 0x3C, 0xF9, 0x3C, 0x3B, 0x45, 0xF9, 0x3C, 0x00, 0x00,
    0x00, 0x00, 0xF9, 0x3C, 0xF9, 0x3C, 0x1A, 0x3D, 0xF9, 0x3C, 0xF9, 0x3C, 0xF9, 0x3C, 0xF9, 0x3C,
    0xF9, 0x3C, 0xD9, 0x3C, 0x1A, 0x4D, 0xDF, 0xF7, 0xFF, 0xFF, 0xBB, 0x6D, 0xD9, 0x34, 0xBB, 0x6D,
    0xBB, 0x6D, 0xBB, 0x6D, 0xBB, 0x6D, 0xBB, 0x6D, 0xBB, 0x6D, 0xBB, 0x6D, 0xBB, 0x6D, 0xBB, 0x6D,
    0xBB, 0x6D, 0x1A, 0x45, 0x1A, 0x45, 0xDF, 0xF7, 0xFF, 0xFF, 0xBB, 0x6D, 0xD9, 0x34, 0xFA, 0x3C,
    0xF9, 0x3C, 0xF9, 0x3C, 0xF9, 0x3C, 0xF9, 0x3C, 0xF9, 0x3C, 0x3B, 0x3D, 0xF9, 0x3C, 0x00, 0x00,
    0x00, 0x00, 0xF9, 0x3C, 0xF9, 0x3C, 0xFA, 0x3C, 0xD9, 0x3C, 0xD9, 0x3C, 0xD9, 0x3C, 0xD9, 0x3C,
    0xD9, 0x3C, 0xD9, 0x3C, 0x1A, 0x4D, 0xDF, 0xF7, 0xFF, 0xFF, 0xBB, 0x6D, 0xB9, 0x2C, 0xD9, 0x34,
    0xB9, 0x34, 0xB9, 0x34, 0xB9, 0x34, 0xB9, 0x34, 0xB9, 0x34, 0xB9, 0x34, 0xB9, 0x34, 0xB9, 0x34,
    0xB9, 0x34, 0xD9, 0x34, 0x1A, 0x4D, 0xDF, 0xF7, 0xFF, 0xFF, 0xBB, 0x6D, 0xB9, 0x34, 0xF9, 0x3C,
    0xD9, 0x3C, 0xD9, 0x3C, 0xD9, 0x3C, 0xD9, 0x3C, 0xD9, 0x3C, 0x1B, 0x3D, 0xD9, 0x3C, 0x00, 0x00,
    0x00, 0x00, 0xF9, 0x3C, 0xD9, 0x3C, 0xFA, 0x3C, 0xD9, 0x3C, 0xD9, 0x3C, 0xD9, 0x3C, 0xD9, 0x3C,
    0xD9, 0x3C, 0xD9, 0x34, 0x1A, 0x45, 0xDF, 0xF7, 0xFF, 0xFF, 0x9B, 0x6D, 0xB9, 0x2C, 0xD9, 0x34,
    0xB9, 0x34, 0xB9, 0x34, 0xB9, 0x34, 0xB9, 0x34, 0xB9, 0x34, 0xB9, 0x34, 0xB9, 0x34, 0xB9, 0x34,
    0xB9, 0x34, 0xB9, 0x34, 0x1A, 0x45, 0xDF, 0xF7, 0xFF, 0xFF, 0x9B, 0x6D, 0xB9, 0x2C, 0xD9, 0x3C,
    0xD9, 0x3C, 0xD9, 0x3C, 0xD9, 0x3C, 0xD9, 0x3C, 0xD9, 0x3C, 0x1A, 0x3D, 0xD9, 0x3C, 0x00, 0x00,
    0x00, 0x00, 0xF9, 0x3C, 0xD9, 0x3C, 0xF9, 0x3C, 0xD9, 0x3C, 0xD9, 0x3C, 0xD9, 0x3C, 0xD9, 0x3C,
    0xD9, 0x3C, 0xB9, 0x34, 0x19, 0x45, 0xBF, 0xF7, 0xFF, 0xFF, 0x9B, 0x6D, 0xD9, 0x3C, 0x1E, 0xC7,
    0x3E, 0xCF, 0x3E, 0xCF, 0x3E, 0xCF, 0x3E, 0xCF, 0x3E, 0xCF, 0x3E, 0xCF, 0x3E, 0xCF, 0x1E, 0xCF,
    0x3E, 0xCF, 0x5A, 0x5D, 0xF9, 0x3C, 0xDF, 0xF7, 0xFF, 0xFF, 0x9B, 0x6D, 0x99, 0x2C, 0xD9, 0x3C,
    0xD9, 0x3C, 0xD9, 0x3C, 0xD9, 0x3C, 0xD9, 0x3C, 0xD9, 0x3C, 0x1A, 0x3D, 0xD9, 0x34, 0x00, 0x00,
    0x00, 0x00, 0xF9, 0x3C, 0xB9, 0x3C, 0xD9, 0x3C, 0xB9, 0x3C, 0xD9, 0x3C, 0xD9, 0x3C, 0xD9, 0x3C,
    0xD9, 0x3C, 0xB9, 0x34, 0xF9, 0x44, 0xBF, 0xF7, 0xFF, 0xFF, 0x9A, 0x65, 0xD9, 0x3C, 0xFF, 0xFF,
    0xFF, 0xFF, 0xFF, 0xFF, 0xFF, 0xFF, 0xFF, 0xFF, 0xFF, 0xFF, 0xFF, 0xFF, 0xFF, 0xFF, 0xFF, 0xFF,
    0xFF, 0xFF, 0x9B, 0x6D, 0xD9, 0x3C, 0xDF, 0xF7, 0xFF, 0xFF, 0x9B, 0x6D, 0x99, 0x2C, 0xD9, 0x3C,
    0xD9, 0x3C, 0xD9, 0x3C, 0xD9, 0x3C, 0xD9, 0x3C, 0xD9, 0x34, 0x1A, 0x3D, 0xB9, 0x34, 0x00, 0x00,
    0x00, 0x00, 0xF9, 0x3C, 0xB9, 0x34, 0xD9, 0x3C, 0xB9, 0x34, 0xB9, 0x34, 0xB9, 0x34, 0xB9, 0x34,
    0xB9, 0x3C, 0xB9, 0x34, 0xF9, 0x44, 0xBF, 0xF7, 0xFF, 0xFF, 0x9A, 0x6D, 0x99, 0x2C, 0x9A, 0x65,
    0x9A, 0x6D, 0x9A, 0x6D, 0x9A, 0x6D, 0x9A, 0x6D, 0x9A, 0x6D, 0x9A, 0x6D, 0x9A, 0x6D, 0x9A, 0x65,
    0x9A, 0x6D, 0xD9, 0x44, 0xF9, 0x44, 0xDF, 0xF7, 0xFF, 0xFF, 0x9A, 0x6D, 0x98, 0x2C, 0xD9, 0x3C,
    0xB9, 0x34, 0xB9, 0x34, 0xB9, 0x34, 0xB9, 0x34, 0xB9, 0x34, 0xFA, 0x3C, 0xB9, 0x34, 0x00, 0x00,
    0x00, 0x00, 0xF9, 0x2C, 0xB9, 0x34, 0xD9, 0x34, 0xB9, 0x34, 0xB9, 0x34, 0xB9, 0x34, 0xB9, 0x34,
    0xB9, 0x34, 0xB9, 0x34, 0xF9, 0x44, 0xBF, 0xF7, 0xFF, 0xFF, 0x9A, 0x6D, 0x78, 0x2C, 0x99, 0x34,
    0x98, 0x2C, 0x98, 0x2C, 0x98, 0x2C, 0x98, 0x2C, 0x98, 0x2C, 0x98, 0x2C, 0x98, 0x2C, 0x98, 0x2C,
    0x98, 0x2C, 0x98, 0x34, 0xF9, 0x44, 0xBF, 0xF7, 0xFF, 0xFF, 0x9A, 0x6D, 0x98, 0x2C, 0xB9, 0x3C,
    0xB9, 0x34, 0xB9, 0x34, 0xB9, 0x34, 0xB9, 0x34, 0xB9, 0x34, 0xFA, 0x3C, 0xB9, 0x34, 0x00, 0x00,
    0x00, 0x00, 0x79, 0x2C, 0x98, 0x34, 0xB9, 0x34, 0x98, 0x34, 0xB9, 0x34, 0xB9, 0x34, 0xB9, 0x34,
    0xB9, 0x34, 0x98, 0x34, 0xD9, 0x44, 0xBF, 0xF7, 0xFF, 0xFF, 0x9A, 0x6D, 0x78, 0x2C, 0x98, 0x34,
    0x98, 0x2C, 0x98, 0x2C, 0x98, 0x2C, 0x98, 0x2C, 0x98, 0x2C, 0xB9, 0x34, 0xB9, 0x3C, 0xB9, 0x34,
    0xB9, 0x3C, 0x98, 0x34, 0xD9, 0x44, 0xBF, 0xF7, 0xFF, 0xFF, 0x9A, 0x6D, 0x78, 0x2C, 0xB9, 0x34,
    0xB9, 0x34, 0xB9, 0x34, 0xB9, 0x34, 0xB9, 0x34, 0xB8, 0x34, 0xDA, 0x3C, 0xB8, 0x34, 0x00, 0x00,
    0x00, 0x00, 0x79, 0x2C, 0x98, 0x34, 0xB9, 0x34, 0x98, 0x34, 0x98, 0x34, 0x98, 0x34, 0x98, 0x34,
    0x98, 0x34, 0x98, 0x34, 0xD9, 0x44, 0xBF, 0xF7, 0xFF, 0xFF, 0x7A, 0x65, 0x98, 0x34, 0xFD, 0xC6,
    0x1E, 0xCF, 0x1E, 0xCF, 0x1E, 0xCF, 0x1D, 0xCF, 0x1E, 0xCF, 0x5A, 0x5D, 0x78, 0x2C, 0xB9, 0x34,
    0x98, 0x34, 0x98, 0x34, 0xD9, 0x44, 0xBF, 0xF7, 0xFF, 0xFF, 0x7A, 0x65, 0x78, 0x2C, 0xB9, 0x34,
    0x98, 0x34, 0x98, 0x34, 0x98, 0x34, 0x98, 0x34, 0x98, 0x34, 0xDA, 0x34, 0x98, 0x34, 0x00, 0x00,
    0x00, 0x00, 0x79, 0x2C, 0x98, 0x34, 0xB9, 0x34, 0x98, 0x34, 0x98, 0x34, 0x98, 0x34, 0x98, 0x34,
    0x98, 0x34, 0x98, 0x34, 0xD9, 0x44, 0xBF, 0xF7, 0xFF, 0xFF, 0x7A, 0x65, 0xB8, 0x34, 0xFF, 0xFF,
    0xFF, 0xFF, 0xFF, 0xFF, 0xFF, 0xFF, 0xFF, 0xFF, 0xFF, 0xFF, 0x9A, 0x6D, 0x78, 0x24, 0x98, 0x34,
    0x98, 0x34, 0x98, 0x34, 0xD9, 0x44, 0xBF, 0xF7, 0xFF, 0xFF, 0x7A, 0x65, 0x78, 0x2C, 0x98, 0x34,
    0x98, 0x34, 0x98, 0x34, 0x98, 0x34, 0x98, 0x34, 0x98, 0x34, 0xDA, 0x34, 0x98, 0x34, 0x00, 0x00,
    0x00, 0x00, 0x79, 0x2C, 0x98, 0x34, 0x99, 0x34, 0x98, 0x34, 0x98, 0x34, 0x98, 0x34, 0x98, 0x34,
    0x98, 0x34, 0x78, 0x2C, 0xD9, 0x3C, 0xBF, 0xF7, 0xFF, 0xFF, 0x7A, 0x65, 0x78, 0x2C, 0x5A, 0x65,
    0x7A, 0x65, 0x7A, 0x65, 0x7A, 0x65, 0x7A, 0x65, 0x7A, 0x65, 0xD9, 0x3C, 0x98, 0x2C, 0x98, 0x34,
    0x98, 0x34, 0x78, 0x2C, 0xD9, 0x3C, 0xBF, 0xF7, 0xFF, 0xFF, 0x7A, 0x65, 0x58, 0x24, 0x98, 0x34,
    0x98, 0x34, 0x98, 0x34, 0x98, 0x34, 0x98, 0x34, 0x98, 0x34, 0xD9, 0x34, 0x98, 0x34, 0x00, 0x00,
    0x00, 0x00, 0x77, 0x2C, 0x98, 0x34, 0x98, 0x34, 0x78, 0x34, 0x98, 0x34, 0x98, 0x34, 0x98, 0x34,
    0x98, 0x34, 0x78, 0x2C, 0xB9, 0x3C, 0xBF, 0xF7, 0xFF, 0xFF, 0x7A, 0x65, 0x58, 0x24, 0x78, 0x2C,
    0x58, 0x24, 0x58, 0x24, 0x58, 0x24, 0x58, 0x24, 0x58, 0x24, 0x78, 0x2C, 0x98, 0x34, 0x98, 0x34,
    0x98, 0x34, 0x78, 0x2C, 0xB9, 0x3C, 0xBF, 0xF7, 0xFF, 0xFF, 0x7A, 0x65, 0x58, 0x24, 0x98, 0x34,
    0x98, 0x34, 0x98, 0x34, 0x98, 0x34, 0x98, 0x34, 0x98, 0x34, 0xB9, 0x34, 0x98, 0x34, 0x00, 0x00,
    0x00, 0x00, 0x38, 0x2C, 0x78, 0x2C, 0x98, 0x34, 0x78, 0x34, 0x78, 0x34, 0x78, 0x34, 0x78, 0x34,
    0x78, 0x34, 0x78, 0x2C, 0xB8, 0x3C, 0xBF, 0xEF, 0xFF, 0xFF, 0x5A, 0x65, 0x37, 0x24, 0x78, 0x34,
    0x78, 0x2C, 0x78, 0x2C, 0x78, 0x2C, 0x78, 0x2C, 0x78, 0x2C, 0x78, 0x2C, 0x78, 0x2C, 0x78, 0x2C,
    0x78, 0x2C, 0x58, 0x2C, 0xB8, 0x3C, 0xBF, 0xF7, 0xFF, 0xFF, 0x5A, 0x65, 0x58, 0x24, 0x98, 0x34,
    0x78, 0x34, 0x78, 0x34, 0x78, 0x34, 0x78, 0x34, 0x78, 0x34, 0xB9, 0x34, 0x78, 0x2C, 0x00, 0x00,
    0x00, 0x00, 0xB7, 0x2C, 0x78, 0x2C, 0x98, 0x34, 0x78, 0x2C, 0x78, 0x2C, 0x78, 0x2C, 0x78, 0x2C,
    0x78, 0x34, 0x58, 0x2C, 0xB8, 0x3C, 0xDF, 0xF7, 0xFF, 0xFF, 0x9A, 0x6D, 0x78, 0x34, 0xB8, 0x3C,
    0xB8, 0x3C, 0xB8, 0x3C, 0xB8, 0x3C, 0xB8, 0x3C, 0xB8, 0x3C, 0xB8, 0x3C, 0xB8, 0x3C, 0xB8, 0x3C,
    0xB8, 0x3C, 0x98, 0x3C, 0xD9, 0x4C, 0xBF, 0xF7, 0xFF, 0xFF, 0x7A, 0x65, 0x37, 0x24, 0x78, 0x34,
    0x78, 0x2C, 0x78, 0x2C, 0x78, 0x2C, 0x78, 0x2C, 0x78, 0x2C, 0x99, 0x34, 0x98, 0x34, 0x00, 0x00,
    0xF7, 0x03, 0x00, 0x00, 0x78, 0x2C, 0xB9, 0x34, 0x58, 0x2C, 0x78, 0x2C, 0x78, 0x2C, 0x78, 0x2C,
    0x78, 0x2C, 0x78, 0x2C, 0x78, 0x2C, 0x7E, 0xE7, 0xFF, 0xFF, 0xBF, 0xF7, 0xBF, 0xEF, 0xBF, 0xF7,
    0xBF, 0xF7, 0xBF, 0xF7, 0xBF, 0xF7, 0xBF, 0xF7, 0xBF, 0xF7, 0xBF, 0xF7, 0xBF, 0xF7, 0xBF, 0xF7,
    0xBF, 0xF7, 0xBF, 0xEF, 0xBF, 0xF7, 0xFF, 0xFF, 0xFF, 0xFF, 0xF9, 0x4C, 0x57, 0x24, 0x78, 0x34,
    0x78, 0x2C, 0x78, 0x2C, 0x78, 0x2C, 0x58, 0x2C, 0x98, 0x2C, 0x57, 0x2C, 0xF6, 0x33, 0x00, 0x00,
    0xF7, 0x3D, 0x00, 0x00, 0x57, 0x2C, 0xB9, 0x34, 0x57, 0x2C, 0x58, 0x2C, 0x58, 0x2C, 0x58, 0x2C,
    0x58, 0x2C, 0x78, 0x2C, 0x37, 0x24, 0x19, 0x55, 0x9F, 0xEF, 0xFF, 0xFF, 0xFF, 0xFF, 0xFF, 0xFF,
    0xFF, 0xFF, 0xFF, 0xFF, 0xFF, 0xFF, 0xFF, 0xFF, 0xFF, 0xFF, 0xFF, 0xFF, 0xFF, 0xFF, 0xFF, 0xFF,
    0xFF, 0xFF, 0xFF, 0xFF, 0xFF, 0xFF, 0xFF, 0xFF, 0xDB, 0x7D, 0x37, 0x24, 0x78, 0x34, 0x58, 0x2C,
    0x58, 0x2C, 0x58, 0x2C, 0x58, 0x2C, 0x58, 0x2C, 0xB9, 0x34, 0x78, 0x2C, 0x00, 0x00, 0xF7, 0x3B,
    0xFF, 0x07, 0x1F, 0x00, 0x36, 0x34, 0x58, 0x2C, 0x78, 0x2C, 0x57, 0x2C, 0x57, 0x2C, 0x57, 0x2C,
    0x57, 0x2C, 0x57, 0x2C, 0x58, 0x2C, 0x37, 0x24, 0xB8, 0x3C, 0x59, 0x65, 0x39, 0x65, 0x39, 0x65,
    0x39, 0x65, 0x39, 0x65, 0x39, 0x65, 0x39, 0x65, 0x39, 0x65, 0x39, 0x65, 0x39, 0x65, 0x39, 0x65,
    0x39, 0x65, 0x39, 0x65, 0x59, 0x65, 0xF9, 0x4C, 0x37, 0x24, 0x57, 0x2C, 0x57, 0x2C, 0x57, 0x2C,
    0x57, 0x2C, 0x57, 0x2C, 0x57, 0x2C, 0x57, 0x2C, 0x99, 0x2C, 0x57, 0x2C, 0x00, 0x00, 0x55, 0x55,
    0x00, 0x00, 0x55, 0x55, 0x00, 0x00, 0x37, 0x2C, 0x99, 0x2C, 0x57, 0x2C, 0x57, 0x2C, 0x57, 0x2C,
    0x57, 0x2C, 0x57, 0x2C, 0x57, 0x2C, 0x57, 0x2C, 0x37, 0x24, 0x17, 0x24, 0x17, 0x24, 0x17, 0x24,
    0x17, 0x24, 0x17, 0x24, 0x17, 0x24, 0x17, 0x24, 0x17, 0x24, 0x17, 0x24, 0x17, 0x24, 0x17, 0x24,
    0x17, 0x24, 0x17, 0x24, 0x17, 0x24, 0x37, 0x24, 0x57, 0x2C, 0x57, 0x2C, 0x57, 0x2C, 0x57, 0x2C,
    0x57, 0x2C, 0x57, 0x2C, 0x37, 0x2C, 0x99, 0x2C, 0x57, 0x2C, 0x00, 0x00, 0xB5, 0x02, 0x00, 0x00,
    0x00, 0x00, 0x00, 0x00, 0x5F, 0x55, 0x00, 0x00, 0x57, 0x2C, 0xBA, 0x2C, 0x37, 0x2C, 0x37, 0x2C,
    0x57, 0x2C, 0x57, 0x2C, 0x57, 0x2C, 0x57, 0x2C, 0x57, 0x2C, 0x57, 0x2C, 0x57, 0x2C, 0x57, 0x2C,
    0x57, 0x2C, 0x57, 0x2C, 0x57, 0x2C, 0x57, 0x2C, 0x57, 0x2C, 0x57, 0x2C, 0x57, 0x2C, 0x57, 0x2C,
    0x57, 0x2C, 0x57, 0x2C, 0x57, 0x2C, 0x57, 0x2C, 0x57, 0x2C, 0x57, 0x2C, 0x57, 0x2C, 0x57, 0x2C,
    0x57, 0x2C, 0x37, 0x2C, 0x99, 0x2C, 0x58, 0x2C, 0xF7, 0x2B, 0xFF, 0x03, 0xFF, 0x07, 0x00, 0x00,
    0x00, 0x00, 0x00, 0x00, 0xFF, 0x07, 0xFF, 0x07, 0x38, 0x2C, 0x58, 0x2C, 0x99, 0x2C, 0x37, 0x2C,
    0x37, 0x2C, 0x37, 0x2C, 0x37, 0x2C, 0x37, 0x2C, 0x37, 0x2C, 0x37, 0x2C, 0x37, 0x2C, 0x37, 0x2C,
    0x37, 0x2C, 0x37, 0x2C, 0x37, 0x2C, 0x37, 0x2C, 0x37, 0x2C, 0x37, 0x2C, 0x37, 0x2C, 0x37, 0x2C,
    0x37, 0x2C, 0x37, 0x2C, 0x37, 0x2C, 0x37, 0x2C, 0x37, 0x2C, 0x37, 0x2C, 0x37, 0x2C, 0x37, 0x2C,
    0x37, 0x2C, 0x99, 0x2C, 0x58, 0x2C, 0x37, 0x24, 0x00, 0x00, 0xFF, 0x03, 0x00, 0x00, 0x00, 0x00,
    0x00, 0x00, 0x00, 0x00, 0x00, 0x00, 0xFF, 0x07, 0x00, 0x00, 0x00, 0x00, 0x37, 0x24, 0x58, 0x2C,
    0x79, 0x2C, 0x58, 0x2C, 0x37, 0x2C, 0x37, 0x2C, 0x37, 0x2C, 0x37, 0x2C, 0x37, 0x2C, 0x37, 0x2C,
    0x37, 0x2C, 0x37, 0x2C, 0x37, 0x2C, 0x37, 0x2C, 0x37, 0x2C, 0x37, 0x2C, 0x37, 0x2C, 0x37, 0x2C,
    0x37, 0x2C, 0x37, 0x2C, 0x37, 0x2C, 0x37, 0x2C, 0x37, 0x2C, 0x37, 0x2C, 0x57, 0x2C, 0x78, 0x2C,
    0x78, 0x2C, 0x58, 0x2C, 0xD5, 0x2B, 0x00, 0x00, 0xFF, 0x03, 0x00, 0x00, 0x00, 0x00, 0x00, 0x00,
    0x00, 0x00, 0x00, 0x00, 0x00, 0x00, 0x00, 0x00, 0xFF, 0x07, 0xFF, 0x07, 0x00, 0x00, 0x37, 0x2C,
    0x58, 0x2C, 0x37, 0x2C, 0x37, 0x24, 0x58, 0x2C, 0x58, 0x2C, 0x58, 0x2C, 0x58, 0x2C, 0x58, 0x2C,
    0x58, 0x2C, 0x58, 0x2C, 0x58, 0x2C, 0x58, 0x2C, 0x58, 0x2C, 0x58, 0x2C, 0x58, 0x2C, 0x58, 0x2C,
    0x58, 0x2C, 0x58, 0x2C, 0x58, 0x2C, 0x58, 0x2C, 0x58, 0x2C, 0x57, 0x2C, 0x37, 0x24, 0x58, 0x2C,
    0x37, 0x2C, 0x00, 0x00, 0x00, 0x00, 0xFF, 0x03, 0x00, 0x00, 0x00, 0x00, 0x00, 0x00, 0x00, 0x00,
    0x00, 0x00, 0x00, 0x00, 0x00, 0x00, 0x00, 0x00, 0x00, 0x00, 0x00, 0x00, 0x55, 0x05, 0x00, 0x00,
    0x00, 0x00, 0xB5, 0x02, 0x78, 0x24, 0x58, 0x24, 0x16, 0x24, 0x17, 0x24, 0x17, 0x24, 0x17, 0x24,
    0x17, 0x24, 0x17, 0x24, 0x17, 0x24, 0x17, 0x24, 0x17, 0x24, 0x17, 0x24, 0x17, 0x24, 0x17, 0x24,
    0x17, 0x24, 0x17, 0x24, 0x17, 0x24, 0x16, 0x24, 0x37, 0x24, 0x57, 0x24, 0x78, 0x1C, 0x00, 0x00,
    0x00, 0x00, 0xEF, 0x03, 0xFF, 0x07, 0x00, 0x00, 0x00, 0x00, 0x00, 0x00, 0x00, 0x00, 0x00, 0x00,
    0x00, 0x00, 0x00, 0x00, 0x00, 0x00, 0x00, 0x00, 0x00, 0x00, 0x00, 0x00, 0x00, 0x00, 0xFF, 0x03,
    0xF7, 0x3B, 0x00, 0x00, 0x00, 0x00, 0x00, 0x00, 0x00, 0x00, 0x00, 0x00, 0x00, 0x00, 0x00, 0x00,
    0x00, 0x00, 0x00, 0x00, 0x00, 0x00, 0x00, 0x00, 0x00, 0x00, 0x00, 0x00, 0x00, 0x00, 0x00, 0x00,
    0x00, 0x00, 0x00, 0x00, 0x00, 0x00, 0x00, 0x00, 0x00, 0x00, 0x00, 0x00, 0x00, 0x00, 0xF7, 0x3B,
    0x55, 0x05, 0x00, 0x00, 0x00, 0x00, 0x00, 0x00, 0x00, 0x00, 0x00, 0x00, 0x00, 0x00, 0x00, 0x00,
    0x00, 0x00, 0x00, 0x00, 0x00, 0x00, 0x00, 0x01, 0x03, 0x04, 0x00, 0x00, 0x00, 0x00, 0x00, 0x00,
    0x00, 0x00, 0x00, 0x00, 0x00, 0x00, 0x00, 0x00, 0x00, 0x00, 0x00, 0x00, 0x00, 0x00, 0x03, 0x04,
    0x01, 0x00, 0x00, 0x00, 0x00, 0x00, 0x00, 0x00, 0x00, 0x00, 0x00, 0x00, 0x00, 0x00, 0x03, 0x00,
    0x00, 0x00, 0x03, 0x10, 0x10, 0x10, 0x10, 0x10, 0x10, 0x10, 0x10, 0x10, 0x10, 0x10, 0x10, 0x10,
    0x10, 0x10, 0x10, 0x10, 0x10, 0x09, 0x00, 0x00, 0x00, 0x03, 0x00, 0x00, 0x00, 0x00, 0x00, 0x00,
    0x00, 0x00, 0x00, 0x00, 0x00, 0x04, 0x00, 0x06, 0x4F, 0x9F, 0xD6, 0xEF, 0xEF, 0xF0, 0xF0, 0xF0,
    0xF0, 0xF0, 0xF0, 0xF0, 0xF0, 0xF0, 0xF0, 0xF0, 0xF0, 0xF0, 0xF0, 0xEF, 0xEF, 0xE2, 0xAE, 0x61,
    0x16, 0x00, 0x02, 0x01, 0x00, 0x00, 0x00, 0x00, 0x00, 0x00, 0x00, 0x00, 0x01, 0x00, 0x47, 0xD4,
    0xFF, 0xFF, 0xFF, 0xFF, 0xFF, 0xFF, 0xFF, 0xFF, 0xFF, 0xFF, 0xFF, 0xFF, 0xFF, 0xFF, 0xFF, 0xFF,
    0xFF, 0xFF, 0xFF, 0xFF, 0xFF, 0xFF, 0xFF, 0xFF, 0xE9, 0x6D, 0x00, 0x00, 0x01, 0x00, 0x00, 0x00,
    0x00, 0x00, 0x00, 0x03, 0x01, 0x7F, 0xFF, 0xFF, 0xFC, 0xFB, 0xFD, 0xFE, 0xFE, 0xFE, 0xFE, 0xFE,
    0xFE, 0xFE, 0xFE, 0xFE, 0xFE, 0xFE, 0xFE, 0xFE, 0xFE, 0xFE, 0xFE, 0xFE, 0xFE, 0xFD, 0xFC, 0xFB,
    0xFF, 0xFF, 0xA9, 0x13, 0x01, 0x01, 0x00, 0x00, 0x00, 0x00, 0x04, 0x00, 0x80, 0xFF, 0xFC, 0xFD,
    0xFF, 0xFF, 0xFF, 0xFF, 0xFF, 0xFF, 0xFF, 0xFF, 0xFF, 0xFF, 0xFF, 0xFF, 0xFF, 0xFF, 0xFF, 0xFF,
    0xFF, 0xFF, 0xFF, 0xFF, 0xFF, 0xFF, 0xFF, 0xFF, 0xFE, 0xFA, 0xFF, 0xBB, 0x01, 0x03, 0x00, 0x00,
    0x00, 0x03, 0x00, 0x44, 0xFE, 0xFA, 0xFE, 0xFF, 0xFF, 0xFF, 0xFF, 0xFF, 0xFF, 0xFF, 0xFF, 0xFF,
    0xFF, 0xFF, 0xFF, 0xFF, 0xFF, 0xFF, 0xFF, 0xFF, 0xFF, 0xFF, 0xFF, 0xFF, 0xFF, 0xFF, 0xFF, 0xFF,
    0xFF, 0xFF, 0xF9, 0xFF, 0x7F, 0x00, 0x03, 0x00, 0x00, 0x01, 0x09, 0xD9, 0xFF, 0xFD, 0xFF, 0xFF,
    0xFF, 0xFF, 0xFF, 0xFF, 0xFF, 0xFF, 0xFF, 0xFF, 0xFF, 0xFF, 0xFF, 0xFF, 0xFF, 0xFF, 0xFF, 0xFF,
    0xFF, 0xFF, 0xFF, 0xFF, 0xFF, 0xFF, 0xFF, 0xFF, 0xFF, 0xFF, 0xFE, 0xFD, 0xFA, 0x2A, 0x00, 0x02,
    0x04, 0x00, 0x4C, 0xFF, 0xFC, 0xFF, 0xFF, 0xFF, 0xFF, 0xFF, 0xFF, 0xFF, 0xFF, 0xFF, 0xFF, 0xFF,
    0xFF, 0xFF, 0xFF, 0xFF, 0xFF, 0xFF, 0xFF, 0xFF, 0xFF, 0xFF, 0xFF, 0xFF, 0xFF, 0xFF, 0xFF, 0xFF,
    0xFF, 0xFF, 0xFF, 0xFB, 0xFF, 0x8C, 0x00, 0x05, 0x04, 0x00, 0x9F, 0xFE, 0xFB, 0xFF, 0xFF, 0xFF,
    0xFF, 0xFF, 0xFF, 0xFF, 0xFF, 0xFF, 0xFF, 0xFF, 0xFF, 0xFF, 0xFF, 0xFF, 0xFF, 0xFF, 0xFF, 0xFF,
    0xFF, 0xFF, 0xFF, 0xFF, 0xFF, 0xFF, 0xFF, 0xFF, 0xFF, 0xFF, 0xFF, 0xFD, 0xFF, 0xD9, 0x04, 0x01,
    0x01, 0x08, 0xDB, 0xFF, 0xFD, 0xFF, 0xFF, 0xFF, 0xFF, 0xFF, 0xFF, 0xFF, 0xFF, 0xFF, 0xFF, 0xFF,
    0xFF, 0xFF, 0xFF, 0xFF, 0xFF, 0xFF, 0xFF, 0xFF, 0xFF, 0xFF, 0xFF, 0xFF, 0xFF, 0xFF, 0xFF, 0xFF,
    0xFF, 0xFF, 0xFF, 0xFF, 0xFE, 0xFA, 0x29, 0x00, 0x00, 0x11, 0xF3, 0xFF, 0xFE, 0xFF, 0xFF, 0xFF,
    0xFF, 0xFF, 0xFF, 0xFF, 0xFF, 0xFF, 0xFF, 0xFF, 0xFF, 0xFF, 0xFF, 0xFF, 0xFF, 0xFF, 0xFF, 0xFF,
    0xFF, 0xFF, 0xFF, 0xFF, 0xFF, 0xFF, 0xFF, 0xFF, 0xFF, 0xFF, 0xFF, 0xFF, 0xFD, 0xFF, 0x43, 0x00,
    0x00, 0x10, 0xEF, 0xFF, 0xFE, 0xFF, 0xFF, 0xFF, 0xFF, 0xFF, 0xFF, 0xFF, 0xFF, 0xFF, 0xFF, 0xFF,
    0xFF, 0xFF, 0xFF, 0xFF, 0xFF, 0xFF, 0xFF, 0xFF, 0xFF, 0xFF, 0xFF, 0xFF, 0xFF, 0xFF, 0xFF, 0xFF,
    0xFF, 0xFF, 0xFF, 0xFF, 0xFD, 0xFF, 0x3F, 0x00, 0x00, 0x10, 0xF0, 0xFF, 0xFE, 0xFF, 0xFF, 0xFF,
    0xFF, 0xFF, 0xFF, 0xFF, 0xFF, 0xFF, 0xFF, 0xFF, 0xFF, 0xFF, 0xFF, 0xFF, 0xFF, 0xFF, 0xFF, 0xFF,
    0xFF, 0xFF, 0xFF, 0xFF, 0xFF, 0xFF, 0xFF, 0xFF, 0xFF, 0xFF, 0xFF, 0xFF, 0xFD, 0xFF, 0x40, 0x00,
    0x00, 0x10, 0xF0, 0xFF, 0xFE, 0xFF, 0xFF, 0xFF, 0xFF, 0xFF, 0xFF, 0xFF, 0xFF, 0xFF, 0xFF, 0xFF,
    0xFF, 0xFF, 0xFF, 0xFF, 0xFF, 0xFF, 0xFF, 0xFF, 0xFF, 0xFF, 0xFF, 0xFF, 0xFF, 0xFF, 0xFF, 0xFF,
    0xFF, 0xFF, 0xFF, 0xFF, 0xFD, 0xFF, 0x40, 0x00, 0x00, 0x10, 0xF0, 0xFF, 0xFE, 0xFF, 0xFF, 0xFF,
    0xFF, 0xFF, 0xFF, 0xFF, 0xFF, 0xFF, 0xFF, 0xFF, 0xFF, 0xFF, 0xFF, 0xFF, 0xFF, 0xFF, 0xFF, 0xFF,
    0xFF, 0xFF, 0xFF, 0xFF, 0xFF, 0xFF, 0xFF, 0xFF, 0xFF, 0xFF, 0xFF, 0xFF, 0xFD, 0xFF, 0x40, 0x00,
    0x00, 0x10, 0xF0, 0xFF, 0xFE, 0xFF, 0xFF, 0xFF, 0xFF, 0xFF, 0xFF, 0xFF, 0xFF, 0xFF, 0xFF, 0xFF,
    0xFF, 0xFF, 0xFF, 0xFF, 0xFF, 0xFF, 0xFF, 0xFF, 0xFF, 0xFF, 0xFF, 0xFF, 0xFF, 0xFF, 0xFF, 0xFF,
    0xFF, 0xFF, 0xFF, 0xFF, 0xFD, 0xFF, 0x40, 0x00, 0x00, 0x10, 0xF0, 0xFF, 0xFE, 0xFF, 0xFF, 0xFF,
    0xFF, 0xFF, 0xFF, 0xFF, 0xFF, 0xFF, 0xFF, 0xFF, 0xFF, 0xFF, 0xFF, 0xFF, 0xFF, 0xFF, 0xFF, 0xFF,
    0xFF, 0xFF, 0xFF, 0xFF, 0xFF, 0xFF, 0xFF, 0xFF, 0xFF, 0xFF, 0xFF, 0xFF, 0xFD, 0xFF, 0x40, 0x00,
    0x00, 0x10, 0xF0, 0xFF, 0xFE, 0xFF, 0xFF, 0xFF, 0xFF, 0xFF, 0xFF, 0xFF, 0xFF, 0xFF, 0xFF, 0xFF,
    0xFF, 0xFF, 0xFF, 0xFF, 0xFF, 0xFF, 0xFF, 0xFF, 0xFF, 0xFF, 0xFF, 0xFF, 0xFF, 0xFF, 0xFF, 0xFF,
    0xFF, 0xFF, 0xFF, 0xFF, 0xFD, 0xFF, 0x40, 0x00, 0x00, 0x10, 0xF0, 0xFF, 0xFE, 0xFF, 0xFF, 0xFF,
    0xFF, 0xFF, 0xFF, 0xFF, 0xFF, 0xFF, 0xFF, 0xFF, 0xFF, 0xFF, 0xFF, 0xFF, 0xFF, 0xFF, 0xFF, 0xFF,
    0xFF, 0xFF, 0xFF, 0xFF, 0xFF, 0xFF, 0xFF, 0xFF, 0xFF, 0xFF, 0xFF, 0xFF, 0xFD, 0xFF, 0x40, 0x00,
    0x00, 0x10, 0xF0, 0xFF, 0xFE, 0xFF, 0xFF, 0xFF, 0xFF, 0xFF, 0xFF, 0xFF, 0xFF, 0xFF, 0xFF, 0xFF,
    0xFF, 0xFF, 0xFF, 0xFF, 0xFF, 0xFF, 0xFF, 0xFF, 0xFF, 0xFF, 0xFF, 0xFF, 0xFF, 0xFF, 0xFF, 0xFF,
    0xFF, 0xFF, 0xFF, 0xFF, 0xFD, 0xFF, 0x40, 0x00, 0x00, 0x10, 0xF0, 0xFF, 0xFE, 0xFF, 0xFF, 0xFF,
    0xFF, 0xFF, 0xFF, 0xFF, 0xFF, 0xFF, 0xFF, 0xFF, 0xFF, 0xFF, 0xFF, 0xFF, 0xFF, 0xFF, 0xFF, 0xFF,
    0xFF, 0xFF, 0xFF, 0xFF, 0xFF, 0xFF, 0xFF, 0xFF, 0xFF, 0xFF, 0xFF, 0xFF, 0xFD, 0xFF, 0x40, 0x00,
    0x00, 0x10, 0xF0, 0xFF, 0xFE, 0xFF, 0xFF, 0xFF, 0xFF, 0xFF, 0xFF, 0xFF, 0xFF, 0xFF, 0xFF, 0xFF,
    0xFF, 0xFF, 0xFF, 0xFF, 0xFF, 0xFF, 0xFF, 0xFF, 0xFF, 0xFF, 0xFF, 0xFF, 0xFF, 0xFF, 0xFF, 0xFF,
    0xFF, 0xFF, 0xFF, 0xFF, 0xFD, 0xFF, 0x40, 0x00, 0x00, 0x10, 0xF0, 0xFF, 0xFE, 0xFF, 0xFF, 0xFF,
    0xFF, 0xFF, 0xFF, 0xFF, 0xFF, 0xFF, 0xFF, 0xFF, 0xFF, 0xFF, 0xFF, 0xFF, 0xFF, 0xFF, 0xFF, 0xFF,
    0xFF, 0xFF, 0xFF, 0xFF, 0xFF, 0xFF, 0xFF, 0xFF, 0xFF, 0xFF, 0xFF, 0xFF, 0xFD, 0xFF, 0x40, 0x00,
    0x00, 0x10, 0xF0, 0xFF, 0xFE, 0xFF, 0xFF, 0xFF, 0xFF, 0xFF, 0xFF, 0xFF, 0xFF, 0xFF, 0xFF, 0xFF,
    0xFF, 0xFF, 0xFF, 0xFF, 0xFF, 0xFF, 0xFF, 0xFF, 0xFF, 0xFF, 0xFF, 0xFF, 0xFF, 0xFF, 0xFF, 0xFF,
    0xFF, 0xFF, 0xFF, 0xFF, 0xFD, 0xFF, 0x40, 0x00, 0x00, 0x10, 0xF0, 0xFF, 0xFE, 0xFF, 0xFF, 0xFF,
    0xFF, 0xFF, 0xFF, 0xFF, 0xFF, 0xFF, 0xFF, 0xFF, 0xFF, 0xFF, 0xFF, 0xFF, 0xFF, 0xFF, 0xFF, 0xFF,
    0xFF, 0xFF, 0xFF, 0xFF, 0xFF, 0xFF, 0xFF, 0xFF, 0xFF, 0xFF, 0xFF, 0xFF, 0xFD, 0xFF, 0x40, 0x00,
    0x00, 0x10, 0xF0, 0xFF, 0xFE, 0xFF, 0xFF, 0xFF, 0xFF, 0xFF, 0xFF, 0xFF, 0xFF, 0xFF, 0xFF, 0xFF,
    0xFF, 0xFF, 0xFF, 0xFF, 0xFF, 0xFF, 0xFF, 0xFF, 0xFF, 0xFF, 0xFF, 0xFF, 0xFF, 0xFF, 0xFF, 0xFF,
    0xFF, 0xFF, 0xFF, 0xFF, 0xFD, 0xFF, 0x40, 0x00, 0x00, 0x10, 0xEF, 0xFF, 0xFE, 0xFF, 0xFF, 0xFF,
    0xFF, 0xFF, 0xFF, 0xFF, 0xFF, 0xFF, 0xFF, 0xFF, 0xFF, 0xFF, 0xFF, 0xFF, 0xFF, 0xFF, 0xFF, 0xFF,
    0xFF, 0xFF, 0xFF, 0xFF, 0xFF, 0xFF, 0xFF, 0xFF, 0xFF, 0xFF, 0xFF, 0xFF, 0xFD, 0xFF, 0x3F, 0x00,
    0x00, 0x11, 0xF2, 0xFF, 0xFE, 0xFF, 0xFF, 0xFF, 0xFF, 0xFF, 0xFF, 0xFF, 0xFF, 0xFF, 0xFF, 0xFF,
    0xFF, 0xFF, 0xFF, 0xFF, 0xFF, 0xFF, 0xFF, 0xFF, 0xFF, 0xFF, 0xFF, 0xFF, 0xFF, 0xFF, 0xFF, 0xFF,
    0xFF, 0xFF, 0xFF, 0xFF, 0xFD, 0xFF, 0x42, 0x00, 0x01, 0x0C, 0xE5, 0xFF, 0xFE, 0xFF, 0xFF, 0xFF,
    0xFF, 0xFF, 0xFF, 0xFF, 0xFF, 0xFF, 0xFF, 0xFF, 0xFF, 0xFF, 0xFF, 0xFF, 0xFF, 0xFF, 0xFF, 0xFF,
    0xFF, 0xFF, 0xFF, 0xFF, 0xFF, 0xFF, 0xFF, 0xFF, 0xFF, 0xFF, 0xFF, 0xFF, 0xFE, 0xFD, 0x35, 0x00,
    0x04, 0x00, 0xB0, 0xFE, 0xFC, 0xFF, 0xFF, 0xFF, 0xFF, 0xFF, 0xFF, 0xFF, 0xFF, 0xFF, 0xFF, 0xFF,
    0xFF, 0xFF, 0xFF, 0xFF, 0xFF, 0xFF, 0xFF, 0xFF, 0xFF, 0xFF, 0xFF, 0xFF, 0xFF, 0xFF, 0xFF, 0xFF,
    0xFF, 0xFF, 0xFF, 0xFE, 0xFF, 0xE6, 0x0A, 0x01, 0x04, 0x00, 0x62, 0xFF, 0xFC, 0xFF, 0xFF, 0xFF,
    0xFF, 0xFF, 0xFF, 0xFF, 0xFF, 0xFF, 0xFF, 0xFF, 0xFF, 0xFF, 0xFF, 0xFF, 0xFF, 0xFF, 0xFF, 0xFF,
    0xFF, 0xFF, 0xFF, 0xFF, 0xFF, 0xFF, 0xFF, 0xFF, 0xFF, 0xFF, 0xFF, 0xFB, 0xFE, 0xA2, 0x00, 0x04,
    0x01, 0x01, 0x15, 0xEE, 0xFD, 0xFE, 0xFF, 0xFF, 0xFF, 0xFF, 0xFF, 0xFF, 0xFF, 0xFF, 0xFF, 0xFF,
    0xFF, 0xFF, 0xFF, 0xFF, 0xFF, 0xFF, 0xFF, 0xFF, 0xFF, 0xFF, 0xFF, 0xFF, 0xFF, 0xFF, 0xFF, 0xFF,
    0xFF, 0xFF, 0xFF, 0xFC, 0xFF, 0x42, 0x00, 0x03, 0x00, 0x03, 0x00, 0x6B, 0xFF, 0xFA, 0xFF, 0xFF,
    0xFF, 0xFF, 0xFF, 0xFF, 0xFF, 0xFF, 0xFF, 0xFF, 0xFF, 0xFF, 0xFF, 0xFF, 0xFF, 0xFF, 0xFF, 0xFF,
    0xFF, 0xFF, 0xFF, 0xFF, 0xFF, 0xFF, 0xFF, 0xFF, 0xFF, 0xFF, 0xFA, 0xFF, 0xAA, 0x00, 0x03, 0x00,
    0x00, 0x00, 0x03, 0x00, 0xAC, 0xFF, 0xF9, 0xFE, 0xFF, 0xFF, 0xFF, 0xFF, 0xFF, 0xFF, 0xFF, 0xFF,
    0xFF, 0xFF, 0xFF, 0xFF, 0xFF, 0xFF, 0xFF, 0xFF, 0xFF, 0xFF, 0xFF, 0xFF, 0xFF, 0xFF, 0xFF, 0xFF,
    0xFF, 0xFA, 0xFF, 0xDE, 0x12, 0x02, 0x01, 0x00, 0x00, 0x00, 0x01, 0x01, 0x11, 0xB8, 0xFF, 0xFF,
    0xFB, 0xFD, 0xFE, 0xFF, 0xFF, 0xFF, 0xFF, 0xFF, 0xFF, 0xFF, 0xFF, 0xFF, 0xFF, 0xFF, 0xFF, 0xFF,
    0xFF, 0xFF, 0xFF, 0xFF, 0xFF, 0xFF, 0xFD, 0xFB, 0xFD, 0xFF, 0xDA, 0x34, 0x00, 0x02, 0x00, 0x00,
    0x00, 0x00, 0x00, 0x01, 0x00, 0x00, 0x80, 0xF9, 0xFF, 0xFF, 0xFF, 0xFD, 0xFD, 0xFD, 0xFD, 0xFD,
    0xFD, 0xFD, 0xFD, 0xFD, 0xFD, 0xFD, 0xFD, 0xFD, 0xFD, 0xFD, 0xFD, 0xFD, 0xFD, 0xFE, 0xFF, 0xFF,
    0xFF, 0xA7, 0x13, 0x00, 0x02, 0x00, 0x00, 0x00, 0x00, 0x00, 0x00, 0x00, 0x01, 0x01, 0x00, 0x2C,
    0x8C, 0xD6, 0xFD, 0xFF, 0xFF, 0xFF, 0xFF, 0xFF, 0xFF, 0xFF, 0xFF, 0xFF, 0xFF, 0xFF, 0xFF, 0xFF,
    0xFF, 0xFF, 0xFF, 0xFF, 0xFF, 0xFF, 0xE2, 0x9F, 0x46, 0x00, 0x00, 0x02, 0x00, 0x00, 0x00, 0x00,
    0x00, 0x00, 0x00, 0x00, 0x00, 0x00, 0x03, 0x00, 0x00, 0x03, 0x28, 0x40, 0x40, 0x40, 0x40, 0x40,
    0x40, 0x40, 0x40, 0x40, 0x40, 0x40, 0x40, 0x40, 0x40, 0x40, 0x40, 0x40, 0x40, 0x34, 0x09, 0x00,
    0x00, 0x02, 0x01, 0x00, 0x00, 0x00, 0x00, 0x00, 0x00, 0x00, 0x00, 0x00, 0x00, 0x00, 0x00, 0x02,
    0x04, 0x00, 0x00, 0x00, 0x00, 0x00, 0x00, 0x00, 0x00, 0x00, 0x00, 0x00, 0x00, 0x00, 0x00, 0x00,
    0x00, 0x00, 0x00, 0x00, 0x00, 0x00, 0x00, 0x04, 0x03, 0x00, 0x00, 0x00, 0x00, 0x00, 0x00, 0x00,
};

const lv_image_dsc_t icon_home_editor = {
    .header.magic = LV_IMAGE_HEADER_MAGIC,
    .header.cf = LV_COLOR_FORMAT_RGB565A8,
    .header.w = 40,
    .header.h = 40,
    .data_size = 4800,
    .data = icon_home_editor_map,
};

const LV_ATTRIBUTE_MEM_ALIGN uint8_t icon_home_calc_map[] = {
    0x00, 0x00, 0x00, 0x00, 0x00, 0x00, 0x00, 0x00, 0x00, 0x00, 0x00, 0x00, 0x00, 0x00, 0xFF, 0x07,
    0xF5, 0x57, 0xF7, 0x3D, 0x00, 0x00, 0x00, 0x00, 0x00, 0x00, 0x00, 0x00, 0x00, 0x00, 0x00, 0x00,
    0x00, 0x00, 0x00, 0x00, 0x00, 0x00, 0x00, 0x00, 0x00, 0x00, 0x00, 0x00, 0x00, 0x00, 0x00, 0x00,
    0x00, 0x00, 0x00, 0x00, 0x00, 0x00, 0x00, 0x00, 0x00, 0x00, 0x00, 0x00, 0x55, 0x55, 0xF7, 0x3D,
    0xFF, 0x07, 0x00, 0x00, 0x00, 0x00, 0x00, 0x00, 0x00, 0x00, 0x00, 0x00, 0x00, 0x00, 0x00, 0x00,
    0x00, 0x00, 0x00, 0x00, 0x00, 0x00, 0x00, 0x00, 0x00, 0x00, 0x00, 0x00, 0x55, 0x05, 0x00, 0x00,
    0x00, 0x00, 0x00, 0x00, 0x55, 0x55, 0xF7, 0x2E, 0xF5, 0x2D, 0xF5, 0x2D, 0xF5, 0x2D, 0xF5, 0x2D,
    0xF5, 0x2D, 0xF5, 0x2D, 0xF5, 0x2D, 0xF5, 0x2D, 0xF5, 0x2D, 0xF5, 0x2D, 0xF5, 0x2D, 0xF5, 0x2D,
    0xF5, 0x2D, 0xF5, 0x2D, 0xF5, 0x2D, 0xF5, 0x2D, 0x77, 0x2E, 0x38, 0x3E, 0x00, 0x00, 0x00, 0x00,
    0x00, 0x00, 0x55, 0x55, 0x00, 0x00, 0x00, 0x00, 0x00, 0x00, 0x00, 0x00, 0x00, 0x00, 0x00, 0x00,
    0x00, 0x00, 0x00, 0x00, 0x00, 0x00, 0x00, 0x00, 0x00, 0x00, 0xF7, 0x3D, 0x00, 0x00, 0x55, 0x2D,
    0x56, 0x2E, 0x36, 0x2E, 0x36, 0x2E, 0x36, 0x2E, 0x15, 0x2E, 0x15, 0x2E, 0x15, 0x2E, 0x15, 0x2E,
    0x15, 0x2E, 0x15, 0x2E, 0x15, 0x2E, 0x15, 0x2E, 0x15, 0x2E, 0x15, 0x2E, 0x15, 0x2E, 0x15, 0x2E,
    0x15, 0x2E, 0x15, 0x2E, 0x15, 0x2E, 0x15, 0x2E, 0x15, 0x2E, 0x36, 0x2E, 0x36, 0x2E, 0x56, 0x2E,
    0x35, 0x2E, 0x00, 0x00, 0xEF, 0x03, 0xFF, 0x07, 0x00, 0x00, 0x00, 0x00, 0x00, 0x00, 0x00, 0x00,
    0x00, 0x00, 0x00, 0x00, 0x00, 0x00, 0x00, 0x00, 0xFF, 0x07, 0x00, 0x00, 0xF5, 0x2D, 0x36, 0x2E,
    0x76, 0x2E, 0x76, 0x2E, 0x36, 0x2E, 0x15, 0x2E, 0x36, 0x2E, 0x35, 0x2E, 0x35, 0x2E, 0x35, 0x2E,
    0x35, 0x2E, 0x35, 0x2E, 0x35, 0x2E, 0x35, 0x2E, 0x35, 0x2E, 0x35, 0x2E, 0x35, 0x2E, 0x35, 0x2E,
    0x35, 0x2E, 0x35, 0x2E, 0x35, 0x2E, 0x36, 0x2E, 0x15, 0x2E, 0x36, 0x2E, 0x76, 0x2E, 0x77, 0x2E,
    0x36, 0x2E, 0x35, 0x2E, 0x00, 0x00, 0x00, 0x00, 0xFF, 0x07, 0x00, 0x00, 0x00, 0x00, 0x00, 0x00,
    0x00, 0x00, 0x00, 0x00, 0x00, 0x00, 0x55, 0x05, 0xFF, 0x07, 0x15, 0x2E, 0x36, 0x2E, 0x36, 0x2E,
    0xF5, 0x2D, 0xF5, 0x2D, 0xF5, 0x2D, 0xF5, 0x2D, 0xF5, 0x2D, 0xF5, 0x2D, 0xF5, 0x2D, 0xF5, 0x2D,
    0xF5, 0x2D, 0xF5, 0x2D, 0xF5, 0x2D, 0xF5, 0x2D, 0xF5, 0x2D, 0xF5, 0x2D, 0xF5, 0x2D, 0xF5, 0x2D,
    0xF5, 0x2D, 0xF5, 0x2D, 0xF5, 0x2D, 0xF5, 0x2D, 0xF5, 0x2D, 0xF5, 0x2D, 0xF5, 0x2D, 0xF5, 0x2D,
    0x15, 0x2E, 0x77, 0x2E, 0x35, 0x2E, 0xD5, 0x2D, 0xFF, 0x07, 0xFF, 0x07, 0x00, 0x00, 0x00, 0x00,
    0x00, 0x00, 0x00, 0x00, 0xF7, 0x3D, 0x00, 0x00, 0xD5, 0x2D, 0x97, 0x36, 0xF5, 0x2D, 0xF5, 0x2D,
    0xF5, 0x2D, 0xF5, 0x2D, 0xF5, 0x2D, 0xF5, 0x2D, 0xF5, 0x2D, 0xF5, 0x2D, 0xF5, 0x2D, 0xF5, 0x2D,
    0xF5, 0x2D, 0xF5, 0x2D, 0xF5, 0x2D, 0xF5, 0x2D, 0xF5, 0x2D, 0xF5, 0x2D, 0xF5, 0x2D, 0xF5, 0x2D,
    0xF5, 0x2D, 0xF5, 0x2D, 0xF5, 0x2D, 0xF5, 0x2D, 0xF5, 0x2D, 0xF5, 0x2D, 0xF5, 0x2D, 0xF5, 0x2D,
    0xF5, 0x2D, 0xF5, 0x2D, 0x97, 0x2E, 0xF5, 0x2D, 0x1F, 0x00, 0x55, 0x05, 0x00, 0x00, 0x00, 0x00,
    0x00, 0x00, 0x55, 0x05, 0x00, 0x00, 0xD5, 0x2D, 0x36, 0x2E, 0xF5, 0x2D, 0xF5, 0x2D, 0xF5, 0x2D,
    0xF5, 0x2D, 0xF5, 0x2D, 0xF5, 0x2D, 0xF5, 0x2D, 0xF5, 0x2D, 0xF5, 0x25, 0xF5, 0x25, 0xF5, 0x25,
    0xF5, 0x25, 0xF5, 0x25, 0xF5, 0x25, 0xF5, 0x25, 0xF5, 0x25, 0xF5, 0x25, 0xF5, 0x25, 0xF5, 0x25,
    0xF5, 0x25, 0xF5, 0x25, 0xF5, 0x25, 0xF5, 0x25, 0xF5, 0x2D, 0xF5, 0x2D, 0xF5, 0x2D, 0xF5, 0x2D,
    0xF5, 0x2D, 0xF5, 0x2D, 0xF5, 0x2D, 0x76, 0x2E, 0xF5, 0x2D, 0x00, 0x00, 0x55, 0x05, 0x00, 0x00,
    0x00, 0x00, 0xFF, 0x07, 0x35, 0x3E, 0xF5, 0x2D, 0x35, 0x2E, 0xD5, 0x2D, 0xF5, 0x2D, 0xF5, 0x2D,
    0xF5, 0x2D, 0xF5, 0x2D, 0xF5, 0x2D, 0xD4, 0x1D, 0xF5, 0x35, 0x15, 0x36, 0x15, 0x36, 0x15, 0x36,
    0x15, 0x36, 0x15, 0x36, 0x15, 0x36, 0x15, 0x36, 0x15, 0x36, 0x15, 0x36, 0x15, 0x36, 0x15, 0x36,
    0x15, 0x36, 0x15, 0x36, 0x15, 0x36, 0x15, 0x36, 0xD4, 0x1D, 0xD4, 0x25, 0xF5, 0x2D, 0xF5, 0x2D,
    0xF5, 0x2D, 0xF5, 0x2D, 0xF5, 0x2D, 0xF5, 0x2D, 0x15, 0x2E, 0xB5, 0x2D, 0x00, 0x00, 0xFF, 0x7F,
    0xEF, 0x3B, 0x00, 0x00, 0xD4, 0x2D, 0x36, 0x2E, 0xD4, 0x2D, 0xF5, 0x2D, 0xD5, 0x2D, 0xF5, 0x2D,
    0xF5, 0x2D, 0xF5, 0x2D, 0xD4, 0x25, 0xFA, 0x8E, 0xBE, 0xE7, 0xDF, 0xEF, 0xDF, 0xEF, 0xDF, 0xEF,
    0xDF, 0xEF, 0xDF, 0xEF, 0xDF, 0xEF, 0xDF, 0xEF, 0xDF, 0xEF, 0xDF, 0xEF, 0xDF, 0xEF, 0xDF, 0xEF,
    0xDF, 0xEF, 0xDF, 0xEF, 0xDF, 0xEF, 0xDE, 0xEF, 0x3B, 0xAF, 0xF5, 0x35, 0xD4, 0x25, 0xF5, 0x2D,
    0xF5, 0x2D, 0xD5, 0x2D, 0xF5, 0x2D, 0xD4, 0x2D, 0x56, 0x2E, 0xD4, 0x2D, 0x00, 0x00, 0xD3, 0x34,
    0xF7, 0x3D, 0x00, 0x00, 0xD4, 0x2D, 0x36, 0x2E, 0xD4, 0x2D, 0xD4, 0x2D, 0xD4, 0x2D, 0xD4, 0x2D,
    0xF5, 0x2D, 0xB4, 0x1D, 0xDA, 0x96, 0xFF, 0xFF, 0xFF, 0xFF, 0xFF, 0xFF, 0xFF, 0xFF, 0xFF, 0xFF,
    0xFF, 0xFF, 0xFF, 0xFF, 0xFF, 0xFF, 0xFF, 0xFF, 0xFF, 0xFF, 0xFF, 0xFF, 0xFF, 0xFF, 0xFF, 0xFF,
    0xFF, 0xFF, 0xFF, 0xFF, 0xFF, 0xFF, 0xFF, 0xFF, 0xFF, 0xFF, 0x7C, 0xC7, 0xD4, 0x25, 0xD5, 0x2D,
    0xD4, 0x2D, 0xD4, 0x2D, 0xD4, 0x2D, 0xD4, 0x2D, 0x15, 0x2E, 0xD4, 0x25, 0xF7, 0x3D, 0xFF, 0x07,
    0xFF, 0x07, 0xF3, 0x1D, 0xD4, 0x25, 0x15, 0x2E, 0xD4, 0x2D, 0xD4, 0x2D, 0xD4, 0x2D, 0xD4, 0x2D,
    0xD4, 0x25, 0xF5, 0x2D, 0xDE, 0xEF, 0xFF, 0xFF, 0x3B, 0xAF, 0x57, 0x56, 0x37, 0x56, 0x36, 0x4E,
    0x36, 0x4E, 0x36, 0x4E, 0x36, 0x4E, 0x36, 0x4E, 0x36, 0x4E, 0x36, 0x4E, 0x36, 0x4E, 0x36, 0x4E,
    0x36, 0x4E, 0x36, 0x56, 0x57, 0x56, 0xD9, 0x8E, 0xFF, 0xFF, 0xFF, 0xFF, 0x57, 0x56, 0xB4, 0x1D,
    0xD4, 0x2D, 0xD4, 0x2D, 0xD4, 0x2D, 0xD4, 0x25, 0xD4, 0x2D, 0xF5, 0x2D, 0xD4, 0x2D, 0x00, 0x00,
    0x00, 0x00, 0x16, 0x1E, 0xD4, 0x25, 0xD5, 0x2D, 0xD4, 0x25, 0xD4, 0x25, 0xD4, 0x25, 0xD4, 0x2D,
    0xD4, 0x25, 0xF5, 0x35, 0xDF, 0xF7, 0xFF, 0xFF, 0x57, 0x56, 0x93, 0x0D, 0x98, 0x6E, 0xD9, 0x86,
    0xD9, 0x86, 0xD9, 0x86, 0xD9, 0x86, 0xD9, 0x86, 0xD9, 0x86, 0xD9, 0x86, 0xD9, 0x86, 0xD9, 0x86,
    0xD9, 0x86, 0xB9, 0x7E, 0xD4, 0x25, 0xD4, 0x25, 0xDF, 0xEF, 0xFF, 0xFF, 0x57, 0x5E, 0xB4, 0x1D,
    0xD4, 0x2D, 0xD4, 0x25, 0xD4, 0x25, 0xD4, 0x25, 0xB4, 0x25, 0x15, 0x2E, 0xD4, 0x25, 0x00, 0x00,
    0x00, 0x00, 0xF3, 0x1D, 0xB4, 0x25, 0xD4, 0x25, 0xB4, 0x25, 0xD4, 0x25, 0xD4, 0x25, 0xD4, 0x25,
    0xB4, 0x25, 0xF5, 0x35, 0xDF, 0xEF, 0xFF, 0xFF, 0x36, 0x56, 0x78, 0x6E, 0xFF, 0xFF, 0xFF, 0xFF,
    0xFF, 0xFF, 0xFF, 0xFF, 0xFF, 0xFF, 0xFF, 0xFF, 0xFF, 0xFF, 0xFF, 0xFF, 0xFF, 0xFF, 0xFF, 0xFF,
    0xFF, 0xFF, 0xFF, 0xFF, 0x1B, 0xAF, 0xD4, 0x2D, 0xDF, 0xF7, 0xFF, 0xFF, 0x57, 0x5E, 0xB3, 0x1D,
    0xD4, 0x2D, 0xD4, 0x25, 0xD4, 0x25, 0xD4, 0x25, 0xB4, 0x25, 0x15, 0x2E, 0xB4, 0x2D, 0x00, 0x00,
    0x00, 0x00, 0xF3, 0x1D, 0xB4, 0x25, 0xD4, 0x25, 0xB4, 0x25, 0xB4, 0x25, 0xB4, 0x25, 0xB4, 0x25,
    0xB4, 0x25, 0xF5, 0x35, 0xDF, 0xEF, 0xFF, 0xFF, 0x36, 0x4E, 0xD9, 0x8E, 0xFF, 0xFF, 0xFF, 0xF7,
    0xFF, 0xFF, 0xFF, 0xFF, 0xFF, 0xFF, 0xFF, 0xFF, 0xFF, 0xFF, 0xFF, 0xFF, 0xFF, 0xFF, 0xFF, 0xFF,
    0xFF, 0xF7, 0xFF, 0xFF, 0x7D, 0xCF, 0xD4, 0x2D, 0xDF, 0xF7, 0xFF, 0xFF, 0x57, 0x5E, 0x93, 0x1D,
    0xD4, 0x2D, 0xB4, 0x25, 0xB4, 0x25, 0xB4, 0x25, 0xB4, 0x25, 0x15, 0x2E, 0xB4, 0x25, 0x00, 0x00,
    0x00, 0x00, 0xF3, 0x1D, 0xB4, 0x25, 0xD4, 0x25, 0xB4, 0x25, 0xB4, 0x25, 0xB4, 0x25, 0xB4, 0x25,
    0xB4, 0x25, 0xD5, 0x35, 0xDF, 0xEF, 0xFF, 0xFF, 0x16, 0x4E, 0x98, 0x7E, 0xFF, 0xFF, 0xFF, 0xFF,
    0xFF, 0xFF, 0xFF, 0xFF, 0xFF, 0xFF, 0xFF, 0xFF, 0xFF, 0xFF, 0xFF, 0xFF, 0xFF, 0xFF, 0xFF, 0xFF,
    0xFF, 0xFF, 0xFF, 0xFF, 0x3C, 0xB7, 0xB4, 0x25, 0xDF, 0xF7, 0xFF, 0xFF, 0x57, 0x5E, 0x93, 0x1D,
    0xB4, 0x2D, 0xB4, 0x25, 0xB4, 0x25, 0xB4, 0x25, 0xB4, 0x25, 0xF5, 0x25, 0xB4, 0x25, 0x00, 0x00,
    0x00, 0x00, 0xF3, 0x1D, 0xB4, 0x25, 0xD4, 0x25, 0xB4, 0x25, 0xB4, 0x25, 0xB4, 0x25, 0xB4, 0x25,
    0xB3, 0x25, 0xD4, 0x35, 0xDF, 0xEF, 0xFF, 0xFF, 0x37, 0x5E, 0xB4, 0x25, 0x1B, 0xAF, 0x7C, 0xC7,
    0x7C, 0xC7, 0x7C, 0xC7, 0x7C, 0xC7, 0x7C, 0xC7, 0x7C, 0xC7, 0x7C, 0xC7, 0x7C, 0xC7, 0x7C, 0xC7,
    0x7C, 0xC7, 0x3C, 0xB7, 0xD4, 0x35, 0xD4, 0x2D, 0xDF, 0xF7, 0xFF, 0xFF, 0x57, 0x5E, 0x93, 0x1D,
    0xB4, 0x25, 0xB4, 0x25, 0xB4, 0x25, 0xB4, 0x25, 0xB4, 0x25, 0xF5, 0x25, 0xB4, 0x25, 0x00, 0x00,
    0x00, 0x00, 0x73, 0x1D, 0x94, 0x25, 0xB4, 0x25, 0x94, 0x25, 0xB4, 0x25, 0xB4, 0x25, 0xB4, 0x25,
    0x93, 0x1D, 0xD4, 0x35, 0xDF, 0xEF, 0xFF, 0xFF, 0x37, 0x5E, 0x73, 0x15, 0x93, 0x1D, 0x93, 0x1D,
    0x93, 0x1D, 0x93, 0x1D, 0x93, 0x1D, 0x93, 0x1D, 0x93, 0x1D, 0x93, 0x1D, 0x93, 0x1D, 0x93, 0x1D,
    0x93, 0x1D, 0x93, 0x1D, 0x93, 0x1D, 0xD4, 0x35, 0xDF, 0xEF, 0xFF, 0xFF, 0x37, 0x5E, 0x93, 0x15,
    0xB4, 0x25, 0xB4, 0x25, 0xB4, 0x25, 0xB4, 0x25, 0x94, 0x25, 0xF5, 0x25, 0x94, 0x25, 0x00, 0x00,
    0x00, 0x00, 0x73, 0x1D, 0x93, 0x25, 0xB4, 0x25, 0x93, 0x25, 0x94, 0x25, 0x94, 0x25, 0x94, 0x25,
    0x93, 0x1D, 0xD4, 0x35, 0xDF, 0xEF, 0xFF, 0xFF, 0x37, 0x5E, 0x73, 0x15, 0x93, 0x1D, 0x73, 0x1D,
    0x93, 0x25, 0xB4, 0x25, 0x93, 0x25, 0x73, 0x1D, 0x73, 0x1D, 0x93, 0x25, 0xB4, 0x25, 0x93, 0x25,
    0x73, 0x1D, 0x73, 0x1D, 0x93, 0x1D, 0xD4, 0x35, 0xDF, 0xEF, 0xFF, 0xFF, 0x37, 0x5E, 0x73, 0x15,
    0xB4, 0x25, 0x94, 0x25, 0x94, 0x25, 0x94, 0x25, 0x93, 0x25, 0xF5, 0x25, 0x93, 0x25, 0x00, 0x00,
    0x00, 0x00, 0x73, 0x1D, 0x93, 0x25, 0xB4, 0x25, 0x93, 0x25, 0x93, 0x25, 0x93, 0x25, 0x93, 0x25,
    0x93, 0x1D, 0xB4, 0x35, 0xDF, 0xEF, 0xFF, 0xFF, 0x36, 0x56, 0x93, 0x25, 0x1B, 0xAF, 0x1B, 0xAF,
    0xB4, 0x2D, 0x73, 0x1D, 0xB4, 0x2D, 0x1B, 0xAF, 0x1B, 0xAF, 0xB4, 0x2D, 0x73, 0x1D, 0xB4, 0x2D,
    0x1B, 0xAF, 0x1B, 0xAF, 0xB4, 0x2D, 0xB4, 0x2D, 0xDF, 0xF7, 0xFF, 0xFF, 0x36, 0x5E, 0x73, 0x15,
    0x94, 0x25, 0x93, 0x25, 0x93, 0x25, 0x93, 0x25, 0x93, 0x25, 0xD4, 0x25, 0x93, 0x25, 0x00, 0x00,
    0x00, 0x00, 0x73, 0x1D, 0x93, 0x25, 0xB4, 0x25, 0x93, 0x25, 0x93, 0x25, 0x93, 0x25, 0x93, 0x25,
    0x93, 0x1D, 0xB4, 0x2D, 0xDF, 0xEF, 0xFF, 0xFF, 0x16, 0x4E, 0xFA, 0xA6, 0xFF, 0xFF, 0xFF, 0xFF,
    0x3B, 0xB7, 0x52, 0x05, 0x3B, 0xB7, 0xFF, 0xFF, 0xFF, 0xFF, 0x3B, 0xB7, 0x52, 0x05, 0x3B, 0xB7,
    0xFF, 0xFF, 0xFF, 0xFF, 0x1B, 0xAF, 0x93, 0x25, 0xDF, 0xF7, 0xFF, 0xFF, 0x36, 0x5E, 0x73, 0x15,
    0x93, 0x25, 0x93, 0x25, 0x93, 0x25, 0x93, 0x25, 0x93, 0x25, 0xD4, 0x25, 0x93, 0x1D, 0x00, 0x00,
    0x00, 0x00, 0x73, 0x1D, 0x73, 0x25, 0x94, 0x25, 0x73, 0x25, 0x93, 0x25, 0x93, 0x25, 0x93, 0x25,
    0x73, 0x1D, 0xB4, 0x2D, 0xDF, 0xEF, 0xFF, 0xFF, 0xF6, 0x4D, 0xFA, 0xA6, 0xFF, 0xFF, 0xFF, 0xFF,
    0x1B, 0xB7, 0x32, 0x05, 0x1B, 0xB7, 0xFF, 0xFF, 0xFF, 0xFF, 0x1B, 0xB7, 0x32, 0x05, 0x1B, 0xB7,
    0xFF, 0xFF, 0xFF, 0xFF, 0x1B, 0xAF, 0x93, 0x25, 0xDF, 0xF7, 0xFF, 0xFF, 0x36, 0x5E, 0x73, 0x15,
    0x93, 0x25, 0x93, 0x25, 0x93, 0x25, 0x93, 0x25, 0x73, 0x25, 0xD4, 0x25, 0x73, 0x1D, 0x00, 0x00,
    0x00, 0x00, 0x73, 0x1D, 0x73, 0x1D, 0x93, 0x25, 0x73, 0x25, 0x73, 0x25, 0x73, 0x25, 0x73, 0x25,
    0x73, 0x1D, 0xB4, 0x2D, 0xDF, 0xEF, 0xFF, 0xFF, 0x16, 0x56, 0x73, 0x1D, 0x1B, 0xB7, 0x1B, 0xAF,
    0x94, 0x2D, 0x73, 0x1D, 0x94, 0x2D, 0x1B, 0xAF, 0x1B, 0xAF, 0x94, 0x2D, 0x73, 0x1D, 0x94, 0x2D,
    0x1B, 0xAF, 0x1B, 0xAF, 0x93, 0x25, 0x94, 0x2D, 0xDF, 0xEF, 0xFF, 0xFF, 0x16, 0x5E, 0x52, 0x15,
    0x93, 0x25, 0x73, 0x25, 0x73, 0x25, 0x73, 0x25, 0x73, 0x25, 0xD4, 0x25, 0x73, 0x1D, 0x00, 0x00,
    0x00, 0x00, 0x73, 0x1D, 0x73, 0x1D, 0x93, 0x25, 0x73, 0x1D, 0x73, 0x1D, 0x73, 0x1D, 0x73, 0x25,
    0x73, 0x1D, 0x94, 0x2D, 0xDF, 0xEF, 0xFF, 0xFF, 0x16, 0x5E, 0x52, 0x15, 0x52, 0x0D, 0x32, 0x0D,
    0x73, 0x1D, 0x73, 0x25, 0x73, 0x1D, 0x32, 0x0D, 0x32, 0x0D, 0x73, 0x1D, 0x73, 0x25, 0x73, 0x1D,
    0x32, 0x0D, 0x32, 0x0D, 0x73, 0x1D, 0x94, 0x2D, 0xDF, 0xEF, 0xFF, 0xFF, 0x16, 0x56, 0x52, 0x15,
    0x73, 0x25, 0x73, 0x1D, 0x73, 0x1D, 0x73, 0x1D, 0x73, 0x1D, 0xB4, 0x25, 0x73, 0x1D, 0x00, 0x00,
    0x00, 0x00, 0x73, 0x1D, 0x73, 0x1D, 0x93, 0x25, 0x73, 0x1D, 0x73, 0x1D, 0x73, 0x1D, 0x73, 0x25,
    0x73, 0x1D, 0x94, 0x2D, 0xDF, 0xEF, 0xFF, 0xFF, 0x16, 0x5E, 0x32, 0x0D, 0xF5, 0x4D, 0xF5, 0x4D,
    0x52, 0x15, 0x73, 0x25, 0x52, 0x15, 0xF5, 0x4D, 0xF5, 0x4D, 0x52, 0x15, 0x73, 0x25, 0x52, 0x15,
    0xF5, 0x4D, 0xF5, 0x4D, 0x52, 0x15, 0x94, 0x2D, 0xDF, 0xEF, 0xFF, 0xFF, 0x16, 0x56, 0x52, 0x15,
    0x73, 0x25, 0x73, 0x1D, 0x73, 0x1D, 0x73, 0x1D, 0x73, 0x1D, 0xB4, 0x25, 0x73, 0x1D, 0x00, 0x00,
    0x00, 0x00, 0x73, 0x1D, 0x73, 0x1D, 0x73, 0x1D, 0x53, 0x1D, 0x73, 0x1D, 0x73, 0x1D, 0x73, 0x1D,
    0x53, 0x1D, 0x94, 0x2D, 0xDF, 0xEF, 0xFF, 0xFF, 0xF5, 0x4D, 0x16, 0x5E, 0xFF, 0xFF, 0xFF, 0xFF,
    0x57, 0x6E, 0x32, 0x0D, 0x57, 0x6E, 0xFF, 0xFF, 0xFF, 0xFF, 0x57, 0x6E, 0x32, 0x0D, 0x57, 0x6E,
    0xFF, 0xFF, 0xFF, 0xFF, 0x37, 0x66, 0x73, 0x25, 0xDF, 0xF7, 0xFF, 0xFF, 0x16, 0x56, 0x52, 0x15,
    0x73, 0x25, 0x73, 0x1D, 0x73, 0x1D, 0x73, 0x1D, 0x53, 0x1D, 0xB4, 0x1D, 0x53, 0x1D, 0x00, 0x00,
    0x00, 0x00, 0x73, 0x1D, 0x52, 0x1D, 0x73, 0x1D, 0x52, 0x1D, 0x53, 0x1D, 0x53, 0x1D, 0x53, 0x1D,
    0x52, 0x1D, 0x94, 0x2D, 0xDE, 0xEF, 0xFF, 0xFF, 0xD5, 0x4D, 0x5C, 0xC7, 0xFF, 0xFF, 0xFF, 0xFF,
    0x7D, 0xCF, 0x11, 0x05, 0x7D, 0xCF, 0xFF, 0xFF, 0xFF, 0xFF, 0x7D, 0xCF, 0x11, 0x05, 0x7D, 0xCF,
    0xFF, 0xFF, 0xFF, 0xFF, 0x5C, 0xCF, 0x73, 0x1D, 0xDF, 0xF7, 0xFF, 0xFF, 0x16, 0x56, 0x32, 0x15,
    0x73, 0x25, 0x53, 0x1D, 0x53, 0x1D, 0x53, 0x1D, 0x53, 0x1D, 0xB4, 0x1D, 0x53, 0x1D, 0x00, 0x00,
    0x00, 0x00, 0x73, 0x1D, 0x52, 0x1D, 0x73, 0x1D, 0x52, 0x1D, 0x53, 0x1D, 0x53, 0x1D, 0x53, 0x1D,
    0x52, 0x1D, 0x73, 0x2D, 0xDE, 0xEF, 0xFF, 0xFF, 0xD5, 0x4D, 0x16, 0x5E, 0xFF, 0xFF, 0xFF, 0xFF,
    0x37, 0x6E, 0x11, 0x0D, 0x37, 0x6E, 0xFF, 0xFF, 0xFF, 0xFF, 0x37, 0x6E, 0x11, 0x0D, 0x37, 0x6E,
    0xFF, 0xFF, 0xFF, 0xFF, 0x37, 0x66, 0x73, 0x25, 0xDF, 0xF7, 0xFF, 0xFF, 0xF6, 0x55, 0x32, 0x15,
    0x53, 0x25, 0x53, 0x1D, 0x53, 0x1D, 0x53, 0x1D, 0x53, 0x1D, 0x93, 0x1D, 0x52, 0x1D, 0x00, 0x00,
    0x00, 0x00, 0x73, 0x1D, 0x52, 0x1D, 0x73, 0x1D, 0x52, 0x1D, 0x52, 0x1D, 0x52, 0x1D, 0x52, 0x1D,
    0x52, 0x1D, 0x73, 0x2D, 0xDE, 0xEF, 0xFF, 0xFF, 0x16, 0x5E, 0x11, 0x05, 0xD5, 0x45, 0xD5, 0x45,
    0x32, 0x15, 0x53, 0x1D, 0x32, 0x15, 0xD5, 0x45, 0xD5, 0x45, 0x32, 0x15, 0x53, 0x1D, 0x32, 0x15,
    0xD5, 0x45, 0xD5, 0x45, 0x32, 0x0D, 0x93, 0x2D, 0xDE, 0xEF, 0xFF, 0xFF, 0xF6, 0x55, 0x32, 0x15,
    0x53, 0x1D, 0x52, 0x1D, 0x52, 0x1D, 0x52, 0x1D, 0x52, 0x1D, 0x93, 0x1D, 0x73, 0x1D, 0x00, 0x00,
    0x00, 0x00, 0xB2, 0x1D, 0x52, 0x1D, 0x53, 0x1D, 0x32, 0x1D, 0x52, 0x1D, 0x52, 0x1D, 0x52, 0x1D,
    0x32, 0x15, 0x73, 0x2D, 0xDE, 0xEF, 0xFF, 0xFF, 0xD5, 0x4D, 0x11, 0x0D, 0x32, 0x15, 0x32, 0x0D,
    0x52, 0x1D, 0x32, 0x15, 0x52, 0x1D, 0x32, 0x0D, 0x32, 0x0D, 0x52, 0x1D, 0x32, 0x15, 0x52, 0x1D,
    0x32, 0x0D, 0x32, 0x15, 0x32, 0x15, 0x53, 0x25, 0xDE, 0xEF, 0xFF, 0xFF, 0xF6, 0x55, 0x12, 0x0D,
    0x52, 0x1D, 0x52, 0x1D, 0x52, 0x1D, 0x52, 0x1D, 0x32, 0x1D, 0x93, 0x1D, 0x52, 0x1D, 0x00, 0x00,
    0x00, 0x00, 0x52, 0x15, 0x52, 0x1D, 0x73, 0x1D, 0x32, 0x1D, 0x52, 0x1D, 0x52, 0x1D, 0x52, 0x1D,
    0x32, 0x15, 0x73, 0x2D, 0xDF, 0xEF, 0xFF, 0xFF, 0x78, 0x86, 0x52, 0x1D, 0x73, 0x2D, 0x73, 0x2D,
    0x73, 0x2D, 0x73, 0x2D, 0x73, 0x2D, 0x73, 0x2D, 0x73, 0x2D, 0x73, 0x2D, 0x73, 0x2D, 0x73, 0x2D,
    0x73, 0x2D, 0x73, 0x2D, 0x53, 0x25, 0xF6, 0x55, 0xDF, 0xF7, 0xFF, 0xFF, 0xF6, 0x55, 0x11, 0x0D,
    0x52, 0x1D, 0x52, 0x1D, 0x52, 0x1D, 0x32, 0x1D, 0x32, 0x1D, 0x73, 0x1D, 0x52, 0x1D, 0x00, 0x00,
    0xEF, 0x03, 0x00, 0x00, 0x32, 0x1D, 0x93, 0x1D, 0x32, 0x1D, 0x32, 0x1D, 0x32, 0x1D, 0x32, 0x1D,
    0x52, 0x1D, 0x11, 0x0D, 0xFB, 0xAE, 0xFF, 0xFF, 0xFF, 0xFF, 0xDE, 0xEF, 0xDE, 0xEF, 0xDE, 0xEF,
    0xDE, 0xEF, 0xDE, 0xEF, 0xDE, 0xEF, 0xDE, 0xEF, 0xDE, 0xEF, 0xDE, 0xEF, 0xDE, 0xEF, 0xDE, 0xEF,
    0xDE, 0xEF, 0xDE, 0xEF, 0xDE, 0xEF, 0xFF, 0xFF, 0xFF, 0xFF, 0x9E, 0xDF, 0x52, 0x1D, 0x32, 0x1D,
    0x32, 0x1D, 0x32, 0x1D, 0x32, 0x1D, 0x32, 0x1D, 0x53, 0x1D, 0x32, 0x1D, 0x8F, 0x1D, 0x00, 0x00,
    0xF7, 0x05, 0x00, 0x00, 0x12, 0x1D, 0x93, 0x1D, 0x12, 0x1D, 0x32, 0x1D, 0x32, 0x1D, 0x32, 0x1D,
    0x32, 0x1D, 0x32, 0x15, 0x53, 0x25, 0x3C, 0xBF, 0xFF, 0xFF, 0xFF, 0xFF, 0xFF, 0xFF, 0xFF, 0xFF,
    0xFF, 0xFF, 0xFF, 0xFF, 0xFF, 0xFF, 0xFF, 0xFF, 0xFF, 0xFF, 0xFF, 0xFF, 0xFF, 0xFF, 0xFF, 0xFF,
    0xFF, 0xFF, 0xFF, 0xFF, 0xFF, 0xFF, 0xFF, 0xFF, 0x9D, 0xDF, 0xB5, 0x45, 0x11, 0x15, 0x32, 0x1D,
    0x32, 0x1D, 0x32, 0x1D, 0x32, 0x1D, 0x32, 0x1D, 0x93, 0x1D, 0x32, 0x1D, 0x00, 0x00, 0xEF, 0x05,
    0xFF, 0x07, 0xE0, 0x07, 0xF2, 0x1C, 0x32, 0x1D, 0x52, 0x1D, 0x12, 0x1D, 0x32, 0x1D, 0x32, 0x1D,
    0x32, 0x1D, 0x32, 0x1D, 0x12, 0x15, 0x11, 0x15, 0xB5, 0x4D, 0xD5, 0x55, 0xD5, 0x55, 0xD5, 0x55,
    0xD5, 0x55, 0xD5, 0x55, 0xD5, 0x55, 0xD5, 0x55, 0xD5, 0x55, 0xD5, 0x55, 0xD5, 0x55, 0xD5, 0x55,
    0xD5, 0x55, 0xD5, 0x55, 0xD5, 0x55, 0xD5, 0x55, 0x32, 0x1D, 0x11, 0x0D, 0x32, 0x1D, 0x32, 0x1D,
    0x32, 0x1D, 0x32, 0x1D, 0x32, 0x1D, 0x12, 0x1D, 0x73, 0x1D, 0x12, 0x15, 0x00, 0x00, 0x55, 0x05,
    0x00, 0x00, 0x55, 0x05, 0x00, 0x00, 0x12, 0x15, 0x93, 0x1D, 0x12, 0x15, 0x32, 0x1D, 0x12, 0x1D,
    0x12, 0x1D, 0x12, 0x1D, 0x32, 0x1D, 0x32, 0x1D, 0xF1, 0x0C, 0xF1, 0x0C, 0xF1, 0x0C, 0xF1, 0x0C,
    0xF1, 0x0C, 0xF1, 0x0C, 0xF1, 0x0C, 0xF1, 0x0C, 0xF1, 0x0C, 0xF1, 0x0C, 0xF1, 0x0C, 0xF1, 0x0C,
    0xF1, 0x0C, 0xF1, 0x0C, 0xF1, 0x0C, 0xF1, 0x0C, 0x12, 0x15, 0x32, 0x1D, 0x12, 0x1D, 0x32, 0x1D,
    0x12, 0x1D, 0x32, 0x1D, 0x12, 0x1D, 0x73, 0x1D, 0x12, 0x1D, 0x00, 0x00, 0x4A, 0x05, 0x00, 0x00,
    0x00, 0x00, 0x00, 0x00, 0xF5, 0x07, 0x00, 0x00, 0x11, 0x15, 0x93, 0x1D, 0x12, 0x15, 0x12, 0x15,
    0x12, 0x15, 0x12, 0x15, 0x12, 0x15, 0x12, 0x15, 0x32, 0x1D, 0x32, 0x1D, 0x32, 0x1D, 0x32, 0x1D,
    0x32, 0x1D, 0x32, 0x1D, 0x32, 0x1D, 0x32, 0x1D, 0x32, 0x1D, 0x32, 0x1D, 0x32, 0x1D, 0x32, 0x1D,
    0x32, 0x1D, 0x32, 0x1D, 0x32, 0x1D, 0x32, 0x1D, 0x12, 0x1D, 0x12, 0x15, 0x12, 0x15, 0x12, 0x15,
    0x12, 0x15, 0x11, 0x15, 0x73, 0x1D, 0x32, 0x1D, 0xD1, 0x1C, 0xEF, 0x03, 0xFF, 0x07, 0x00, 0x00,
    0x00, 0x00, 0x00, 0x00, 0xFF, 0x07, 0xFF, 0x07, 0x30, 0x0D, 0x32, 0x15, 0x73, 0x1D, 0x12, 0x15,
    0x11, 0x15, 0x11, 0x15, 0x11, 0x15, 0x11, 0x15, 0x11, 0x15, 0x11, 0x15, 0x11, 0x15, 0x11, 0x15,
    0x11, 0x15, 0x11, 0x15, 0x11, 0x15, 0x11, 0x15, 0x11, 0x15, 0x11, 0x15, 0x11, 0x15, 0x11, 0x15,
    0x11, 0x15, 0x11, 0x15, 0x11, 0x15, 0x11, 0x15, 0x11, 0x15, 0x11, 0x15, 0x12, 0x15, 0x11, 0x15,
    0x11, 0x15, 0x73, 0x1D, 0x52, 0x15, 0xF1, 0x1C, 0x00, 0x00, 0xEF, 0x07, 0x00, 0x00, 0x00, 0x00,
    0x00, 0x00, 0x00, 0x00, 0x00, 0x00, 0xFF, 0x07, 0x00, 0x00, 0x00, 0x00, 0x11, 0x15, 0x32, 0x15,
    0x73, 0x1D, 0x32, 0x15, 0x11, 0x15, 0x11, 0x15, 0x11, 0x15, 0x11, 0x15, 0x11, 0x15, 0x11, 0x15,
    0x11, 0x15, 0x11, 0x15, 0x11, 0x15, 0x11, 0x15, 0x11, 0x15, 0x11, 0x15, 0x11, 0x15, 0x11, 0x15,
    0x11, 0x15, 0x11, 0x15, 0x11, 0x15, 0x11, 0x15, 0x11, 0x15, 0x11, 0x15, 0x32, 0x15, 0x53, 0x15,
    0x52, 0x15, 0x32, 0x15, 0x90, 0x0C, 0x00, 0x00, 0xEF, 0x07, 0x00, 0x00, 0x00, 0x00, 0x00, 0x00,
    0x00, 0x00, 0x00, 0x00, 0x00, 0x00, 0x00, 0x00, 0xFF, 0x07, 0xFF, 0x07, 0x00, 0x00, 0x11, 0x15,
    0x32, 0x15, 0x12, 0x15, 0x12, 0x15, 0x52, 0x15, 0x32, 0x15, 0x52, 0x15, 0x52, 0x15, 0x52, 0x15,
    0x52, 0x15, 0x52, 0x15, 0x52, 0x15, 0x52, 0x15, 0x52, 0x15, 0x52, 0x15, 0x52, 0x15, 0x52, 0x15,
    0x52, 0x15, 0x52, 0x15, 0x52, 0x15, 0x32, 0x15, 0x52, 0x15, 0x32, 0x15, 0x12, 0x15, 0x32, 0x15,
    0x12, 0x15, 0x00, 0x00, 0x00, 0x00, 0xEF, 0x07, 0x00, 0x00, 0x00, 0x00, 0x00, 0x00, 0x00, 0x00,
    0x00, 0x00, 0x00, 0x00, 0x00, 0x00, 0x00, 0x00, 0x00, 0x00, 0x00, 0x00, 0x55, 0x05, 0x00, 0x00,
    0x00, 0x00, 0x55, 0x05, 0x33, 0x1D, 0x32, 0x15, 0xD1, 0x14, 0xF1, 0x14, 0xF1, 0x14, 0xF1, 0x14,
    0xF1, 0x14, 0xF1, 0x14, 0xF1, 0x14, 0xF1, 0x14, 0xF1, 0x14, 0xF1, 0x14, 0xF1, 0x14, 0xF1, 0x14,
    0xF1, 0x14, 0xF1, 0x14, 0xF1, 0x14, 0xF1, 0x14, 0x32, 0x15, 0x12, 0x15, 0x51, 0x1D, 0x00, 0x00,
    0x00, 0x00, 0xEF, 0x03, 0xFF, 0x07, 0x00, 0x00, 0x00, 0x00, 0x00, 0x00, 0x00, 0x00, 0x00, 0x00,
    0x00, 0x00, 0x00, 0x00, 0x00, 0x00, 0x00, 0x00, 0x00, 0x00, 0x00, 0x00, 0x00, 0x00, 0xEF, 0x03,
    0xEF, 0x05, 0x00, 0x00, 0x00, 0x00, 0x00, 0x00, 0x00, 0x00, 0x00, 0x00, 0x00, 0x00, 0x00, 0x00,
    0x00, 0x00, 0x00, 0x00, 0x00, 0x00, 0x00, 0x00, 0x00, 0x00, 0x00, 0x00, 0x00, 0x00, 0x00, 0x00,
    0x00, 0x00, 0x00, 0x00, 0x00, 0x00, 0x00, 0x00, 0x00, 0x00, 0x00, 0x00, 0x00, 0x00, 0xEF, 0x03,
    0x55, 0x05, 0x00, 0x00, 0x00, 0x00, 0x00, 0x00, 0x00, 0x00, 0x00, 0x00, 0x00, 0x00, 0x00, 0x00,
    0x00, 0x00, 0x00, 0x00, 0x00, 0x00, 0x00, 0x01, 0x03, 0x04, 0x00, 0x00, 0x00, 0x00, 0x00, 0x00,
    0x00, 0x00, 0x00, 0x00, 0x00, 0x00, 0x00, 0x00, 0x00, 0x00, 0x00, 0x00, 0x00, 0x00, 0x03, 0x04,
    0x01, 0x00, 0x00, 0x00, 0x00, 0x00, 0x00, 0x00, 0x00, 0x00, 0x00, 0x00, 0x00, 0x00, 0x03, 0x00,
    0x00, 0x00, 0x03, 0x10, 0x10, 0x10, 0x10, 0x10, 0x10, 0x10, 0x10, 0x10, 0x10, 0x10, 0x10, 0x10,
    0x10, 0x10, 0x10, 0x10, 0x10, 0x09, 0x00, 0x00, 0x00, 0x03, 0x00, 0x00, 0x00, 0x00, 0x00, 0x00,
    0x00, 0x00, 0x00, 0x00, 0x00, 0x04, 0x00, 0x06, 0x4F, 0x9F, 0xD6, 0xEF, 0xEF, 0xF0, 0xF0, 0xF0,
    0xF0, 0xF0, 0xF0, 0xF0, 0xF0, 0xF0, 0xF0, 0xF0, 0xF0, 0xF0, 0xF0, 0xEF, 0xEF, 0xE2, 0xAE, 0x61,
    0x16, 0x00, 0x02, 0x01, 0x00, 0x00, 0x00, 0x00, 0x00, 0x00, 0x00, 0x00, 0x01, 0x00, 0x47, 0xD4,
    0xFF, 0xFF, 0xFF, 0xFF, 0xFF, 0xFF, 0xFF, 0xFF, 0xFF, 0xFF, 0xFF, 0xFF, 0xFF, 0xFF, 0xFF, 0xFF,
    0xFF, 0xFF, 0xFF, 0xFF, 0xFF, 0xFF, 0xFF, 0xFF, 0xE9, 0x6D, 0x00, 0x00, 0x01, 0x00, 0x00, 0x00,
    0x00, 0x00, 0x00, 0x03, 0x01, 0x7F, 0xFF, 0xFF, 0xFC, 0xFB, 0xFD, 0xFE, 0xFE, 0xFE, 0xFE, 0xFE,
    0xFE, 0xFE, 0xFE, 0xFE, 0xFE, 0xFE, 0xFE, 0xFE, 0xFE, 0xFE, 0xFE, 0xFE, 0xFE, 0xFD, 0xFC, 0xFB,
    0xFF, 0xFF, 0xA9, 0x13, 0x01, 0x01, 0x00, 0x00, 0x00, 0x00, 0x04, 0x00, 0x80, 0xFF, 0xFC, 0xFD,
    0xFF, 0xFF, 0xFF, 0xFF, 0xFF, 0xFF, 0xFF, 0xFF, 0xFF, 0xFF, 0xFF, 0xFF, 0xFF, 0xFF, 0xFF, 0xFF,
    0xFF, 0xFF, 0xFF, 0xFF, 0xFF, 0xFF, 0xFF, 0xFF, 0xFE, 0xFA, 0xFF, 0xBB, 0x01, 0x03, 0x00, 0x00,
    0x00, 0x03, 0x00, 0x44, 0xFE, 0xFA, 0xFE, 0xFF, 0xFF, 0xFF, 0xFF, 0xFF, 0xFF, 0xFF, 0xFF, 0xFF,
    0xFF, 0xFF, 0xFF, 0xFF, 0xFF, 0xFF, 0xFF, 0xFF, 0xFF, 0xFF, 0xFF, 0xFF, 0xFF, 0xFF, 0xFF, 0xFF,
    0xFF, 0xFF, 0xF9, 0xFF, 0x7F, 0x00, 0x03, 0x00, 0x00, 0x01, 0x09, 0xD9, 0xFF, 0xFD, 0xFF, 0xFF,
    0xFF, 0xFF, 0xFF, 0xFF, 0xFF, 0xFF, 0xFF, 0xFF, 0xFF, 0xFF, 0xFF, 0xFF, 0xFF, 0xFF, 0xFF, 0xFF,
    0xFF, 0xFF, 0xFF, 0xFF, 0xFF, 0xFF, 0xFF, 0xFF, 0xFF, 0xFF, 0xFE, 0xFD, 0xFA, 0x2A, 0x00, 0x02,
    0x04, 0x00, 0x4C, 0xFF, 0xFC, 0xFF, 0xFF, 0xFF, 0xFF, 0xFF, 0xFF, 0xFF, 0xFF, 0xFF, 0xFF, 0xFF,
    0xFF, 0xFF, 0xFF, 0xFF, 0xFF, 0xFF, 0xFF, 0xFF, 0xFF, 0xFF, 0xFF, 0xFF, 0xFF, 0xFF, 0xFF, 0xFF,
    0xFF, 0xFF, 0xFF, 0xFB, 0xFF, 0x8C, 0x00, 0x05, 0x04, 0x00, 0x9F, 0xFE, 0xFB, 0xFF, 0xFF, 0xFF,
    0xFF, 0xFF, 0xFF, 0xFF, 0xFF, 0xFF, 0xFF, 0xFF, 0xFF, 0xFF, 0xFF, 0xFF, 0xFF, 0xFF, 0xFF, 0xFF,
    0xFF, 0xFF, 0xFF, 0xFF, 0xFF, 0xFF, 0xFF, 0xFF, 0xFF, 0xFF, 0xFF, 0xFD, 0xFF, 0xD9, 0x04, 0x01,
    0x01, 0x08, 0xDB, 0xFF, 0xFD, 0xFF, 0xFF, 0xFF, 0xFF, 0xFF, 0xFF, 0xFF, 0xFF, 0xFF, 0xFF, 0xFF,
    0xFF, 0xFF, 0xFF, 0xFF, 0xFF, 0xFF, 0xFF, 0xFF, 0xFF, 0xFF, 0xFF, 0xFF, 0xFF, 0xFF, 0xFF, 0xFF,
    0xFF, 0xFF, 0xFF, 0xFF, 0xFE, 0xFA, 0x29, 0x00, 0x00, 0x11, 0xF3, 0xFF, 0xFE, 0xFF, 0xFF, 0xFF,
    0xFF, 0xFF, 0xFF, 0xFF, 0xFF, 0xFF, 0xFF, 0xFF, 0xFF, 0xFF, 0xFF, 0xFF, 0xFF, 0xFF, 0xFF, 0xFF,
    0xFF, 0xFF, 0xFF, 0xFF, 0xFF, 0xFF, 0xFF, 0xFF, 0xFF, 0xFF, 0xFF, 0xFF, 0xFD, 0xFF, 0x43, 0x00,
    0x00, 0x10, 0xEF, 0xFF, 0xFE, 0xFF, 0xFF, 0xFF, 0xFF, 0xFF, 0xFF, 0xFF, 0xFF, 0xFF, 0xFF, 0xFF,
    0xFF, 0xFF, 0xFF, 0xFF, 0xFF, 0xFF, 0xFF, 0xFF, 0xFF, 0xFF, 0xFF, 0xFF, 0xFF, 0xFF, 0xFF, 0xFF,
    0xFF, 0xFF, 0xFF, 0xFF, 0xFD, 0xFF, 0x3F, 0x00, 0x00, 0x10, 0xF0, 0xFF, 0xFE, 0xFF, 0xFF, 0xFF,
    0xFF, 0xFF, 0xFF, 0xFF, 0xFF, 0xFF, 0xFF, 0xFF, 0xFF, 0xFF, 0xFF, 0xFF, 0xFF, 0xFF, 0xFF, 0xFF,
    0xFF, 0xFF, 0xFF, 0xFF, 0xFF, 0xFF, 0xFF, 0xFF, 0xFF, 0xFF, 0xFF, 0xFF, 0xFD, 0xFF, 0x40, 0x00,
    0x00, 0x10, 0xF0, 0xFF, 0xFE, 0xFF, 0xFF, 0xFF, 0xFF, 0xFF, 0xFF, 0xFF, 0xFF, 0xFF, 0xFF, 0xFF,
    0xFF, 0xFF, 0xFF, 0xFF, 0xFF, 0xFF, 0xFF, 0xFF, 0xFF, 0xFF, 0xFF, 0xFF, 0xFF, 0xFF, 0xFF, 0xFF,
    0xFF, 0xFF, 0xFF, 0xFF, 0xFD, 0xFF, 0x40, 0x00, 0x00, 0x10, 0xF0, 0xFF, 0xFE, 0xFF, 0xFF, 0xFF,
    0xFF, 0xFF, 0xFF, 0xFF, 0xFF, 0xFF, 0xFF, 0xFF, 0xFF, 0xFF, 0xFF, 0xFF, 0xFF, 0xFF, 0xFF, 0xFF,
    0xFF, 0xFF, 0xFF, 0xFF, 0xFF, 0xFF, 0xFF, 0xFF, 0xFF, 0xFF, 0xFF, 0xFF, 0xFD, 0xFF, 0x40, 0x00,
    0x00, 0x10, 0xF0, 0xFF, 0xFE, 0xFF, 0xFF, 0xFF, 0xFF, 0xFF, 0xFF, 0xFF, 0xFF, 0xFF, 0xFF, 0xFF,
    0xFF, 0xFF, 0xFF, 0xFF, 0xFF, 0xFF, 0xFF, 0xFF, 0xFF, 0xFF, 0xFF, 0xFF, 0xFF, 0xFF, 0xFF, 0xFF,
    0xFF, 0xFF, 0xFF, 0xFF, 0xFD, 0xFF, 0x40, 0x00, 0x00, 0x10, 0xF0, 0xFF, 0xFE, 0xFF, 0xFF, 0xFF,
    0xFF, 0xFF, 0xFF, 0xFF, 0xFF, 0xFF, 0xFF, 0xFF, 0xFF, 0xFF, 0xFF, 0xFF, 0xFF, 0xFF, 0xFF, 0xFF,
    0xFF, 0xFF, 0xFF, 0xFF, 0xFF, 0xFF, 0xFF, 0xFF, 0xFF, 0xFF, 0xFF, 0xFF, 0xFD, 0xFF, 0x40, 0x00,
    0x00, 0x10, 0xF0, 0xFF, 0xFE, 0xFF, 0xFF, 0xFF, 0xFF, 0xFF, 0xFF, 0xFF, 0xFF, 0xFF, 0xFF, 0xFF,
    0xFF, 0xFF, 0xFF, 0xFF, 0xFF, 0xFF, 0xFF, 0xFF, 0xFF, 0xFF, 0xFF, 0xFF, 0xFF, 0xFF, 0xFF, 0xFF,
    0xFF, 0xFF, 0xFF, 0xFF, 0xFD, 0xFF, 0x40, 0x00, 0x00, 0x10, 0xF0, 0xFF, 0xFE, 0xFF, 0xFF, 0xFF,
    0xFF, 0xFF, 0xFF, 0xFF, 0xFF, 0xFF, 0xFF, 0xFF, 0xFF, 0xFF, 0xFF, 0xFF, 0xFF, 0xFF, 0xFF, 0xFF,
    0xFF, 0xFF, 0xFF, 0xFF, 0xFF, 0xFF, 0xFF, 0xFF, 0xFF, 0xFF, 0xFF, 0xFF, 0xFD, 0xFF, 0x40, 0x00,
    0x00, 0x10, 0xF0, 0xFF, 0xFE, 0xFF, 0xFF, 0xFF, 0xFF, 0xFF, 0xFF, 0xFF, 0xFF, 0xFF, 0xFF, 0xFF,
    0xFF, 0xFF, 0xFF, 0xFF, 0xFF, 0xFF, 0xFF, 0xFF, 0xFF, 0xFF, 0xFF, 0xFF, 0xFF, 0xFF, 0xFF, 0xFF,
    0xFF, 0xFF, 0xFF, 0xFF, 0xFD, 0xFF, 0x40, 0x00, 0x00, 0x10, 0xF0, 0xFF, 0xFE, 0xFF, 0xFF, 0xFF,
    0xFF, 0xFF, 0xFF, 0xFF, 0xFF, 0xFF, 0xFF, 0xFF, 0xFF, 0xFF, 0xFF, 0xFF, 0xFF, 0xFF, 0xFF, 0xFF,
    0xFF, 0xFF, 0xFF, 0xFF, 0xFF, 0xFF, 0xFF, 0xFF, 0xFF, 0xFF, 0xFF, 0xFF, 0xFD, 0xFF, 0x40, 0x00,
    0x00, 0x10, 0xF0, 0xFF, 0xFE, 0xFF, 0xFF, 0xFF, 0xFF, 0xFF, 0xFF, 0xFF, 0xFF, 0xFF, 0xFF, 0xFF,
    0xFF, 0xFF, 0xFF, 0xFF, 0xFF, 0xFF, 0xFF, 0xFF, 0xFF, 0xFF, 0xFF, 0xFF, 0xFF, 0xFF, 0xFF, 0xFF,
    0xFF, 0xFF, 0xFF, 0xFF, 0xFD, 0xFF, 0x40, 0x00, 0x00, 0x10, 0xF0, 0xFF, 0xFE, 0xFF, 0xFF, 0xFF,
    0xFF, 0xFF, 0xFF, 0xFF, 0xFF, 0xFF, 0xFF, 0xFF, 0xFF, 0xFF, 0xFF, 0xFF, 0xFF, 0xFF, 0xFF, 0xFF,
    0xFF, 0xFF, 0xFF, 0xFF, 0xFF, 0xFF, 0xFF, 0xFF, 0xFF, 0xFF, 0xFF, 0xFF, 0xFD, 0xFF, 0x40, 0x00,
    0x00, 0x10, 0xF0, 0xFF, 0xFE, 0xFF, 0xFF, 0xFF, 0xFF, 0xFF, 0xFF, 0xFF, 0xFF, 0xFF, 0xFF, 0xFF,
    0xFF, 0xFF, 0xFF, 0xFF, 0xFF, 0xFF, 0xFF, 0xFF, 0xFF, 0xFF, 0xFF, 0xFF, 0xFF, 0xFF, 0xFF, 0xFF,
    0xFF, 0xFF, 0xFF, 0xFF, 0xFD, 0xFF, 0x40, 0x00, 0x00, 0x10, 0xF0, 0xFF, 0xFE, 0xFF, 0xFF, 0xFF,
    0xFF, 0xFF, 0xFF, 0xFF, 0xFF, 0xFF, 0xFF, 0xFF, 0xFF, 0xFF, 0xFF, 0xFF, 0xFF, 0xFF, 0xFF, 0xFF,
    0xFF, 0xFF, 0xFF, 0xFF, 0xFF, 0xFF, 0xFF, 0xFF, 0xFF, 0xFF, 0xFF, 0xFF, 0xFD, 0xFF, 0x40, 0x00,
    0x00, 0x10, 0xF0, 0xFF, 0xFE, 0xFF, 0xFF, 0xFF, 0xFF, 0xFF, 0xFF, 0xFF, 0xFF, 0xFF, 0xFF, 0xFF,
    0xFF, 0xFF, 0xFF, 0xFF, 0xFF, 0xFF, 0xFF, 0xFF, 0xFF, 0xFF, 0xFF, 0xFF, 0xFF, 0xFF, 0xFF, 0xFF,
    0xFF, 0xFF, 0xFF, 0xFF, 0xFD, 0xFF, 0x40, 0x00, 0x00, 0x10, 0xEF, 0xFF, 0xFE, 0xFF, 0xFF, 0xFF,
    0xFF, 0xFF, 0xFF, 0xFF, 0xFF, 0xFF, 0xFF, 0xFF, 0xFF, 0xFF, 0xFF, 0xFF, 0xFF, 0xFF, 0xFF, 0xFF,
    0xFF, 0xFF, 0xFF, 0xFF, 0xFF, 0xFF, 0xFF, 0xFF, 0xFF, 0xFF, 0xFF, 0xFF, 0xFD, 0xFF, 0x3F, 0x00,
    0x00, 0x11, 0xF2, 0xFF, 0xFE, 0xFF, 0xFF, 0xFF, 0xFF, 0xFF, 0xFF, 0xFF, 0xFF, 0xFF, 0xFF, 0xFF,
    0xFF, 0xFF, 0xFF, 0xFF, 0xFF, 0xFF, 0xFF, 0xFF, 0xFF, 0xFF, 0xFF, 0xFF, 0xFF, 0xFF, 0xFF, 0xFF,
    0xFF, 0xFF, 0xFF, 0xFF, 0xFD, 0xFF, 0x42, 0x00, 0x01, 0x0C, 0xE5, 0xFF, 0xFE, 0xFF, 0xFF, 0xFF,
    0xFF, 0xFF, 0xFF, 0xFF, 0xFF, 0xFF, 0xFF, 0xFF, 0xFF, 0xFF, 0xFF, 0xFF, 0xFF, 0xFF, 0xFF, 0xFF,
    0xFF, 0xFF, 0xFF, 0xFF, 0xFF, 0xFF, 0xFF, 0xFF, 0xFF, 0xFF, 0xFF, 0xFF, 0xFE, 0xFD, 0x35, 0x00,
    0x04, 0x00, 0xB0, 0xFE, 0xFC, 0xFF, 0xFF, 0xFF, 0xFF, 0xFF, 0xFF, 0xFF, 0xFF, 0xFF, 0xFF, 0xFF,
    0xFF, 0xFF, 0xFF, 0xFF, 0xFF, 0xFF, 0xFF, 0xFF, 0xFF, 0xFF, 0xFF, 0xFF, 0xFF, 0xFF, 0xFF, 0xFF,
    0xFF, 0xFF, 0xFF, 0xFE, 0xFF, 0xE6, 0x0A, 0x01, 0x04, 0x00, 0x62, 0xFF, 0xFC, 0xFF, 0xFF, 0xFF,
    0xFF, 0xFF, 0xFF, 0xFF, 0xFF, 0xFF, 0xFF, 0xFF, 0xFF, 0xFF, 0xFF, 0xFF, 0xFF, 0xFF, 0xFF, 0xFF,
    0xFF, 0xFF, 0xFF, 0xFF, 0xFF, 0xFF, 0xFF, 0xFF, 0xFF, 0xFF, 0xFF, 0xFB, 0xFE, 0xA2, 0x00, 0x04,
    0x01, 0x01, 0x15, 0xEE, 0xFD, 0xFE, 0xFF, 0xFF, 0xFF, 0xFF, 0xFF, 0xFF, 0xFF, 0xFF, 0xFF, 0xFF,
    0xFF, 0xFF, 0xFF, 0xFF, 0xFF, 0xFF, 0xFF, 0xFF, 0xFF, 0xFF, 0xFF, 0xFF, 0xFF, 0xFF, 0xFF, 0xFF,
    0xFF, 0xFF, 0xFF, 0xFC, 0xFF, 0x42, 0x00, 0x03, 0x00, 0x03, 0x00, 0x6B, 0xFF, 0xFA, 0xFF, 0xFF,
    0xFF, 0xFF, 0xFF, 0xFF, 0xFF, 0xFF, 0xFF, 0xFF, 0xFF, 0xFF, 0xFF, 0xFF, 0xFF, 0xFF, 0xFF, 0xFF,
    0xFF, 0xFF, 0xFF, 0xFF, 0xFF, 0xFF, 0xFF, 0xFF, 0xFF, 0xFF, 0xFA, 0xFF, 0xAA, 0x00, 0x03, 0x00,
    0x00, 0x00, 0x03, 0x00, 0xAC, 0xFF, 0xF9, 0xFE, 0xFF, 0xFF, 0xFF, 0xFF, 0xFF, 0xFF, 0xFF, 0xFF,
    0xFF, 0xFF, 0xFF, 0xFF, 0xFF, 0xFF, 0xFF, 0xFF, 0xFF, 0xFF, 0xFF, 0xFF, 0xFF, 0xFF, 0xFF, 0xFF,
    0xFF, 0xFA, 0xFF, 0xDE, 0x12, 0x02, 0x01, 0x00, 0x00, 0x00, 0x01, 0x01, 0x11, 0xB8, 0xFF, 0xFF,
    0xFB, 0xFD, 0xFE, 0xFF, 0xFF, 0xFF, 0xFF, 0xFF, 0xFF, 0xFF, 0xFF, 0xFF, 0xFF, 0xFF, 0xFF, 0xFF,
    0xFF, 0xFF, 0xFF, 0xFF, 0xFF, 0xFF, 0xFD, 0xFB, 0xFD, 0xFF, 0xDA, 0x34, 0x00, 0x02, 0x00, 0x00,
    0x00, 0x00, 0x00, 0x01, 0x00, 0x00, 0x80, 0xF9, 0xFF, 0xFF, 0xFF, 0xFD, 0xFD, 0xFD, 0xFD, 0xFD,
    0xFD, 0xFD, 0xFD, 0xFD, 0xFD, 0xFD, 0xFD, 0xFD, 0xFD, 0xFD, 0xFD, 0xFD, 0xFD, 0xFE, 0xFF, 0xFF,
    0xFF, 0xA7, 0x13, 0x00, 0x02, 0x00, 0x00, 0x00, 0x00, 0x00, 0x00, 0x00, 0x01, 0x01, 0x00, 0x2C,
    0x8C, 0xD6, 0xFD, 0xFF, 0xFF, 0xFF, 0xFF, 0xFF, 0xFF, 0xFF, 0xFF, 0xFF, 0xFF, 0xFF, 0xFF, 0xFF,
    0xFF, 0xFF, 0xFF, 0xFF, 0xFF, 0xFF, 0xE2, 0x9F, 0x46, 0x00, 0x00, 0x02, 0x00, 0x00, 0x00, 0x00,
    0x00, 0x00, 0x00, 0x00, 0x00, 0x00, 0x03, 0x00, 0x00, 0x03, 0x28, 0x40, 0x40, 0x40, 0x40, 0x40,
    0x40, 0x40, 0x40, 0x40, 0x40, 0x40, 0x40, 0x40, 0x40, 0x40, 0x40, 0x40, 0x40, 0x34, 0x09, 0x00,
    0x00, 0x02, 0x01, 0x00, 0x00, 0x00, 0x00, 0x00, 0x00, 0x00, 0x00, 0x00, 0x00, 0x00, 0x00, 0x02,
    0x04, 0x00, 0x00, 0x00, 0x00, 0x00, 0x00, 0x00, 0x00, 0x00, 0x00, 0x00, 0x00, 0x00, 0x00, 0x00,
    0x00, 0x00, 0x00, 0x00, 0x00, 0x00, 0x00, 0x04, 0x03, 0x00, 0x00, 0x00, 0x00, 0x00, 0x00, 0x00,
};

const lv_image_dsc_t icon_home_calc = {
    .header.magic = LV_IMAGE_HEADER_MAGIC,
    .header.cf = LV_COLOR_FORMAT_RGB565A8,
    .header.w = 40,
    .header.h = 40,
    .data_size = 4800,
    .data = icon_home_calc_map,
};

const LV_ATTRIBUTE_MEM_ALIGN uint8_t icon_home_download_map[] = {
    0x00, 0x00, 0x00, 0x00, 0x00, 0x00, 0x00, 0x00, 0x00, 0x00, 0x00, 0x00, 0x00, 0x00, 0xFF, 0x07,
    0xFF, 0x57, 0xFF, 0x3D, 0x00, 0x00, 0x00, 0x00, 0x00, 0x00, 0x00, 0x00, 0x00, 0x00, 0x00, 0x00,
    0x00, 0x00, 0x00, 0x00, 0x00, 0x00, 0x00, 0x00, 0x00, 0x00, 0x00, 0x00, 0x00, 0x00, 0x00, 0x00,
    0x00, 0x00, 0x00, 0x00, 0x00, 0x00, 0x00, 0x00, 0x00, 0x00, 0x00, 0x00, 0x5F, 0x55, 0xFF, 0x3D,
    0xFF, 0x07, 0x00, 0x00, 0x00, 0x00, 0x00, 0x00, 0x00, 0x00, 0x00, 0x00, 0x00, 0x00, 0x00, 0x00,
    0x00, 0x00, 0x00, 0x00, 0x00, 0x00, 0x00, 0x00, 0x00, 0x00, 0x00, 0x00, 0x55, 0x55, 0x00, 0x00,
    0x00, 0x00, 0x00, 0x00, 0xFF, 0x57, 0xFF, 0x5E, 0xFD, 0x4D, 0xFD, 0x5D, 0xFD, 0x5D, 0xFD, 0x5D,
    0xFD, 0x5D, 0xFD, 0x5D, 0xFD, 0x5D, 0xFD, 0x5D, 0xFD, 0x5D, 0xFD, 0x5D, 0xFD, 0x5D, 0xFD, 0x5D,
    0xFD, 0x5D, 0xFD, 0x5D, 0xFD, 0x5D, 0xFD, 0x4D, 0x7F, 0x5E, 0x3F, 0x56, 0x00, 0x00, 0x00, 0x00,
    0x00, 0x00, 0x5F, 0x55, 0x00, 0x00, 0x00, 0x00, 0x00, 0x00, 0x00, 0x00, 0x00, 0x00, 0x00, 0x00,
    0x00, 0x00, 0x00, 0x00, 0x00, 0x00, 0x00, 0x00, 0x00, 0x00, 0xF7, 0x3D, 0x00, 0x00, 0x5A, 0x55,
    0x5F, 0x56, 0x3F, 0x5E, 0x3E, 0x5E, 0x1E, 0x56, 0x1E, 0x56, 0x1E, 0x56, 0x1E, 0x56, 0x1E, 0x56,
    0x1E, 0x56, 0x1E, 0x56, 0x1E, 0x56, 0x1E, 0x56, 0x1E, 0x56, 0x1E, 0x56, 0x1E, 0x56, 0x1E, 0x56,
    0x1E, 0x56, 0x1E, 0x56, 0x1E, 0x56, 0x1E, 0x56, 0x1E, 0x56, 0x1E, 0x56, 0x3E, 0x56, 0x3F, 0x5E,
    0x3E, 0x5E, 0x00, 0x00, 0xFF, 0x7B, 0xFF, 0x07, 0x00, 0x00, 0x00, 0x00, 0x00, 0x00, 0x00, 0x00,
    0x00, 0x00, 0x00, 0x00, 0x00, 0x00, 0x00, 0x00, 0xFF, 0x07, 0x00, 0x00, 0xFE, 0x55, 0x3F, 0x56,
    0x5F, 0x5E, 0x5F, 0x5E, 0x3F, 0x56, 0x1E, 0x56, 0x1E, 0x56, 0x1E, 0x56, 0x1E, 0x56, 0x1E, 0x56,
    0x1E, 0x56, 0x1E, 0x56, 0x1E, 0x56, 0x1E, 0x56, 0x1E, 0x56, 0x1E, 0x56, 0x1E, 0x56, 0x1E, 0x56,
    0x1E, 0x56, 0x1E, 0x56, 0x1E, 0x56, 0x1E, 0x56, 0x1E, 0x56, 0x3F, 0x56, 0x5F, 0x5E, 0x7F, 0x5E,
    0x3F, 0x56, 0x3E, 0x56, 0x00, 0x00, 0x00, 0x00, 0xFF, 0x07, 0x00, 0x00, 0x00, 0x00, 0x00, 0x00,
    0x00, 0x00, 0x00, 0x00, 0x00, 0x00, 0x5F, 0x55, 0xFF, 0x07, 0xFE, 0x55, 0x3F, 0x56, 0x3F, 0x56,
    0xFE, 0x55, 0xFE, 0x55, 0xFE, 0x55, 0xFE, 0x55, 0xFE, 0x55, 0xFE, 0x55, 0xFE, 0x55, 0xFE, 0x55,
    0xFE, 0x55, 0xFE, 0x55, 0xFE, 0x55, 0xFE, 0x55, 0xFE, 0x55, 0xFE, 0x55, 0xFE, 0x55, 0xFE, 0x55,
    0xFE, 0x55, 0xFE, 0x55, 0xFE, 0x55, 0xFE, 0x55, 0xFE, 0x55, 0xFE, 0x55, 0xFE, 0x55, 0xFE, 0x55,
    0x1E, 0x56, 0x7F, 0x5E, 0x1E, 0x56, 0xDE, 0x55, 0xFF, 0x07, 0xFF, 0x07, 0x00, 0x00, 0x00, 0x00,
    0x00, 0x00, 0x00, 0x00, 0xF7, 0x3D, 0x00, 0x00, 0xDD, 0x55, 0x9F, 0x5E, 0xFE, 0x55, 0xFD, 0x55,
    0xFE, 0x55, 0xFE, 0x55, 0xFE, 0x55, 0xFE, 0x55, 0xFE, 0x55, 0xFE, 0x55, 0xFE, 0x55, 0xFE, 0x55,
    0xFE, 0x55, 0xFE, 0x55, 0xFE, 0x55, 0xFE, 0x55, 0xFE, 0x55, 0xFE, 0x55, 0xFE, 0x55, 0xFE, 0x55,
    0xFE, 0x55, 0xFE, 0x55, 0xFE, 0x55, 0xFE, 0x55, 0xFE, 0x55, 0xFE, 0x55, 0xFE, 0x55, 0xFE, 0x55,
    0xFE, 0x55, 0xDD, 0x55, 0x9F, 0x5E, 0xFE, 0x55, 0x1F, 0x00, 0x5F, 0x55, 0x00, 0x00, 0x00, 0x00,
    0x00, 0x00, 0x5F, 0x55, 0x00, 0x00, 0xDE, 0x55, 0x1F, 0x56, 0xFE, 0x55, 0xDD, 0x55, 0xFE, 0x55,
    0xDE, 0x55, 0xFE, 0x55, 0xFE, 0x55, 0xFE, 0x55, 0xFE, 0x55, 0xFE, 0x55, 0xFE, 0x55, 0xFE, 0x55,
    0xFE, 0x55, 0xDE, 0x55, 0xFE, 0x55, 0xFE, 0x55, 0xFE, 0x55, 0xFE, 0x55, 0xDE, 0x55, 0xFE, 0x55,
    0xFE, 0x55, 0xFE, 0x55, 0xFE, 0x55, 0xFE, 0x55, 0xFE, 0x55, 0xFE, 0x55, 0xFE, 0x55, 0xFE, 0x55,
    0xFE, 0x55, 0xFE, 0x55, 0xDD, 0x55, 0x5F, 0x56, 0xDD, 0x55, 0x00, 0x00, 0x5F, 0x55, 0x00, 0x00,
    0x00, 0x00, 0xFF, 0xFF, 0x3F, 0x56, 0xDD, 0x4D, 0x1F, 0x56, 0xDD, 0x4D, 0xDE, 0x55, 0xDE, 0x55,
    0xDE, 0x55, 0xDE, 0x55, 0xDE, 0x55, 0xDE, 0x55, 0xDE, 0x55, 0xDE, 0x55, 0xDE, 0x55, 0xDE, 0x55,
    0xDE, 0x55, 0xDE, 0x55, 0xDE, 0x4D, 0xDD, 0x4D, 0xDD, 0x4D, 0xDE, 0x4D, 0xDE, 0x55, 0xDE, 0x55,
    0xDE, 0x55, 0xDE, 0x55, 0xDE, 0x55, 0xDE, 0x55, 0xDE, 0x55, 0xDE, 0x55, 0xDE, 0x55, 0xDE, 0x55,
    0xDE, 0x55, 0xDE, 0x55, 0xDD, 0x55, 0xFE, 0x55, 0xFE, 0x55, 0xBD, 0x4D, 0x00, 0x00, 0xFF, 0x07,
    0xF7, 0x3B, 0x00, 0x00, 0xDE, 0x4D, 0x3F, 0x56, 0xDD, 0x4D, 0xDD, 0x4D, 0xDD, 0x4D, 0xDD, 0x4D,
    0xDD, 0x4D, 0xDD, 0x4D, 0xDD, 0x4D, 0xDD, 0x4D, 0xDD, 0x4D, 0xDD, 0x4D, 0xDD, 0x4D, 0xDD, 0x4D,
    0xDD, 0x4D, 0xDD, 0x4D, 0xDD, 0x55, 0xFE, 0x5D, 0xFE, 0x5D, 0xDE, 0x55, 0xDD, 0x4D, 0xDD, 0x4D,
    0xDD, 0x4D, 0xDD, 0x4D, 0xDD, 0x4D, 0xDD, 0x4D, 0xDD, 0x4D, 0xDD, 0x4D, 0xDD, 0x4D, 0xDD, 0x4D,
    0xDD, 0x4D, 0xDD, 0x4D, 0xDD, 0x4D, 0xDD, 0x4D, 0x3F, 0x56, 0xDE, 0x4D, 0x00, 0x00, 0xD9, 0x34,
    0xF7, 0x3D, 0x00, 0x00, 0xBD, 0x4D, 0x3F, 0x56, 0xBD, 0x4D, 0xDD, 0x4D, 0xDD, 0x4D, 0xDD, 0x4D,
    0xDD, 0x4D, 0xDD, 0x4D, 0xDD, 0x4D, 0xDD, 0x4D, 0xDD, 0x4D, 0xDD, 0x4D, 0xDD, 0x4D, 0xDD, 0x4D,
    0xDD, 0x4D, 0xBD, 0x45, 0x5E, 0x7E, 0xDF, 0xF7, 0xDF, 0xF7, 0xDE, 0xA6, 0x9D, 0x45, 0xDD, 0x55,
    0xDD, 0x4D, 0xDD, 0x4D, 0xDD, 0x4D, 0xDD, 0x4D, 0xDD, 0x4D, 0xDD, 0x4D, 0xDD, 0x4D, 0xDD, 0x4D,
    0xDD, 0x4D, 0xDD, 0x4D, 0xDD, 0x4D, 0xBD, 0x4D, 0xFE, 0x55, 0xBD, 0x4D, 0xFF, 0x3D, 0xFF, 0x07,
    0xFF, 0x07, 0xFF, 0x5D, 0xBD, 0x4D, 0xFE, 0x4D, 0xBD, 0x4D, 0xBD, 0x4D, 0xBD, 0x4D, 0xBD, 0x4D,
    0xBD, 0x4D, 0xBD, 0x4D, 0xBD, 0x4D, 0xBD, 0x4D, 0xBD, 0x4D, 0xBD, 0x4D, 0xBD, 0x4D, 0xBD, 0x4D,
    0xDD, 0x4D, 0x9D, 0x45, 0x5E, 0x7E, 0xFF, 0xFF, 0xFF, 0xFF, 0xDE, 0xA6, 0x9D, 0x3D, 0xDD, 0x4D,
    0xBD, 0x4D, 0xBD, 0x4D, 0xBD, 0x4D, 0xBD, 0x4D, 0xBD, 0x4D, 0xBD, 0x4D, 0xBD, 0x4D, 0xBD, 0x4D,
    0xBD, 0x4D, 0xBD, 0x4D, 0xBD, 0x4D, 0xBD, 0x4D, 0xBD, 0x4D, 0xDE, 0x4D, 0xDE, 0x4D, 0x00, 0x00,
    0x00, 0x00, 0x1E, 0x4E, 0xBD, 0x4D, 0xDE, 0x4D, 0xBD, 0x4D, 0xBD, 0x4D, 0xBD, 0x4D, 0xBD, 0x4D,
    0xBD, 0x4D, 0xBD, 0x4D, 0xBD, 0x4D, 0xBD, 0x4D, 0xBD, 0x4D, 0xBD, 0x4D, 0xBD, 0x4D, 0xBD, 0x4D,
    0xBD, 0x4D, 0x9D, 0x45, 0x5E, 0x7E, 0xFF, 0xFF, 0xFF, 0xFF, 0xDE, 0xA6, 0x9D, 0x3D, 0xBD, 0x4D,
    0xBD, 0x4D, 0xBD, 0x4D, 0xBD, 0x4D, 0xBD, 0x4D, 0xBD, 0x4D, 0xBD, 0x4D, 0xBD, 0x4D, 0xBD, 0x4D,
    0xBD, 0x4D, 0xBD, 0x4D, 0xBD, 0x4D, 0xBD, 0x4D, 0xBD, 0x4D, 0xFF, 0x4D, 0xBD, 0x4D, 0x00, 0x00,
    0x00, 0x00, 0x7D, 0x4D, 0xBD, 0x4D, 0xBE, 0x4D, 0x9D, 0x4D, 0xBD, 0x4D, 0xBD, 0x4D, 0xBD, 0x4D,
    0xBD, 0x4D, 0xBD, 0x4D, 0xBD, 0x4D, 0xBD, 0x4D, 0xBD, 0x4D, 0xBD, 0x4D, 0xBD, 0x4D, 0xBD, 0x4D,
    0xBD, 0x4D, 0x9D, 0x45, 0x3E, 0x7E, 0xFF, 0xFF, 0xFF, 0xFF, 0xDE, 0xA6, 0x7D, 0x3D, 0xBD, 0x4D,
    0xBD, 0x4D, 0xBD, 0x4D, 0xBD, 0x4D, 0xBD, 0x4D, 0xBD, 0x4D, 0xBD, 0x4D, 0xBD, 0x4D, 0xBD, 0x4D,
    0xBD, 0x4D, 0xBD, 0x4D, 0xBD, 0x4D, 0xBD, 0x4D, 0x9D, 0x4D, 0xFF, 0x4D, 0xBD, 0x4D, 0x00, 0x00,
    0x00, 0x00, 0x7D, 0x4D, 0x9D, 0x4D, 0xBE, 0x4D, 0x9D, 0x4D, 0x9D, 0x4D, 0x9D, 0x4D, 0x9D, 0x4D,
    0x9D, 0x4D, 0x9D, 0x4D, 0x9D, 0x4D, 0x9D, 0x4D, 0x9D, 0x4D, 0x9D, 0x4D, 0x9D, 0x4D, 0x9D, 0x4D,
    0xBD, 0x4D, 0x7D, 0x3D, 0x3E, 0x7E, 0xFF, 0xFF, 0xFF, 0xFF, 0xDE, 0xA6, 0x7D, 0x3D, 0xBD, 0x4D,
    0x9D, 0x4D, 0x9D, 0x4D, 0x9D, 0x4D, 0x9D, 0x4D, 0x9D, 0x4D, 0x9D, 0x4D, 0x9D, 0x4D, 0x9D, 0x4D,
    0x9D, 0x4D, 0x9D, 0x4D, 0x9D, 0x4D, 0x9D, 0x4D, 0x9D, 0x4D, 0xFF, 0x4D, 0x9D, 0x45, 0x00, 0x00,
    0x00, 0x00, 0x7D, 0x4D, 0x9D, 0x45, 0xBD, 0x4D, 0x9D, 0x4D, 0x9D, 0x4D, 0x9D, 0x4D, 0x9D, 0x4D,
    0x9D, 0x4D, 0x9D, 0x4D, 0x9D, 0x4D, 0x9D, 0x4D, 0x9D, 0x4D, 0x9D, 0x4D, 0x9D, 0x4D, 0x9D, 0x4D,
    0x9D, 0x4D, 0x7D, 0x3D, 0x3E, 0x76, 0xFF, 0xFF, 0xFF, 0xFF, 0xDE, 0xA6, 0x7D, 0x3D, 0x9D, 0x4D,
    0x9D, 0x4D, 0x9D, 0x4D, 0x9D, 0x4D, 0x9D, 0x4D, 0x9D, 0x4D, 0x9D, 0x4D, 0x9D, 0x4D, 0x9D, 0x4D,
    0x9D, 0x4D, 0x9D, 0x4D, 0x9D, 0x4D, 0x9D, 0x4D, 0x9D, 0x45, 0xDE, 0x4D, 0x9D, 0x45, 0x00, 0x00,
    0x00, 0x00, 0x7D, 0x3D, 0x7D, 0x45, 0x9D, 0x45, 0x7D, 0x45, 0x9D, 0x45, 0x9D, 0x45, 0x9D, 0x45,
    0x9D, 0x45, 0x9D, 0x45, 0x9D, 0x45, 0x9D, 0x45, 0x9D, 0x45, 0x9D, 0x45, 0x9D, 0x45, 0x9D, 0x45,
    0x9D, 0x4D, 0x7D, 0x3D, 0x3D, 0x76, 0xFF, 0xFF, 0xFF, 0xFF, 0xBE, 0xA6, 0x5D, 0x3D, 0x9D, 0x4D,
    0x9D, 0x45, 0x9D, 0x45, 0x9D, 0x45, 0x9D, 0x45, 0x9D, 0x45, 0x9D, 0x45, 0x9D, 0x45, 0x9D, 0x45,
    0x9D, 0x45, 0x9D, 0x45, 0x9D, 0x45, 0x9D, 0x45, 0x7D, 0x45, 0xDE, 0x4D, 0x9D, 0x45, 0x00, 0x00,
    0x00, 0x00, 0x7D, 0x3D, 0x7D, 0x45, 0x9D, 0x45, 0x7D, 0x45, 0x7D, 0x45, 0x7D, 0x45, 0x7D, 0x45,
    0x7D, 0x45, 0x7D, 0x45, 0x7D, 0x45, 0x7D, 0x45, 0x7D, 0x45, 0x7D, 0x45, 0x7D, 0x45, 0x7D, 0x45,
    0x9D, 0x45, 0x5D, 0x3D, 0x3D, 0x76, 0xFF, 0xFF, 0xFF, 0xFF, 0xBE, 0xA6, 0x5D, 0x35, 0x9D, 0x4D,
    0x7D, 0x45, 0x7D, 0x45, 0x7D, 0x45, 0x7D, 0x45, 0x7D, 0x45, 0x7D, 0x45, 0x7D, 0x45, 0x7D, 0x45,
    0x7D, 0x45, 0x7D, 0x45, 0x7D, 0x45, 0x7D, 0x45, 0x7D, 0x45, 0xDE, 0x4D, 0x7D, 0x45, 0x00, 0x00,
    0x00, 0x00, 0x7D, 0x3D, 0x7D, 0x45, 0x9D, 0x45, 0x7D, 0x45, 0x7D, 0x45, 0x7D, 0x45, 0x7D, 0x45,
    0x7D, 0x45, 0x7D, 0x45, 0x7D, 0x45, 0x7D, 0x45, 0x7D, 0x45, 0x7D, 0x45, 0x7D, 0x45, 0x7D, 0x45,
    0x7D, 0x45, 0x5D, 0x3D, 0x1D, 0x76, 0xFF, 0xFF, 0xFF, 0xFF, 0xBE, 0xA6, 0x5C, 0x35, 0x7D, 0x45,
    0x7D, 0x45, 0x7D, 0x45, 0x7D, 0x45, 0x7D, 0x45, 0x7D, 0x45, 0x7D, 0x45, 0x7D, 0x45, 0x7D, 0x45,
    0x7D, 0x45, 0x7D, 0x45, 0x7D, 0x45, 0x7D, 0x45, 0x7D, 0x45, 0xBE, 0x45, 0x7D, 0x45, 0x00, 0x00,
    0x00, 0x00, 0x7D, 0x3D, 0x7D, 0x45, 0x9D, 0x45, 0x7D, 0x45, 0x7D, 0x45, 0x7D, 0x45, 0x7D, 0x45,
    0x7D, 0x45, 0x7D, 0x45, 0x7D, 0x45, 0x7D, 0x45, 0x7D, 0x45, 0x7D, 0x45, 0x7D, 0x45, 0x7D, 0x45,
    0x7D, 0x4D, 0x5D, 0x3D, 0x1D, 0x76, 0xFF, 0xFF, 0xFF, 0xFF, 0xBE, 0xA6, 0x5C, 0x3D, 0x7D, 0x4D,
    0x7D, 0x45, 0x7D, 0x45, 0x7D, 0x45, 0x7D, 0x45, 0x7D, 0x45, 0x7D, 0x45, 0x7D, 0x45, 0x7D, 0x45,
    0x7D, 0x45, 0x7D, 0x45, 0x7D, 0x45, 0x7D, 0x45, 0x7D, 0x45, 0xBE, 0x45, 0x7D, 0x45, 0x00, 0x00,
    0x00, 0x00, 0x7D, 0x3D, 0x7C, 0x45, 0x7D, 0x45, 0x5C, 0x45, 0x7D, 0x45, 0x7D, 0x45, 0x7D, 0x45,
    0x7D, 0x45, 0x7D, 0x45, 0x7D, 0x45, 0x7D, 0x45, 0x5D, 0x45, 0x7D, 0x45, 0x5C, 0x3D, 0x3C, 0x35,
    0x3C, 0x35, 0x1C, 0x2D, 0xFD, 0x65, 0xFF, 0xFF, 0xFF, 0xFF, 0x9E, 0x9E, 0xFC, 0x24, 0x3C, 0x35,
    0x3C, 0x35, 0x5C, 0x3D, 0x7D, 0x45, 0x5D, 0x45, 0x7D, 0x45, 0x7D, 0x45, 0x7D, 0x45, 0x7D, 0x45,
    0x7D, 0x45, 0x7D, 0x45, 0x7D, 0x45, 0x7D, 0x45, 0x5C, 0x45, 0xBE, 0x45, 0x5C, 0x45, 0x00, 0x00,
    0x00, 0x00, 0x7D, 0x3D, 0x5C, 0x3D, 0x7D, 0x45, 0x5C, 0x45, 0x5C, 0x45, 0x5C, 0x45, 0x5C, 0x45,
    0x5C, 0x45, 0x5C, 0x45, 0x5C, 0x45, 0x5C, 0x45, 0x5C, 0x45, 0x5C, 0x3D, 0xDD, 0x65, 0xBE, 0xA6,
    0xBE, 0x9E, 0x9E, 0x9E, 0x1E, 0xBF, 0xFF, 0xFF, 0xFF, 0xFF, 0x5F, 0xCF, 0x9E, 0x9E, 0xBE, 0xA6,
    0xBE, 0xA6, 0x3D, 0x7E, 0x5C, 0x3D, 0x5C, 0x45, 0x5C, 0x45, 0x5C, 0x45, 0x5C, 0x45, 0x5C, 0x45,
    0x5C, 0x45, 0x5C, 0x45, 0x5C, 0x45, 0x5C, 0x45, 0x5C, 0x3D, 0x9E, 0x45, 0x5C, 0x3D, 0x00, 0x00,
    0x00, 0x00, 0x7D, 0x3D, 0x5C, 0x3D, 0x7D, 0x45, 0x5C, 0x3D, 0x5C, 0x3D, 0x5C, 0x3D, 0x5C, 0x3D,
    0x5C, 0x3D, 0x5C, 0x3D, 0x5C, 0x3D, 0x5C, 0x3D, 0x5C, 0x45, 0x5C, 0x3D, 0x7D, 0x45, 0x9F, 0xE7,
    0xFF, 0xFF, 0xFF, 0xFF, 0xFF, 0xFF, 0xFF, 0xFF, 0xFF, 0xFF, 0xFF, 0xFF, 0xFF, 0xFF, 0xFF, 0xFF,
    0xFF, 0xFF, 0xDD, 0x65, 0x3C, 0x3D, 0x5C, 0x45, 0x5C, 0x3D, 0x5C, 0x3D, 0x5C, 0x3D, 0x5C, 0x3D,
    0x5C, 0x3D, 0x5C, 0x3D, 0x5C, 0x3D, 0x5C, 0x3D, 0x5C, 0x3D, 0x9E, 0x45, 0x5C, 0x3D, 0x00, 0x00,
    0x00, 0x00, 0x7D, 0x3D, 0x3C, 0x3D, 0x5D, 0x3D, 0x3C, 0x3D, 0x5C, 0x3D, 0x5C, 0x3D, 0x5C, 0x3D,
    0x5C, 0x3D, 0x5C, 0x3D, 0x5C, 0x3D, 0x5C, 0x3D, 0x5C, 0x3D, 0x5C, 0x45, 0x3C, 0x35, 0x7C, 0x4D,
    0xBF, 0xEF, 0xFF, 0xFF, 0xFF, 0xFF, 0xFF, 0xFF, 0xFF, 0xFF, 0xFF, 0xFF, 0xFF, 0xFF, 0xFF, 0xFF,
    0xFD, 0x6D, 0x1C, 0x2D, 0x5C, 0x45, 0x5C, 0x3D, 0x5C, 0x3D, 0x5C, 0x3D, 0x5C, 0x3D, 0x5C, 0x3D,
    0x5C, 0x3D, 0x5C, 0x3D, 0x5C, 0x3D, 0x5C, 0x3D, 0x3C, 0x3D, 0x9E, 0x45, 0x3C, 0x3D, 0x00, 0x00,
    0x00, 0x00, 0x7D, 0x3D, 0x3C, 0x3D, 0x5D, 0x3D, 0x3C, 0x3D, 0x3C, 0x3D, 0x3C, 0x3D, 0x3C, 0x3D,
    0x3C, 0x3D, 0x3C, 0x3D, 0x3C, 0x3D, 0x3C, 0x3D, 0x3C, 0x3D, 0x3C, 0x3D, 0x5C, 0x45, 0x1C, 0x35,
    0xFD, 0x75, 0xFF, 0xFF, 0xFF, 0xFF, 0xFF, 0xFF, 0xFF, 0xFF, 0xFF, 0xFF, 0xFF, 0xFF, 0x9E, 0x9E,
    0x1C, 0x2D, 0x5C, 0x45, 0x3C, 0x3D, 0x3C, 0x3D, 0x3C, 0x3D, 0x3C, 0x3D, 0x3C, 0x3D, 0x3C, 0x3D,
    0x3C, 0x3D, 0x3C, 0x3D, 0x3C, 0x3D, 0x3C, 0x3D, 0x3C, 0x3D, 0x7E, 0x45, 0x3C, 0x3D, 0x00, 0x00,
    0x00, 0x00, 0x7D, 0x3D, 0x3C, 0x3D, 0x5D, 0x3D, 0x3C, 0x3D, 0x3C, 0x3D, 0x3C, 0x3D, 0x3C, 0x3D,
    0x3C, 0x3D, 0x3C, 0x3D, 0x3C, 0x3D, 0x3C, 0x3D, 0x3C, 0x3D, 0x3C, 0x3D, 0x3C, 0x3D, 0x3C, 0x3D,
    0xFC, 0x2C, 0x7E, 0x96, 0xFF, 0xFF, 0xFF, 0xFF, 0xFF, 0xFF, 0xFF, 0xFF, 0x1E, 0xC7, 0x1C, 0x35,
    0x3C, 0x3D, 0x3C, 0x3D, 0x3C, 0x3D, 0x3C, 0x3D, 0x3C, 0x3D, 0x3C, 0x3D, 0x3C, 0x3D, 0x3C, 0x3D,
    0x3C, 0x3D, 0x3C, 0x3D, 0x3C, 0x3D, 0x3C, 0x3D, 0x3C, 0x3D, 0x7E, 0x3D, 0x3C, 0x3D, 0x00, 0x00,
    0x00, 0x00, 0xFD, 0x3C, 0x1C, 0x3D, 0x3D, 0x3D, 0x1C, 0x3D, 0x3C, 0x3D, 0x3C, 0x3D, 0x3C, 0x3D,
    0x3C, 0x3D, 0x1C, 0x35, 0xFC, 0x2C, 0xFC, 0x2C, 0x1C, 0x35, 0x3C, 0x3D, 0x3C, 0x3D, 0x3C, 0x3D,
    0x3C, 0x3D, 0xFC, 0x34, 0xFE, 0xB6, 0xFF, 0xFF, 0xFF, 0xFF, 0x7F, 0xDF, 0x3C, 0x45, 0x1C, 0x35,
    0x3C, 0x3D, 0x3C, 0x3D, 0x3C, 0x3D, 0x1C, 0x35, 0xFC, 0x2C, 0xFC, 0x2C, 0x1C, 0x35, 0x3C, 0x3D,
    0x3C, 0x3D, 0x3C, 0x3D, 0x3C, 0x3D, 0x3C, 0x3D, 0x1C, 0x3D, 0x7D, 0x3D, 0x1C, 0x3D, 0x00, 0x00,
    0x00, 0x00, 0xFB, 0x3C, 0x1C, 0x3D, 0x3C, 0x3D, 0x1C, 0x3D, 0x1C, 0x3D, 0x1C, 0x3D, 0x3C, 0x3D,
    0x1C, 0x35, 0x7C, 0x55, 0x9E, 0x9E, 0x9E, 0x9E, 0xDD, 0x6D, 0x1C, 0x35, 0x3C, 0x3D, 0x1C, 0x3D,
    0x3C, 0x3D, 0x1C, 0x35, 0x1C, 0x3D, 0x9F, 0xE7, 0xFF, 0xFF, 0x9C, 0x55, 0xFC, 0x2C, 0x3C, 0x3D,
    0x1C, 0x3D, 0x3C, 0x3D, 0x1C, 0x35, 0x7C, 0x55, 0x9E, 0x9E, 0x9E, 0x9E, 0xDD, 0x6D, 0x1C, 0x35,
    0x3C, 0x3D, 0x1C, 0x3D, 0x1C, 0x3D, 0x1C, 0x3D, 0x1C, 0x3D, 0x5D, 0x3D, 0x1C, 0x35, 0x00, 0x00,
    0x00, 0x00, 0xFB, 0x3C, 0x1C, 0x3D, 0x3C, 0x3D, 0x1C, 0x3D, 0x1C, 0x3D, 0x1C, 0x3D, 0x1C, 0x3D,
    0xFC, 0x2C, 0xFD, 0x6D, 0xFF, 0xFF, 0xFF, 0xFF, 0xBE, 0xA6, 0xFC, 0x2C, 0x3C, 0x3D, 0x1C, 0x3D,
    0x1C, 0x3D, 0x3C, 0x3D, 0xFC, 0x2C, 0xDD, 0x65, 0x3D, 0x86, 0xFC, 0x2C, 0x3C, 0x3D, 0x1C, 0x3D,
    0x1C, 0x3D, 0x3C, 0x3D, 0xFC, 0x2C, 0xFD, 0x75, 0xFF, 0xFF, 0xFF, 0xFF, 0xBE, 0xA6, 0xDC, 0x2C,
    0x3C, 0x3D, 0x1C, 0x3D, 0x1C, 0x3D, 0x1C, 0x3D, 0x1C, 0x35, 0x5D, 0x3D, 0x3C, 0x3D, 0x00, 0x00,
    0x00, 0x00, 0x3C, 0x3D, 0x1C, 0x35, 0x1C, 0x3D, 0x1C, 0x35, 0x1C, 0x35, 0x1C, 0x35, 0x1C, 0x3D,
    0xFC, 0x2C, 0xDD, 0x6D, 0xFF, 0xFF, 0xFF, 0xFF, 0x7D, 0x96, 0xBB, 0x1C, 0xFC, 0x2C, 0xDC, 0x2C,
    0xDC, 0x2C, 0xDC, 0x2C, 0xFC, 0x2C, 0xDC, 0x24, 0xBB, 0x24, 0xFC, 0x2C, 0xDC, 0x2C, 0xDC, 0x2C,
    0xDC, 0x2C, 0xFC, 0x2C, 0xBB, 0x24, 0xBD, 0x65, 0xFF, 0xFF, 0xFF, 0xFF, 0x7E, 0x9E, 0xDC, 0x2C,
    0x1C, 0x3D, 0x1C, 0x35, 0x1C, 0x35, 0x1C, 0x35, 0xFC, 0x34, 0x5D, 0x3D, 0x1C, 0x3D, 0x00, 0x00,
    0x00, 0x00, 0xBA, 0x2C, 0xFC, 0x34, 0x3C, 0x35, 0xFC, 0x34, 0xFC, 0x34, 0xFC, 0x34, 0x1C, 0x3D,
    0xDB, 0x2C, 0xDD, 0x6D, 0xFF, 0xFF, 0xFF, 0xFF, 0xDE, 0xB6, 0x9C, 0x5D, 0xDD, 0x6D, 0xDD, 0x6D,
    0xDD, 0x6D, 0xDD, 0x6D, 0xDD, 0x6D, 0xDD, 0x6D, 0xDD, 0x6D, 0xDD, 0x6D, 0xDD, 0x6D, 0xDD, 0x6D,
    0xDD, 0x6D, 0xDD, 0x6D, 0xBC, 0x65, 0x5D, 0x96, 0xFF, 0xFF, 0xFF, 0xFF, 0x7E, 0x9E, 0xDB, 0x24,
    0x1C, 0x3D, 0xFC, 0x34, 0xFC, 0x34, 0xFC, 0x34, 0xFC, 0x34, 0x3D, 0x3D, 0xFC, 0x34, 0x00, 0x00,
    0xF7, 0x3B, 0x00, 0x00, 0xFC, 0x34, 0x5D, 0x3D, 0xFB, 0x34, 0xFC, 0x34, 0xFC, 0x34, 0xFC, 0x34,
    0xDB, 0x2C, 0xDD, 0x6D, 0xFF, 0xFF, 0xFF, 0xFF, 0xFF, 0xFF, 0xFF, 0xFF, 0xFF, 0xFF, 0xFF, 0xFF,
    0xFF, 0xFF, 0xFF, 0xFF, 0xFF, 0xFF, 0xFF, 0xFF, 0xFF, 0xFF, 0xFF, 0xFF, 0xFF, 0xFF, 0xFF, 0xFF,
    0xFF, 0xFF, 0xFF, 0xFF, 0xFF, 0xFF, 0xFF, 0xFF, 0xDF, 0xFF, 0xFF, 0xFF, 0x9E, 0xA6, 0xBB, 0x24,
    0x1C, 0x3D, 0xFC, 0x34, 0xFC, 0x34, 0xFB, 0x34, 0x1C, 0x35, 0xFB, 0x34, 0xD9, 0x34, 0x00, 0x00,
    0xFF, 0x3D, 0x00, 0x00, 0xFB, 0x34, 0x5D, 0x35, 0xDB, 0x34, 0xFC, 0x34, 0xFC, 0x34, 0xFC, 0x34,
    0xDB, 0x2C, 0x5C, 0x4D, 0xDF, 0xF7, 0xFF, 0xFF, 0xFF, 0xFF, 0xFF, 0xFF, 0xFF, 0xFF, 0xFF, 0xFF,
    0xFF, 0xFF, 0xFF, 0xFF, 0xFF, 0xFF, 0xFF, 0xFF, 0xFF, 0xFF, 0xFF, 0xFF, 0xFF, 0xFF, 0xFF, 0xFF,
    0xFF, 0xFF, 0xFF, 0xFF, 0xFF, 0xFF, 0xFF, 0xFF, 0xFF, 0xFF, 0xDF, 0xF7, 0x7C, 0x5D, 0xDB, 0x2C,
    0xFC, 0x34, 0xFC, 0x34, 0xFC, 0x34, 0xFB, 0x34, 0x3D, 0x35, 0xFB, 0x34, 0x00, 0x00, 0xF7, 0x3D,
    0xFF, 0x07, 0x1F, 0x00, 0xFB, 0x34, 0xFC, 0x34, 0xFC, 0x34, 0xDB, 0x34, 0xFB, 0x34, 0xDB, 0x34,
    0xFC, 0x34, 0xDB, 0x2C, 0x5C, 0x55, 0x7D, 0x96, 0x7D, 0x9E, 0x7D, 0x9E, 0x7D, 0x9E, 0x7D, 0x9E,
    0x7D, 0x9E, 0x7D, 0x9E, 0x7D, 0x9E, 0x7D, 0x9E, 0x7D, 0x9E, 0x7D, 0x9E, 0x7D, 0x9E, 0x7D, 0x9E,
    0x7D, 0x9E, 0x7D, 0x9E, 0x7D, 0x9E, 0x7D, 0x96, 0x7D, 0x9E, 0x7C, 0x5D, 0xBB, 0x24, 0xFC, 0x34,
    0xDB, 0x34, 0xDB, 0x34, 0xDB, 0x34, 0xDB, 0x34, 0x3D, 0x35, 0xDB, 0x34, 0x00, 0x00, 0x5F, 0x55,
    0x00, 0x00, 0x5F, 0x55, 0x00, 0x00, 0xDB, 0x34, 0x3E, 0x35, 0xDB, 0x34, 0xDB, 0x34, 0xDB, 0x34,
    0xDB, 0x34, 0xDB, 0x34, 0xDB, 0x2C, 0x9B, 0x24, 0x9B, 0x24, 0x9B, 0x24, 0x9B, 0x24, 0x9B, 0x24,
    0x9B, 0x24, 0x9B, 0x24, 0x9B, 0x24, 0x9B, 0x24, 0x9B, 0x24, 0x9B, 0x24, 0x9B, 0x24, 0x9B, 0x24,
    0x9B, 0x24, 0x9B, 0x24, 0x9B, 0x24, 0x9B, 0x24, 0x9B, 0x24, 0xBB, 0x2C, 0xFB, 0x34, 0xDB, 0x34,
    0xDB, 0x34, 0xDB, 0x34, 0xDB, 0x34, 0x3D, 0x35, 0xDB, 0x34, 0x00, 0x00, 0x5F, 0x55, 0x00, 0x00,
    0x00, 0x00, 0x00, 0x00, 0x5F, 0x55, 0x00, 0x00, 0xDB, 0x2C, 0x5E, 0x35, 0xDB, 0x34, 0xDB, 0x34,
    0xDB, 0x34, 0xDB, 0x34, 0xDB, 0x34, 0xDB, 0x34, 0xDB, 0x34, 0xDB, 0x34, 0xDB, 0x34, 0xDB, 0x34,
    0xDB, 0x34, 0xDB, 0x34, 0xDB, 0x34, 0xDB, 0x34, 0xDB, 0x34, 0xDB, 0x34, 0xDB, 0x34, 0xDB, 0x34,
    0xDB, 0x34, 0xDB, 0x34, 0xDB, 0x34, 0xDB, 0x34, 0xDB, 0x34, 0xDB, 0x34, 0xDB, 0x34, 0xDB, 0x34,
    0xDB, 0x34, 0xBB, 0x2C, 0x1D, 0x35, 0xFC, 0x34, 0x7A, 0x2C, 0xFF, 0x03, 0xFF, 0x07, 0x00, 0x00,
    0x00, 0x00, 0x00, 0x00, 0xFF, 0x07, 0xFF, 0x07, 0xBC, 0x2C, 0xDC, 0x34, 0x1D, 0x35, 0xDB, 0x2C,
    0xBB, 0x2C, 0xDB, 0x2C, 0xDB, 0x2C, 0xDB, 0x2C, 0xDB, 0x2C, 0xDB, 0x2C, 0xDB, 0x2C, 0xDB, 0x2C,
    0xDB, 0x2C, 0xDB, 0x2C, 0xDB, 0x2C, 0xDB, 0x2C, 0xDB, 0x2C, 0xDB, 0x2C, 0xDB, 0x2C, 0xDB, 0x2C,
    0xDB, 0x2C, 0xDB, 0x2C, 0xDB, 0x2C, 0xDB, 0x2C, 0xDB, 0x2C, 0xDB, 0x2C, 0xDB, 0x2C, 0xBB, 0x2C,
    0xBB, 0x2C, 0x1D, 0x35, 0xFC, 0x34, 0x9A, 0x2C, 0x00, 0x00, 0xFF, 0x07, 0x00, 0x00, 0x00, 0x00,
    0x00, 0x00, 0x00, 0x00, 0x00, 0x00, 0xFF, 0x07, 0x00, 0x00, 0x00, 0x00, 0xBB, 0x2C, 0xDC, 0x2C,
    0x1D, 0x35, 0xDC, 0x2C, 0xBB, 0x2C, 0xBB, 0x2C, 0xBB, 0x2C, 0xBB, 0x2C, 0xBB, 0x2C, 0xBB, 0x2C,
    0xBB, 0x2C, 0xBB, 0x2C, 0xBB, 0x2C, 0xBB, 0x2C, 0xBB, 0x2C, 0xBB, 0x2C, 0xBB, 0x2C, 0xBB, 0x2C,
    0xBB, 0x2C, 0xBB, 0x2C, 0xBB, 0x2C, 0xBB, 0x2C, 0xBB, 0x2C, 0xBB, 0x2C, 0xDC, 0x2C, 0x1D, 0x35,
    0xFD, 0x34, 0xDC, 0x2C, 0x39, 0x2C, 0x00, 0x00, 0xFF, 0x7F, 0x00, 0x00, 0x00, 0x00, 0x00, 0x00,
    0x00, 0x00, 0x00, 0x00, 0x00, 0x00, 0x00, 0x00, 0xFF, 0x07, 0xFF, 0x07, 0x00, 0x00, 0xBB, 0x2C,
    0xDC, 0x2C, 0xDC, 0x2C, 0xBB, 0x2C, 0xFD, 0x2C, 0xFC, 0x2C, 0xFC, 0x2C, 0xFC, 0x2C, 0xFC, 0x2C,
    0xFC, 0x2C, 0xFC, 0x2C, 0xFC, 0x2C, 0xFC, 0x2C, 0xFC, 0x2C, 0xFC, 0x2C, 0xFC, 0x2C, 0xFC, 0x2C,
    0xFC, 0x2C, 0xFC, 0x2C, 0xFC, 0x2C, 0xFC, 0x2C, 0xFD, 0x2C, 0xDC, 0x2C, 0xDC, 0x2C, 0xDC, 0x2C,
    0xDC, 0x2C, 0x00, 0x00, 0x00, 0x00, 0xFF, 0x7F, 0x00, 0x00, 0x00, 0x00, 0x00, 0x00, 0x00, 0x00,
    0x00, 0x00, 0x00, 0x00, 0x00, 0x00, 0x00, 0x00, 0x00, 0x00, 0x00, 0x00, 0x5F, 0x55, 0x00, 0x00,
    0x00, 0x00, 0x5F, 0x05, 0xFD, 0x2C, 0xDC, 0x2C, 0x9B, 0x2C, 0x9B, 0x2C, 0x9B, 0x2C, 0x9B, 0x2C,
    0x9B, 0x2C, 0x9B, 0x2C, 0x9B, 0x2C, 0x9B, 0x2C, 0x9B, 0x2C, 0x9B, 0x2C, 0x9B, 0x2C, 0x9B, 0x2C,
    0x9B, 0x2C, 0x9B, 0x2C, 0x9B, 0x2C, 0x9B, 0x2C, 0xDC, 0x2C, 0xDC, 0x2C, 0x5F, 0x3D, 0x00, 0x00,
    0x00, 0x00, 0xFF, 0x03, 0xFF, 0x07, 0x00, 0x00, 0x00, 0x00, 0x00, 0x00, 0x00, 0x00, 0x00, 0x00,
    0x00, 0x00, 0x00, 0x00, 0x00, 0x00, 0x00, 0x00, 0x00, 0x00, 0x00, 0x00, 0x00, 0x00, 0xFF, 0x03,
    0xF7, 0x3B, 0x00, 0x00, 0x00, 0x00, 0x00, 0x00, 0x00, 0x00, 0x00, 0x00, 0x00, 0x00, 0x00, 0x00,
    0x00, 0x00, 0x00, 0x00, 0x00, 0x00, 0x00, 0x00, 0x00, 0x00, 0x00, 0x00, 0x00, 0x00, 0x00, 0x00,
    0x00, 0x00, 0x00, 0x00, 0x00, 0x00, 0x00, 0x00, 0x00, 0x00, 0x00, 0x00, 0x00, 0x00, 0xF7, 0x3B,
    0x5F, 0x55, 0x00, 0x00, 0x00, 0x00, 0x00, 0x00, 0x00, 0x00, 0x00, 0x00, 0x00, 0x00, 0x00, 0x00,
    0x00, 0x00, 0x00, 0x00, 0x00, 0x00, 0x00, 0x01, 0x03, 0x04, 0x00, 0x00, 0x00, 0x00, 0x00, 0x00,
    0x00, 0x00, 0x00, 0x00, 0x00, 0x00, 0x00, 0x00, 0x00, 0x00, 0x00, 0x00, 0x00, 0x00, 0x03, 0x04,
    0x01, 0x00, 0x00, 0x00, 0x00, 0x00, 0x00, 0x00, 0x00, 0x00, 0x00, 0x00, 0x00, 0x00, 0x03, 0x00,
    0x00, 0x00, 0x03, 0x10, 0x10, 0x10, 0x10, 0x10, 0x10, 0x10, 0x10, 0x10, 0x10, 0x10, 0x10, 0x10,
    0x10, 0x10, 0x10, 0x10, 0x10, 0x09, 0x00, 0x00, 0x00, 0x03, 0x00, 0x00, 0x00, 0x00, 0x00, 0x00,
    0x00, 0x00, 0x00, 0x00, 0x00, 0x04, 0x00, 0x06, 0x4F, 0x9F, 0xD6, 0xEF, 0xEF, 0xF0, 0xF0, 0xF0,
    0xF0, 0xF0, 0xF0, 0xF0, 0xF0, 0xF0, 0xF0, 0xF0, 0xF0, 0xF0, 0xF0, 0xEF, 0xEF, 0xE2, 0xAE, 0x61,
    0x16, 0x00, 0x02, 0x01, 0x00, 0x00, 0x00, 0x00, 0x00, 0x00, 0x00, 0x00, 0x01, 0x00, 0x47, 0xD4,
    0xFF, 0xFF, 0xFF, 0xFF, 0xFF, 0xFF, 0xFF, 0xFF, 0xFF, 0xFF, 0xFF, 0xFF, 0xFF, 0xFF, 0xFF, 0xFF,
    0xFF, 0xFF, 0xFF, 0xFF, 0xFF, 0xFF, 0xFF, 0xFF, 0xE9, 0x6D, 0x00, 0x00, 0x01, 0x00, 0x00, 0x00,
    0x00, 0x00, 0x00, 0x03, 0x01, 0x7F, 0xFF, 0xFF, 0xFC, 0xFB, 0xFD, 0xFE, 0xFE, 0xFE, 0xFE, 0xFE,
    0xFE, 0xFE, 0xFE, 0xFE, 0xFE, 0xFE, 0xFE, 0xFE, 0xFE, 0xFE, 0xFE, 0xFE, 0xFE, 0xFD, 0xFC, 0xFB,
    0xFF, 0xFF, 0xA9, 0x13, 0x01, 0x01, 0x00, 0x00, 0x00, 0x00, 0x04, 0x00, 0x80, 0xFF, 0xFC, 0xFD,
    0xFF, 0xFF, 0xFF, 0xFF, 0xFF, 0xFF, 0xFF, 0xFF, 0xFF, 0xFF, 0xFF, 0xFF, 0xFF, 0xFF, 0xFF, 0xFF,
    0xFF, 0xFF, 0xFF, 0xFF, 0xFF, 0xFF, 0xFF, 0xFF, 0xFE, 0xFA, 0xFF, 0xBB, 0x01, 0x03, 0x00, 0x00,
    0x00, 0x03, 0x00, 0x44, 0xFE, 0xFA, 0xFE, 0xFF, 0xFF, 0xFF, 0xFF, 0xFF, 0xFF, 0xFF, 0xFF, 0xFF,
    0xFF, 0xFF, 0xFF, 0xFF, 0xFF, 0xFF, 0xFF, 0xFF, 0xFF, 0xFF, 0xFF, 0xFF, 0xFF, 0xFF, 0xFF, 0xFF,
    0xFF, 0xFF, 0xF9, 0xFF, 0x7F, 0x00, 0x03, 0x00, 0x00, 0x01, 0x09, 0xD9, 0xFF, 0xFD, 0xFF, 0xFF,
    0xFF, 0xFF, 0xFF, 0xFF, 0xFF, 0xFF, 0xFF, 0xFF, 0xFF, 0xFF, 0xFF, 0xFF, 0xFF, 0xFF, 0xFF, 0xFF,
    0xFF, 0xFF, 0xFF, 0xFF, 0xFF, 0xFF, 0xFF, 0xFF, 0xFF, 0xFF, 0xFE, 0xFD, 0xFA, 0x2A, 0x00, 0x02,
    0x04, 0x00, 0x4C, 0xFF, 0xFC, 0xFF, 0xFF, 0xFF, 0xFF, 0xFF, 0xFF, 0xFF, 0xFF, 0xFF, 0xFF, 0xFF,
    0xFF, 0xFF, 0xFF, 0xFF, 0xFF, 0xFF, 0xFF, 0xFF, 0xFF, 0xFF, 0xFF, 0xFF, 0xFF, 0xFF, 0xFF, 0xFF,
    0xFF, 0xFF, 0xFF, 0xFB, 0xFF, 0x8C, 0x00, 0x05, 0x04, 0x00, 0x9F, 0xFE, 0xFB, 0xFF, 0xFF, 0xFF,
    0xFF, 0xFF, 0xFF, 0xFF, 0xFF, 0xFF, 0xFF, 0xFF, 0xFF, 0xFF, 0xFF, 0xFF, 0xFF, 0xFF, 0xFF, 0xFF,
    0xFF, 0xFF, 0xFF, 0xFF, 0xFF, 0xFF, 0xFF, 0xFF, 0xFF, 0xFF, 0xFF, 0xFD, 0xFF, 0xD9, 0x04, 0x01,
    0x01, 0x08, 0xDB, 0xFF, 0xFD, 0xFF, 0xFF, 0xFF, 0xFF, 0xFF, 0xFF, 0xFF, 0xFF, 0xFF, 0xFF, 0xFF,
    0xFF, 0xFF, 0xFF, 0xFF, 0xFF, 0xFF, 0xFF, 0xFF, 0xFF, 0xFF, 0xFF, 0xFF, 0xFF, 0xFF, 0xFF, 0xFF,
    0xFF, 0xFF, 0xFF, 0xFF, 0xFE, 0xFA, 0x29, 0x00, 0x00, 0x11, 0xF3, 0xFF, 0xFE, 0xFF, 0xFF, 0xFF,
    0xFF, 0xFF, 0xFF, 0xFF, 0xFF, 0xFF, 0xFF, 0xFF, 0xFF, 0xFF, 0xFF, 0xFF, 0xFF, 0xFF, 0xFF, 0xFF,
    0xFF, 0xFF, 0xFF, 0xFF, 0xFF, 0xFF, 0xFF, 0xFF, 0xFF, 0xFF, 0xFF, 0xFF, 0xFD, 0xFF, 0x43, 0x00,
    0x00, 0x10, 0xEF, 0xFF, 0xFE, 0xFF, 0xFF, 0xFF, 0xFF, 0xFF, 0xFF, 0xFF, 0xFF, 0xFF, 0xFF, 0xFF,
    0xFF, 0xFF, 0xFF, 0xFF, 0xFF, 0xFF, 0xFF, 0xFF, 0xFF, 0xFF, 0xFF, 0xFF, 0xFF, 0xFF, 0xFF, 0xFF,
    0xFF, 0xFF, 0xFF, 0xFF, 0xFD, 0xFF, 0x3F, 0x00, 0x00, 0x10, 0xF0, 0xFF, 0xFE, 0xFF, 0xFF, 0xFF,
    0xFF, 0xFF, 0xFF, 0xFF, 0xFF, 0xFF, 0xFF, 0xFF, 0xFF, 0xFF, 0xFF, 0xFF, 0xFF, 0xFF, 0xFF, 0xFF,
    0xFF, 0xFF, 0xFF, 0xFF, 0xFF, 0xFF, 0xFF, 0xFF, 0xFF, 0xFF, 0xFF, 0xFF, 0xFD, 0xFF, 0x40, 0x00,
    0x00, 0x10, 0xF0, 0xFF, 0xFE, 0xFF, 0xFF, 0xFF, 0xFF, 0xFF, 0xFF, 0xFF, 0xFF, 0xFF, 0xFF, 0xFF,
    0xFF, 0xFF, 0xFF, 0xFF, 0xFF, 0xFF, 0xFF, 0xFF, 0xFF, 0xFF, 0xFF, 0xFF, 0xFF, 0xFF, 0xFF, 0xFF,
    0xFF, 0xFF, 0xFF, 0xFF, 0xFD, 0xFF, 0x40, 0x00, 0x00, 0x10, 0xF0, 0xFF, 0xFE, 0xFF, 0xFF, 0xFF,
    0xFF, 0xFF, 0xFF, 0xFF, 0xFF, 0xFF, 0xFF, 0xFF, 0xFF, 0xFF, 0xFF, 0xFF, 0xFF, 0xFF, 0xFF, 0xFF,
    0xFF, 0xFF, 0xFF, 0xFF, 0xFF, 0xFF, 0xFF, 0xFF, 0xFF, 0xFF, 0xFF, 0xFF, 0xFD, 0xFF, 0x40, 0x00,
    0x00, 0x10, 0xF0, 0xFF, 0xFE, 0xFF, 0xFF, 0xFF, 0xFF, 0xFF, 0xFF, 0xFF, 0xFF, 0xFF, 0xFF, 0xFF,
    0xFF, 0xFF, 0xFF, 0xFF, 0xFF, 0xFF, 0xFF, 0xFF, 0xFF, 0xFF, 0xFF, 0xFF, 0xFF, 0xFF, 0xFF, 0xFF,
    0xFF, 0xFF, 0xFF, 0xFF, 0xFD, 0xFF, 0x40, 0x00, 0x00, 0x10, 0xF0, 0xFF, 0xFE, 0xFF, 0xFF, 0xFF,
    0xFF, 0xFF, 0xFF, 0xFF, 0xFF, 0xFF, 0xFF, 0xFF, 0xFF, 0xFF, 0xFF, 0xFF, 0xFF, 0xFF, 0xFF, 0xFF,
    0xFF, 0xFF, 0xFF, 0xFF, 0xFF, 0xFF, 0xFF, 0xFF, 0xFF, 0xFF, 0xFF, 0xFF, 0xFD, 0xFF, 0x40, 0x00,
    0x00, 0x10, 0xF0, 0xFF, 0xFE, 0xFF, 0xFF, 0xFF, 0xFF, 0xFF, 0xFF, 0xFF, 0xFF, 0xFF, 0xFF, 0xFF,
    0xFF, 0xFF, 0xFF, 0xFF, 0xFF, 0xFF, 0xFF, 0xFF, 0xFF, 0xFF, 0xFF, 0xFF, 0xFF, 0xFF, 0xFF, 0xFF,
    0xFF, 0xFF, 0xFF, 0xFF, 0xFD, 0xFF, 0x40, 0x00, 0x00, 0x10, 0xF0, 0xFF, 0xFE, 0xFF, 0xFF, 0xFF,
    0xFF, 0xFF, 0xFF, 0xFF, 0xFF, 0xFF, 0xFF, 0xFF, 0xFF, 0xFF, 0xFF, 0xFF, 0xFF, 0xFF, 0xFF, 0xFF,
    0xFF, 0xFF, 0xFF, 0xFF, 0xFF, 0xFF, 0xFF, 0xFF, 0xFF, 0xFF, 0xFF, 0xFF, 0xFD, 0xFF, 0x40, 0x00,
    0x00, 0x10, 0xF0, 0xFF, 0xFE, 0xFF, 0xFF, 0xFF, 0xFF, 0xFF, 0xFF, 0xFF, 0xFF, 0xFF, 0xFF, 0xFF,
    0xFF, 0xFF, 0xFF, 0xFF, 0xFF, 0xFF, 0xFF, 0xFF, 0xFF, 0xFF, 0xFF, 0xFF, 0xFF, 0xFF, 0xFF, 0xFF,
    0xFF, 0xFF, 0xFF, 0xFF, 0xFD, 0xFF, 0x40, 0x00, 0x00, 0x10, 0xF0, 0xFF, 0xFE, 0xFF, 0xFF, 0xFF,
    0xFF, 0xFF, 0xFF, 0xFF, 0xFF, 0xFF, 0xFF, 0xFF, 0xFF, 0xFF, 0xFF, 0xFF, 0xFF, 0xFF, 0xFF, 0xFF,
    0xFF, 0xFF, 0xFF, 0xFF, 0xFF, 0xFF, 0xFF, 0xFF, 0xFF, 0xFF, 0xFF, 0xFF, 0xFD, 0xFF, 0x40, 0x00,
    0x00, 0x10, 0xF0, 0xFF, 0xFE, 0xFF, 0xFF, 0xFF, 0xFF, 0xFF, 0xFF, 0xFF, 0xFF, 0xFF, 0xFF, 0xFF,
    0xFF, 0xFF, 0xFF, 0xFF, 0xFF, 0xFF, 0xFF, 0xFF, 0xFF, 0xFF, 0xFF, 0xFF, 0xFF, 0xFF, 0xFF, 0xFF,
    0xFF, 0xFF, 0xFF, 0xFF, 0xFD, 0xFF, 0x40, 0x00, 0x00, 0x10, 0xF0, 0xFF, 0xFE, 0xFF, 0xFF, 0xFF,
    0xFF, 0xFF, 0xFF, 0xFF, 0xFF, 0xFF, 0xFF, 0xFF, 0xFF, 0xFF, 0xFF, 0xFF, 0xFF, 0xFF, 0xFF, 0xFF,
    0xFF, 0xFF, 0xFF, 0xFF, 0xFF, 0xFF, 0xFF, 0xFF, 0xFF, 0xFF, 0xFF, 0xFF, 0xFD, 0xFF, 0x40, 0x00,
    0x00, 0x10, 0xF0, 0xFF, 0xFE, 0xFF, 0xFF, 0xFF, 0xFF, 0xFF, 0xFF, 0xFF, 0xFF, 0xFF, 0xFF, 0xFF,
    0xFF, 0xFF, 0xFF, 0xFF, 0xFF, 0xFF, 0xFF, 0xFF, 0xFF, 0xFF, 0xFF, 0xFF, 0xFF, 0xFF, 0xFF, 0xFF,
    0xFF, 0xFF, 0xFF, 0xFF, 0xFD, 0xFF, 0x40, 0x00, 0x00, 0x10, 0xF0, 0xFF, 0xFE, 0xFF, 0xFF, 0xFF,
    0xFF, 0xFF, 0xFF, 0xFF, 0xFF, 0xFF, 0xFF, 0xFF, 0xFF, 0xFF, 0xFF, 0xFF, 0xFF, 0xFF, 0xFF, 0xFF,
    0xFF, 0xFF, 0xFF, 0xFF, 0xFF, 0xFF, 0xFF, 0xFF, 0xFF, 0xFF, 0xFF, 0xFF, 0xFD, 0xFF, 0x40, 0x00,
    0x00, 0x10, 0xF0, 0xFF, 0xFE, 0xFF, 0xFF, 0xFF, 0xFF, 0xFF, 0xFF, 0xFF, 0xFF, 0xFF, 0xFF, 0xFF,
    0xFF, 0xFF, 0xFF, 0xFF, 0xFF, 0xFF, 0xFF, 0xFF, 0xFF, 0xFF, 0xFF, 0xFF, 0xFF, 0xFF, 0xFF, 0xFF,
    0xFF, 0xFF, 0xFF, 0xFF, 0xFD, 0xFF, 0x40, 0x00, 0x00, 0x10, 0xEF, 0xFF, 0xFE, 0xFF, 0xFF, 0xFF,
    0xFF, 0xFF, 0xFF, 0xFF, 0xFF, 0xFF, 0xFF, 0xFF, 0xFF, 0xFF, 0xFF, 0xFF, 0xFF, 0xFF, 0xFF, 0xFF,
    0xFF, 0xFF, 0xFF, 0xFF, 0xFF, 0xFF, 0xFF, 0xFF, 0xFF, 0xFF, 0xFF, 0xFF, 0xFD, 0xFF, 0x3F, 0x00,
    0x00, 0x11, 0xF2, 0xFF, 0xFE, 0xFF, 0xFF, 0xFF, 0xFF, 0xFF, 0xFF, 0xFF, 0xFF, 0xFF, 0xFF, 0xFF,
    0xFF, 0xFF, 0xFF, 0xFF, 0xFF, 0xFF, 0xFF, 0xFF, 0xFF, 0xFF, 0xFF, 0xFF, 0xFF, 0xFF, 0xFF, 0xFF,
    0xFF, 0xFF, 0xFF, 0xFF, 0xFD, 0xFF, 0x42, 0x00, 0x01, 0x0C, 0xE5, 0xFF, 0xFE, 0xFF, 0xFF, 0xFF,
    0xFF, 0xFF, 0xFF, 0xFF, 0xFF, 0xFF, 0xFF, 0xFF, 0xFF, 0xFF, 0xFF, 0xFF, 0xFF, 0xFF, 0xFF, 0xFF,
    0xFF, 0xFF, 0xFF, 0xFF, 0xFF, 0xFF, 0xFF, 0xFF, 0xFF, 0xFF, 0xFF, 0xFF, 0xFE, 0xFD, 0x35, 0x00,
    0x04, 0x00, 0xB0, 0xFE, 0xFC, 0xFF, 0xFF, 0xFF, 0xFF, 0xFF, 0xFF, 0xFF, 0xFF, 0xFF, 0xFF, 0xFF,
    0xFF, 0xFF, 0xFF, 0xFF, 0xFF, 0xFF, 0xFF, 0xFF, 0xFF, 0xFF, 0xFF, 0xFF, 0xFF, 0xFF, 0xFF, 0xFF,
    0xFF, 0xFF, 0xFF, 0xFE, 0xFF, 0xE6, 0x0A, 0x01, 0x04, 0x00, 0x62, 0xFF, 0xFC, 0xFF, 0xFF, 0xFF,
    0xFF, 0xFF, 0xFF, 0xFF, 0xFF, 0xFF, 0xFF, 0xFF, 0xFF, 0xFF, 0xFF, 0xFF, 0xFF, 0xFF, 0xFF, 0xFF,
    0xFF, 0xFF, 0xFF, 0xFF, 0xFF, 0xFF, 0xFF, 0xFF, 0xFF, 0xFF, 0xFF, 0xFB, 0xFE, 0xA2, 0x00, 0x04,
    0x01, 0x01, 0x15, 0xEE, 0xFD, 0xFE, 0xFF, 0xFF, 0xFF, 0xFF, 0xFF, 0xFF, 0xFF, 0xFF, 0xFF, 0xFF,
    0xFF, 0xFF, 0xFF, 0xFF, 0xFF, 0xFF, 0xFF, 0xFF, 0xFF, 0xFF, 0xFF, 0xFF, 0xFF, 0xFF, 0xFF, 0xFF,
    0xFF, 0xFF, 0xFF, 0xFC, 0xFF, 0x42, 0x00, 0x03, 0x00, 0x03, 0x00, 0x6B, 0xFF, 0xFA, 0xFF, 0xFF,
    0xFF, 0xFF, 0xFF, 0xFF, 0xFF, 0xFF, 0xFF, 0xFF, 0xFF, 0xFF, 0xFF, 0xFF, 0xFF, 0xFF, 0xFF, 0xFF,
    0xFF, 0xFF, 0xFF, 0xFF, 0xFF, 0xFF, 0xFF, 0xFF, 0xFF, 0xFF, 0xFA, 0xFF, 0xAA, 0x00, 0x03, 0x00,
    0x00, 0x00, 0x03, 0x00, 0xAC, 0xFF, 0xF9, 0xFE, 0xFF, 0xFF, 0xFF, 0xFF, 0xFF, 0xFF, 0xFF, 0xFF,
    0xFF, 0xFF, 0xFF, 0xFF, 0xFF, 0xFF, 0xFF, 0xFF, 0xFF, 0xFF, 0xFF, 0xFF, 0xFF, 0xFF, 0xFF, 0xFF,
    0xFF, 0xFA, 0xFF, 0xDE, 0x12, 0x02, 0x01, 0x00, 0x00, 0x00, 0x01, 0x01, 0x11, 0xB8, 0xFF, 0xFF,
    0xFB, 0xFD, 0xFE, 0xFF, 0xFF, 0xFF, 0xFF, 0xFF, 0xFF, 0xFF, 0xFF, 0xFF, 0xFF, 0xFF, 0xFF, 0xFF,
    0xFF, 0xFF, 0xFF, 0xFF, 0xFF, 0xFF, 0xFD, 0xFB, 0xFD, 0xFF, 0xDA, 0x34, 0x00, 0x02, 0x00, 0x00,
    0x00, 0x00, 0x00, 0x01, 0x00, 0x00, 0x80, 0xF9, 0xFF, 0xFF, 0xFF, 0xFD, 0xFD, 0xFD, 0xFD, 0xFD,
    0xFD, 0xFD, 0xFD, 0xFD, 0xFD, 0xFD, 0xFD, 0xFD, 0xFD, 0xFD, 0xFD, 0xFD, 0xFD, 0xFE, 0xFF, 0xFF,
    0xFF, 0xA7, 0x13, 0x00, 0x02, 0x00, 0x00, 0x00, 0x00, 0x00, 0x00, 0x00, 0x01, 0x01, 0x00, 0x2C,
    0x8C, 0xD6, 0xFD, 0xFF, 0xFF, 0xFF, 0xFF, 0xFF, 0xFF, 0xFF, 0xFF, 0xFF, 0xFF, 0xFF, 0xFF, 0xFF,
    0xFF, 0xFF, 0xFF, 0xFF, 0xFF, 0xFF, 0xE2, 0x9F, 0x46, 0x00, 0x00, 0x02, 0x00, 0x00, 0x00, 0x00,
    0x00, 0x00, 0x00, 0x00, 0x00, 0x00, 0x03, 0x00, 0x00, 0x03, 0x28, 0x40, 0x40, 0x40, 0x40, 0x40,
    0x40, 0x40, 0x40, 0x40, 0x40, 0x40, 0x40, 0x40, 0x40, 0x40, 0x40, 0x40, 0x40, 0x34, 0x09, 0x00,
    0x00, 0x02, 0x01, 0x00, 0x00, 0x00, 0x00, 0x00, 0x00, 0x00, 0x00, 0x00, 0x00, 0x00, 0x00, 0x02,
    0x04, 0x00, 0x00, 0x00, 0x00, 0x00, 0x00, 0x00, 0x00, 0x00, 0x00, 0x00, 0x00, 0x00, 0x00, 0x00,
    0x00, 0x00, 0x00, 0x00, 0x00, 0x00, 0x00, 0x04, 0x03, 0x00, 0x00, 0x00, 0x00, 0x00, 0x00, 0x00,
};

const lv_image_dsc_t icon_home_download = {
    .header.magic = LV_IMAGE_HEADER_MAGIC,
    .header.cf = LV_COLOR_FORMAT_RGB565A8,
    .header.w = 40,
    .header.h = 40,
    .data_size = 4800,
    .data = icon_home_download_map,
};

const LV_ATTRIBUTE_MEM_ALIGN uint8_t icon_home_music_map[] = {
    0x00, 0x00, 0x00, 0x00, 0x00, 0x00, 0x00, 0x00, 0x00, 0x00, 0x00, 0x00, 0x00, 0x00, 0x00, 0xF8,
    0xB5, 0xFA, 0xEF, 0xBB, 0x00, 0x00, 0x00, 0x00, 0x00, 0x00, 0x00, 0x00, 0x00, 0x00, 0x00, 0x00,
    0x00, 0x00, 0x00, 0x00, 0x00, 0x00, 0x00, 0x00, 0x00, 0x00, 0x00, 0x00, 0x00, 0x00, 0x00, 0x00,
    0x00, 0x00, 0x00, 0x00, 0x00, 0x00, 0x00, 0x00, 0x00, 0x00, 0x00, 0x00, 0xB5, 0xFA, 0xF7, 0xFB,
    0xFF, 0xFF, 0x00, 0x00, 0x00, 0x00, 0x00, 0x00, 0x00, 0x00, 0x00, 0x00, 0x00, 0x00, 0x00, 0x00,
    0x00, 0x00, 0x00, 0x00, 0x00, 0x00, 0x00, 0x00, 0x00, 0x00, 0x00, 0x00, 0xB5, 0xAA, 0x00, 0x00,
    0x00, 0x00, 0x00, 0x00, 0xB5, 0xFA, 0xF7, 0xFB, 0x73, 0xEB, 0x75, 0xEB, 0x75, 0xEB, 0x75, 0xEB,
    0x75, 0xEB, 0x75, 0xEB, 0x75, 0xEB, 0x75, 0xEB, 0x75, 0xEB, 0x75, 0xEB, 0x75, 0xEB, 0x75, 0xEB,
    0x75, 0xEB, 0x75, 0xEB, 0x75, 0xEB, 0x73, 0xEB, 0x77, 0xFB, 0x95, 0xFB, 0x00, 0x00, 0x00, 0x00,
    0x00, 0x00, 0xB5, 0xFA, 0x00, 0x00, 0x00, 0x00, 0x00, 0x00, 0x00, 0x00, 0x00, 0x00, 0x00, 0x00,
    0x00, 0x00, 0x00, 0x00, 0x00, 0x00, 0x00, 0x00, 0x00, 0x00, 0xEF, 0xB9, 0x00, 0x00, 0xB5, 0xD2,
    0x55, 0xF3, 0x55, 0xF3, 0x55, 0xF3, 0x54, 0xEB, 0x54, 0xEB, 0x54, 0xEB, 0x54, 0xEB, 0x54, 0xEB,
    0x54, 0xEB, 0x54, 0xEB, 0x54, 0xEB, 0x54, 0xEB, 0x54, 0xEB, 0x54, 0xEB, 0x54, 0xEB, 0x54, 0xEB,
    0x54, 0xEB, 0x54, 0xEB, 0x54, 0xEB, 0x54, 0xEB, 0x54, 0xEB, 0x54, 0xEB, 0x55, 0xF3, 0x75, 0xF3,
    0x55, 0xF3, 0x00, 0x00, 0xEF, 0xFB, 0x1F, 0xF8, 0x00, 0x00, 0x00, 0x00, 0x00, 0x00, 0x00, 0x00,
    0x00, 0x00, 0x00, 0x00, 0x00, 0x00, 0x00, 0x00, 0x1F, 0xF8, 0x00, 0x00, 0x54, 0xEB, 0x55, 0xF3,
    0x75, 0xFB, 0x75, 0xFB, 0x55, 0xF3, 0x54, 0xEB, 0x54, 0xEB, 0x54, 0xEB, 0x54, 0xEB, 0x54, 0xEB,
    0x54, 0xEB, 0x54, 0xEB, 0x54, 0xEB, 0x54, 0xEB, 0x54, 0xEB, 0x54, 0xEB, 0x54, 0xEB, 0x54, 0xEB,
    0x54, 0xEB, 0x54, 0xEB, 0x54, 0xEB, 0x54, 0xEB, 0x54, 0xEB, 0x55, 0xF3, 0x75, 0xFB, 0x76, 0xFB,
    0x55, 0xF3, 0x55, 0xF3, 0x00, 0x00, 0x00, 0x00, 0x1F, 0xF8, 0x00, 0x00, 0x00, 0x00, 0x00, 0x00,
    0x00, 0x00, 0x00, 0x00, 0x00, 0x00, 0xB5, 0xFA, 0xFF, 0xFF, 0x34, 0xEB, 0x55, 0xF3, 0x55, 0xF3,
    0x34, 0xEB, 0x34, 0xEB, 0x34, 0xEB, 0x34, 0xEB, 0x34, 0xEB, 0x34, 0xEB, 0x34, 0xEB, 0x34, 0xEB,
    0x34, 0xEB, 0x34, 0xEB, 0x34, 0xEB, 0x34, 0xEB, 0x34, 0xEB, 0x34, 0xEB, 0x34, 0xEB, 0x34, 0xEB,
    0x34, 0xEB, 0x34, 0xEB, 0x34, 0xEB, 0x34, 0xEB, 0x34, 0xEB, 0x34, 0xEB, 0x34, 0xEB, 0x34, 0xEB,
    0x54, 0xEB, 0x76, 0xFB, 0x54, 0xEB, 0x54, 0xE3, 0xFF, 0xFF, 0x1F, 0xF8, 0x00, 0x00, 0x00, 0x00,
    0x00, 0x00, 0x00, 0x00, 0xF7, 0xBB, 0x00, 0x00, 0x14, 0xE3, 0x96, 0xFB, 0x34, 0xEB, 0x34, 0xEB,
    0x34, 0xEB, 0x34, 0xEB, 0x34, 0xEB, 0x34, 0xEB, 0x34, 0xEB, 0x34, 0xEB, 0x34, 0xEB, 0x34, 0xEB,
    0x34, 0xEB, 0x34, 0xEB, 0x34, 0xEB, 0x34, 0xEB, 0x34, 0xEB, 0x34, 0xEB, 0x34, 0xEB, 0x34, 0xEB,
    0x34, 0xEB, 0x34, 0xEB, 0x34, 0xEB, 0x34, 0xEB, 0x34, 0xEB, 0x34, 0xEB, 0x34, 0xEB, 0x34, 0xEB,
    0x34, 0xEB, 0x34, 0xEB, 0x76, 0xFB, 0x34, 0xEB, 0x00, 0xF8, 0xB5, 0xFA, 0x00, 0x00, 0x00, 0x00,
    0x00, 0x00, 0xB5, 0xFA, 0x00, 0x00, 0x34, 0xEB, 0x55, 0xF3, 0x34, 0xEB, 0x34, 0xEB, 0x34, 0xEB,
    0x34, 0xEB, 0x34, 0xEB, 0x34, 0xEB, 0x34, 0xEB, 0x34, 0xEB, 0x34, 0xEB, 0x34, 0xEB, 0x34, 0xEB,
    0x34, 0xEB, 0x34, 0xEB, 0x34, 0xEB, 0x34, 0xEB, 0x34, 0xEB, 0x34, 0xEB, 0x34, 0xEB, 0x34, 0xEB,
    0x34, 0xEB, 0x34, 0xEB, 0x34, 0xEB, 0x34, 0xEB, 0x34, 0xEB, 0x34, 0xEB, 0x34, 0xEB, 0x34, 0xEB,
    0x34, 0xEB, 0x34, 0xEB, 0x14, 0xEB, 0x75, 0xFB, 0x34, 0xE3, 0x00, 0x00, 0xB5, 0xFA, 0x00, 0x00,
    0x00, 0x00, 0xFF, 0xFF, 0xB5, 0xE2, 0x14, 0xEB, 0x34, 0xF3, 0x14, 0xE3, 0x14, 0xEB, 0x14, 0xEB,
    0x14, 0xEB, 0x14, 0xEB, 0x14, 0xEB, 0x14, 0xEB, 0x14, 0xEB, 0x14, 0xEB, 0x14, 0xEB, 0x14, 0xEB,
    0x14, 0xEB, 0x14, 0xEB, 0x34, 0xEB, 0x34, 0xEB, 0x14, 0xEB, 0x14, 0xEB, 0x14, 0xEB, 0x14, 0xEB,
    0x14, 0xEB, 0x14, 0xEB, 0x14, 0xEB, 0x14, 0xEB, 0x14, 0xEB, 0x14, 0xEB, 0x14, 0xEB, 0x14, 0xEB,
    0x14, 0xEB, 0x14, 0xEB, 0x14, 0xE3, 0x14, 0xEB, 0x34, 0xEB, 0x13, 0xE3, 0x00, 0x00, 0xFF, 0xFB,
    0xEF, 0xB9, 0x00, 0x00, 0x13, 0xE3, 0x35, 0xF3, 0x13, 0xE3, 0x14, 0xEB, 0x14, 0xE3, 0x14, 0xE3,
    0x14, 0xE3, 0x14, 0xE3, 0x14, 0xE3, 0x14, 0xE3, 0x14, 0xE3, 0x14, 0xE3, 0x14, 0xE3, 0x14, 0xE3,
    0x14, 0xE3, 0x34, 0xEB, 0xF3, 0xE2, 0xD3, 0xE2, 0x14, 0xE3, 0x34, 0xEB, 0x14, 0xEB, 0x14, 0xE3,
    0x14, 0xE3, 0x14, 0xE3, 0x14, 0xE3, 0x14, 0xE3, 0x14, 0xE3, 0x14, 0xE3, 0x14, 0xE3, 0x14, 0xE3,
    0x14, 0xE3, 0x14, 0xE3, 0x14, 0xE3, 0x13, 0xE3, 0x55, 0xFB, 0x14, 0xEB, 0x00, 0x00, 0x33, 0xCB,
    0xF7, 0xBB, 0x00, 0x00, 0x13, 0xE3, 0x35, 0xF3, 0x13, 0xE3, 0x13, 0xE3, 0x13, 0xE3, 0x13, 0xE3,
    0x13, 0xE3, 0x13, 0xE3, 0x13, 0xE3, 0x13, 0xE3, 0x13, 0xE3, 0x13, 0xE3, 0x13, 0xE3, 0x13, 0xE3,
    0x14, 0xE3, 0x92, 0xE2, 0xD5, 0xEB, 0xF6, 0xEB, 0xD3, 0xE2, 0xB3, 0xE2, 0xD3, 0xE2, 0x13, 0xE3,
    0x14, 0xE3, 0x14, 0xE3, 0x13, 0xE3, 0x13, 0xE3, 0x13, 0xE3, 0x13, 0xE3, 0x13, 0xE3, 0x13, 0xE3,
    0x13, 0xE3, 0x13, 0xE3, 0x13, 0xE3, 0x13, 0xE3, 0x34, 0xEB, 0xF3, 0xE2, 0xF7, 0xFB, 0x1F, 0xF8,
    0x1F, 0xF8, 0xF3, 0xFA, 0xF3, 0xE2, 0x14, 0xEB, 0xF3, 0xE2, 0xF3, 0xE2, 0xF3, 0xE2, 0xF3, 0xE2,
    0xF3, 0xE2, 0xF3, 0xE2, 0xF3, 0xE2, 0xF3, 0xE2, 0xF3, 0xE2, 0xF3, 0xE2, 0xF3, 0xE2, 0x13, 0xE3,
    0xF3, 0xE2, 0xB7, 0xEC, 0xFD, 0xFE, 0xFF, 0xFF, 0xDC, 0xFE, 0x79, 0xF5, 0x16, 0xEC, 0xF3, 0xE2,
    0xB2, 0xE2, 0xD3, 0xE2, 0xF3, 0xE2, 0x14, 0xE3, 0x13, 0xE3, 0x13, 0xE3, 0xF3, 0xE2, 0xF3, 0xE2,
    0xF3, 0xE2, 0xF3, 0xE2, 0xF3, 0xE2, 0xF3, 0xE2, 0xF3, 0xE2, 0x14, 0xEB, 0xF4, 0xEA, 0x00, 0x00,
    0x00, 0x00, 0xD4, 0xF2, 0xF3, 0xE2, 0x14, 0xEB, 0xF3, 0xE2, 0xF3, 0xE2, 0xF3, 0xE2, 0xF3, 0xE2,
    0xF3, 0xE2, 0xF3, 0xE2, 0xF3, 0xE2, 0xF3, 0xE2, 0xF3, 0xE2, 0xF3, 0xE2, 0xF3, 0xE2, 0x13, 0xE3,
    0xB3, 0xE2, 0x1D, 0xFF, 0xFF, 0xFF, 0xFF, 0xFF, 0xFF, 0xFF, 0xFF, 0xFF, 0xFF, 0xFF, 0x3D, 0xFF,
    0xBA, 0xF5, 0x16, 0xEC, 0xF3, 0xE2, 0xB2, 0xE2, 0xB3, 0xE2, 0xF3, 0xE2, 0xF3, 0xE2, 0xF3, 0xE2,
    0xF3, 0xE2, 0xF3, 0xE2, 0xF3, 0xE2, 0xF3, 0xE2, 0xF3, 0xE2, 0x14, 0xF3, 0xF3, 0xEA, 0x00, 0x00,
    0x00, 0x00, 0xF3, 0xEA, 0xF3, 0xE2, 0xF3, 0xEA, 0xF3, 0xE2, 0xF3, 0xE2, 0xF3, 0xE2, 0xF3, 0xE2,
    0xF3, 0xE2, 0xF3, 0xE2, 0xF3, 0xE2, 0xF3, 0xE2, 0xF3, 0xE2, 0xF3, 0xE2, 0xF3, 0xE2, 0xF3, 0xE2,
    0xB3, 0xE2, 0x9C, 0xFE, 0xFF, 0xFF, 0xFF, 0xFF, 0xFF, 0xFF, 0xFF, 0xFF, 0xFF, 0xFF, 0xFF, 0xFF,
    0xFF, 0xFF, 0xFF, 0xFF, 0x1D, 0xFF, 0x1B, 0xF6, 0x77, 0xEC, 0x34, 0xE3, 0xF3, 0xE2, 0xF3, 0xE2,
    0xF3, 0xE2, 0xF3, 0xE2, 0xF3, 0xE2, 0xF3, 0xE2, 0xF3, 0xE2, 0x14, 0xEB, 0xF3, 0xE2, 0x00, 0x00,
    0x00, 0x00, 0xF3, 0xEA, 0xD3, 0xE2, 0xF3, 0xEA, 0xF3, 0xE2, 0xF3, 0xE2, 0xF3, 0xE2, 0xF3, 0xE2,
    0xF3, 0xE2, 0xF3, 0xE2, 0xF3, 0xE2, 0xF3, 0xE2, 0xF3, 0xE2, 0xF3, 0xE2, 0xF3, 0xE2, 0xF3, 0xE2,
    0xB3, 0xE2, 0xBC, 0xFE, 0xFF, 0xFF, 0xFF, 0xFF, 0xFF, 0xFF, 0xFF, 0xFF, 0xFF, 0xFF, 0xFF, 0xFF,
    0xFF, 0xFF, 0xFF, 0xFF, 0xFF, 0xFF, 0xFF, 0xFF, 0xFF, 0xFF, 0x7C, 0xF6, 0xB3, 0xE2, 0xF3, 0xE2,
    0xF3, 0xE2, 0xF3, 0xE2, 0xF3, 0xE2, 0xF3, 0xE2, 0xD3, 0xE2, 0x14, 0xEB, 0xD3, 0xE2, 0x00, 0x00,
    0x00, 0x00, 0xF3, 0xDA, 0xD3, 0xE2, 0xF3, 0xE2, 0xD3, 0xE2, 0xD3, 0xE2, 0xD3, 0xE2, 0xD3, 0xE2,
    0xD3, 0xE2, 0xD3, 0xE2, 0xD3, 0xE2, 0xD3, 0xE2, 0xD3, 0xE2, 0xD3, 0xE2, 0xD3, 0xE2, 0xF3, 0xE2,
    0x92, 0xE2, 0xBC, 0xFE, 0xFF, 0xFF, 0xFF, 0xFF, 0xFF, 0xFF, 0xFF, 0xFF, 0xFF, 0xFF, 0xFF, 0xFF,
    0xFF, 0xFF, 0xFF, 0xFF, 0xFF, 0xFF, 0xDF, 0xFF, 0xFF, 0xFF, 0xBC, 0xFE, 0x92, 0xE2, 0xF3, 0xE2,
    0xD3, 0xE2, 0xD3, 0xE2, 0xD3, 0xE2, 0xD3, 0xE2, 0xD3, 0xE2, 0xF4, 0xEA, 0xD3, 0xE2, 0x00, 0x00,
    0x00, 0x00, 0xF3, 0xDA, 0xD3, 0xE2, 0xD3, 0xE2, 0xD3, 0xE2, 0xD3, 0xE2, 0xD3, 0xE2, 0xD3, 0xE2,
    0xD3, 0xE2, 0xD3, 0xE2, 0xD3, 0xE2, 0xD3, 0xE2, 0xD3, 0xE2, 0xD3, 0xE2, 0xD3, 0xE2, 0xD3, 0xE2,
    0x92, 0xE2, 0xBC, 0xFE, 0xFF, 0xFF, 0x5E, 0xFF, 0xBC, 0xFE, 0xDF, 0xFF, 0xFF, 0xFF, 0xFF, 0xFF,
    0xFF, 0xFF, 0xFF, 0xFF, 0xFF, 0xFF, 0xFF, 0xFF, 0xFF, 0xFF, 0xBC, 0xFE, 0x92, 0xE2, 0xD3, 0xE2,
    0xD3, 0xE2, 0xD3, 0xE2, 0xD3, 0xE2, 0xD3, 0xE2, 0xD3, 0xE2, 0xF4, 0xEA, 0xB3, 0xE2, 0x00, 0x00,
    0x00, 0x00, 0xF3, 0xDA, 0xD3, 0xE2, 0xD3, 0xE2, 0xD3, 0xE2, 0xD3, 0xE2, 0xD3, 0xE2, 0xD3, 0xE2,
    0xD3, 0xE2, 0xD3, 0xE2, 0xD3, 0xE2, 0xD3, 0xE2, 0xD3, 0xE2, 0xD3, 0xE2, 0xD3, 0xE2, 0xD3, 0xE2,
    0x92, 0xE2, 0x9C, 0xF6, 0xFF, 0xFF, 0x7C, 0xF6, 0x72, 0xDA, 0x54, 0xE3, 0xB7, 0xEC, 0x5B, 0xF6,
    0xBF, 0xFF, 0xFF, 0xFF, 0xFF, 0xFF, 0xFF, 0xFF, 0xFF, 0xFF, 0x9C, 0xF6, 0x92, 0xE2, 0xD3, 0xE2,
    0xD3, 0xE2, 0xD3, 0xE2, 0xD3, 0xE2, 0xD3, 0xE2, 0xB3, 0xE2, 0xF4, 0xEA, 0xB3, 0xE2, 0x00, 0x00,
    0x00, 0x00, 0xF3, 0xDA, 0xB2, 0xE2, 0xD3, 0xE2, 0xB2, 0xE2, 0xB3, 0xE2, 0xB3, 0xE2, 0xB3, 0xE2,
    0xB3, 0xE2, 0xB3, 0xE2, 0xB3, 0xE2, 0xB3, 0xE2, 0xB3, 0xE2, 0xB3, 0xE2, 0xB3, 0xE2, 0xD3, 0xE2,
    0x72, 0xE2, 0x9C, 0xF6, 0xFF, 0xFF, 0x9C, 0xF6, 0x92, 0xE2, 0xB2, 0xE2, 0x72, 0xDA, 0x72, 0xDA,
    0x34, 0xE3, 0xB7, 0xEC, 0x3B, 0xF6, 0x5E, 0xFF, 0xFF, 0xFF, 0xFD, 0xFE, 0x72, 0xE2, 0xD3, 0xE2,
    0xB3, 0xE2, 0xB3, 0xE2, 0xB3, 0xE2, 0xB3, 0xE2, 0xB3, 0xE2, 0xD3, 0xEA, 0xB2, 0xE2, 0x00, 0x00,
    0x00, 0x00, 0x73, 0xDA, 0xB2, 0xDA, 0xB3, 0xE2, 0xB2, 0xDA, 0xB2, 0xE2, 0xB2, 0xE2, 0xB2, 0xE2,
    0xB2, 0xE2, 0xB2, 0xE2, 0xB2, 0xE2, 0xB2, 0xE2, 0xB2, 0xE2, 0xB2, 0xE2, 0xB2, 0xE2, 0xD3, 0xE2,
    0x72, 0xDA, 0x9C, 0xF6, 0xFF, 0xFF, 0x9C, 0xF6, 0x72, 0xDA, 0xD3, 0xE2, 0xD3, 0xE2, 0xD3, 0xE2,
    0x92, 0xDA, 0x52, 0xDA, 0x72, 0xDA, 0xD3, 0xE2, 0x77, 0xEC, 0x18, 0xED, 0x92, 0xDA, 0xB2, 0xE2,
    0xB2, 0xE2, 0xB2, 0xE2, 0xB2, 0xE2, 0xB2, 0xE2, 0xB2, 0xDA, 0xD3, 0xEA, 0xB2, 0xDA, 0x00, 0x00,
    0x00, 0x00, 0x73, 0xDA, 0xB2, 0xDA, 0xB3, 0xE2, 0xB2, 0xDA, 0xB2, 0xDA, 0xB2, 0xDA, 0xB2, 0xDA,
    0xB2, 0xDA, 0xB2, 0xDA, 0xB2, 0xDA, 0xB2, 0xDA, 0xB2, 0xDA, 0xB2, 0xDA, 0xB2, 0xDA, 0xB2, 0xDA,
    0x72, 0xDA, 0x9C, 0xF6, 0xFF, 0xFF, 0x9C, 0xF6, 0x72, 0xDA, 0xB2, 0xDA, 0xB2, 0xDA, 0xB2, 0xDA,
    0xB2, 0xDA, 0xB3, 0xE2, 0xB2, 0xE2, 0x92, 0xDA, 0x52, 0xDA, 0x72, 0xDA, 0xB2, 0xDA, 0xB2, 0xDA,
    0xB2, 0xDA, 0xB2, 0xDA, 0xB2, 0xDA, 0xB2, 0xDA, 0xB2, 0xDA, 0xD3, 0xEA, 0x92, 0xDA, 0x00, 0x00,
    0x00, 0x00, 0x71, 0xDA, 0x92, 0xDA, 0xB3, 0xE2, 0x92, 0xDA, 0x92, 0xDA, 0x92, 0xDA, 0x92, 0xDA,
    0x92, 0xDA, 0x92, 0xDA, 0x92, 0xDA, 0x92, 0xDA, 0x92, 0xDA, 0x92, 0xDA, 0x92, 0xDA, 0xB2, 0xDA,
    0x52, 0xDA, 0x9C, 0xF6, 0xFF, 0xFF, 0x9C, 0xF6, 0x52, 0xDA, 0xB2, 0xDA, 0x92, 0xDA, 0x92, 0xDA,
    0x92, 0xDA, 0xB2, 0xDA, 0xB2, 0xDA, 0xB2, 0xDA, 0xB2, 0xDA, 0xB2, 0xDA, 0x92, 0xDA, 0xB2, 0xDA,
    0x92, 0xDA, 0x92, 0xDA, 0x92, 0xDA, 0x92, 0xDA, 0x92, 0xDA, 0xB3, 0xEA, 0x92, 0xDA, 0x00, 0x00,
    0x00, 0x00, 0x71, 0xDA, 0x92, 0xDA, 0x92, 0xE2, 0x92, 0xDA, 0x92, 0xDA, 0x92, 0xDA, 0x92, 0xDA,
    0x92, 0xDA, 0x92, 0xDA, 0x92, 0xDA, 0x92, 0xDA, 0x92, 0xDA, 0x92, 0xDA, 0x92, 0xDA, 0xB2, 0xDA,
    0x51, 0xDA, 0x9C, 0xF6, 0xFF, 0xFF, 0x9C, 0xF6, 0x51, 0xDA, 0xB2, 0xDA, 0x92, 0xDA, 0x92, 0xDA,
    0x92, 0xDA, 0x92, 0xDA, 0x92, 0xDA, 0x92, 0xDA, 0x92, 0xDA, 0x92, 0xDA, 0x92, 0xDA, 0x92, 0xDA,
    0x92, 0xDA, 0x92, 0xDA, 0x92, 0xDA, 0x92, 0xDA, 0x92, 0xDA, 0xB3, 0xEA, 0x92, 0xDA, 0x00, 0x00,
    0x00, 0x00, 0x71, 0xDA, 0x92, 0xDA, 0x92, 0xE2, 0x92, 0xDA, 0x92, 0xDA, 0x92, 0xDA, 0x92, 0xDA,
    0x92, 0xDA, 0x92, 0xDA, 0x92, 0xDA, 0x92, 0xDA, 0x92, 0xDA, 0x92, 0xDA, 0xB2, 0xDA, 0xB2, 0xDA,
    0x72, 0xDA, 0x9C, 0xF6, 0xFF, 0xFF, 0x9C, 0xF6, 0x51, 0xDA, 0x92, 0xDA, 0x92, 0xDA, 0x92, 0xDA,
    0x92, 0xDA, 0x92, 0xDA, 0x92, 0xDA, 0x92, 0xDA, 0x92, 0xDA, 0x92, 0xDA, 0x92, 0xDA, 0x92, 0xDA,
    0x92, 0xDA, 0x92, 0xDA, 0x92, 0xDA, 0x92, 0xDA, 0x92, 0xDA, 0xB3, 0xEA, 0x72, 0xDA, 0x00, 0x00,
    0x00, 0x00, 0x71, 0xDA, 0x72, 0xDA, 0x92, 0xE2, 0x92, 0xDA, 0x92, 0xDA, 0x92, 0xDA, 0x92, 0xDA,
    0x92, 0xDA, 0x92, 0xDA, 0x92, 0xDA, 0x92, 0xDA, 0x92, 0xDA, 0x72, 0xDA, 0x31, 0xDA, 0x31, 0xDA,
    0xD0, 0xD9, 0x7C, 0xF6, 0xFF, 0xFF, 0x9C, 0xF6, 0x51, 0xDA, 0x92, 0xDA, 0x92, 0xDA, 0x92, 0xDA,
    0x92, 0xDA, 0x92, 0xDA, 0x92, 0xDA, 0x92, 0xDA, 0x92, 0xDA, 0x92, 0xDA, 0x92, 0xDA, 0x92, 0xDA,
    0x92, 0xDA, 0x92, 0xDA, 0x92, 0xDA, 0x92, 0xDA, 0x72, 0xDA, 0xB3, 0xEA, 0x72, 0xDA, 0x00, 0x00,
    0x00, 0x00, 0x71, 0xDA, 0x72, 0xDA, 0x92, 0xE2, 0x72, 0xDA, 0x72, 0xDA, 0x72, 0xDA, 0x72, 0xDA,
    0x72, 0xDA, 0x72, 0xDA, 0x72, 0xDA, 0x92, 0xDA, 0x31, 0xDA, 0xD3, 0xDA, 0x97, 0xEC, 0x39, 0xED,
    0xB7, 0xEC, 0xDD, 0xFE, 0xFF, 0xFF, 0x9C, 0xF6, 0x31, 0xDA, 0x92, 0xDA, 0x72, 0xDA, 0x72, 0xDA,
    0x72, 0xDA, 0x72, 0xDA, 0x72, 0xDA, 0x72, 0xDA, 0x72, 0xDA, 0x72, 0xDA, 0x72, 0xDA, 0x72, 0xDA,
    0x72, 0xDA, 0x72, 0xDA, 0x72, 0xDA, 0x72, 0xDA, 0x72, 0xDA, 0x93, 0xE2, 0x72, 0xDA, 0x00, 0x00,
    0x00, 0x00, 0x71, 0xDA, 0x71, 0xDA, 0x72, 0xDA, 0x71, 0xDA, 0x72, 0xDA, 0x72, 0xDA, 0x72, 0xDA,
    0x72, 0xDA, 0x72, 0xDA, 0x92, 0xDA, 0x31, 0xDA, 0x16, 0xE4, 0x7E, 0xFF, 0xFF, 0xFF, 0xFF, 0xFF,
    0xFF, 0xFF, 0xFF, 0xFF, 0xFF, 0xFF, 0x9C, 0xF6, 0x31, 0xDA, 0x92, 0xDA, 0x72, 0xDA, 0x72, 0xDA,
    0x72, 0xDA, 0x72, 0xDA, 0x72, 0xDA, 0x72, 0xDA, 0x72, 0xDA, 0x72, 0xDA, 0x72, 0xDA, 0x72, 0xDA,
    0x72, 0xDA, 0x72, 0xDA, 0x72, 0xDA, 0x72, 0xDA, 0x72, 0xDA, 0x92, 0xE2, 0x72, 0xDA, 0x00, 0x00,
    0x00, 0x00, 0x71, 0xDA, 0x51, 0xDA, 0x72, 0xDA, 0x71, 0xDA, 0x72, 0xDA, 0x72, 0xDA, 0x72, 0xDA,
    0x72, 0xDA, 0x72, 0xDA, 0x31, 0xDA, 0x33, 0xDB, 0xDF, 0xFF, 0xFF, 0xFF, 0xFF, 0xFF, 0xFF, 0xFF,
    0xFF, 0xFF, 0xFF, 0xFF, 0xFF, 0xFF, 0x9C, 0xF6, 0x31, 0xDA, 0x72, 0xDA, 0x72, 0xDA, 0x72, 0xDA,
    0x72, 0xDA, 0x72, 0xDA, 0x72, 0xDA, 0x72, 0xDA, 0x72, 0xDA, 0x72, 0xDA, 0x72, 0xDA, 0x72, 0xDA,
    0x72, 0xDA, 0x72, 0xDA, 0x72, 0xDA, 0x72, 0xDA, 0x52, 0xDA, 0x92, 0xE2, 0x51, 0xDA, 0x00, 0x00,
    0x00, 0x00, 0x71, 0xDA, 0x51, 0xDA, 0x72, 0xDA, 0x51, 0xDA, 0x51, 0xDA, 0x51, 0xDA, 0x51, 0xDA,
    0x51, 0xDA, 0x72, 0xDA, 0xF0, 0xD1, 0x59, 0xED, 0xFF, 0xFF, 0xDF, 0xFF, 0xFF, 0xFF, 0xFF, 0xFF,
    0xFF, 0xFF, 0xFF, 0xFF, 0xFF, 0xFF, 0x9C, 0xF6, 0x31, 0xDA, 0x72, 0xDA, 0x51, 0xDA, 0x51, 0xDA,
    0x51, 0xDA, 0x51, 0xDA, 0x51, 0xDA, 0x51, 0xDA, 0x51, 0xDA, 0x51, 0xDA, 0x51, 0xDA, 0x51, 0xDA,
    0x51, 0xDA, 0x51, 0xDA, 0x51, 0xDA, 0x51, 0xDA, 0x51, 0xDA, 0x72, 0xE2, 0x72, 0xDA, 0x00, 0x00,
    0x00, 0x00, 0x50, 0xE2, 0x51, 0xDA, 0x51, 0xDA, 0x51, 0xDA, 0x51, 0xDA, 0x51, 0xDA, 0x51, 0xDA,
    0x51, 0xDA, 0x72, 0xDA, 0xF0, 0xD1, 0xF8, 0xEC, 0xFF, 0xFF, 0xDF, 0xFF, 0xFF, 0xFF, 0xFF, 0xFF,
    0xFF, 0xFF, 0xDF, 0xFF, 0xFF, 0xFF, 0x5B, 0xF6, 0x10, 0xD2, 0x71, 0xDA, 0x51, 0xDA, 0x51, 0xDA,
    0x51, 0xDA, 0x51, 0xDA, 0x51, 0xDA, 0x51, 0xDA, 0x51, 0xDA, 0x51, 0xDA, 0x51, 0xDA, 0x51, 0xDA,
    0x51, 0xDA, 0x51, 0xDA, 0x51, 0xDA, 0x51, 0xDA, 0x51, 0xDA, 0x72, 0xE2, 0x71, 0xDA, 0x00, 0x00,
    0x00, 0x00, 0xB2, 0xD2, 0x51, 0xDA, 0x52, 0xDA, 0x51, 0xD2, 0x51, 0xDA, 0x51, 0xDA, 0x51, 0xDA,
    0x51, 0xDA, 0x51, 0xDA, 0x31, 0xDA, 0x92, 0xDA, 0x3E, 0xFF, 0xFF, 0xFF, 0xFF, 0xFF, 0xFF, 0xFF,
    0xFF, 0xFF, 0xFF, 0xFF, 0xFF, 0xFF, 0x74, 0xE3, 0x11, 0xD2, 0x51, 0xDA, 0x51, 0xDA, 0x51, 0xDA,
    0x51, 0xDA, 0x51, 0xDA, 0x51, 0xDA, 0x51, 0xDA, 0x51, 0xDA, 0x51, 0xDA, 0x51, 0xDA, 0x51, 0xDA,
    0x51, 0xDA, 0x51, 0xDA, 0x51, 0xDA, 0x51, 0xDA, 0x51, 0xD2, 0x52, 0xDA, 0x52, 0xDA, 0x00, 0x00,
    0xEF, 0xB9, 0x00, 0x00, 0x51, 0xD2, 0x72, 0xE2, 0x31, 0xD2, 0x31, 0xD2, 0x51, 0xD2, 0x51, 0xD2,
    0x51, 0xD2, 0x31, 0xD2, 0x51, 0xDA, 0x11, 0xD2, 0xF3, 0xDA, 0x5B, 0xF6, 0xFF, 0xFF, 0xFF, 0xFF,
    0xFF, 0xFF, 0xFD, 0xFE, 0xD5, 0xE3, 0x10, 0xD2, 0x51, 0xD2, 0x31, 0xD2, 0x51, 0xD2, 0x51, 0xD2,
    0x51, 0xD2, 0x51, 0xD2, 0x51, 0xD2, 0x51, 0xD2, 0x51, 0xD2, 0x51, 0xD2, 0x51, 0xD2, 0x51, 0xD2,
    0x51, 0xD2, 0x51, 0xD2, 0x51, 0xD2, 0x31, 0xD2, 0x51, 0xDA, 0x51, 0xD2, 0x6F, 0xE2, 0x00, 0x00,
    0xF7, 0xF9, 0x00, 0x00, 0x31, 0xD2, 0x52, 0xE2, 0x31, 0xD2, 0x31, 0xD2, 0x31, 0xD2, 0x31, 0xD2,
    0x31, 0xD2, 0x31, 0xD2, 0x31, 0xD2, 0x51, 0xD2, 0x10, 0xD2, 0x10, 0xD2, 0x33, 0xDB, 0xB5, 0xE3,
    0x74, 0xDB, 0x31, 0xD2, 0xF0, 0xD1, 0x51, 0xD2, 0x31, 0xD2, 0x31, 0xD2, 0x31, 0xD2, 0x31, 0xD2,
    0x31, 0xD2, 0x31, 0xD2, 0x31, 0xD2, 0x31, 0xD2, 0x31, 0xD2, 0x31, 0xD2, 0x31, 0xD2, 0x31, 0xD2,
    0x31, 0xD2, 0x31, 0xD2, 0x31, 0xD2, 0x31, 0xD2, 0x52, 0xE2, 0x31, 0xD2, 0x00, 0x00, 0xEF, 0xB9,
    0x1F, 0xF8, 0x00, 0xF8, 0xF0, 0xD9, 0x31, 0xDA, 0x31, 0xDA, 0x31, 0xD2, 0x31, 0xD2, 0x31, 0xD2,
    0x31, 0xD2, 0x31, 0xD2, 0x31, 0xD2, 0x31, 0xD2, 0x31, 0xD2, 0x31, 0xD2, 0xF0, 0xD1, 0xD0, 0xD1,
    0xF0, 0xD1, 0x31, 0xD2, 0x31, 0xD2, 0x31, 0xD2, 0x31, 0xD2, 0x31, 0xD2, 0x31, 0xD2, 0x31, 0xD2,
    0x31, 0xD2, 0x31, 0xD2, 0x31, 0xD2, 0x31, 0xD2, 0x31, 0xD2, 0x31, 0xD2, 0x31, 0xD2, 0x31, 0xD2,
    0x31, 0xD2, 0x31, 0xD2, 0x31, 0xD2, 0x31, 0xD2, 0x52, 0xE2, 0x31, 0xD2, 0x00, 0x00, 0xB5, 0xFA,
    0x00, 0x00, 0xB5, 0xFA, 0x00, 0x00, 0x11, 0xD2, 0x52, 0xE2, 0x11, 0xD2, 0x31, 0xD2, 0x31, 0xD2,
    0x31, 0xD2, 0x31, 0xD2, 0x31, 0xD2, 0x31, 0xD2, 0x31, 0xD2, 0x31, 0xD2, 0x31, 0xD2, 0x31, 0xD2,
    0x31, 0xD2, 0x31, 0xD2, 0x31, 0xD2, 0x31, 0xD2, 0x31, 0xD2, 0x31, 0xD2, 0x31, 0xD2, 0x31, 0xD2,
    0x31, 0xD2, 0x31, 0xD2, 0x31, 0xD2, 0x31, 0xD2, 0x31, 0xD2, 0x31, 0xD2, 0x31, 0xD2, 0x31, 0xD2,
    0x31, 0xD2, 0x31, 0xD2, 0x11, 0xD2, 0x52, 0xE2, 0x11, 0xD2, 0x00, 0x00, 0xAA, 0xFA, 0x00, 0x00,
    0x00, 0x00, 0x00, 0x00, 0xB5, 0xFA, 0x00, 0x00, 0x11, 0xD2, 0x52, 0xEA, 0x11, 0xD2, 0x11, 0xD2,
    0x11, 0xD2, 0x11, 0xD2, 0x11, 0xD2, 0x11, 0xD2, 0x11, 0xD2, 0x11, 0xD2, 0x11, 0xD2, 0x11, 0xD2,
    0x11, 0xD2, 0x11, 0xD2, 0x11, 0xD2, 0x11, 0xD2, 0x11, 0xD2, 0x11, 0xD2, 0x11, 0xD2, 0x11, 0xD2,
    0x11, 0xD2, 0x11, 0xD2, 0x11, 0xD2, 0x11, 0xD2, 0x11, 0xD2, 0x11, 0xD2, 0x11, 0xD2, 0x11, 0xD2,
    0x11, 0xD2, 0x10, 0xD2, 0x32, 0xE2, 0x11, 0xD2, 0xCF, 0xD1, 0xEF, 0xFB, 0x1F, 0xF8, 0x00, 0x00,
    0x00, 0x00, 0x00, 0x00, 0x1F, 0xF8, 0x1F, 0xF8, 0xF0, 0xD1, 0x11, 0xDA, 0x32, 0xE2, 0x11, 0xD2,
    0x10, 0xD2, 0x11, 0xD2, 0x10, 0xD2, 0x10, 0xD2, 0x10, 0xD2, 0x10, 0xD2, 0x10, 0xD2, 0x10, 0xD2,
    0x10, 0xD2, 0x10, 0xD2, 0x10, 0xD2, 0x10, 0xD2, 0x10, 0xD2, 0x10, 0xD2, 0x10, 0xD2, 0x10, 0xD2,
    0x10, 0xD2, 0x10, 0xD2, 0x10, 0xD2, 0x10, 0xD2, 0x10, 0xD2, 0x10, 0xD2, 0x11, 0xD2, 0x10, 0xD2,
    0x10, 0xD2, 0x32, 0xE2, 0x31, 0xDA, 0xF0, 0xC9, 0x00, 0x00, 0xEF, 0xFB, 0x00, 0x00, 0x00, 0x00,
    0x00, 0x00, 0x00, 0x00, 0x00, 0x00, 0x1F, 0xF8, 0x00, 0x00, 0x00, 0x00, 0x10, 0xD2, 0x11, 0xDA,
    0x32, 0xE2, 0x11, 0xDA, 0x10, 0xD2, 0x10, 0xD2, 0x10, 0xD2, 0x10, 0xD2, 0x10, 0xD2, 0x10, 0xD2,
    0x10, 0xD2, 0x10, 0xD2, 0x10, 0xD2, 0x10, 0xD2, 0x10, 0xD2, 0x10, 0xD2, 0x10, 0xD2, 0x10, 0xD2,
    0x10, 0xD2, 0x10, 0xD2, 0x10, 0xD2, 0x10, 0xD2, 0x10, 0xD2, 0x10, 0xD2, 0x11, 0xDA, 0x31, 0xE2,
    0x31, 0xDA, 0x11, 0xDA, 0x0F, 0xCA, 0x00, 0x00, 0xEF, 0xFB, 0x00, 0x00, 0x00, 0x00, 0x00, 0x00,
    0x00, 0x00, 0x00, 0x00, 0x00, 0x00, 0x00, 0x00, 0x1F, 0xF8, 0x1F, 0xF8, 0x00, 0x00, 0xF0, 0xD1,
    0x11, 0xDA, 0x10, 0xD2, 0x10, 0xD2, 0x11, 0xDA, 0x11, 0xDA, 0x11, 0xDA, 0x11, 0xDA, 0x11, 0xDA,
    0x11, 0xDA, 0x11, 0xDA, 0x11, 0xDA, 0x11, 0xDA, 0x11, 0xDA, 0x11, 0xDA, 0x11, 0xDA, 0x11, 0xDA,
    0x11, 0xDA, 0x11, 0xDA, 0x11, 0xDA, 0x11, 0xDA, 0x11, 0xDA, 0x11, 0xDA, 0x11, 0xD2, 0x11, 0xDA,
    0x10, 0xD2, 0x00, 0x00, 0x00, 0x00, 0xEF, 0xFB, 0x00, 0x00, 0x00, 0x00, 0x00, 0x00, 0x00, 0x00,
    0x00, 0x00, 0x00, 0x00, 0x00, 0x00, 0x00, 0x00, 0x00, 0x00, 0x00, 0x00, 0xB5, 0xFA, 0x00, 0x00,
    0x00, 0x00, 0xB5, 0xAA, 0x31, 0xDA, 0x11, 0xDA, 0xF0, 0xC9, 0xF0, 0xD1, 0xF0, 0xD1, 0xF0, 0xD1,
    0xF0, 0xD1, 0xF0, 0xD1, 0xF0, 0xD1, 0xF0, 0xD1, 0xF0, 0xD1, 0xF0, 0xD1, 0xF0, 0xD1, 0xF0, 0xD1,
    0xF0, 0xD1, 0xF0, 0xD1, 0xF0, 0xD1, 0xF0, 0xC9, 0xF1, 0xD9, 0xF1, 0xD1, 0xD1, 0xE1, 0x00, 0x00,
    0x00, 0x00, 0x0F, 0xF8, 0x1F, 0xF8, 0x00, 0x00, 0x00, 0x00, 0x00, 0x00, 0x00, 0x00, 0x00, 0x00,
    0x00, 0x00, 0x00, 0x00, 0x00, 0x00, 0x00, 0x00, 0x00, 0x00, 0x00, 0x00, 0x00, 0x00, 0xEF, 0xFB,
    0xEF, 0xB9, 0x00, 0x00, 0x00, 0x00, 0x00, 0x00, 0x00, 0x00, 0x00, 0x00, 0x00, 0x00, 0x00, 0x00,
    0x00, 0x00, 0x00, 0x00, 0x00, 0x00, 0x00, 0x00, 0x00, 0x00, 0x00, 0x00, 0x00, 0x00, 0x00, 0x00,
    0x00, 0x00, 0x00, 0x00, 0x00, 0x00, 0x00, 0x00, 0x00, 0x00, 0x00, 0x00, 0x00, 0x00, 0xEF, 0xB9,
    0xB5, 0xFA, 0x00, 0x00, 0x00, 0x00, 0x00, 0x00, 0x00, 0x00, 0x00, 0x00, 0x00, 0x00, 0x00, 0x00,
    0x00, 0x00, 0x00, 0x00, 0x00, 0x00, 0x00, 0x01, 0x03, 0x04, 0x00, 0x00, 0x00, 0x00, 0x00, 0x00,
    0x00, 0x00, 0x00, 0x00, 0x00, 0x00, 0x00, 0x00, 0x00, 0x00, 0x00, 0x00, 0x00, 0x00, 0x03, 0x04,
    0x01, 0x00, 0x00, 0x00, 0x00, 0x00, 0x00, 0x00, 0x00, 0x00, 0x00, 0x00, 0x00, 0x00, 0x03, 0x00,
    0x00, 0x00, 0x03, 0x10, 0x10, 0x10, 0x10, 0x10, 0x10, 0x10, 0x10, 0x10, 0x10, 0x10, 0x10, 0x10,
    0x10, 0x10, 0x10, 0x10, 0x10, 0x09, 0x00, 0x00, 0x00, 0x03, 0x00, 0x00, 0x00, 0x00, 0x00, 0x00,
    0x00, 0x00, 0x00, 0x00, 0x00, 0x04, 0x00, 0x06, 0x4F, 0x9F, 0xD6, 0xEF, 0xEF, 0xF0, 0xF0, 0xF0,
    0xF0, 0xF0, 0xF0, 0xF0, 0xF0, 0xF0, 0xF0, 0xF0, 0xF0, 0xF0, 0xF0, 0xEF, 0xEF, 0xE2, 0xAE, 0x61,
    0x16, 0x00, 0x02, 0x01, 0x00, 0x00, 0x00, 0x00, 0x00, 0x00, 0x00, 0x00, 0x01, 0x00, 0x47, 0xD4,
    0xFF, 0xFF, 0xFF, 0xFF, 0xFF, 0xFF, 0xFF, 0xFF, 0xFF, 0xFF, 0xFF, 0xFF, 0xFF, 0xFF, 0xFF, 0xFF,
    0xFF, 0xFF, 0xFF, 0xFF, 0xFF, 0xFF, 0xFF, 0xFF, 0xE9, 0x6D, 0x00, 0x00, 0x01, 0x00, 0x00, 0x00,
    0x00, 0x00, 0x00, 0x03, 0x01, 0x7F, 0xFF, 0xFF, 0xFC, 0xFB, 0xFD, 0xFE, 0xFE, 0xFE, 0xFE, 0xFE,
    0xFE, 0xFE, 0xFE, 0xFE, 0xFE, 0xFE, 0xFE, 0xFE, 0xFE, 0xFE, 0xFE, 0xFE, 0xFE, 0xFD, 0xFC, 0xFB,
    0xFF, 0xFF, 0xA9, 0x13, 0x01, 0x01, 0x00, 0x00, 0x00, 0x00, 0x04, 0x00, 0x80, 0xFF, 0xFC, 0xFD,
    0xFF, 0xFF, 0xFF, 0xFF, 0xFF, 0xFF, 0xFF, 0xFF, 0xFF, 0xFF, 0xFF, 0xFF, 0xFF, 0xFF, 0xFF, 0xFF,
    0xFF, 0xFF, 0xFF, 0xFF, 0xFF, 0xFF, 0xFF, 0xFF, 0xFE, 0xFA, 0xFF, 0xBB, 0x01, 0x03, 0x00, 0x00,
    0x00, 0x03, 0x00, 0x44, 0xFE, 0xFA, 0xFE, 0xFF, 0xFF, 0xFF, 0xFF, 0xFF, 0xFF, 0xFF, 0xFF, 0xFF,
    0xFF, 0xFF, 0xFF, 0xFF, 0xFF, 0xFF, 0xFF, 0xFF, 0xFF, 0xFF, 0xFF, 0xFF, 0xFF, 0xFF, 0xFF, 0xFF,
    0xFF, 0xFF, 0xF9, 0xFF, 0x7F, 0x00, 0x03, 0x00, 0x00, 0x01, 0x09, 0xD9, 0xFF, 0xFD, 0xFF, 0xFF,
    0xFF, 0xFF, 0xFF, 0xFF, 0xFF, 0xFF, 0xFF, 0xFF, 0xFF, 0xFF, 0xFF, 0xFF, 0xFF, 0xFF, 0xFF, 0xFF,
    0xFF, 0xFF, 0xFF, 0xFF, 0xFF, 0xFF, 0xFF, 0xFF, 0xFF, 0xFF, 0xFE, 0xFD, 0xFA, 0x2A, 0x00, 0x02,
    0x04, 0x00, 0x4C, 0xFF, 0xFC, 0xFF, 0xFF, 0xFF, 0xFF, 0xFF, 0xFF, 0xFF, 0xFF, 0xFF, 0xFF, 0xFF,
    0xFF, 0xFF, 0xFF, 0xFF, 0xFF, 0xFF, 0xFF, 0xFF, 0xFF, 0xFF, 0xFF, 0xFF, 0xFF, 0xFF, 0xFF, 0xFF,
    0xFF, 0xFF, 0xFF, 0xFB, 0xFF, 0x8C, 0x00, 0x05, 0x04, 0x00, 0x9F, 0xFE, 0xFB, 0xFF, 0xFF, 0xFF,
    0xFF, 0xFF, 0xFF, 0xFF, 0xFF, 0xFF, 0xFF, 0xFF, 0xFF, 0xFF, 0xFF, 0xFF, 0xFF, 0xFF, 0xFF, 0xFF,
    0xFF, 0xFF, 0xFF, 0xFF, 0xFF, 0xFF, 0xFF, 0xFF, 0xFF, 0xFF, 0xFF, 0xFD, 0xFF, 0xD9, 0x04, 0x01,
    0x01, 0x08, 0xDB, 0xFF, 0xFD, 0xFF, 0xFF, 0xFF, 0xFF, 0xFF, 0xFF, 0xFF, 0xFF, 0xFF, 0xFF, 0xFF,
    0xFF, 0xFF, 0xFF, 0xFF, 0xFF, 0xFF, 0xFF, 0xFF, 0xFF, 0xFF, 0xFF, 0xFF, 0xFF, 0xFF, 0xFF, 0xFF,
    0xFF, 0xFF, 0xFF, 0xFF, 0xFE, 0xFA, 0x29, 0x00, 0x00, 0x11, 0xF3, 0xFF, 0xFE, 0xFF, 0xFF, 0xFF,
    0xFF, 0xFF, 0xFF, 0xFF, 0xFF, 0xFF, 0xFF, 0xFF, 0xFF, 0xFF, 0xFF, 0xFF, 0xFF, 0xFF, 0xFF, 0xFF,
    0xFF, 0xFF, 0xFF, 0xFF, 0xFF, 0xFF, 0xFF, 0xFF, 0xFF, 0xFF, 0xFF, 0xFF, 0xFD, 0xFF, 0x43, 0x00,
    0x00, 0x10, 0xEF, 0xFF, 0xFE, 0xFF, 0xFF, 0xFF, 0xFF, 0xFF, 0xFF, 0xFF, 0xFF, 0xFF, 0xFF, 0xFF,
    0xFF, 0xFF, 0xFF, 0xFF, 0xFF, 0xFF, 0xFF, 0xFF, 0xFF, 0xFF, 0xFF, 0xFF, 0xFF, 0xFF, 0xFF, 0xFF,
    0xFF, 0xFF, 0xFF, 0xFF, 0xFD, 0xFF, 0x3F, 0x00, 0x00, 0x10, 0xF0, 0xFF, 0xFE, 0xFF, 0xFF, 0xFF,
    0xFF, 0xFF, 0xFF, 0xFF, 0xFF, 0xFF, 0xFF, 0xFF, 0xFF, 0xFF, 0xFF, 0xFF, 0xFF, 0xFF, 0xFF, 0xFF,
    0xFF, 0xFF, 0xFF, 0xFF, 0xFF, 0xFF, 0xFF, 0xFF, 0xFF, 0xFF, 0xFF, 0xFF, 0xFD, 0xFF, 0x40, 0x00,
    0x00, 0x10, 0xF0, 0xFF, 0xFE, 0xFF, 0xFF, 0xFF, 0xFF, 0xFF, 0xFF, 0xFF, 0xFF, 0xFF, 0xFF, 0xFF,
    0xFF, 0xFF, 0xFF, 0xFF, 0xFF, 0xFF, 0xFF, 0xFF, 0xFF, 0xFF, 0xFF, 0xFF, 0xFF, 0xFF, 0xFF, 0xFF,
    0xFF, 0xFF, 0xFF, 0xFF, 0xFD, 0xFF, 0x40, 0x00, 0x00, 0x10, 0xF0, 0xFF, 0xFE, 0xFF, 0xFF, 0xFF,
    0xFF, 0xFF, 0xFF, 0xFF, 0xFF, 0xFF, 0xFF, 0xFF, 0xFF, 0xFF, 0xFF, 0xFF, 0xFF, 0xFF, 0xFF, 0xFF,
    0xFF, 0xFF, 0xFF, 0xFF, 0xFF, 0xFF, 0xFF, 0xFF, 0xFF, 0xFF, 0xFF, 0xFF, 0xFD, 0xFF, 0x40, 0x00,
    0x00, 0x10, 0xF0, 0xFF, 0xFE, 0xFF, 0xFF, 0xFF, 0xFF, 0xFF, 0xFF, 0xFF, 0xFF, 0xFF, 0xFF, 0xFF,
    0xFF, 0xFF, 0xFF, 0xFF, 0xFF, 0xFF, 0xFF, 0xFF, 0xFF, 0xFF, 0xFF, 0xFF, 0xFF, 0xFF, 0xFF, 0xFF,
    0xFF, 0xFF, 0xFF, 0xFF, 0xFD, 0xFF, 0x40, 0x00, 0x00, 0x10, 0xF0, 0xFF, 0xFE, 0xFF, 0xFF, 0xFF,
    0xFF, 0xFF, 0xFF, 0xFF, 0xFF, 0xFF, 0xFF, 0xFF, 0xFF, 0xFF, 0xFF, 0xFF, 0xFF, 0xFF, 0xFF, 0xFF,
    0xFF, 0xFF, 0xFF, 0xFF, 0xFF, 0xFF, 0xFF, 0xFF, 0xFF, 0xFF, 0xFF, 0xFF, 0xFD, 0xFF, 0x40, 0x00,
    0x00, 0x10, 0xF0, 0xFF, 0xFE, 0xFF, 0xFF, 0xFF, 0xFF, 0xFF, 0xFF, 0xFF, 0xFF, 0xFF, 0xFF, 0xFF,
    0xFF, 0xFF, 0xFF, 0xFF, 0xFF, 0xFF, 0xFF, 0xFF, 0xFF, 0xFF, 0xFF, 0xFF, 0xFF, 0xFF, 0xFF, 0xFF,
    0xFF, 0xFF, 0xFF, 0xFF, 0xFD, 0xFF, 0x40, 0x00, 0x00, 0x10, 0xF0, 0xFF, 0xFE, 0xFF, 0xFF, 0xFF,
    0xFF, 0xFF, 0xFF, 0xFF, 0xFF, 0xFF, 0xFF, 0xFF, 0xFF, 0xFF, 0xFF, 0xFF, 0xFF, 0xFF, 0xFF, 0xFF,
    0xFF, 0xFF, 0xFF, 0xFF, 0xFF, 0xFF, 0xFF, 0xFF, 0xFF, 0xFF, 0xFF, 0xFF, 0xFD, 0xFF, 0x40, 0x00,
    0x00, 0x10, 0xF0, 0xFF, 0xFE, 0xFF, 0xFF, 0xFF, 0xFF, 0xFF, 0xFF, 0xFF, 0xFF, 0xFF, 0xFF, 0xFF,
    0xFF, 0xFF, 0xFF, 0xFF, 0xFF, 0xFF, 0xFF, 0xFF, 0xFF, 0xFF, 0xFF, 0xFF, 0xFF, 0xFF, 0xFF, 0xFF,
    0xFF, 0xFF, 0xFF, 0xFF, 0xFD, 0xFF, 0x40, 0x00, 0x00, 0x10, 0xF0, 0xFF, 0xFE, 0xFF, 0xFF, 0xFF,
    0xFF, 0xFF, 0xFF, 0xFF, 0xFF, 0xFF, 0xFF, 0xFF, 0xFF, 0xFF, 0xFF, 0xFF, 0xFF, 0xFF, 0xFF, 0xFF,
    0xFF, 0xFF, 0xFF, 0xFF, 0xFF, 0xFF, 0xFF, 0xFF, 0xFF, 0xFF, 0xFF, 0xFF, 0xFD, 0xFF, 0x40, 0x00,
    0x00, 0x10, 0xF0, 0xFF, 0xFE, 0xFF, 0xFF, 0xFF, 0xFF, 0xFF, 0xFF, 0xFF, 0xFF, 0xFF, 0xFF, 0xFF,
    0xFF, 0xFF, 0xFF, 0xFF, 0xFF, 0xFF, 0xFF, 0xFF, 0xFF, 0xFF, 0xFF, 0xFF, 0xFF, 0xFF, 0xFF, 0xFF,
    0xFF, 0xFF, 0xFF, 0xFF, 0xFD, 0xFF, 0x40, 0x00, 0x00, 0x10, 0xF0, 0xFF, 0xFE, 0xFF, 0xFF, 0xFF,
    0xFF, 0xFF, 0xFF, 0xFF, 0xFF, 0xFF, 0xFF, 0xFF, 0xFF, 0xFF, 0xFF, 0xFF, 0xFF, 0xFF, 0xFF, 0xFF,
    0xFF, 0xFF, 0xFF, 0xFF, 0xFF, 0xFF, 0xFF, 0xFF, 0xFF, 0xFF, 0xFF, 0xFF, 0xFD, 0xFF, 0x40, 0x00,
    0x00, 0x10, 0xF0, 0xFF, 0xFE, 0xFF, 0xFF, 0xFF, 0xFF, 0xFF, 0xFF, 0xFF, 0xFF, 0xFF, 0xFF, 0xFF,
    0xFF, 0xFF, 0xFF, 0xFF, 0xFF, 0xFF, 0xFF, 0xFF, 0xFF, 0xFF, 0xFF, 0xFF, 0xFF, 0xFF, 0xFF, 0xFF,
    0xFF, 0xFF, 0xFF, 0xFF, 0xFD, 0xFF, 0x40, 0x00, 0x00, 0x10, 0xF0, 0xFF, 0xFE, 0xFF, 0xFF, 0xFF,
    0xFF, 0xFF, 0xFF, 0xFF, 0xFF, 0xFF, 0xFF, 0xFF, 0xFF, 0xFF, 0xFF, 0xFF, 0xFF, 0xFF, 0xFF, 0xFF,
    0xFF, 0xFF, 0xFF, 0xFF, 0xFF, 0xFF, 0xFF, 0xFF, 0xFF, 0xFF, 0xFF, 0xFF, 0xFD, 0xFF, 0x40, 0x00,
    0x00, 0x10, 0xF0, 0xFF, 0xFE, 0xFF, 0xFF, 0xFF, 0xFF, 0xFF, 0xFF, 0xFF, 0xFF, 0xFF, 0xFF, 0xFF,
    0xFF, 0xFF, 0xFF, 0xFF, 0xFF, 0xFF, 0xFF, 0xFF, 0xFF, 0xFF, 0xFF, 0xFF, 0xFF, 0xFF, 0xFF, 0xFF,
    0xFF, 0xFF, 0xFF, 0xFF, 0xFD, 0xFF, 0x40, 0x00, 0x00, 0x10, 0xEF, 0xFF, 0xFE, 0xFF, 0xFF, 0xFF,
    0xFF, 0xFF, 0xFF, 0xFF, 0xFF, 0xFF, 0xFF, 0xFF, 0xFF, 0xFF, 0xFF, 0xFF, 0xFF, 0xFF, 0xFF, 0xFF,
    0xFF, 0xFF, 0xFF, 0xFF, 0xFF, 0xFF, 0xFF, 0xFF, 0xFF, 0xFF, 0xFF, 0xFF, 0xFD, 0xFF, 0x3F, 0x00,
    0x00, 0x11, 0xF2, 0xFF, 0xFE, 0xFF, 0xFF, 0xFF, 0xFF, 0xFF, 0xFF, 0xFF, 0xFF, 0xFF, 0xFF, 0xFF,
    0xFF, 0xFF, 0xFF, 0xFF, 0xFF, 0xFF, 0xFF, 0xFF, 0xFF, 0xFF, 0xFF, 0xFF, 0xFF, 0xFF, 0xFF, 0xFF,
    0xFF, 0xFF, 0xFF, 0xFF, 0xFD, 0xFF, 0x42, 0x00, 0x01, 0x0C, 0xE5, 0xFF, 0xFE, 0xFF, 0xFF, 0xFF,
    0xFF, 0xFF, 0xFF, 0xFF, 0xFF, 0xFF, 0xFF, 0xFF, 0xFF, 0xFF, 0xFF, 0xFF, 0xFF, 0xFF, 0xFF, 0xFF,
    0xFF, 0xFF, 0xFF, 0xFF, 0xFF, 0xFF, 0xFF, 0xFF, 0xFF, 0xFF, 0xFF, 0xFF, 0xFE, 0xFD, 0x35, 0x00,
    0x04, 0x00, 0xB0, 0xFE, 0xFC, 0xFF, 0xFF, 0xFF, 0xFF, 0xFF, 0xFF, 0xFF, 0xFF, 0xFF, 0xFF, 0xFF,
    0xFF, 0xFF, 0xFF, 0xFF, 0xFF, 0xFF, 0xFF, 0xFF, 0xFF, 0xFF, 0xFF, 0xFF, 0xFF, 0xFF, 0xFF, 0xFF,
    0xFF, 0xFF, 0xFF, 0xFE, 0xFF, 0xE6, 0x0A, 0x01, 0x04, 0x00, 0x62, 0xFF, 0xFC, 0xFF, 0xFF, 0xFF,
    0xFF, 0xFF, 0xFF, 0xFF, 0xFF, 0xFF, 0xFF, 0xFF, 0xFF, 0xFF, 0xFF, 0xFF, 0xFF, 0xFF, 0xFF, 0xFF,
    0xFF, 0xFF, 0xFF, 0xFF, 0xFF, 0xFF, 0xFF, 0xFF, 0xFF, 0xFF, 0xFF, 0xFB, 0xFE, 0xA2, 0x00, 0x04,
    0x01, 0x01, 0x15, 0xEE, 0xFD, 0xFE, 0xFF, 0xFF, 0xFF, 0xFF, 0xFF, 0xFF, 0xFF, 0xFF, 0xFF, 0xFF,
    0xFF, 0xFF, 0xFF, 0xFF, 0xFF, 0xFF, 0xFF, 0xFF, 0xFF, 0xFF, 0xFF, 0xFF, 0xFF, 0xFF, 0xFF, 0xFF,
    0xFF, 0xFF, 0xFF, 0xFC, 0xFF, 0x42, 0x00, 0x03, 0x00, 0x03, 0x00, 0x6B, 0xFF, 0xFA, 0xFF, 0xFF,
    0xFF, 0xFF, 0xFF, 0xFF, 0xFF, 0xFF, 0xFF, 0xFF, 0xFF, 0xFF, 0xFF, 0xFF, 0xFF, 0xFF, 0xFF, 0xFF,
    0xFF, 0xFF, 0xFF, 0xFF, 0xFF, 0xFF, 0xFF, 0xFF, 0xFF, 0xFF, 0xFA, 0xFF, 0xAA, 0x00, 0x03, 0x00,
    0x00, 0x00, 0x03, 0x00, 0xAC, 0xFF, 0xF9, 0xFE, 0xFF, 0xFF, 0xFF, 0xFF, 0xFF, 0xFF, 0xFF, 0xFF,
    0xFF, 0xFF, 0xFF, 0xFF, 0xFF, 0xFF, 0xFF, 0xFF, 0xFF, 0xFF, 0xFF, 0xFF, 0xFF, 0xFF, 0xFF, 0xFF,
    0xFF, 0xFA, 0xFF, 0xDE, 0x12, 0x02, 0x01, 0x00, 0x00, 0x00, 0x01, 0x01, 0x11, 0xB8, 0xFF, 0xFF,
    0xFB, 0xFD, 0xFE, 0xFF, 0xFF, 0xFF, 0xFF, 0xFF, 0xFF, 0xFF, 0xFF, 0xFF, 0xFF, 0xFF, 0xFF, 0xFF,
    0xFF, 0xFF, 0xFF, 0xFF, 0xFF, 0xFF, 0xFD, 0xFB, 0xFD, 0xFF, 0xDA, 0x34, 0x00, 0x02, 0x00, 0x00,
    0x00, 0x00, 0x00, 0x01, 0x00, 0x00, 0x80, 0xF9, 0xFF, 0xFF, 0xFF, 0xFD, 0xFD, 0xFD, 0xFD, 0xFD,
    0xFD, 0xFD, 0xFD, 0xFD, 0xFD, 0xFD, 0xFD, 0xFD, 0xFD, 0xFD, 0xFD, 0xFD, 0xFD, 0xFE, 0xFF, 0xFF,
    0xFF, 0xA7, 0x13, 0x00, 0x02, 0x00, 0x00, 0x00, 0x00, 0x00, 0x00, 0x00, 0x01, 0x01, 0x00, 0x2C,
    0x8C, 0xD6, 0xFD, 0xFF, 0xFF, 0xFF, 0xFF, 0xFF, 0xFF, 0xFF, 0xFF, 0xFF, 0xFF, 0xFF, 0xFF, 0xFF,
    0xFF, 0xFF, 0xFF, 0xFF, 0xFF, 0xFF, 0xE2, 0x9F, 0x46, 0x00, 0x00, 0x02, 0x00, 0x00, 0x00, 0x00,
    0x00, 0x00, 0x00, 0x00, 0x00, 0x00, 0x03, 0x00, 0x00, 0x03, 0x28, 0x40, 0x40, 0x40, 0x40, 0x40,
    0x40, 0x40, 0x40, 0x40, 0x40, 0x40, 0x40, 0x40, 0x40, 0x40, 0x40, 0x40, 0x40, 0x34, 0x09, 0x00,
    0x00, 0x02, 0x01, 0x00, 0x00, 0x00, 0x00, 0x00, 0x00, 0x00, 0x00, 0x00, 0x00, 0x00, 0x00, 0x02,
    0x04, 0x00, 0x00, 0x00, 0x00, 0x00, 0x00, 0x00, 0x00, 0x00, 0x00, 0x00, 0x00, 0x00, 0x00, 0x00,
    0x00, 0x00, 0x00, 0x00, 0x00, 0x00, 0x00, 0x04, 0x03, 0x00, 0x00, 0x00, 0x00, 0x00, 0x00, 0x00,
};

const lv_image_dsc_t icon_home_music = {
    .header.magic = LV_IMAGE_HEADER_MAGIC,
    .header.cf = LV_COLOR_FORMAT_RGB565A8,
    .header.w = 40,
    .header.h = 40,
    .data_size = 4800,
    .data = icon_home_music_map,
};

const LV_ATTRIBUTE_MEM_ALIGN uint8_t icon_home_recorder_map[] = {
    0x00, 0x00, 0x00, 0x00, 0x00, 0x00, 0x00, 0x00, 0x00, 0x00, 0x00, 0x00, 0x00, 0x00, 0x00, 0xF8,
    0xAA, 0xFA, 0xE7, 0xB9, 0x00, 0x00, 0x00, 0x00, 0x00, 0x00, 0x00, 0x00, 0x00, 0x00, 0x00, 0x00,
    0x00, 0x00, 0x00, 0x00, 0x00, 0x00, 0x00, 0x00, 0x00, 0x00, 0x00, 0x00, 0x00, 0x00, 0x00, 0x00,
    0x00, 0x00, 0x00, 0x00, 0x00, 0x00, 0x00, 0x00, 0x00, 0x00, 0x00, 0x00, 0xAA, 0xFA, 0xE7, 0xF9,
    0x00, 0xF8, 0x00, 0x00, 0x00, 0x00, 0x00, 0x00, 0x00, 0x00, 0x00, 0x00, 0x00, 0x00, 0x00, 0x00,
    0x00, 0x00, 0x00, 0x00, 0x00, 0x00, 0x00, 0x00, 0x00, 0x00, 0x00, 0x00, 0xAA, 0xAA, 0x00, 0x00,
    0x00, 0x00, 0x00, 0x00, 0xAA, 0xFA, 0xEB, 0xFA, 0x69, 0xEA, 0xE9, 0xEA, 0xE9, 0xEA, 0xE9, 0xEA,
    0xE9, 0xEA, 0xE9, 0xEA, 0xE9, 0xEA, 0xE9, 0xEA, 0xE9, 0xEA, 0xE9, 0xEA, 0xE9, 0xEA, 0xE9, 0xEA,
    0xE9, 0xEA, 0xE9, 0xEA, 0xE9, 0xEA, 0xE9, 0xEA, 0xEB, 0xFA, 0xAA, 0xFA, 0x00, 0x00, 0x00, 0x00,
    0x00, 0x00, 0xAA, 0xFA, 0x00, 0x00, 0x00, 0x00, 0x00, 0x00, 0x00, 0x00, 0x00, 0x00, 0x00, 0x00,
    0x00, 0x00, 0x00, 0x00, 0x00, 0x00, 0x00, 0x00, 0x00, 0x00, 0xE7, 0xB9, 0x00, 0x00, 0xAA, 0xD2,
    0xCA, 0xF2, 0xCA, 0xF2, 0xCA, 0xF2, 0xCA, 0xF2, 0xAA, 0xEA, 0xAA, 0xEA, 0xAA, 0xEA, 0xAA, 0xEA,
    0xAA, 0xEA, 0xAA, 0xEA, 0xAA, 0xEA, 0xAA, 0xEA, 0xAA, 0xEA, 0xAA, 0xEA, 0xAA, 0xEA, 0xAA, 0xEA,
    0xAA, 0xEA, 0xAA, 0xEA, 0xAA, 0xEA, 0xAA, 0xEA, 0xCA, 0xF2, 0xCA, 0xF2, 0xCA, 0xF2, 0xEA, 0xF2,
    0xEA, 0xF2, 0x00, 0x00, 0xEF, 0xFB, 0x00, 0xF8, 0x00, 0x00, 0x00, 0x00, 0x00, 0x00, 0x00, 0x00,
    0x00, 0x00, 0x00, 0x00, 0x00, 0x00, 0x00, 0x00, 0x00, 0xF8, 0x00, 0x00, 0xA9, 0xEA, 0xCA, 0xF2,
    0xCA, 0xFA, 0xEA, 0xFA, 0xCA, 0xF2, 0xAA, 0xF2, 0xCA, 0xF2, 0xCA, 0xF2, 0xCA, 0xF2, 0xCA, 0xF2,
    0xCA, 0xF2, 0xCA, 0xF2, 0xCA, 0xF2, 0xCA, 0xF2, 0xCA, 0xF2, 0xCA, 0xF2, 0xCA, 0xF2, 0xCA, 0xF2,
    0xCA, 0xF2, 0xCA, 0xF2, 0xCA, 0xF2, 0xCA, 0xF2, 0xCA, 0xF2, 0xCA, 0xF2, 0xCA, 0xFA, 0xEA, 0xFA,
    0xCA, 0xF2, 0xAA, 0xF2, 0x00, 0x00, 0x00, 0x00, 0x00, 0xF8, 0x00, 0x00, 0x00, 0x00, 0x00, 0x00,
    0x00, 0x00, 0x00, 0x00, 0x00, 0x00, 0xAA, 0xFA, 0xE0, 0xFF, 0xAA, 0xEA, 0xCA, 0xF2, 0xCA, 0xF2,
    0xA9, 0xEA, 0xAA, 0xEA, 0xA9, 0xEA, 0xAA, 0xEA, 0xAA, 0xEA, 0xAA, 0xEA, 0xAA, 0xEA, 0xAA, 0xEA,
    0xAA, 0xEA, 0xAA, 0xEA, 0xAA, 0xEA, 0xAA, 0xEA, 0xAA, 0xEA, 0xAA, 0xEA, 0xAA, 0xEA, 0xAA, 0xEA,
    0xAA, 0xEA, 0xAA, 0xEA, 0xAA, 0xEA, 0xAA, 0xEA, 0xAA, 0xEA, 0xA9, 0xEA, 0xA9, 0xEA, 0xAA, 0xEA,
    0xAA, 0xEA, 0xCA, 0xFA, 0xAA, 0xF2, 0xEA, 0xE2, 0x00, 0xF8, 0x00, 0xF8, 0x00, 0x00, 0x00, 0x00,
    0x00, 0x00, 0x00, 0x00, 0xE7, 0xB9, 0x00, 0x00, 0x89, 0xE2, 0xEB, 0xFA, 0x89, 0xEA, 0x89, 0xEA,
    0xA9, 0xEA, 0xA9, 0xEA, 0xA9, 0xEA, 0xA9, 0xEA, 0xA9, 0xEA, 0xA9, 0xEA, 0xA9, 0xEA, 0xA9, 0xEA,
    0xA9, 0xEA, 0xA9, 0xEA, 0xA9, 0xEA, 0xAA, 0xEA, 0xAA, 0xEA, 0xA9, 0xEA, 0xA9, 0xEA, 0xA9, 0xEA,
    0xA9, 0xEA, 0xA9, 0xEA, 0xA9, 0xEA, 0xA9, 0xEA, 0xA9, 0xEA, 0xA9, 0xEA, 0xA9, 0xEA, 0xA9, 0xEA,
    0xA9, 0xEA, 0x89, 0xEA, 0xEA, 0xFA, 0xA9, 0xEA, 0x00, 0xF8, 0xAA, 0xFA, 0x00, 0x00, 0x00, 0x00,
    0x00, 0x00, 0xAA, 0xFA, 0x00, 0x00, 0x89, 0xEA, 0xAA, 0xF2, 0x89, 0xEA, 0x89, 0xEA, 0x89, 0xEA,
    0x89, 0xEA, 0x89, 0xEA, 0x89, 0xEA, 0x89, 0xEA, 0x89, 0xEA, 0x89, 0xEA, 0x89, 0xEA, 0x89, 0xEA,
    0x89, 0xEA, 0xA9, 0xEA, 0xAA, 0xEA, 0x89, 0xEA, 0x89, 0xEA, 0xAA, 0xEA, 0xAA, 0xEA, 0x89, 0xEA,
    0x89, 0xEA, 0x89, 0xEA, 0x89, 0xEA, 0x89, 0xEA, 0x89, 0xEA, 0x89, 0xEA, 0x89, 0xEA, 0x89, 0xEA,
    0x89, 0xEA, 0x89, 0xEA, 0x89, 0xEA, 0xCA, 0xFA, 0x89, 0xE2, 0x00, 0x00, 0xAA, 0xFA, 0x00, 0x00,
    0x00, 0x00, 0xFF, 0xFF, 0xAA, 0xE2, 0x89, 0xEA, 0xAA, 0xF2, 0x89, 0xE2, 0x89, 0xEA, 0x89, 0xEA,
    0x89, 0xEA, 0x89, 0xEA, 0x89, 0xEA, 0x89, 0xEA, 0x89, 0xEA, 0x89, 0xEA, 0x89, 0xEA, 0x89, 0xEA,
    0xA9, 0xEA, 0x69, 0xEA, 0x28, 0xE2, 0xCA, 0xEA, 0xEB, 0xEA, 0x48, 0xEA, 0x48, 0xEA, 0xA9, 0xEA,
    0x89, 0xEA, 0x89, 0xEA, 0x89, 0xEA, 0x89, 0xEA, 0x89, 0xEA, 0x89, 0xEA, 0x89, 0xEA, 0x89, 0xEA,
    0x89, 0xEA, 0x89, 0xEA, 0x89, 0xEA, 0x89, 0xEA, 0xA9, 0xEA, 0x69, 0xE2, 0x00, 0x00, 0x00, 0xF8,
    0xE7, 0xB9, 0x00, 0x00, 0x89, 0xE2, 0xAA, 0xF2, 0x89, 0xE2, 0x89, 0xEA, 0x89, 0xEA, 0x89, 0xEA,
    0x89, 0xEA, 0x89, 0xEA, 0x89, 0xEA, 0x89, 0xEA, 0x89, 0xEA, 0x89, 0xEA, 0x89, 0xEA, 0x89, 0xEA,
    0x68, 0xE2, 0x0B, 0xEB, 0xD6, 0xF5, 0x5D, 0xFF, 0x9E, 0xFF, 0x59, 0xFE, 0xAE, 0xEB, 0x48, 0xE2,
    0x89, 0xEA, 0x89, 0xEA, 0x89, 0xEA, 0x89, 0xEA, 0x89, 0xEA, 0x89, 0xEA, 0x89, 0xEA, 0x89, 0xEA,
    0x89, 0xEA, 0x89, 0xEA, 0x89, 0xEA, 0x89, 0xE2, 0xAA, 0xFA, 0x89, 0xEA, 0x00, 0x00, 0x86, 0xC9,
    0xE7, 0xB9, 0x00, 0x00, 0x89, 0xE2, 0xAA, 0xF2, 0x89, 0xE2, 0x89, 0xE2, 0x89, 0xE2, 0x89, 0xE2,
    0x89, 0xE2, 0x89, 0xE2, 0x89, 0xE2, 0x89, 0xE2, 0x89, 0xE2, 0x89, 0xE2, 0x89, 0xE2, 0x69, 0xE2,
    0xEB, 0xEA, 0x5D, 0xFF, 0xFF, 0xFF, 0xFF, 0xFF, 0xFF, 0xFF, 0xFF, 0xFF, 0xFF, 0xFF, 0xEF, 0xEB,
    0x48, 0xE2, 0x89, 0xE2, 0x89, 0xE2, 0x89, 0xE2, 0x89, 0xE2, 0x89, 0xE2, 0x89, 0xE2, 0x89, 0xE2,
    0x89, 0xE2, 0x89, 0xE2, 0x89, 0xE2, 0x89, 0xE2, 0x89, 0xEA, 0x69, 0xE2, 0xE7, 0xF9, 0x00, 0xF8,
    0x00, 0xF8, 0xEB, 0xFA, 0x69, 0xE2, 0x89, 0xEA, 0x69, 0xE2, 0x69, 0xE2, 0x69, 0xE2, 0x69, 0xE2,
    0x69, 0xE2, 0x69, 0xE2, 0x69, 0xE2, 0x69, 0xE2, 0x69, 0xE2, 0x69, 0xE2, 0x89, 0xE2, 0x27, 0xE2,
    0xD7, 0xF5, 0xFF, 0xFF, 0xDF, 0xFF, 0xFF, 0xFF, 0xFF, 0xFF, 0xDF, 0xFF, 0xFF, 0xFF, 0x3C, 0xFF,
    0x69, 0xE2, 0x69, 0xE2, 0x89, 0xE2, 0x69, 0xE2, 0x69, 0xE2, 0x69, 0xE2, 0x69, 0xE2, 0x69, 0xE2,
    0x69, 0xE2, 0x69, 0xE2, 0x69, 0xE2, 0x69, 0xE2, 0x69, 0xE2, 0x89, 0xEA, 0x89, 0xEA, 0x00, 0x00,
    0x00, 0x00, 0x49, 0xF2, 0x69, 0xE2, 0x69, 0xEA, 0x69, 0xE2, 0x69, 0xE2, 0x69, 0xE2, 0x69, 0xE2,
    0x69, 0xE2, 0x69, 0xE2, 0x69, 0xE2, 0x69, 0xE2, 0x69, 0xE2, 0x69, 0xE2, 0x69, 0xE2, 0xAA, 0xE2,
    0x7D, 0xFF, 0xFF, 0xFF, 0xFF, 0xFF, 0xFF, 0xFF, 0xFF, 0xFF, 0xFF, 0xFF, 0xFF, 0xFF, 0xFF, 0xFF,
    0xAE, 0xEB, 0x28, 0xE2, 0x89, 0xE2, 0x69, 0xE2, 0x69, 0xE2, 0x69, 0xE2, 0x69, 0xE2, 0x69, 0xE2,
    0x69, 0xE2, 0x69, 0xE2, 0x69, 0xE2, 0x69, 0xE2, 0x69, 0xE2, 0x89, 0xF2, 0x69, 0xEA, 0x00, 0x00,
    0x00, 0x00, 0x69, 0xEA, 0x69, 0xE2, 0x69, 0xEA, 0x69, 0xE2, 0x69, 0xE2, 0x69, 0xE2, 0x69, 0xE2,
    0x69, 0xE2, 0x69, 0xE2, 0x69, 0xE2, 0x69, 0xE2, 0x69, 0xE2, 0x69, 0xE2, 0x48, 0xE2, 0xCA, 0xE2,
    0xBE, 0xFF, 0xFF, 0xFF, 0xFF, 0xFF, 0xFF, 0xFF, 0xFF, 0xFF, 0xFF, 0xFF, 0xFF, 0xFF, 0xFF, 0xFF,
    0xEF, 0xEB, 0x07, 0xE2, 0x69, 0xE2, 0x69, 0xE2, 0x69, 0xE2, 0x69, 0xE2, 0x69, 0xE2, 0x69, 0xE2,
    0x69, 0xE2, 0x69, 0xE2, 0x69, 0xE2, 0x69, 0xE2, 0x69, 0xE2, 0x89, 0xEA, 0x69, 0xE2, 0x00, 0x00,
    0x00, 0x00, 0x69, 0xEA, 0x69, 0xE2, 0x69, 0xEA, 0x69, 0xE2, 0x69, 0xE2, 0x69, 0xE2, 0x69, 0xE2,
    0x69, 0xE2, 0x69, 0xE2, 0x69, 0xE2, 0x69, 0xE2, 0x69, 0xE2, 0x69, 0xE2, 0x48, 0xE2, 0xCA, 0xE2,
    0x9E, 0xFF, 0xFF, 0xFF, 0xFF, 0xFF, 0xFF, 0xFF, 0xFF, 0xFF, 0xFF, 0xFF, 0xFF, 0xFF, 0xFF, 0xFF,
    0xCE, 0xEB, 0x07, 0xE2, 0x69, 0xE2, 0x69, 0xE2, 0x69, 0xE2, 0x69, 0xE2, 0x69, 0xE2, 0x69, 0xE2,
    0x69, 0xE2, 0x69, 0xE2, 0x69, 0xE2, 0x69, 0xE2, 0x69, 0xE2, 0x89, 0xEA, 0x48, 0xE2, 0x00, 0x00,
    0x00, 0x00, 0x69, 0xDA, 0x48, 0xE2, 0x69, 0xE2, 0x48, 0xE2, 0x48, 0xE2, 0x48, 0xE2, 0x48, 0xE2,
    0x48, 0xE2, 0x48, 0xE2, 0x48, 0xE2, 0x48, 0xE2, 0x48, 0xE2, 0x69, 0xE2, 0x48, 0xE2, 0xAA, 0xE2,
    0x9E, 0xFF, 0xFF, 0xFF, 0xFF, 0xFF, 0xFF, 0xFF, 0xFF, 0xFF, 0xFF, 0xFF, 0xFF, 0xFF, 0xFF, 0xFF,
    0xCE, 0xEB, 0x07, 0xE2, 0x69, 0xE2, 0x48, 0xE2, 0x48, 0xE2, 0x48, 0xE2, 0x48, 0xE2, 0x48, 0xE2,
    0x48, 0xE2, 0x48, 0xE2, 0x48, 0xE2, 0x48, 0xE2, 0x48, 0xE2, 0x69, 0xEA, 0x48, 0xE2, 0x00, 0x00,
    0x00, 0x00, 0x69, 0xDA, 0x48, 0xE2, 0x69, 0xE2, 0x48, 0xE2, 0x48, 0xE2, 0x48, 0xE2, 0x48, 0xE2,
    0x48, 0xE2, 0x48, 0xE2, 0x48, 0xE2, 0x48, 0xE2, 0x48, 0xE2, 0x49, 0xE2, 0x48, 0xE2, 0xAA, 0xE2,
    0x9E, 0xFF, 0xFF, 0xFF, 0xFF, 0xFF, 0xFF, 0xFF, 0xFF, 0xFF, 0xFF, 0xFF, 0xFF, 0xFF, 0xFF, 0xFF,
    0xCE, 0xEB, 0x07, 0xE2, 0x69, 0xE2, 0x48, 0xE2, 0x48, 0xE2, 0x48, 0xE2, 0x48, 0xE2, 0x48, 0xE2,
    0x48, 0xE2, 0x48, 0xE2, 0x48, 0xE2, 0x48, 0xE2, 0x48, 0xE2, 0x69, 0xEA, 0x48, 0xE2, 0x00, 0x00,
    0x00, 0x00, 0x67, 0xDA, 0x48, 0xE2, 0x48, 0xE2, 0x48, 0xE2, 0x48, 0xE2, 0x48, 0xE2, 0x48, 0xE2,
    0x48, 0xE2, 0x48, 0xE2, 0x48, 0xE2, 0x48, 0xE2, 0x48, 0xE2, 0x48, 0xE2, 0x28, 0xE2, 0xAA, 0xE2,
    0x9E, 0xFF, 0xFF, 0xFF, 0xFF, 0xFF, 0xFF, 0xFF, 0xFF, 0xFF, 0xFF, 0xFF, 0xFF, 0xFF, 0xFF, 0xFF,
    0xCE, 0xEB, 0xE7, 0xD9, 0x69, 0xE2, 0x48, 0xE2, 0x48, 0xE2, 0x48, 0xE2, 0x48, 0xE2, 0x48, 0xE2,
    0x48, 0xE2, 0x48, 0xE2, 0x48, 0xE2, 0x48, 0xE2, 0x48, 0xE2, 0x69, 0xEA, 0x48, 0xE2, 0x00, 0x00,
    0x00, 0x00, 0x67, 0xDA, 0x48, 0xDA, 0x48, 0xE2, 0x48, 0xDA, 0x48, 0xE2, 0x48, 0xE2, 0x48, 0xE2,
    0x48, 0xE2, 0x48, 0xE2, 0x48, 0xE2, 0x48, 0xE2, 0x48, 0xE2, 0x48, 0xE2, 0x28, 0xDA, 0xAA, 0xE2,
    0x9E, 0xFF, 0xFF, 0xFF, 0xFF, 0xFF, 0xFF, 0xFF, 0xFF, 0xFF, 0xFF, 0xFF, 0xFF, 0xFF, 0xFF, 0xFF,
    0xAE, 0xE3, 0xE7, 0xD9, 0x49, 0xE2, 0x48, 0xE2, 0x48, 0xE2, 0x48, 0xE2, 0x48, 0xE2, 0x48, 0xE2,
    0x48, 0xE2, 0x48, 0xE2, 0x48, 0xE2, 0x48, 0xE2, 0x48, 0xDA, 0x69, 0xEA, 0x28, 0xDA, 0x00, 0x00,
    0x00, 0x00, 0x67, 0xDA, 0x48, 0xDA, 0x48, 0xE2, 0x48, 0xDA, 0x48, 0xDA, 0x48, 0xDA, 0x48, 0xDA,
    0x48, 0xDA, 0x28, 0xDA, 0x48, 0xDA, 0x28, 0xDA, 0x28, 0xDA, 0x28, 0xDA, 0x48, 0xDA, 0xE7, 0xD9,
    0x79, 0xF6, 0xFF, 0xFF, 0xDF, 0xFF, 0xFF, 0xFF, 0xFF, 0xFF, 0xFF, 0xFF, 0xFF, 0xFF, 0x9E, 0xFF,
    0x89, 0xE2, 0x28, 0xDA, 0x28, 0xDA, 0x28, 0xDA, 0x28, 0xDA, 0x48, 0xDA, 0x28, 0xDA, 0x48, 0xDA,
    0x48, 0xDA, 0x48, 0xDA, 0x48, 0xDA, 0x48, 0xDA, 0x28, 0xDA, 0x68, 0xEA, 0x28, 0xDA, 0x00, 0x00,
    0x00, 0x00, 0x67, 0xDA, 0x28, 0xDA, 0x48, 0xE2, 0x28, 0xDA, 0x28, 0xDA, 0x28, 0xDA, 0x28, 0xDA,
    0x28, 0xDA, 0x28, 0xDA, 0x28, 0xDA, 0x69, 0xDA, 0x8A, 0xE2, 0x89, 0xE2, 0x48, 0xDA, 0xE7, 0xD9,
    0x4D, 0xE3, 0xFF, 0xFF, 0xFF, 0xFF, 0xFF, 0xFF, 0xFF, 0xFF, 0xFF, 0xFF, 0xFF, 0xFF, 0xB2, 0xEC,
    0xC7, 0xD9, 0x48, 0xDA, 0x69, 0xE2, 0x8A, 0xE2, 0x69, 0xDA, 0x28, 0xDA, 0x28, 0xDA, 0x28, 0xDA,
    0x28, 0xDA, 0x28, 0xDA, 0x28, 0xDA, 0x28, 0xDA, 0x28, 0xDA, 0x48, 0xEA, 0x28, 0xDA, 0x00, 0x00,
    0x00, 0x00, 0xE7, 0xD9, 0x28, 0xDA, 0x28, 0xE2, 0x28, 0xDA, 0x28, 0xDA, 0x28, 0xDA, 0x28, 0xDA,
    0x28, 0xDA, 0x48, 0xDA, 0xC6, 0xD9, 0xF3, 0xEC, 0x9E, 0xFF, 0x3C, 0xFF, 0x89, 0xDA, 0x28, 0xDA,
    0xE7, 0xD9, 0xAE, 0xE3, 0xFB, 0xFE, 0xFF, 0xFF, 0xFF, 0xFF, 0x5D, 0xFF, 0x92, 0xEC, 0x07, 0xDA,
    0x48, 0xDA, 0xE7, 0xD9, 0x18, 0xF6, 0x9E, 0xFF, 0x38, 0xF6, 0xE7, 0xD9, 0x28, 0xDA, 0x28, 0xDA,
    0x28, 0xDA, 0x28, 0xDA, 0x28, 0xDA, 0x28, 0xDA, 0x28, 0xDA, 0x48, 0xEA, 0x28, 0xDA, 0x00, 0x00,
    0x00, 0x00, 0xE7, 0xD9, 0x28, 0xDA, 0x28, 0xE2, 0x28, 0xDA, 0x28, 0xDA, 0x28, 0xDA, 0x28, 0xDA,
    0x28, 0xDA, 0x28, 0xDA, 0xC6, 0xD9, 0x71, 0xEC, 0xFF, 0xFF, 0xFF, 0xFF, 0x2C, 0xE3, 0xE7, 0xD9,
    0x48, 0xDA, 0xC7, 0xD9, 0x28, 0xDA, 0x6D, 0xE3, 0xAE, 0xE3, 0x69, 0xDA, 0xC6, 0xD9, 0x28, 0xDA,
    0x28, 0xDA, 0x48, 0xDA, 0x5D, 0xFF, 0xFF, 0xFF, 0xF7, 0xF5, 0xC6, 0xD9, 0x28, 0xDA, 0x28, 0xDA,
    0x28, 0xDA, 0x28, 0xDA, 0x28, 0xDA, 0x28, 0xDA, 0x28, 0xDA, 0x48, 0xE2, 0x08, 0xDA, 0x00, 0x00,
    0x00, 0x00, 0xE7, 0xD9, 0x28, 0xDA, 0x28, 0xDA, 0x28, 0xDA, 0x28, 0xDA, 0x28, 0xDA, 0x28, 0xDA,
    0x28, 0xDA, 0x28, 0xDA, 0xE7, 0xD9, 0xEB, 0xE2, 0xDF, 0xFF, 0xFF, 0xFF, 0x13, 0xED, 0xA6, 0xD9,
    0x48, 0xDA, 0x28, 0xDA, 0x08, 0xDA, 0xC7, 0xD9, 0xC6, 0xD9, 0x07, 0xDA, 0x28, 0xDA, 0x28, 0xDA,
    0xC6, 0xD9, 0x8E, 0xE3, 0xFF, 0xFF, 0xFF, 0xFF, 0x50, 0xEC, 0xA6, 0xD9, 0x28, 0xDA, 0x28, 0xDA,
    0x28, 0xDA, 0x28, 0xDA, 0x28, 0xDA, 0x28, 0xDA, 0x08, 0xDA, 0x28, 0xE2, 0x07, 0xDA, 0x00, 0x00,
    0x00, 0x00, 0xE7, 0xD9, 0x07, 0xDA, 0x28, 0xDA, 0x08, 0xDA, 0x08, 0xDA, 0x08, 0xDA, 0x08, 0xDA,
    0x08, 0xDA, 0x08, 0xDA, 0x28, 0xDA, 0xE7, 0xD9, 0xBA, 0xF6, 0xFF, 0xFF, 0x9D, 0xFF, 0x89, 0xDA,
    0xC7, 0xD9, 0x28, 0xDA, 0x28, 0xDA, 0x28, 0xDA, 0x28, 0xDA, 0x28, 0xDA, 0x28, 0xDA, 0x08, 0xDA,
    0xC6, 0xD9, 0x99, 0xF6, 0xFF, 0xFF, 0xBE, 0xFF, 0xAA, 0xDA, 0xE7, 0xD9, 0x28, 0xDA, 0x08, 0xDA,
    0x08, 0xDA, 0x08, 0xDA, 0x08, 0xDA, 0x08, 0xDA, 0x07, 0xDA, 0x28, 0xE2, 0x07, 0xDA, 0x00, 0x00,
    0x00, 0x00, 0xE7, 0xD9, 0x07, 0xDA, 0x08, 0xDA, 0x07, 0xDA, 0x07, 0xDA, 0x07, 0xDA, 0x07, 0xDA,
    0x07, 0xDA, 0x07, 0xDA, 0x28, 0xDA, 0xC6, 0xD9, 0xAE, 0xE3, 0xFF, 0xFF, 0xFF, 0xFF, 0xDA, 0xF6,
    0x48, 0xDA, 0x86, 0xD1, 0xE7, 0xD9, 0x08, 0xDA, 0x08, 0xDA, 0x07, 0xDA, 0xC6, 0xD1, 0xA6, 0xD1,
    0xB6, 0xF5, 0xFF, 0xFF, 0xFF, 0xFF, 0x14, 0xED, 0xA6, 0xD1, 0x28, 0xDA, 0x07, 0xDA, 0x07, 0xDA,
    0x07, 0xDA, 0x07, 0xDA, 0x07, 0xDA, 0x07, 0xDA, 0x07, 0xDA, 0x28, 0xE2, 0x07, 0xDA, 0x00, 0x00,
    0x00, 0x00, 0xE7, 0xD9, 0xE7, 0xD1, 0x07, 0xDA, 0x07, 0xD2, 0x07, 0xDA, 0x07, 0xDA, 0x07, 0xDA,
    0x07, 0xDA, 0x07, 0xDA, 0x07, 0xDA, 0x08, 0xDA, 0x86, 0xD1, 0x55, 0xED, 0xFF, 0xFF, 0xFF, 0xFF,
    0x1C, 0xFF, 0x30, 0xE4, 0x49, 0xDA, 0xC7, 0xD1, 0xC6, 0xD1, 0x28, 0xDA, 0x6D, 0xE3, 0x79, 0xF6,
    0xFF, 0xFF, 0xFF, 0xFF, 0xBA, 0xF6, 0xE7, 0xD9, 0x07, 0xDA, 0x07, 0xDA, 0x07, 0xDA, 0x07, 0xDA,
    0x07, 0xDA, 0x07, 0xDA, 0x07, 0xDA, 0x07, 0xDA, 0xE7, 0xD1, 0x08, 0xE2, 0xE7, 0xD9, 0x00, 0x00,
    0x00, 0x00, 0xE7, 0xD9, 0xE7, 0xD1, 0x07, 0xDA, 0x07, 0xD2, 0x07, 0xDA, 0x07, 0xDA, 0x07, 0xDA,
    0x07, 0xDA, 0x07, 0xDA, 0x07, 0xDA, 0x07, 0xDA, 0x07, 0xDA, 0xC6, 0xD1, 0x96, 0xED, 0xFF, 0xFF,
    0xFF, 0xFF, 0xFF, 0xFF, 0x7D, 0xFF, 0x9A, 0xF6, 0x79, 0xF6, 0x3C, 0xFF, 0xFF, 0xFF, 0xFF, 0xFF,
    0xFF, 0xFF, 0x9A, 0xF6, 0x48, 0xDA, 0xE7, 0xD1, 0x07, 0xDA, 0x07, 0xDA, 0x07, 0xDA, 0x07, 0xDA,
    0x07, 0xDA, 0x07, 0xDA, 0x07, 0xDA, 0x07, 0xDA, 0xE7, 0xD1, 0x08, 0xE2, 0xE7, 0xD1, 0x00, 0x00,
    0x00, 0x00, 0xE7, 0xD9, 0xE7, 0xD1, 0x07, 0xDA, 0xE7, 0xD1, 0xE7, 0xD1, 0xE7, 0xD1, 0xE7, 0xD1,
    0xE7, 0xD1, 0xE7, 0xD1, 0xE7, 0xD1, 0xE7, 0xD1, 0xE7, 0xD1, 0xE7, 0xD1, 0xA6, 0xD1, 0xEF, 0xE3,
    0x3C, 0xFF, 0xFF, 0xFF, 0xFF, 0xFF, 0xFF, 0xFF, 0xFF, 0xFF, 0xFF, 0xFF, 0xFF, 0xFF, 0x9E, 0xFF,
    0xF3, 0xEC, 0xE7, 0xD1, 0xC7, 0xD1, 0x07, 0xD2, 0xE7, 0xD1, 0xE7, 0xD1, 0xE7, 0xD1, 0xE7, 0xD1,
    0xE7, 0xD1, 0xE7, 0xD1, 0xE7, 0xD1, 0xE7, 0xD1, 0xE7, 0xD1, 0x08, 0xE2, 0x07, 0xDA, 0x00, 0x00,
    0x00, 0x00, 0xE7, 0xE1, 0xE7, 0xD1, 0xE7, 0xD9, 0xE7, 0xD1, 0xE7, 0xD1, 0xE7, 0xD1, 0xE7, 0xD1,
    0xE7, 0xD1, 0xE7, 0xD1, 0xE7, 0xD1, 0xE7, 0xD1, 0xE7, 0xD1, 0xE7, 0xD1, 0x07, 0xD2, 0x86, 0xD1,
    0x28, 0xD2, 0xAE, 0xE3, 0x75, 0xED, 0xDF, 0xFF, 0xFF, 0xFF, 0x79, 0xF6, 0x0F, 0xE4, 0x89, 0xDA,
    0x86, 0xD1, 0xE7, 0xD1, 0xE7, 0xD1, 0xE7, 0xD1, 0xE7, 0xD1, 0xE7, 0xD1, 0xE7, 0xD1, 0xE7, 0xD1,
    0xE7, 0xD1, 0xE7, 0xD1, 0xE7, 0xD1, 0xE7, 0xD1, 0xE7, 0xD1, 0x07, 0xE2, 0xE7, 0xD9, 0x00, 0x00,
    0x00, 0x00, 0xE7, 0xD1, 0xE7, 0xD1, 0xE7, 0xD9, 0xE7, 0xD1, 0xE7, 0xD1, 0xE7, 0xD1, 0xE7, 0xD1,
    0xE7, 0xD1, 0xE7, 0xD1, 0xE7, 0xD1, 0xE7, 0xD1, 0xE7, 0xD1, 0xE7, 0xD1, 0xE7, 0xD1, 0xE7, 0xD1,
    0xC6, 0xD1, 0x45, 0xD1, 0xC7, 0xD1, 0x7D, 0xFF, 0xFF, 0xFF, 0xB2, 0xEC, 0xE3, 0xC8, 0xC6, 0xD1,
    0xE7, 0xD1, 0xE7, 0xD1, 0xE7, 0xD1, 0xE7, 0xD1, 0xE7, 0xD1, 0xE7, 0xD1, 0xE7, 0xD1, 0xE7, 0xD1,
    0xE7, 0xD1, 0xE7, 0xD1, 0xE7, 0xD1, 0xE7, 0xD1, 0xE7, 0xD1, 0xE7, 0xD9, 0xC7, 0xD1, 0x00, 0x00,
    0xE7, 0xB9, 0x00, 0x00, 0xE7, 0xD1, 0xE7, 0xE1, 0xC7, 0xD1, 0xE7, 0xD1, 0xE7, 0xD1, 0xE7, 0xD1,
    0xE7, 0xD1, 0xE7, 0xD1, 0xE7, 0xD1, 0xE7, 0xD1, 0xE7, 0xD1, 0xE7, 0xD1, 0xE7, 0xD1, 0xE7, 0xD1,
    0x49, 0xD2, 0x48, 0xD2, 0xAA, 0xDA, 0x9E, 0xFF, 0xFF, 0xFF, 0x34, 0xED, 0xE7, 0xD1, 0x69, 0xDA,
    0xE7, 0xD1, 0xC7, 0xD1, 0xE7, 0xD1, 0xE7, 0xD1, 0xE7, 0xD1, 0xE7, 0xD1, 0xE7, 0xD1, 0xE7, 0xD1,
    0xE7, 0xD1, 0xE7, 0xD1, 0xE7, 0xD1, 0xE7, 0xD1, 0xE7, 0xD9, 0xC7, 0xD1, 0x86, 0xC9, 0x00, 0x00,
    0xE7, 0xF9, 0x00, 0x00, 0xC7, 0xD1, 0xE7, 0xE1, 0xC7, 0xD1, 0xC7, 0xD1, 0xC7, 0xD1, 0xC7, 0xD1,
    0xC7, 0xD1, 0xC7, 0xD1, 0xC7, 0xD1, 0xC7, 0xD1, 0xC7, 0xD1, 0xE7, 0xD1, 0xC6, 0xD1, 0x28, 0xD2,
    0x1C, 0xFF, 0x7D, 0xFF, 0x7D, 0xFF, 0xDF, 0xFF, 0xFF, 0xFF, 0xBE, 0xFF, 0x7D, 0xFF, 0x7D, 0xFF,
    0x4D, 0xDB, 0x85, 0xD1, 0xE7, 0xD1, 0xC7, 0xD1, 0xC7, 0xD1, 0xC7, 0xD1, 0xC7, 0xD1, 0xC7, 0xD1,
    0xC7, 0xD1, 0xC7, 0xD1, 0xC7, 0xD1, 0xC7, 0xD1, 0xE7, 0xE1, 0xC7, 0xD1, 0x00, 0x00, 0xE7, 0xB9,
    0x00, 0xF8, 0x00, 0xF8, 0xE7, 0xC9, 0xC7, 0xD1, 0xC7, 0xD1, 0xC7, 0xD1, 0xC7, 0xD1, 0xC7, 0xD1,
    0xC7, 0xD1, 0xC7, 0xD1, 0xC7, 0xD1, 0xC7, 0xD1, 0xC7, 0xD1, 0xC7, 0xD1, 0xA6, 0xD1, 0x48, 0xD2,
    0xFF, 0xFF, 0xFF, 0xFF, 0xFF, 0xFF, 0xFF, 0xFF, 0xFF, 0xFF, 0xFF, 0xFF, 0xFF, 0xFF, 0xFF, 0xFF,
    0x8E, 0xDB, 0x65, 0xD1, 0xE7, 0xD1, 0xC7, 0xD1, 0xC7, 0xD1, 0xC7, 0xD1, 0xC7, 0xD1, 0xC7, 0xD1,
    0xC7, 0xD1, 0xC7, 0xD1, 0xC7, 0xD1, 0xC7, 0xD1, 0xE7, 0xD9, 0xC7, 0xD1, 0x00, 0x00, 0xAA, 0xFA,
    0x00, 0x00, 0xAA, 0xFA, 0x00, 0x00, 0xC6, 0xD1, 0xE7, 0xE1, 0xC6, 0xD1, 0xC7, 0xD1, 0xC7, 0xD1,
    0xC7, 0xD1, 0xC7, 0xD1, 0xC7, 0xD1, 0xC7, 0xD1, 0xC7, 0xD1, 0xC7, 0xD1, 0xA6, 0xD1, 0xE7, 0xD1,
    0xB2, 0xE4, 0xD3, 0xEC, 0xD3, 0xEC, 0xF3, 0xEC, 0xF3, 0xEC, 0xD3, 0xEC, 0xD3, 0xEC, 0xD3, 0xEC,
    0x8A, 0xD2, 0x86, 0xD1, 0xC7, 0xD1, 0xC7, 0xD1, 0xC7, 0xD1, 0xC7, 0xD1, 0xC7, 0xD1, 0xC7, 0xD1,
    0xC7, 0xD1, 0xC7, 0xD1, 0xC6, 0xD1, 0xE7, 0xE1, 0xA6, 0xD1, 0x00, 0x00, 0xAA, 0xAA, 0x00, 0x00,
    0x00, 0x00, 0x00, 0x00, 0xAA, 0xFA, 0x00, 0x00, 0xC6, 0xC9, 0xE7, 0xE1, 0xA6, 0xC9, 0xC6, 0xD1,
    0xC6, 0xD1, 0xC6, 0xD1, 0xC6, 0xD1, 0xC6, 0xD1, 0xC6, 0xD1, 0xC6, 0xD1, 0xC6, 0xD1, 0xA6, 0xD1,
    0x45, 0xC9, 0x45, 0xC9, 0x45, 0xC9, 0x45, 0xC9, 0x45, 0xC9, 0x45, 0xC9, 0x45, 0xC9, 0x45, 0xC9,
    0xA6, 0xC9, 0xC7, 0xD1, 0xC6, 0xD1, 0xC6, 0xD1, 0xC6, 0xD1, 0xC6, 0xD1, 0xC6, 0xD1, 0xC6, 0xD1,
    0xC6, 0xD1, 0xA6, 0xC9, 0xC7, 0xD9, 0xC6, 0xD1, 0xC7, 0xC1, 0xEF, 0xFB, 0x00, 0xF8, 0x00, 0x00,
    0x00, 0x00, 0x00, 0x00, 0x00, 0xF8, 0x00, 0xF8, 0xE7, 0xD1, 0xA6, 0xD1, 0xC7, 0xD9, 0xA6, 0xD1,
    0xA6, 0xC9, 0xA6, 0xC9, 0xA6, 0xC9, 0xA6, 0xC9, 0xA6, 0xC9, 0xA6, 0xC9, 0xA6, 0xC9, 0xA6, 0xC9,
    0xC7, 0xD1, 0xC7, 0xD1, 0xC7, 0xD1, 0xC7, 0xD1, 0xC7, 0xD1, 0xC7, 0xD1, 0xC7, 0xD1, 0xC7, 0xD1,
    0xC6, 0xD1, 0xA6, 0xC9, 0xA6, 0xC9, 0xA6, 0xC9, 0xA6, 0xC9, 0xA6, 0xC9, 0xA6, 0xC9, 0xA6, 0xC9,
    0xA6, 0xC9, 0xC7, 0xD9, 0xC7, 0xD1, 0xA6, 0xC9, 0x00, 0x00, 0xEF, 0xFB, 0x00, 0x00, 0x00, 0x00,
    0x00, 0x00, 0x00, 0x00, 0x00, 0x00, 0x00, 0xF8, 0x00, 0x00, 0x00, 0x00, 0xA6, 0xD1, 0xA6, 0xD1,
    0xC7, 0xD9, 0xA6, 0xD1, 0xA6, 0xC9, 0xA6, 0xC9, 0xA6, 0xC9, 0xA6, 0xC9, 0xA6, 0xC9, 0xA6, 0xC9,
    0xA6, 0xC9, 0xA6, 0xC9, 0xA6, 0xC9, 0xA6, 0xC9, 0xA6, 0xC9, 0xA6, 0xC9, 0xA6, 0xC9, 0xA6, 0xC9,
    0xA6, 0xC9, 0xA6, 0xC9, 0xA6, 0xC9, 0xA6, 0xC9, 0xA6, 0xC9, 0xA6, 0xC9, 0xA6, 0xD1, 0xC7, 0xD9,
    0xC7, 0xD9, 0xA6, 0xD1, 0xA6, 0xB9, 0x00, 0x00, 0xEF, 0xFB, 0x00, 0x00, 0x00, 0x00, 0x00, 0x00,
    0x00, 0x00, 0x00, 0x00, 0x00, 0x00, 0x00, 0x00, 0x00, 0xF8, 0x00, 0xF8, 0x00, 0x00, 0xA6, 0xD1,
    0xA6, 0xD1, 0xA6, 0xD1, 0xA6, 0xD1, 0xC6, 0xD9, 0xA6, 0xD1, 0xA6, 0xD9, 0xA6, 0xD9, 0xA6, 0xD9,
    0xA6, 0xD9, 0xA6, 0xD9, 0xA6, 0xD9, 0xA6, 0xD9, 0xA6, 0xD9, 0xA6, 0xD9, 0xA6, 0xD9, 0xA6, 0xD9,
    0xA6, 0xD9, 0xA6, 0xD9, 0xA6, 0xD9, 0xA6, 0xD9, 0xA6, 0xD9, 0xA6, 0xD1, 0xA6, 0xD1, 0xA6, 0xD1,
    0xA6, 0xD1, 0x00, 0x00, 0x00, 0x00, 0xEF, 0xFB, 0x00, 0x00, 0x00, 0x00, 0x00, 0x00, 0x00, 0x00,
    0x00, 0x00, 0x00, 0x00, 0x00, 0x00, 0x00, 0x00, 0x00, 0x00, 0x00, 0x00, 0xAA, 0xAA, 0x00, 0x00,
    0x00, 0x00, 0xAA, 0xAA, 0xC7, 0xD9, 0xA6, 0xD1, 0x86, 0xC9, 0x86, 0xC9, 0x86, 0xC9, 0x86, 0xC9,
    0x86, 0xC9, 0x86, 0xC9, 0x86, 0xC9, 0x86, 0xC9, 0x86, 0xC9, 0x86, 0xC9, 0x86, 0xC9, 0x86, 0xC9,
    0x86, 0xC9, 0x86, 0xC9, 0x86, 0xC9, 0x86, 0xC9, 0xA6, 0xD1, 0xA6, 0xD1, 0xC7, 0xE1, 0x00, 0x00,
    0x00, 0x00, 0x00, 0xF8, 0x00, 0xF8, 0x00, 0x00, 0x00, 0x00, 0x00, 0x00, 0x00, 0x00, 0x00, 0x00,
    0x00, 0x00, 0x00, 0x00, 0x00, 0x00, 0x00, 0x00, 0x00, 0x00, 0x00, 0x00, 0x00, 0x00, 0x00, 0xF8,
    0xE7, 0xB9, 0x00, 0x00, 0x00, 0x00, 0x00, 0x00, 0x00, 0x00, 0x00, 0x00, 0x00, 0x00, 0x00, 0x00,
    0x00, 0x00, 0x00, 0x00, 0x00, 0x00, 0x00, 0x00, 0x00, 0x00, 0x00, 0x00, 0x00, 0x00, 0x00, 0x00,
    0x00, 0x00, 0x00, 0x00, 0x00, 0x00, 0x00, 0x00, 0x00, 0x00, 0x00, 0x00, 0x00, 0x00, 0xE7, 0xB9,
    0xAA, 0xAA, 0x00, 0x00, 0x00, 0x00, 0x00, 0x00, 0x00, 0x00, 0x00, 0x00, 0x00, 0x00, 0x00, 0x00,
    0x00, 0x00, 0x00, 0x00, 0x00, 0x00, 0x00, 0x01, 0x03, 0x04, 0x00, 0x00, 0x00, 0x00, 0x00, 0x00,
    0x00, 0x00, 0x00, 0x00, 0x00, 0x00, 0x00, 0x00, 0x00, 0x00, 0x00, 0x00, 0x00, 0x00, 0x03, 0x04,
    0x01, 0x00, 0x00, 0x00, 0x00, 0x00, 0x00, 0x00, 0x00, 0x00, 0x00, 0x00, 0x00, 0x00, 0x03, 0x00,
    0x00, 0x00, 0x03, 0x10, 0x10, 0x10, 0x10, 0x10, 0x10, 0x10, 0x10, 0x10, 0x10, 0x10, 0x10, 0x10,
    0x10, 0x10, 0x10, 0x10, 0x10, 0x09, 0x00, 0x00, 0x00, 0x03, 0x00, 0x00, 0x00, 0x00, 0x00, 0x00,
    0x00, 0x00, 0x00, 0x00, 0x00, 0x04, 0x00, 0x06, 0x4F, 0x9F, 0xD6, 0xEF, 0xEF, 0xF0, 0xF0, 0xF0,
    0xF0, 0xF0, 0xF0, 0xF0, 0xF0, 0xF0, 0xF0, 0xF0, 0xF0, 0xF0, 0xF0, 0xEF, 0xEF, 0xE2, 0xAE, 0x61,
    0x16, 0x00, 0x02, 0x01, 0x00, 0x00, 0x00, 0x00, 0x00, 0x00, 0x00, 0x00, 0x01, 0x00, 0x47, 0xD4,
    0xFF, 0xFF, 0xFF, 0xFF, 0xFF, 0xFF, 0xFF, 0xFF, 0xFF, 0xFF, 0xFF, 0xFF, 0xFF, 0xFF, 0xFF, 0xFF,
    0xFF, 0xFF, 0xFF, 0xFF, 0xFF, 0xFF, 0xFF, 0xFF, 0xE9, 0x6D, 0x00, 0x00, 0x01, 0x00, 0x00, 0x00,
    0x00, 0x00, 0x00, 0x03, 0x01, 0x7F, 0xFF, 0xFF, 0xFC, 0xFB, 0xFD, 0xFE, 0xFE, 0xFE, 0xFE, 0xFE,
    0xFE, 0xFE, 0xFE, 0xFE, 0xFE, 0xFE, 0xFE, 0xFE, 0xFE, 0xFE, 0xFE, 0xFE, 0xFE, 0xFD, 0xFC, 0xFB,
    0xFF, 0xFF, 0xA9, 0x13, 0x01, 0x01, 0x00, 0x00, 0x00, 0x00, 0x04, 0x00, 0x80, 0xFF, 0xFC, 0xFD,
    0xFF, 0xFF, 0xFF, 0xFF, 0xFF, 0xFF, 0xFF, 0xFF, 0xFF, 0xFF, 0xFF, 0xFF, 0xFF, 0xFF, 0xFF, 0xFF,
    0xFF, 0xFF, 0xFF, 0xFF, 0xFF, 0xFF, 0xFF, 0xFF, 0xFE, 0xFA, 0xFF, 0xBB, 0x01, 0x03, 0x00, 0x00,
    0x00, 0x03, 0x00, 0x44, 0xFE, 0xFA, 0xFE, 0xFF, 0xFF, 0xFF, 0xFF, 0xFF, 0xFF, 0xFF, 0xFF, 0xFF,
    0xFF, 0xFF, 0xFF, 0xFF, 0xFF, 0xFF, 0xFF, 0xFF, 0xFF, 0xFF, 0xFF, 0xFF, 0xFF, 0xFF, 0xFF, 0xFF,
    0xFF, 0xFF, 0xF9, 0xFF, 0x7F, 0x00, 0x03, 0x00, 0x00, 0x01, 0x09, 0xD9, 0xFF, 0xFD, 0xFF, 0xFF,
    0xFF, 0xFF, 0xFF, 0xFF, 0xFF, 0xFF, 0xFF, 0xFF, 0xFF, 0xFF, 0xFF, 0xFF, 0xFF, 0xFF, 0xFF, 0xFF,
    0xFF, 0xFF, 0xFF, 0xFF, 0xFF, 0xFF, 0xFF, 0xFF, 0xFF, 0xFF, 0xFE, 0xFD, 0xFA, 0x2A, 0x00, 0x02,
    0x04, 0x00, 0x4C, 0xFF, 0xFC, 0xFF, 0xFF, 0xFF, 0xFF, 0xFF, 0xFF, 0xFF, 0xFF, 0xFF, 0xFF, 0xFF,
    0xFF, 0xFF, 0xFF, 0xFF, 0xFF, 0xFF, 0xFF, 0xFF, 0xFF, 0xFF, 0xFF, 0xFF, 0xFF, 0xFF, 0xFF, 0xFF,
    0xFF, 0xFF, 0xFF, 0xFB, 0xFF, 0x8C, 0x00, 0x05, 0x04, 0x00, 0x9F, 0xFE, 0xFB, 0xFF, 0xFF, 0xFF,
    0xFF, 0xFF, 0xFF, 0xFF, 0xFF, 0xFF, 0xFF, 0xFF, 0xFF, 0xFF, 0xFF, 0xFF, 0xFF, 0xFF, 0xFF, 0xFF,
    0xFF, 0xFF, 0xFF, 0xFF, 0xFF, 0xFF, 0xFF, 0xFF, 0xFF, 0xFF, 0xFF, 0xFD, 0xFF, 0xD9, 0x04, 0x01,
    0x01, 0x08, 0xDB, 0xFF, 0xFD, 0xFF, 0xFF, 0xFF, 0xFF, 0xFF, 0xFF, 0xFF, 0xFF, 0xFF, 0xFF, 0xFF,
    0xFF, 0xFF, 0xFF, 0xFF, 0xFF, 0xFF, 0xFF, 0xFF, 0xFF, 0xFF, 0xFF, 0xFF, 0xFF, 0xFF, 0xFF, 0xFF,
    0xFF, 0xFF, 0xFF, 0xFF, 0xFE, 0xFA, 0x29, 0x00, 0x00, 0x11, 0xF3, 0xFF, 0xFE, 0xFF, 0xFF, 0xFF,
    0xFF, 0xFF, 0xFF, 0xFF, 0xFF, 0xFF, 0xFF, 0xFF, 0xFF, 0xFF, 0xFF, 0xFF, 0xFF, 0xFF, 0xFF, 0xFF,
    0xFF, 0xFF, 0xFF, 0xFF, 0xFF, 0xFF, 0xFF, 0xFF, 0xFF, 0xFF, 0xFF, 0xFF, 0xFD, 0xFF, 0x43, 0x00,
    0x00, 0x10, 0xEF, 0xFF, 0xFE, 0xFF, 0xFF, 0xFF, 0xFF, 0xFF, 0xFF, 0xFF, 0xFF, 0xFF, 0xFF, 0xFF,
    0xFF, 0xFF, 0xFF, 0xFF, 0xFF, 0xFF, 0xFF, 0xFF, 0xFF, 0xFF, 0xFF, 0xFF, 0xFF, 0xFF, 0xFF, 0xFF,
    0xFF, 0xFF, 0xFF, 0xFF, 0xFD, 0xFF, 0x3F, 0x00, 0x00, 0x10, 0xF0, 0xFF, 0xFE, 0xFF, 0xFF, 0xFF,
    0xFF, 0xFF, 0xFF, 0xFF, 0xFF, 0xFF, 0xFF, 0xFF, 0xFF, 0xFF, 0xFF, 0xFF, 0xFF, 0xFF, 0xFF, 0xFF,
    0xFF, 0xFF, 0xFF, 0xFF, 0xFF, 0xFF, 0xFF, 0xFF, 0xFF, 0xFF, 0xFF, 0xFF, 0xFD, 0xFF, 0x40, 0x00,
    0x00, 0x10, 0xF0, 0xFF, 0xFE, 0xFF, 0xFF, 0xFF, 0xFF, 0xFF, 0xFF, 0xFF, 0xFF, 0xFF, 0xFF, 0xFF,
    0xFF, 0xFF, 0xFF, 0xFF, 0xFF, 0xFF, 0xFF, 0xFF, 0xFF, 0xFF, 0xFF, 0xFF, 0xFF, 0xFF, 0xFF, 0xFF,
    0xFF, 0xFF, 0xFF, 0xFF, 0xFD, 0xFF, 0x40, 0x00, 0x00, 0x10, 0xF0, 0xFF, 0xFE, 0xFF, 0xFF, 0xFF,
    0xFF, 0xFF, 0xFF, 0xFF, 0xFF, 0xFF, 0xFF, 0xFF, 0xFF, 0xFF, 0xFF, 0xFF, 0xFF, 0xFF, 0xFF, 0xFF,
    0xFF, 0xFF, 0xFF, 0xFF, 0xFF, 0xFF, 0xFF, 0xFF, 0xFF, 0xFF, 0xFF, 0xFF, 0xFD, 0xFF, 0x40, 0x00,
    0x00, 0x10, 0xF0, 0xFF, 0xFE, 0xFF, 0xFF, 0xFF, 0xFF, 0xFF, 0xFF, 0xFF, 0xFF, 0xFF, 0xFF, 0xFF,
    0xFF, 0xFF, 0xFF, 0xFF, 0xFF, 0xFF, 0xFF, 0xFF, 0xFF, 0xFF, 0xFF, 0xFF, 0xFF, 0xFF, 0xFF, 0xFF,
    0xFF, 0xFF, 0xFF, 0xFF, 0xFD, 0xFF, 0x40, 0x00, 0x00, 0x10, 0xF0, 0xFF, 0xFE, 0xFF, 0xFF, 0xFF,
    0xFF, 0xFF, 0xFF, 0xFF, 0xFF, 0xFF, 0xFF, 0xFF, 0xFF, 0xFF, 0xFF, 0xFF, 0xFF, 0xFF, 0xFF, 0xFF,
    0xFF, 0xFF, 0xFF, 0xFF, 0xFF, 0xFF, 0xFF, 0xFF, 0xFF, 0xFF, 0xFF, 0xFF, 0xFD, 0xFF, 0x40, 0x00,
    0x00, 0x10, 0xF0, 0xFF, 0xFE, 0xFF, 0xFF, 0xFF, 0xFF, 0xFF, 0xFF, 0xFF, 0xFF, 0xFF, 0xFF, 0xFF,
    0xFF, 0xFF, 0xFF, 0xFF, 0xFF, 0xFF, 0xFF, 0xFF, 0xFF, 0xFF, 0xFF, 0xFF, 0xFF, 0xFF, 0xFF, 0xFF,
    0xFF, 0xFF, 0xFF, 0xFF, 0xFD, 0xFF, 0x40, 0x00, 0x00, 0x10, 0xF0, 0xFF, 0xFE, 0xFF, 0xFF, 0xFF,
    0xFF, 0xFF, 0xFF, 0xFF, 0xFF, 0xFF, 0xFF, 0xFF, 0xFF, 0xFF, 0xFF, 0xFF, 0xFF, 0xFF, 0xFF, 0xFF,
    0xFF, 0xFF, 0xFF, 0xFF, 0xFF, 0xFF, 0xFF, 0xFF, 0xFF, 0xFF, 0xFF, 0xFF, 0xFD, 0xFF, 0x40, 0x00,
    0x00, 0x10, 0xF0, 0xFF, 0xFE, 0xFF, 0xFF, 0xFF, 0xFF, 0xFF, 0xFF, 0xFF, 0xFF, 0xFF, 0xFF, 0xFF,
    0xFF, 0xFF, 0xFF, 0xFF, 0xFF, 0xFF, 0xFF, 0xFF, 0xFF, 0xFF, 0xFF, 0xFF, 0xFF, 0xFF, 0xFF, 0xFF,
    0xFF, 0xFF, 0xFF, 0xFF, 0xFD, 0xFF, 0x40, 0x00, 0x00, 0x10, 0xF0, 0xFF, 0xFE, 0xFF, 0xFF, 0xFF,
    0xFF, 0xFF, 0xFF, 0xFF, 0xFF, 0xFF, 0xFF, 0xFF, 0xFF, 0xFF, 0xFF, 0xFF, 0xFF, 0xFF, 0xFF, 0xFF,
    0xFF, 0xFF, 0xFF, 0xFF, 0xFF, 0xFF, 0xFF, 0xFF, 0xFF, 0xFF, 0xFF, 0xFF, 0xFD, 0xFF, 0x40, 0x00,
    0x00, 0x10, 0xF0, 0xFF, 0xFE, 0xFF, 0xFF, 0xFF, 0xFF, 0xFF, 0xFF, 0xFF, 0xFF, 0xFF, 0xFF, 0xFF,
    0xFF, 0xFF, 0xFF, 0xFF, 0xFF, 0xFF, 0xFF, 0xFF, 0xFF, 0xFF, 0xFF, 0xFF, 0xFF, 0xFF, 0xFF, 0xFF,
    0xFF, 0xFF, 0xFF, 0xFF, 0xFD, 0xFF, 0x40, 0x00, 0x00, 0x10, 0xF0, 0xFF, 0xFE, 0xFF, 0xFF, 0xFF,
    0xFF, 0xFF, 0xFF, 0xFF, 0xFF, 0xFF, 0xFF, 0xFF, 0xFF, 0xFF, 0xFF, 0xFF, 0xFF, 0xFF, 0xFF, 0xFF,
    0xFF, 0xFF, 0xFF, 0xFF, 0xFF, 0xFF, 0xFF, 0xFF, 0xFF, 0xFF, 0xFF, 0xFF, 0xFD, 0xFF, 0x40, 0x00,
    0x00, 0x10, 0xF0, 0xFF, 0xFE, 0xFF, 0xFF, 0xFF, 0xFF, 0xFF, 0xFF, 0xFF, 0xFF, 0xFF, 0xFF, 0xFF,
    0xFF, 0xFF, 0xFF, 0xFF, 0xFF, 0xFF, 0xFF, 0xFF, 0xFF, 0xFF, 0xFF, 0xFF, 0xFF, 0xFF, 0xFF, 0xFF,
    0xFF, 0xFF, 0xFF, 0xFF, 0xFD, 0xFF, 0x40, 0x00, 0x00, 0x10, 0xF0, 0xFF, 0xFE, 0xFF, 0xFF, 0xFF,
    0xFF, 0xFF, 0xFF, 0xFF, 0xFF, 0xFF, 0xFF, 0xFF, 0xFF, 0xFF, 0xFF, 0xFF, 0xFF, 0xFF, 0xFF, 0xFF,
    0xFF, 0xFF, 0xFF, 0xFF, 0xFF, 0xFF, 0xFF, 0xFF, 0xFF, 0xFF, 0xFF, 0xFF, 0xFD, 0xFF, 0x40, 0x00,
    0x00, 0x10, 0xF0, 0xFF, 0xFE, 0xFF, 0xFF, 0xFF, 0xFF, 0xFF, 0xFF, 0xFF, 0xFF, 0xFF, 0xFF, 0xFF,
    0xFF, 0xFF, 0xFF, 0xFF, 0xFF, 0xFF, 0xFF, 0xFF, 0xFF, 0xFF, 0xFF, 0xFF, 0xFF, 0xFF, 0xFF, 0xFF,
    0xFF, 0xFF, 0xFF, 0xFF, 0xFD, 0xFF, 0x40, 0x00, 0x00, 0x10, 0xEF, 0xFF, 0xFE, 0xFF, 0xFF, 0xFF,
    0xFF, 0xFF, 0xFF, 0xFF, 0xFF, 0xFF, 0xFF, 0xFF, 0xFF, 0xFF, 0xFF, 0xFF, 0xFF, 0xFF, 0xFF, 0xFF,
    0xFF, 0xFF, 0xFF, 0xFF, 0xFF, 0xFF, 0xFF, 0xFF, 0xFF, 0xFF, 0xFF, 0xFF, 0xFD, 0xFF, 0x3F, 0x00,
    0x00, 0x11, 0xF2, 0xFF, 0xFE, 0xFF, 0xFF, 0xFF, 0xFF, 0xFF, 0xFF, 0xFF, 0xFF, 0xFF, 0xFF, 0xFF,
    0xFF, 0xFF, 0xFF, 0xFF, 0xFF, 0xFF, 0xFF, 0xFF, 0xFF, 0xFF, 0xFF, 0xFF, 0xFF, 0xFF, 0xFF, 0xFF,
    0xFF, 0xFF, 0xFF, 0xFF, 0xFD, 0xFF, 0x42, 0x00, 0x01, 0x0C, 0xE5, 0xFF, 0xFE, 0xFF, 0xFF, 0xFF,
    0xFF, 0xFF, 0xFF, 0xFF, 0xFF, 0xFF, 0xFF, 0xFF, 0xFF, 0xFF, 0xFF, 0xFF, 0xFF, 0xFF, 0xFF, 0xFF,
    0xFF, 0xFF, 0xFF, 0xFF, 0xFF, 0xFF, 0xFF, 0xFF, 0xFF, 0xFF, 0xFF, 0xFF, 0xFE, 0xFD, 0x35, 0x00,
    0x04, 0x00, 0xB0, 0xFE, 0xFC, 0xFF, 0xFF, 0xFF, 0xFF, 0xFF, 0xFF, 0xFF, 0xFF, 0xFF, 0xFF, 0xFF,
    0xFF, 0xFF, 0xFF, 0xFF, 0xFF, 0xFF, 0xFF, 0xFF, 0xFF, 0xFF, 0xFF, 0xFF, 0xFF, 0xFF, 0xFF, 0xFF,
    0xFF, 0xFF, 0xFF, 0xFE, 0xFF, 0xE6, 0x0A, 0x01, 0x04, 0x00, 0x62, 0xFF, 0xFC, 0xFF, 0xFF, 0xFF,
    0xFF, 0xFF, 0xFF, 0xFF, 0xFF, 0xFF, 0xFF, 0xFF, 0xFF, 0xFF, 0xFF, 0xFF, 0xFF, 0xFF, 0xFF, 0xFF,
    0xFF, 0xFF, 0xFF, 0xFF, 0xFF, 0xFF, 0xFF, 0xFF, 0xFF, 0xFF, 0xFF, 0xFB, 0xFE, 0xA2, 0x00, 0x04,
    0x01, 0x01, 0x15, 0xEE, 0xFD, 0xFE, 0xFF, 0xFF, 0xFF, 0xFF, 0xFF, 0xFF, 0xFF, 0xFF, 0xFF, 0xFF,
    0xFF, 0xFF, 0xFF, 0xFF, 0xFF, 0xFF, 0xFF, 0xFF, 0xFF, 0xFF, 0xFF, 0xFF, 0xFF, 0xFF, 0xFF, 0xFF,
    0xFF, 0xFF, 0xFF, 0xFC, 0xFF, 0x42, 0x00, 0x03, 0x00, 0x03, 0x00, 0x6B, 0xFF, 0xFA, 0xFF, 0xFF,
    0xFF, 0xFF, 0xFF, 0xFF, 0xFF, 0xFF, 0xFF, 0xFF, 0xFF, 0xFF, 0xFF, 0xFF, 0xFF, 0xFF, 0xFF, 0xFF,
    0xFF, 0xFF, 0xFF, 0xFF, 0xFF, 0xFF, 0xFF, 0xFF, 0xFF, 0xFF, 0xFA, 0xFF, 0xAA, 0x00, 0x03, 0x00,
    0x00, 0x00, 0x03, 0x00, 0xAC, 0xFF, 0xF9, 0xFE, 0xFF, 0xFF, 0xFF, 0xFF, 0xFF, 0xFF, 0xFF, 0xFF,
    0xFF, 0xFF, 0xFF, 0xFF, 0xFF, 0xFF, 0xFF, 0xFF, 0xFF, 0xFF, 0xFF, 0xFF, 0xFF, 0xFF, 0xFF, 0xFF,
    0xFF, 0xFA, 0xFF, 0xDE, 0x12, 0x02, 0x01, 0x00, 0x00, 0x00, 0x01, 0x01, 0x11, 0xB8, 0xFF, 0xFF,
    0xFB, 0xFD, 0xFE, 0xFF, 0xFF, 0xFF, 0xFF, 0xFF, 0xFF, 0xFF, 0xFF, 0xFF, 0xFF, 0xFF, 0xFF, 0xFF,
    0xFF, 0xFF, 0xFF, 0xFF, 0xFF, 0xFF, 0xFD, 0xFB, 0xFD, 0xFF, 0xDA, 0x34, 0x00, 0x02, 0x00, 0x00,
    0x00, 0x00, 0x00, 0x01, 0x00, 0x00, 0x80, 0xF9, 0xFF, 0xFF, 0xFF, 0xFD, 0xFD, 0xFD, 0xFD, 0xFD,
    0xFD, 0xFD, 0xFD, 0xFD, 0xFD, 0xFD, 0xFD, 0xFD, 0xFD, 0xFD, 0xFD, 0xFD, 0xFD, 0xFE, 0xFF, 0xFF,
    0xFF, 0xA7, 0x13, 0x00, 0x02, 0x00, 0x00, 0x00, 0x00, 0x00, 0x00, 0x00, 0x01, 0x01, 0x00, 0x2C,
    0x8C, 0xD6, 0xFD, 0xFF, 0xFF, 0xFF, 0xFF, 0xFF, 0xFF, 0xFF, 0xFF, 0xFF, 0xFF, 0xFF, 0xFF, 0xFF,
    0xFF, 0xFF, 0xFF, 0xFF, 0xFF, 0xFF, 0xE2, 0x9F, 0x46, 0x00, 0x00, 0x02, 0x00, 0x00, 0x00, 0x00,
    0x00, 0x00, 0x00, 0x00, 0x00, 0x00, 0x03, 0x00, 0x00, 0x03, 0x28, 0x40, 0x40, 0x40, 0x40, 0x40,
    0x40, 0x40, 0x40, 0x40, 0x40, 0x40, 0x40, 0x40, 0x40, 0x40, 0x40, 0x40, 0x40, 0x34, 0x09, 0x00,
    0x00, 0x02, 0x01, 0x00, 0x00, 0x00, 0x00, 0x00, 0x00, 0x00, 0x00, 0x00, 0x00, 0x00, 0x00, 0x02,
    0x04, 0x00, 0x00, 0x00, 0x00, 0x00, 0x00, 0x00, 0x00, 0x00, 0x00, 0x00, 0x00, 0x00, 0x00, 0x00,
    0x00, 0x00, 0x00, 0x00, 0x00, 0x00, 0x00, 0x04, 0x03, 0x00, 0x00, 0x00, 0x00, 0x00, 0x00, 0x00,
};

const lv_image_dsc_t icon_home_recorder = {
    .header.magic = LV_IMAGE_HEADER_MAGIC,
    .header.cf = LV_COLOR_FORMAT_RGB565A8,
    .header.w = 40,
    .header.h = 40,
    .data_size = 4800,
    .data = icon_home_recorder_map,
};

const LV_ATTRIBUTE_MEM_ALIGN uint8_t icon_home_camera_map[] = {
    0x00, 0x00, 0x00, 0x00, 0x00, 0x00, 0x00, 0x00, 0x00, 0x00, 0x00, 0x00, 0x00, 0x00, 0x00, 0x00,
    0xAA, 0x52, 0xE7, 0x39, 0x00, 0x00, 0x00, 0x00, 0x00, 0x00, 0x00, 0x00, 0x00, 0x00, 0x00, 0x00,
    0x00, 0x00, 0x00, 0x00, 0x00, 0x00, 0x00, 0x00, 0x00, 0x00, 0x00, 0x00, 0x00, 0x00, 0x00, 0x00,
    0x00, 0x00, 0x00, 0x00, 0x00, 0x00, 0x00, 0x00, 0x00, 0x00, 0x00, 0x00, 0xAA, 0x52, 0xEF, 0x39,
    0x1F, 0x00, 0x00, 0x00, 0x00, 0x00, 0x00, 0x00, 0x00, 0x00, 0x00, 0x00, 0x00, 0x00, 0x00, 0x00,
    0x00, 0x00, 0x00, 0x00, 0x00, 0x00, 0x00, 0x00, 0x00, 0x00, 0x00, 0x00, 0xAA, 0x52, 0x00, 0x00,
    0x00, 0x00, 0x00, 0x00, 0xAA, 0x52, 0xED, 0x4A, 0x6B, 0x3A, 0x6D, 0x3A, 0x6D, 0x3A, 0x6D, 0x3A,
    0x6D, 0x3A, 0x6D, 0x3A, 0x6D, 0x3A, 0x6D, 0x3A, 0x6D, 0x3A, 0x6D, 0x3A, 0x6D, 0x3A, 0x6D, 0x3A,
    0x6D, 0x3A, 0x6D, 0x3A, 0x6D, 0x3A, 0x6B, 0x3A, 0xED, 0x4A, 0xAE, 0x52, 0x00, 0x00, 0x00, 0x00,
    0x00, 0x00, 0xAA, 0x52, 0x00, 0x00, 0x00, 0x00, 0x00, 0x00, 0x00, 0x00, 0x00, 0x00, 0x00, 0x00,
    0x00, 0x00, 0x00, 0x00, 0x00, 0x00, 0x00, 0x00, 0x00, 0x00, 0xE7, 0x39, 0x00, 0x00, 0xAA, 0x2A,
    0x8D, 0x42, 0xAD, 0x42, 0xAD, 0x42, 0x8C, 0x42, 0x8C, 0x42, 0x8C, 0x42, 0x8C, 0x42, 0x8C, 0x42,
    0x8C, 0x42, 0x8C, 0x42, 0x8C, 0x42, 0x8C, 0x42, 0x8C, 0x42, 0x8C, 0x42, 0x8C, 0x42, 0x8C, 0x42,
    0x8C, 0x42, 0x8C, 0x42, 0x8C, 0x42, 0x8C, 0x42, 0x8C, 0x42, 0x8C, 0x42, 0xAD, 0x42, 0xAD, 0x42,
    0x8D, 0x42, 0x00, 0x00, 0xEF, 0x7B, 0x00, 0x00, 0x00, 0x00, 0x00, 0x00, 0x00, 0x00, 0x00, 0x00,
    0x00, 0x00, 0x00, 0x00, 0x00, 0x00, 0x00, 0x00, 0x00, 0x00, 0x00, 0x00, 0x8C, 0x42, 0xAD, 0x42,
    0xAD, 0x42, 0xAD, 0x4A, 0xAD, 0x42, 0x8C, 0x42, 0x8C, 0x42, 0x8C, 0x42, 0x8C, 0x42, 0x8C, 0x42,
    0x8C, 0x42, 0x8C, 0x42, 0x8C, 0x42, 0x8C, 0x42, 0x8C, 0x42, 0x8C, 0x42, 0x8C, 0x42, 0x8C, 0x42,
    0x8C, 0x42, 0x8C, 0x42, 0x8C, 0x42, 0x8C, 0x42, 0x8C, 0x42, 0xAD, 0x42, 0xAD, 0x42, 0xAD, 0x4A,
    0xAD, 0x42, 0xAC, 0x42, 0x00, 0x00, 0x00, 0x00, 0x00, 0x00, 0x00, 0x00, 0x00, 0x00, 0x00, 0x00,
    0x00, 0x00, 0x00, 0x00, 0x00, 0x00, 0xAA, 0x52, 0x00, 0x00, 0x8C, 0x42, 0xAD, 0x42, 0xAD, 0x42,
    0x8C, 0x42, 0x8C, 0x42, 0x8C, 0x42, 0x8C, 0x42, 0x8C, 0x42, 0x8C, 0x42, 0x8C, 0x42, 0x8C, 0x42,
    0x8C, 0x42, 0x8C, 0x42, 0x8C, 0x42, 0x8C, 0x42, 0x8C, 0x42, 0x8C, 0x42, 0x8C, 0x42, 0x8C, 0x42,
    0x8C, 0x42, 0x8C, 0x42, 0x8C, 0x42, 0x8C, 0x42, 0x8C, 0x42, 0x8C, 0x42, 0x8C, 0x42, 0x8C, 0x42,
    0x8C, 0x42, 0xAD, 0x42, 0x8D, 0x42, 0x8B, 0x42, 0x1F, 0x00, 0x00, 0x00, 0x00, 0x00, 0x00, 0x00,
    0x00, 0x00, 0x00, 0x00, 0xEF, 0x39, 0x00, 0x00, 0x6C, 0x42, 0xCD, 0x4A, 0x6C, 0x42, 0x6C, 0x42,
    0x8C, 0x42, 0x8C, 0x42, 0x8C, 0x42, 0x8C, 0x42, 0x8C, 0x42, 0x8C, 0x42, 0x8C, 0x42, 0x8C, 0x42,
    0x8C, 0x42, 0x8C, 0x42, 0x8C, 0x42, 0x8C, 0x42, 0x8C, 0x42, 0x8C, 0x42, 0x8C, 0x42, 0x8C, 0x42,
    0x8C, 0x42, 0x8C, 0x42, 0x8C, 0x42, 0x8C, 0x42, 0x8C, 0x42, 0x8C, 0x42, 0x8C, 0x42, 0x8C, 0x42,
    0x8C, 0x42, 0x6C, 0x42, 0xCD, 0x4A, 0x8C, 0x42, 0x00, 0x00, 0xAA, 0x52, 0x00, 0x00, 0x00, 0x00,
    0x00, 0x00, 0xAA, 0x52, 0x00, 0x00, 0x6C, 0x3A, 0x8C, 0x42, 0x6C, 0x42, 0x6C, 0x42, 0x6C, 0x42,
    0x6C, 0x42, 0x6C, 0x42, 0x6C, 0x42, 0x6C, 0x42, 0x6C, 0x42, 0x6C, 0x42, 0x8C, 0x42, 0x8C, 0x42,
    0x8C, 0x42, 0x8C, 0x42, 0x8C, 0x42, 0x8C, 0x42, 0x8C, 0x42, 0x8C, 0x42, 0x6C, 0x42, 0x6C, 0x42,
    0x6C, 0x42, 0x6C, 0x42, 0x6C, 0x42, 0x6C, 0x42, 0x6C, 0x42, 0x6C, 0x42, 0x6C, 0x42, 0x6C, 0x42,
    0x6C, 0x42, 0x6C, 0x42, 0x6C, 0x42, 0xAD, 0x42, 0x8C, 0x42, 0x00, 0x00, 0xAA, 0x52, 0x00, 0x00,
    0x00, 0x00, 0xFF, 0xFF, 0xAA, 0x3A, 0x6C, 0x42, 0x8C, 0x42, 0x6C, 0x42, 0x6C, 0x42, 0x6C, 0x42,
    0x6C, 0x42, 0x6C, 0x42, 0x6C, 0x42, 0x6C, 0x42, 0x6C, 0x42, 0x8C, 0x42, 0x6C, 0x3A, 0x0A, 0x32,
    0x0A, 0x32, 0x0A, 0x32, 0x0A, 0x32, 0x0A, 0x32, 0x0A, 0x32, 0x4B, 0x3A, 0x8C, 0x42, 0x6C, 0x42,
    0x6C, 0x42, 0x6C, 0x42, 0x6C, 0x42, 0x6C, 0x42, 0x6C, 0x42, 0x6C, 0x42, 0x6C, 0x42, 0x6C, 0x42,
    0x6C, 0x42, 0x6C, 0x42, 0x6C, 0x42, 0x6C, 0x42, 0x8C, 0x42, 0x6C, 0x3A, 0x00, 0x00, 0x0F, 0x00,
    0xE7, 0x39, 0x00, 0x00, 0x6C, 0x3A, 0x8C, 0x42, 0x6C, 0x3A, 0x6C, 0x42, 0x6C, 0x42, 0x6C, 0x42,
    0x6C, 0x42, 0x6C, 0x42, 0x6C, 0x42, 0x6C, 0x42, 0x6C, 0x42, 0x4B, 0x3A, 0xCD, 0x4A, 0x35, 0x9D,
    0x35, 0x9D, 0x36, 0x9D, 0x36, 0x9D, 0x35, 0x9D, 0x36, 0xA5, 0x90, 0x63, 0x2B, 0x32, 0x8C, 0x42,
    0x6C, 0x42, 0x6C, 0x42, 0x6C, 0x42, 0x6C, 0x42, 0x6C, 0x42, 0x6C, 0x42, 0x6C, 0x42, 0x6C, 0x42,
    0x6C, 0x42, 0x6C, 0x42, 0x6C, 0x42, 0x6C, 0x42, 0xAD, 0x42, 0x6C, 0x3A, 0x00, 0x00, 0x8C, 0x31,
    0xEF, 0x39, 0x00, 0x00, 0x6C, 0x42, 0x8C, 0x42, 0x6B, 0x3A, 0x6C, 0x3A, 0x6C, 0x3A, 0x6C, 0x3A,
    0x6C, 0x3A, 0x6C, 0x42, 0x6C, 0x42, 0x6C, 0x42, 0x6C, 0x42, 0x6C, 0x42, 0xBB, 0xD6, 0xFF, 0xFF,
    0xFF, 0xFF, 0xFF, 0xFF, 0xFF, 0xFF, 0xFF, 0xFF, 0xFF, 0xFF, 0x9E, 0xF7, 0x2E, 0x53, 0x4B, 0x3A,
    0x6C, 0x42, 0x6C, 0x42, 0x6C, 0x42, 0x6C, 0x42, 0x6C, 0x42, 0x6C, 0x42, 0x6C, 0x42, 0x6C, 0x3A,
    0x6C, 0x3A, 0x6C, 0x3A, 0x6C, 0x3A, 0x6C, 0x3A, 0x6C, 0x42, 0x6B, 0x3A, 0xEF, 0x39, 0x00, 0x00,
    0x00, 0x00, 0xEB, 0x3A, 0x4B, 0x3A, 0x6C, 0x42, 0x6B, 0x3A, 0x6B, 0x3A, 0x6B, 0x3A, 0x6B, 0x3A,
    0x6C, 0x42, 0x4B, 0x3A, 0x4B, 0x3A, 0x4B, 0x3A, 0x2B, 0x3A, 0xCD, 0x4A, 0xDF, 0xFF, 0xFF, 0xFF,
    0xDF, 0xFF, 0xFF, 0xFF, 0xFF, 0xFF, 0xFF, 0xFF, 0xDF, 0xFF, 0xFF, 0xFF, 0xF1, 0x73, 0xEA, 0x31,
    0x4B, 0x3A, 0x4B, 0x3A, 0x4B, 0x3A, 0x4B, 0x3A, 0x4B, 0x3A, 0x4B, 0x3A, 0x4B, 0x3A, 0x6C, 0x42,
    0x6C, 0x42, 0x6B, 0x3A, 0x6B, 0x3A, 0x6B, 0x3A, 0x6B, 0x3A, 0x6C, 0x42, 0x4B, 0x3A, 0x00, 0x00,
    0x00, 0x00, 0x4B, 0x3A, 0x4B, 0x3A, 0x6C, 0x3A, 0x4B, 0x3A, 0x4B, 0x3A, 0x6B, 0x3A, 0x4B, 0x3A,
    0x0A, 0x32, 0x8C, 0x42, 0xAD, 0x4A, 0xAD, 0x4A, 0xAC, 0x4A, 0xED, 0x52, 0x7D, 0xEF, 0xFF, 0xFF,
    0xFF, 0xFF, 0xFF, 0xFF, 0xFF, 0xFF, 0xFF, 0xFF, 0xFF, 0xFF, 0xFF, 0xFF, 0xD1, 0x73, 0x6C, 0x42,
    0xCD, 0x4A, 0xAD, 0x4A, 0xAD, 0x4A, 0xAD, 0x4A, 0xAD, 0x4A, 0xAD, 0x4A, 0xAD, 0x4A, 0x0A, 0x32,
    0x4B, 0x3A, 0x6B, 0x3A, 0x4B, 0x3A, 0x4B, 0x3A, 0x4B, 0x3A, 0x8C, 0x42, 0x6B, 0x42, 0x00, 0x00,
    0x00, 0x00, 0x6B, 0x3A, 0x4B, 0x3A, 0x6B, 0x3A, 0x4B, 0x3A, 0x4B, 0x3A, 0x4B, 0x3A, 0x4B, 0x3A,
    0x15, 0x9D, 0x5D, 0xEF, 0x9E, 0xF7, 0x9E, 0xF7, 0xBE, 0xF7, 0x9E, 0xF7, 0xDF, 0xFF, 0xFF, 0xFF,
    0xFF, 0xFF, 0xFF, 0xFF, 0xFF, 0xFF, 0xFF, 0xFF, 0xFF, 0xFF, 0xFF, 0xFF, 0x9E, 0xF7, 0x9E, 0xF7,
    0x9E, 0xF7, 0x9E, 0xF7, 0x9E, 0xF7, 0x9E, 0xF7, 0x9E, 0xF7, 0x9E, 0xF7, 0x9E, 0xEF, 0xD8, 0xB5,
    0xAC, 0x4A, 0x2B, 0x3A, 0x6B, 0x3A, 0x4B, 0x3A, 0x4B, 0x3A, 0x6C, 0x42, 0x6B, 0x3A, 0x00, 0x00,
    0x00, 0x00, 0x6B, 0x3A, 0x4B, 0x3A, 0x4B, 0x3A, 0x4B, 0x3A, 0x6B, 0x3A, 0xEA, 0x31, 0x15, 0x9D,
    0xFF, 0xFF, 0xFF, 0xFF, 0xFF, 0xFF, 0xFF, 0xFF, 0xFF, 0xFF, 0xFF, 0xFF, 0xFF, 0xFF, 0xFF, 0xFF,
    0xFF, 0xFF, 0xFF, 0xFF, 0xFF, 0xFF, 0xFF, 0xFF, 0xFF, 0xFF, 0xFF, 0xFF, 0xFF, 0xFF, 0xFF, 0xFF,
    0xFF, 0xFF, 0xFF, 0xFF, 0xFF, 0xFF, 0xFF, 0xFF, 0xFF, 0xFF, 0xFF, 0xFF, 0xFF, 0xFF, 0xFF, 0xFF,
    0x7A, 0xCE, 0x0A, 0x32, 0x4B, 0x3A, 0x4B, 0x3A, 0x4B, 0x3A, 0x6C, 0x42, 0x4B, 0x3A, 0x00, 0x00,
    0x00, 0x00, 0x6B, 0x3A, 0x4B, 0x3A, 0x4B, 0x3A, 0x4B, 0x3A, 0x2B, 0x3A, 0x8C, 0x42, 0x7E, 0xEF,
    0xFF, 0xFF, 0xFF, 0xFF, 0xFF, 0xFF, 0xFF, 0xFF, 0xFF, 0xFF, 0xFF, 0xFF, 0xFF, 0xFF, 0xFF, 0xFF,
    0xFF, 0xFF, 0xFF, 0xFF, 0xFF, 0xFF, 0xFF, 0xFF, 0xFF, 0xFF, 0xFF, 0xFF, 0xFF, 0xFF, 0xFF, 0xFF,
    0xFF, 0xFF, 0xFF, 0xFF, 0xFF, 0xFF, 0xFF, 0xFF, 0xFF, 0xFF, 0xFF, 0xFF, 0xFF, 0xFF, 0xDF, 0xFF,
    0xFF, 0xFF, 0x8F, 0x63, 0x0A, 0x32, 0x4B, 0x3A, 0x4B, 0x3A, 0x6C, 0x3A, 0x2B, 0x3A, 0x00, 0x00,
    0x00, 0x00, 0x6B, 0x3A, 0x4B, 0x3A, 0x4B, 0x3A, 0x4B, 0x3A, 0x2A, 0x3A, 0xAC, 0x4A, 0xBE, 0xF7,
    0xFF, 0xFF, 0xFF, 0xFF, 0xFF, 0xFF, 0xFF, 0xFF, 0xFF, 0xFF, 0xFF, 0xFF, 0xFF, 0xFF, 0xFF, 0xFF,
    0xFF, 0xFF, 0xFF, 0xFF, 0xFF, 0xFF, 0x9E, 0xF7, 0x9E, 0xF7, 0xFF, 0xFF, 0xFF, 0xFF, 0xFF, 0xFF,
    0xFF, 0xFF, 0xFF, 0xFF, 0xFF, 0xFF, 0xFF, 0xFF, 0xFF, 0xFF, 0xFF, 0xFF, 0xFF, 0xFF, 0xFF, 0xFF,
    0xFF, 0xFF, 0xD0, 0x6B, 0xEA, 0x31, 0x4B, 0x3A, 0x2B, 0x3A, 0x6B, 0x3A, 0x2B, 0x3A, 0x00, 0x00,
    0x00, 0x00, 0x6B, 0x3A, 0x2B, 0x3A, 0x4B, 0x3A, 0x2B, 0x3A, 0x2A, 0x32, 0x8C, 0x42, 0x9E, 0xF7,
    0xFF, 0xFF, 0xFF, 0xFF, 0xFF, 0xFF, 0xFF, 0xFF, 0xFF, 0xFF, 0xFF, 0xFF, 0xFF, 0xFF, 0xFF, 0xFF,
    0xFF, 0xFF, 0xF8, 0xBD, 0x6F, 0x63, 0x2A, 0x3A, 0x2A, 0x3A, 0x6F, 0x63, 0xF8, 0xBD, 0xFF, 0xFF,
    0xFF, 0xFF, 0xFF, 0xFF, 0xFF, 0xFF, 0xFF, 0xFF, 0xFF, 0xFF, 0xFF, 0xFF, 0xFF, 0xFF, 0xFF, 0xFF,
    0xFF, 0xFF, 0xB0, 0x6B, 0xEA, 0x29, 0x4B, 0x3A, 0x2B, 0x3A, 0x4B, 0x3A, 0x2B, 0x3A, 0x00, 0x00,
    0x00, 0x00, 0x6B, 0x3A, 0x2B, 0x3A, 0x4B, 0x3A, 0x2B, 0x3A, 0x2A, 0x32, 0x8C, 0x42, 0x9E, 0xF7,
    0xFF, 0xFF, 0xFF, 0xFF, 0xFF, 0xFF, 0xFF, 0xFF, 0xFF, 0xFF, 0xFF, 0xFF, 0xFF, 0xFF, 0xFF, 0xFF,
    0xD4, 0x94, 0x47, 0x19, 0x47, 0x21, 0x88, 0x21, 0x68, 0x21, 0x47, 0x21, 0x47, 0x19, 0xD4, 0x94,
    0xFF, 0xFF, 0xFF, 0xFF, 0xFF, 0xFF, 0xFF, 0xFF, 0xFF, 0xFF, 0xFF, 0xFF, 0xFF, 0xFF, 0xFF, 0xFF,
    0xFF, 0xFF, 0xB0, 0x6B, 0xEA, 0x29, 0x4B, 0x3A, 0x2B, 0x3A, 0x4B, 0x3A, 0x2A, 0x3A, 0x00, 0x00,
    0x00, 0x00, 0xEB, 0x39, 0x2B, 0x3A, 0x2B, 0x3A, 0x2B, 0x3A, 0x0A, 0x32, 0x8C, 0x42, 0x9E, 0xF7,
    0xFF, 0xFF, 0xFF, 0xFF, 0xFF, 0xFF, 0xFF, 0xFF, 0xFF, 0xFF, 0xFF, 0xFF, 0xFF, 0xFF, 0x18, 0xBE,
    0x47, 0x19, 0xC9, 0x29, 0x88, 0x21, 0xC9, 0x29, 0xE9, 0x31, 0x67, 0x21, 0xA8, 0x29, 0x47, 0x19,
    0x18, 0xBE, 0xFF, 0xFF, 0xFF, 0xFF, 0xFF, 0xFF, 0xFF, 0xFF, 0xFF, 0xFF, 0xFF, 0xFF, 0xFF, 0xFF,
    0xFF, 0xFF, 0xB0, 0x6B, 0xE9, 0x29, 0x4B, 0x3A, 0x2A, 0x3A, 0x4B, 0x3A, 0x2A, 0x32, 0x00, 0x00,
    0x00, 0x00, 0xEB, 0x39, 0x2A, 0x3A, 0x2B, 0x3A, 0x2A, 0x3A, 0x0A, 0x32, 0x8C, 0x42, 0x9E, 0xF7,
    0xFF, 0xFF, 0xFF, 0xFF, 0xFF, 0xFF, 0xFF, 0xFF, 0xFF, 0xFF, 0xFF, 0xFF, 0xFF, 0xFF, 0x6F, 0x63,
    0x47, 0x21, 0x88, 0x21, 0xCD, 0x52, 0xFC, 0xDE, 0x5D, 0xEF, 0xF1, 0x7B, 0x67, 0x21, 0x67, 0x21,
    0x6F, 0x63, 0xFF, 0xFF, 0xFF, 0xFF, 0xFF, 0xFF, 0xFF, 0xFF, 0xFF, 0xFF, 0xFF, 0xFF, 0xFF, 0xFF,
    0xFF, 0xFF, 0xB0, 0x6B, 0xC9, 0x29, 0x2B, 0x3A, 0x2A, 0x32, 0x4B, 0x3A, 0x0A, 0x32, 0x00, 0x00,
    0x00, 0x00, 0xE9, 0x39, 0x2A, 0x3A, 0x2A, 0x3A, 0x2A, 0x3A, 0x0A, 0x32, 0x8C, 0x42, 0x9E, 0xF7,
    0xFF, 0xFF, 0xFF, 0xFF, 0xFF, 0xFF, 0xFF, 0xFF, 0xFF, 0xFF, 0xFF, 0xFF, 0x9E, 0xF7, 0x2A, 0x3A,
    0x88, 0x21, 0xC8, 0x29, 0x1C, 0xE7, 0xFF, 0xFF, 0xFF, 0xFF, 0xFF, 0xFF, 0xAC, 0x4A, 0x47, 0x21,
    0x2A, 0x3A, 0x9E, 0xF7, 0xFF, 0xFF, 0xFF, 0xFF, 0xFF, 0xFF, 0xFF, 0xFF, 0xFF, 0xFF, 0xFF, 0xFF,
    0xFF, 0xFF, 0xB0, 0x6B, 0xC9, 0x29, 0x2B, 0x3A, 0x0A, 0x32, 0x2B, 0x3A, 0x0A, 0x32, 0x00, 0x00,
    0x00, 0x00, 0xE9, 0x39, 0x0A, 0x32, 0x2A, 0x3A, 0x2A, 0x3A, 0x0A, 0x32, 0x6C, 0x42, 0x9E, 0xF7,
    0xFF, 0xFF, 0xFF, 0xFF, 0xFF, 0xFF, 0xFF, 0xFF, 0xFF, 0xFF, 0xFF, 0xFF, 0x9E, 0xF7, 0x2A, 0x3A,
    0x68, 0x21, 0xE9, 0x31, 0x9E, 0xF7, 0xFF, 0xFF, 0xDF, 0xFF, 0xFF, 0xFF, 0x2E, 0x5B, 0x47, 0x19,
    0x2A, 0x3A, 0x9E, 0xF7, 0xFF, 0xFF, 0xFF, 0xFF, 0xFF, 0xFF, 0xFF, 0xFF, 0xFF, 0xFF, 0xFF, 0xFF,
    0xFF, 0xFF, 0x90, 0x6B, 0xC9, 0x29, 0x2A, 0x3A, 0x0A, 0x32, 0x2B, 0x3A, 0x0A, 0x32, 0x00, 0x00,
    0x00, 0x00, 0xE9, 0x29, 0x0A, 0x32, 0x2A, 0x32, 0x2A, 0x32, 0x0A, 0x32, 0x6B, 0x42, 0x9E, 0xF7,
    0xFF, 0xFF, 0xFF, 0xFF, 0xFF, 0xFF, 0xFF, 0xFF, 0xFF, 0xFF, 0xFF, 0xFF, 0xFF, 0xFF, 0x6F, 0x63,
    0x67, 0x21, 0x67, 0x21, 0xF1, 0x7B, 0xDF, 0xFF, 0xFF, 0xFF, 0x56, 0xA5, 0x88, 0x29, 0x47, 0x21,
    0x6F, 0x63, 0xFF, 0xFF, 0xFF, 0xFF, 0xFF, 0xFF, 0xFF, 0xFF, 0xFF, 0xFF, 0xFF, 0xFF, 0xFF, 0xFF,
    0xFF, 0xFF, 0x90, 0x6B, 0xC9, 0x29, 0x2A, 0x3A, 0x0A, 0x32, 0x2B, 0x3A, 0x0A, 0x32, 0x00, 0x00,
    0x00, 0x00, 0xE9, 0x29, 0x0A, 0x32, 0x0A, 0x32, 0x0A, 0x32, 0xEA, 0x31, 0x6B, 0x42, 0x9E, 0xF7,
    0xFF, 0xFF, 0xFF, 0xFF, 0xFF, 0xFF, 0xFF, 0xFF, 0xFF, 0xFF, 0xFF, 0xFF, 0xFF, 0xFF, 0x18, 0xBE,
    0x47, 0x19, 0xA8, 0x29, 0x67, 0x21, 0xAC, 0x4A, 0x0D, 0x5B, 0x88, 0x21, 0xA8, 0x29, 0x47, 0x19,
    0x18, 0xBE, 0xFF, 0xFF, 0xFF, 0xFF, 0xFF, 0xFF, 0xFF, 0xFF, 0xFF, 0xFF, 0xFF, 0xFF, 0xFF, 0xFF,
    0xFF, 0xFF, 0x8F, 0x6B, 0xC9, 0x29, 0x2A, 0x3A, 0x0A, 0x32, 0x2A, 0x3A, 0x0A, 0x32, 0x00, 0x00,
    0x00, 0x00, 0xE9, 0x29, 0x0A, 0x32, 0x0A, 0x32, 0x0A, 0x32, 0xEA, 0x31, 0x6B, 0x42, 0x9E, 0xF7,
    0xFF, 0xFF, 0xFF, 0xFF, 0xFF, 0xFF, 0xFF, 0xFF, 0xFF, 0xFF, 0xFF, 0xFF, 0xFF, 0xFF, 0xFF, 0xFF,
    0xD4, 0x94, 0x47, 0x19, 0x47, 0x21, 0x47, 0x21, 0x47, 0x19, 0x47, 0x21, 0x47, 0x19, 0xD4, 0x94,
    0xFF, 0xFF, 0xFF, 0xFF, 0xFF, 0xFF, 0xFF, 0xFF, 0xFF, 0xFF, 0xFF, 0xFF, 0xFF, 0xFF, 0xFF, 0xFF,
    0xFF, 0xFF, 0x8F, 0x6B, 0xA9, 0x29, 0x0A, 0x32, 0x0A, 0x32, 0x2A, 0x3A, 0xEA, 0x31, 0x00, 0x00,
    0x00, 0x00, 0xE9, 0x29, 0xEA, 0x31, 0x0A, 0x32, 0x0A, 0x32, 0xE9, 0x31, 0x6B, 0x42, 0x9E, 0xF7,
    0xFF, 0xFF, 0xFF, 0xFF, 0xFF, 0xFF, 0xFF, 0xFF, 0xFF, 0xFF, 0xFF, 0xFF, 0xFF, 0xFF, 0xFF, 0xFF,
    0xFF, 0xFF, 0xF8, 0xBD, 0x6F, 0x63, 0x2A, 0x3A, 0x2A, 0x3A, 0x6F, 0x63, 0xF8, 0xBD, 0xFF, 0xFF,
    0xFF, 0xFF, 0xFF, 0xFF, 0xFF, 0xFF, 0xFF, 0xFF, 0xFF, 0xFF, 0xFF, 0xFF, 0xFF, 0xFF, 0xFF, 0xFF,
    0xFF, 0xFF, 0x8F, 0x6B, 0xA9, 0x29, 0x0A, 0x32, 0xEA, 0x31, 0x0A, 0x32, 0xEA, 0x31, 0x00, 0x00,
    0x00, 0x00, 0xE9, 0x29, 0xEA, 0x31, 0x0A, 0x32, 0x0A, 0x32, 0xE9, 0x31, 0x6B, 0x42, 0x9E, 0xF7,
    0xFF, 0xFF, 0xFF, 0xFF, 0xFF, 0xFF, 0xFF, 0xFF, 0xFF, 0xFF, 0xFF, 0xFF, 0xFF, 0xFF, 0xFF, 0xFF,
    0xFF, 0xFF, 0xFF, 0xFF, 0xFF, 0xFF, 0x9E, 0xF7, 0x9E, 0xF7, 0xFF, 0xFF, 0xFF, 0xFF, 0xFF, 0xFF,
    0xFF, 0xFF, 0xFF, 0xFF, 0xFF, 0xFF, 0xFF, 0xFF, 0xFF, 0xFF, 0xFF, 0xFF, 0xFF, 0xFF, 0xFF, 0xFF,
    0xFF, 0xFF, 0x8F, 0x6B, 0xA9, 0x29, 0x0A, 0x32, 0xEA, 0x31, 0x0A, 0x32, 0xE9, 0x31, 0x00, 0x00,
    0x00, 0x00, 0xE9, 0x29, 0xEA, 0x31, 0x0A, 0x32, 0xEA, 0x31, 0xE9, 0x31, 0x4B, 0x3A, 0xBE, 0xF7,
    0xFF, 0xFF, 0xFF, 0xFF, 0xFF, 0xFF, 0xFF, 0xFF, 0xFF, 0xFF, 0xFF, 0xFF, 0xFF, 0xFF, 0xFF, 0xFF,
    0xFF, 0xFF, 0xFF, 0xFF, 0xFF, 0xFF, 0xFF, 0xFF, 0xFF, 0xFF, 0xFF, 0xFF, 0xFF, 0xFF, 0xFF, 0xFF,
    0xFF, 0xFF, 0xFF, 0xFF, 0xFF, 0xFF, 0xFF, 0xFF, 0xFF, 0xFF, 0xFF, 0xFF, 0xFF, 0xFF, 0xFF, 0xFF,
    0xFF, 0xFF, 0x6F, 0x63, 0xA8, 0x29, 0x0A, 0x32, 0xE9, 0x31, 0x0A, 0x32, 0x0A, 0x32, 0x00, 0x00,
    0x00, 0x00, 0xE9, 0x29, 0xE9, 0x31, 0xEA, 0x31, 0xE9, 0x31, 0x0A, 0x32, 0x88, 0x21, 0xD7, 0xB5,
    0xFF, 0xFF, 0xFF, 0xFF, 0xFF, 0xFF, 0xFF, 0xFF, 0xFF, 0xFF, 0xFF, 0xFF, 0xFF, 0xFF, 0xFF, 0xFF,
    0xFF, 0xFF, 0xFF, 0xFF, 0xFF, 0xFF, 0xFF, 0xFF, 0xFF, 0xFF, 0xFF, 0xFF, 0xFF, 0xFF, 0xFF, 0xFF,
    0xFF, 0xFF, 0xFF, 0xFF, 0xFF, 0xFF, 0xFF, 0xFF, 0xFF, 0xFF, 0xFF, 0xFF, 0xFF, 0xFF, 0xFF, 0xFF,
    0x3C, 0xE7, 0x0A, 0x32, 0xE9, 0x31, 0xE9, 0x31, 0xE9, 0x31, 0x0A, 0x32, 0xEA, 0x31, 0x00, 0x00,
    0x00, 0x00, 0xEA, 0x29, 0xE9, 0x31, 0xEA, 0x31, 0xE9, 0x31, 0xE9, 0x31, 0xC9, 0x29, 0x4B, 0x3A,
    0x39, 0xC6, 0xFF, 0xFF, 0xFF, 0xFF, 0xFF, 0xFF, 0xFF, 0xFF, 0xFF, 0xFF, 0xFF, 0xFF, 0xFF, 0xFF,
    0xFF, 0xFF, 0xFF, 0xFF, 0xFF, 0xFF, 0xFF, 0xFF, 0xFF, 0xFF, 0xFF, 0xFF, 0xFF, 0xFF, 0xFF, 0xFF,
    0xFF, 0xFF, 0xFF, 0xFF, 0xFF, 0xFF, 0xFF, 0xFF, 0xFF, 0xFF, 0xFF, 0xFF, 0xFF, 0xFF, 0xFC, 0xDE,
    0x0E, 0x5B, 0xA8, 0x29, 0xEA, 0x31, 0xE9, 0x31, 0xE9, 0x31, 0xEA, 0x31, 0xC9, 0x31, 0x00, 0x00,
    0xE7, 0x01, 0x00, 0x00, 0xE9, 0x31, 0x0A, 0x32, 0xC9, 0x31, 0xE9, 0x31, 0xE9, 0x31, 0xC9, 0x29,
    0xA8, 0x29, 0x2E, 0x5B, 0x6F, 0x63, 0x6F, 0x63, 0x6F, 0x63, 0x6F, 0x63, 0x6F, 0x63, 0x6F, 0x63,
    0x6F, 0x63, 0x6F, 0x63, 0x6F, 0x63, 0x6F, 0x63, 0x6F, 0x63, 0x6F, 0x63, 0x6F, 0x63, 0x6F, 0x63,
    0x6F, 0x63, 0x6F, 0x63, 0x6F, 0x63, 0x6F, 0x63, 0x6F, 0x63, 0x6F, 0x63, 0x6F, 0x63, 0x0A, 0x32,
    0xA8, 0x29, 0xE9, 0x31, 0xE9, 0x31, 0xE9, 0x31, 0xE9, 0x31, 0xC9, 0x31, 0x89, 0x31, 0x00, 0x00,
    0xE7, 0x39, 0x00, 0x00, 0xC9, 0x29, 0x0A, 0x32, 0xC9, 0x29, 0xC9, 0x31, 0xC9, 0x31, 0xE9, 0x31,
    0xE9, 0x31, 0x88, 0x21, 0x88, 0x21, 0x88, 0x21, 0x88, 0x21, 0x88, 0x21, 0x88, 0x21, 0x88, 0x21,
    0x88, 0x21, 0x88, 0x21, 0x88, 0x21, 0x88, 0x21, 0x88, 0x21, 0x88, 0x21, 0x88, 0x21, 0x88, 0x21,
    0x88, 0x21, 0x88, 0x21, 0x88, 0x21, 0x88, 0x21, 0x88, 0x21, 0x88, 0x21, 0x88, 0x21, 0xC9, 0x29,
    0xE9, 0x31, 0xC9, 0x31, 0xC9, 0x31, 0xC9, 0x29, 0xEA, 0x31, 0xC9, 0x31, 0x00, 0x00, 0xE7, 0x39,
    0x00, 0x00, 0x00, 0x00, 0xE9, 0x31, 0xC9, 0x31, 0xC9, 0x31, 0xC9, 0x29, 0xC9, 0x31, 0xC9, 0x29,
    0xC9, 0x31, 0xE9, 0x31, 0xE9, 0x31, 0xE9, 0x31, 0xE9, 0x31, 0xE9, 0x31, 0xE9, 0x31, 0xE9, 0x31,
    0xE9, 0x31, 0xE9, 0x31, 0xE9, 0x31, 0xE9, 0x31, 0xE9, 0x31, 0xE9, 0x31, 0xE9, 0x31, 0xE9, 0x31,
    0xE9, 0x31, 0xE9, 0x31, 0xE9, 0x31, 0xE9, 0x31, 0xE9, 0x31, 0xE9, 0x31, 0xE9, 0x31, 0xC9, 0x31,
    0xC9, 0x29, 0xC9, 0x31, 0xC9, 0x31, 0xC9, 0x29, 0xE9, 0x31, 0xC9, 0x29, 0x00, 0x00, 0xAA, 0x52,
    0x00, 0x00, 0xAA, 0x52, 0x00, 0x00, 0xC9, 0x29, 0xEA, 0x31, 0xC9, 0x29, 0xC9, 0x29, 0xC9, 0x29,
    0xC9, 0x29, 0xC9, 0x29, 0xC9, 0x29, 0xC9, 0x29, 0xC9, 0x29, 0xC9, 0x29, 0xC9, 0x29, 0xC9, 0x29,
    0xC9, 0x29, 0xC9, 0x29, 0xC9, 0x29, 0xC9, 0x29, 0xC9, 0x29, 0xC9, 0x29, 0xC9, 0x29, 0xC9, 0x29,
    0xC9, 0x29, 0xC9, 0x29, 0xC9, 0x29, 0xC9, 0x29, 0xC9, 0x29, 0xC9, 0x29, 0xC9, 0x29, 0xC9, 0x29,
    0xC9, 0x29, 0xC9, 0x29, 0xC9, 0x29, 0xEA, 0x31, 0xC9, 0x29, 0x00, 0x00, 0xAA, 0x52, 0x00, 0x00,
    0x00, 0x00, 0x00, 0x00, 0xAA, 0x52, 0x00, 0x00, 0xC9, 0x29, 0xEA, 0x31, 0xC9, 0x29, 0xC9, 0x29,
    0xC9, 0x29, 0xC9, 0x29, 0xC9, 0x29, 0xC9, 0x29, 0xC9, 0x29, 0xC9, 0x29, 0xC9, 0x29, 0xC9, 0x29,
    0xC9, 0x29, 0xC9, 0x29, 0xC9, 0x29, 0xC9, 0x29, 0xC9, 0x29, 0xC9, 0x29, 0xC9, 0x29, 0xC9, 0x29,
    0xC9, 0x29, 0xC9, 0x29, 0xC9, 0x29, 0xC9, 0x29, 0xC9, 0x29, 0xC9, 0x29, 0xC9, 0x29, 0xC9, 0x29,
    0xC9, 0x29, 0xC9, 0x29, 0xE9, 0x31, 0xC9, 0x29, 0xC8, 0x29, 0xEF, 0x03, 0x00, 0x00, 0x00, 0x00,
    0x00, 0x00, 0x00, 0x00, 0x00, 0x00, 0x00, 0x00, 0xE9, 0x29, 0xC9, 0x29, 0xE9, 0x31, 0xC9, 0x29,
    0xA9, 0x29, 0xC9, 0x29, 0xC9, 0x29, 0xC9, 0x29, 0xC9, 0x29, 0xC9, 0x29, 0xC9, 0x29, 0xC9, 0x29,
    0xC9, 0x29, 0xC9, 0x29, 0xC9, 0x29, 0xC9, 0x29, 0xC9, 0x29, 0xC9, 0x29, 0xC9, 0x29, 0xC9, 0x29,
    0xC9, 0x29, 0xC9, 0x29, 0xC9, 0x29, 0xC9, 0x29, 0xC9, 0x29, 0xC9, 0x29, 0xC9, 0x29, 0xA9, 0x29,
    0xA9, 0x29, 0xE9, 0x31, 0xC9, 0x29, 0xA9, 0x29, 0x00, 0x00, 0xEF, 0x03, 0x00, 0x00, 0x00, 0x00,
    0x00, 0x00, 0x00, 0x00, 0x00, 0x00, 0x00, 0x00, 0x00, 0x00, 0x00, 0x00, 0xA8, 0x29, 0xC9, 0x29,
    0xC9, 0x31, 0xC9, 0x29, 0xA9, 0x29, 0xA8, 0x29, 0xA8, 0x29, 0xA8, 0x29, 0xA8, 0x29, 0xA8, 0x29,
    0xA8, 0x29, 0xA8, 0x29, 0xA8, 0x29, 0xA8, 0x29, 0xA8, 0x29, 0xA8, 0x29, 0xA8, 0x29, 0xA8, 0x29,
    0xA8, 0x29, 0xA8, 0x29, 0xA8, 0x29, 0xA8, 0x29, 0xA8, 0x29, 0xA8, 0x29, 0xC9, 0x29, 0xC9, 0x31,
    0xC9, 0x29, 0xC9, 0x29, 0xA8, 0x29, 0x00, 0x00, 0xEF, 0x7B, 0x00, 0x00, 0x00, 0x00, 0x00, 0x00,
    0x00, 0x00, 0x00, 0x00, 0x00, 0x00, 0x00, 0x00, 0x00, 0x00, 0x00, 0x00, 0x00, 0x00, 0xC8, 0x29,
    0xC9, 0x29, 0xC8, 0x29, 0xA8, 0x29, 0xC9, 0x29, 0xC9, 0x29, 0xC9, 0x29, 0xC9, 0x29, 0xC9, 0x29,
    0xC9, 0x29, 0xC9, 0x29, 0xC9, 0x29, 0xC9, 0x29, 0xC9, 0x29, 0xC9, 0x29, 0xC9, 0x29, 0xC9, 0x29,
    0xC9, 0x29, 0xC9, 0x29, 0xC9, 0x29, 0xC9, 0x29, 0xC9, 0x29, 0xC9, 0x29, 0xA9, 0x29, 0xC9, 0x29,
    0xA9, 0x29, 0x00, 0x00, 0x00, 0x00, 0xEF, 0x7B, 0x00, 0x00, 0x00, 0x00, 0x00, 0x00, 0x00, 0x00,
    0x00, 0x00, 0x00, 0x00, 0x00, 0x00, 0x00, 0x00, 0x00, 0x00, 0x00, 0x00, 0xAA, 0x52, 0x00, 0x00,
    0x00, 0x00, 0xAA, 0x02, 0xC9, 0x29, 0xA8, 0x29, 0x88, 0x29, 0xA8, 0x29, 0xA8, 0x29, 0xA8, 0x29,
    0xA8, 0x29, 0xA8, 0x29, 0xA8, 0x29, 0xA8, 0x29, 0xA8, 0x29, 0xA8, 0x29, 0xA8, 0x29, 0xA8, 0x29,
    0xA8, 0x29, 0xA8, 0x29, 0xA8, 0x29, 0x88, 0x29, 0xA8, 0x29, 0xA9, 0x29, 0xCA, 0x39, 0x00, 0x00,
    0x00, 0x00, 0x0F, 0x00, 0x00, 0x00, 0x00, 0x00, 0x00, 0x00, 0x00, 0x00, 0x00, 0x00, 0x00, 0x00,
    0x00, 0x00, 0x00, 0x00, 0x00, 0x00, 0x00, 0x00, 0x00, 0x00, 0x00, 0x00, 0x00, 0x00, 0x0F, 0x00,
    0xE7, 0x39, 0x00, 0x00, 0x00, 0x00, 0x00, 0x00, 0x00, 0x00, 0x00, 0x00, 0x00, 0x00, 0x00, 0x00,
    0x00, 0x00, 0x00, 0x00, 0x00, 0x00, 0x00, 0x00, 0x00, 0x00, 0x00, 0x00, 0x00, 0x00, 0x00, 0x00,
    0x00, 0x00, 0x00, 0x00, 0x00, 0x00, 0x00, 0x00, 0x00, 0x00, 0x00, 0x00, 0x00, 0x00, 0xE7, 0x39,
    0xAA, 0x52, 0x00, 0x00, 0x00, 0x00, 0x00, 0x00, 0x00, 0x00, 0x00, 0x00, 0x00, 0x00, 0x00, 0x00,
    0x00, 0x00, 0x00, 0x00, 0x00, 0x00, 0x00, 0x01, 0x03, 0x04, 0x00, 0x00, 0x00, 0x00, 0x00, 0x00,
    0x00, 0x00, 0x00, 0x00, 0x00, 0x00, 0x00, 0x00, 0x00, 0x00, 0x00, 0x00, 0x00, 0x00, 0x03, 0x04,
    0x01, 0x00, 0x00, 0x00, 0x00, 0x00, 0x00, 0x00, 0x00, 0x00, 0x00, 0x00, 0x00, 0x00, 0x03, 0x00,
    0x00, 0x00, 0x03, 0x10, 0x10, 0x10, 0x10, 0x10, 0x10, 0x10, 0x10, 0x10, 0x10, 0x10, 0x10, 0x10,
    0x10, 0x10, 0x10, 0x10, 0x10, 0x09, 0x00, 0x00, 0x00, 0x03, 0x00, 0x00, 0x00, 0x00, 0x00, 0x00,
    0x00, 0x00, 0x00, 0x00, 0x00, 0x04, 0x00, 0x06, 0x4F, 0x9F, 0xD6, 0xEF, 0xEF, 0xF0, 0xF0, 0xF0,
    0xF0, 0xF0, 0xF0, 0xF0, 0xF0, 0xF0, 0xF0, 0xF0, 0xF0, 0xF0, 0xF0, 0xEF, 0xEF, 0xE2, 0xAE, 0x61,
    0x16, 0x00, 0x02, 0x01, 0x00, 0x00, 0x00, 0x00, 0x00, 0x00, 0x00, 0x00, 0x01, 0x00, 0x47, 0xD4,
    0xFF, 0xFF, 0xFF, 0xFF, 0xFF, 0xFF, 0xFF, 0xFF, 0xFF, 0xFF, 0xFF, 0xFF, 0xFF, 0xFF, 0xFF, 0xFF,
    0xFF, 0xFF, 0xFF, 0xFF, 0xFF, 0xFF, 0xFF, 0xFF, 0xE9, 0x6D, 0x00, 0x00, 0x01, 0x00, 0x00, 0x00,
    0x00, 0x00, 0x00, 0x03, 0x01, 0x7F, 0xFF, 0xFF, 0xFC, 0xFB, 0xFD, 0xFE, 0xFE, 0xFE, 0xFE, 0xFE,
    0xFE, 0xFE, 0xFE, 0xFE, 0xFE, 0xFE, 0xFE, 0xFE, 0xFE, 0xFE, 0xFE, 0xFE, 0xFE, 0xFD, 0xFC, 0xFB,
    0xFF, 0xFF, 0xA9, 0x13, 0x01, 0x01, 0x00, 0x00, 0x00, 0x00, 0x04, 0x00, 0x80, 0xFF, 0xFC, 0xFD,
    0xFF, 0xFF, 0xFF, 0xFF, 0xFF, 0xFF, 0xFF, 0xFF, 0xFF, 0xFF, 0xFF, 0xFF, 0xFF, 0xFF, 0xFF, 0xFF,
    0xFF, 0xFF, 0xFF, 0xFF, 0xFF, 0xFF, 0xFF, 0xFF, 0xFE, 0xFA, 0xFF, 0xBB, 0x01, 0x03, 0x00, 0x00,
    0x00, 0x03, 0x00, 0x44, 0xFE, 0xFA, 0xFE, 0xFF, 0xFF, 0xFF, 0xFF, 0xFF, 0xFF, 0xFF, 0xFF, 0xFF,
    0xFF, 0xFF, 0xFF, 0xFF, 0xFF, 0xFF, 0xFF, 0xFF, 0xFF, 0xFF, 0xFF, 0xFF, 0xFF, 0xFF, 0xFF, 0xFF,
    0xFF, 0xFF, 0xF9, 0xFF, 0x7F, 0x00, 0x03, 0x00, 0x00, 0x01, 0x09, 0xD9, 0xFF, 0xFD, 0xFF, 0xFF,
    0xFF, 0xFF, 0xFF, 0xFF, 0xFF, 0xFF, 0xFF, 0xFF, 0xFF, 0xFF, 0xFF, 0xFF, 0xFF, 0xFF, 0xFF, 0xFF,
    0xFF, 0xFF, 0xFF, 0xFF, 0xFF, 0xFF, 0xFF, 0xFF, 0xFF, 0xFF, 0xFE, 0xFD, 0xFA, 0x2A, 0x00, 0x02,
    0x04, 0x00, 0x4C, 0xFF, 0xFC, 0xFF, 0xFF, 0xFF, 0xFF, 0xFF, 0xFF, 0xFF, 0xFF, 0xFF, 0xFF, 0xFF,
    0xFF, 0xFF, 0xFF, 0xFF, 0xFF, 0xFF, 0xFF, 0xFF, 0xFF, 0xFF, 0xFF, 0xFF, 0xFF, 0xFF, 0xFF, 0xFF,
    0xFF, 0xFF, 0xFF, 0xFB, 0xFF, 0x8C, 0x00, 0x05, 0x04, 0x00, 0x9F, 0xFE, 0xFB, 0xFF, 0xFF, 0xFF,
    0xFF, 0xFF, 0xFF, 0xFF, 0xFF, 0xFF, 0xFF, 0xFF, 0xFF, 0xFF, 0xFF, 0xFF, 0xFF, 0xFF, 0xFF, 0xFF,
    0xFF, 0xFF, 0xFF, 0xFF, 0xFF, 0xFF, 0xFF, 0xFF, 0xFF, 0xFF, 0xFF, 0xFD, 0xFF, 0xD9, 0x04, 0x01,
    0x01, 0x08, 0xDB, 0xFF, 0xFD, 0xFF, 0xFF, 0xFF, 0xFF, 0xFF, 0xFF, 0xFF, 0xFF, 0xFF, 0xFF, 0xFF,
    0xFF, 0xFF, 0xFF, 0xFF, 0xFF, 0xFF, 0xFF, 0xFF, 0xFF, 0xFF, 0xFF, 0xFF, 0xFF, 0xFF, 0xFF, 0xFF,
    0xFF, 0xFF, 0xFF, 0xFF, 0xFE, 0xFA, 0x29, 0x00, 0x00, 0x11, 0xF3, 0xFF, 0xFE, 0xFF, 0xFF, 0xFF,
    0xFF, 0xFF, 0xFF, 0xFF, 0xFF, 0xFF, 0xFF, 0xFF, 0xFF, 0xFF, 0xFF, 0xFF, 0xFF, 0xFF, 0xFF, 0xFF,
    0xFF, 0xFF, 0xFF, 0xFF, 0xFF, 0xFF, 0xFF, 0xFF, 0xFF, 0xFF, 0xFF, 0xFF, 0xFD, 0xFF, 0x43, 0x00,
    0x00, 0x10, 0xEF, 0xFF, 0xFE, 0xFF, 0xFF, 0xFF, 0xFF, 0xFF, 0xFF, 0xFF, 0xFF, 0xFF, 0xFF, 0xFF,
    0xFF, 0xFF, 0xFF, 0xFF, 0xFF, 0xFF, 0xFF, 0xFF, 0xFF, 0xFF, 0xFF, 0xFF, 0xFF, 0xFF, 0xFF, 0xFF,
    0xFF, 0xFF, 0xFF, 0xFF, 0xFD, 0xFF, 0x3F, 0x00, 0x00, 0x10, 0xF0, 0xFF, 0xFE, 0xFF, 0xFF, 0xFF,
    0xFF, 0xFF, 0xFF, 0xFF, 0xFF, 0xFF, 0xFF, 0xFF, 0xFF, 0xFF, 0xFF, 0xFF, 0xFF, 0xFF, 0xFF, 0xFF,
    0xFF, 0xFF, 0xFF, 0xFF, 0xFF, 0xFF, 0xFF, 0xFF, 0xFF, 0xFF, 0xFF, 0xFF, 0xFD, 0xFF, 0x40, 0x00,
    0x00, 0x10, 0xF0, 0xFF, 0xFE, 0xFF, 0xFF, 0xFF, 0xFF, 0xFF, 0xFF, 0xFF, 0xFF, 0xFF, 0xFF, 0xFF,
    0xFF, 0xFF, 0xFF, 0xFF, 0xFF, 0xFF, 0xFF, 0xFF, 0xFF, 0xFF, 0xFF, 0xFF, 0xFF, 0xFF, 0xFF, 0xFF,
    0xFF, 0xFF, 0xFF, 0xFF, 0xFD, 0xFF, 0x40, 0x00, 0x00, 0x10, 0xF0, 0xFF, 0xFE, 0xFF, 0xFF, 0xFF,
    0xFF, 0xFF, 0xFF, 0xFF, 0xFF, 0xFF, 0xFF, 0xFF, 0xFF, 0xFF, 0xFF, 0xFF, 0xFF, 0xFF, 0xFF, 0xFF,
    0xFF, 0xFF, 0xFF, 0xFF, 0xFF, 0xFF, 0xFF, 0xFF, 0xFF, 0xFF, 0xFF, 0xFF, 0xFD, 0xFF, 0x40, 0x00,
    0x00, 0x10, 0xF0, 0xFF, 0xFE, 0xFF, 0xFF, 0xFF, 0xFF, 0xFF, 0xFF, 0xFF, 0xFF, 0xFF, 0xFF, 0xFF,
    0xFF, 0xFF, 0xFF, 0xFF, 0xFF, 0xFF, 0xFF, 0xFF, 0xFF, 0xFF, 0xFF, 0xFF, 0xFF, 0xFF, 0xFF, 0xFF,
    0xFF, 0xFF, 0xFF, 0xFF, 0xFD, 0xFF, 0x40, 0x00, 0x00, 0x10, 0xF0, 0xFF, 0xFE, 0xFF, 0xFF, 0xFF,
    0xFF, 0xFF, 0xFF, 0xFF, 0xFF, 0xFF, 0xFF, 0xFF, 0xFF, 0xFF, 0xFF, 0xFF, 0xFF, 0xFF, 0xFF, 0xFF,
    0xFF, 0xFF, 0xFF, 0xFF, 0xFF, 0xFF, 0xFF, 0xFF, 0xFF, 0xFF, 0xFF, 0xFF, 0xFD, 0xFF, 0x40, 0x00,
    0x00, 0x10, 0xF0, 0xFF, 0xFE, 0xFF, 0xFF, 0xFF, 0xFF, 0xFF, 0xFF, 0xFF, 0xFF, 0xFF, 0xFF, 0xFF,
    0xFF, 0xFF, 0xFF, 0xFF, 0xFF, 0xFF, 0xFF, 0xFF, 0xFF, 0xFF, 0xFF, 0xFF, 0xFF, 0xFF, 0xFF, 0xFF,
    0xFF, 0xFF, 0xFF, 0xFF, 0xFD, 0xFF, 0x40, 0x00, 0x00, 0x10, 0xF0, 0xFF, 0xFE, 0xFF, 0xFF, 0xFF,
    0xFF, 0xFF, 0xFF, 0xFF, 0xFF, 0xFF, 0xFF, 0xFF, 0xFF, 0xFF, 0xFF, 0xFF, 0xFF, 0xFF, 0xFF, 0xFF,
    0xFF, 0xFF, 0xFF, 0xFF, 0xFF, 0xFF, 0xFF, 0xFF, 0xFF, 0xFF, 0xFF, 0xFF, 0xFD, 0xFF, 0x40, 0x00,
    0x00, 0x10, 0xF0, 0xFF, 0xFE, 0xFF, 0xFF, 0xFF, 0xFF, 0xFF, 0xFF, 0xFF, 0xFF, 0xFF, 0xFF, 0xFF,
    0xFF, 0xFF, 0xFF, 0xFF, 0xFF, 0xFF, 0xFF, 0xFF, 0xFF, 0xFF, 0xFF, 0xFF, 0xFF, 0xFF, 0xFF, 0xFF,
    0xFF, 0xFF, 0xFF, 0xFF, 0xFD, 0xFF, 0x40, 0x00, 0x00, 0x10, 0xF0, 0xFF, 0xFE, 0xFF, 0xFF, 0xFF,
    0xFF, 0xFF, 0xFF, 0xFF, 0xFF, 0xFF, 0xFF, 0xFF, 0xFF, 0xFF, 0xFF, 0xFF, 0xFF, 0xFF, 0xFF, 0xFF,
    0xFF, 0xFF, 0xFF, 0xFF, 0xFF, 0xFF, 0xFF, 0xFF, 0xFF, 0xFF, 0xFF, 0xFF, 0xFD, 0xFF, 0x40, 0x00,
    0x00, 0x10, 0xF0, 0xFF, 0xFE, 0xFF, 0xFF, 0xFF, 0xFF, 0xFF, 0xFF, 0xFF, 0xFF, 0xFF, 0xFF, 0xFF,
    0xFF, 0xFF, 0xFF, 0xFF, 0xFF, 0xFF, 0xFF, 0xFF, 0xFF, 0xFF, 0xFF, 0xFF, 0xFF, 0xFF, 0xFF, 0xFF,
    0xFF, 0xFF, 0xFF, 0xFF, 0xFD, 0xFF, 0x40, 0x00, 0x00, 0x10, 0xF0, 0xFF, 0xFE, 0xFF, 0xFF, 0xFF,
    0xFF, 0xFF, 0xFF, 0xFF, 0xFF, 0xFF, 0xFF, 0xFF, 0xFF, 0xFF, 0xFF, 0xFF, 0xFF, 0xFF, 0xFF, 0xFF,
    0xFF, 0xFF, 0xFF, 0xFF, 0xFF, 0xFF, 0xFF, 0xFF, 0xFF, 0xFF, 0xFF, 0xFF, 0xFD, 0xFF, 0x40, 0x00,
    0x00, 0x10, 0xF0, 0xFF, 0xFE, 0xFF, 0xFF, 0xFF, 0xFF, 0xFF, 0xFF, 0xFF, 0xFF, 0xFF, 0xFF, 0xFF,
    0xFF, 0xFF, 0xFF, 0xFF, 0xFF, 0xFF, 0xFF, 0xFF, 0xFF, 0xFF, 0xFF, 0xFF, 0xFF, 0xFF, 0xFF, 0xFF,
    0xFF, 0xFF, 0xFF, 0xFF, 0xFD, 0xFF, 0x40, 0x00, 0x00, 0x10, 0xF0, 0xFF, 0xFE, 0xFF, 0xFF, 0xFF,
    0xFF, 0xFF, 0xFF, 0xFF, 0xFF, 0xFF, 0xFF, 0xFF, 0xFF, 0xFF, 0xFF, 0xFF, 0xFF, 0xFF, 0xFF, 0xFF,
    0xFF, 0xFF, 0xFF, 0xFF, 0xFF, 0xFF, 0xFF, 0xFF, 0xFF, 0xFF, 0xFF, 0xFF, 0xFD, 0xFF, 0x40, 0x00,
    0x00, 0x10, 0xF0, 0xFF, 0xFE, 0xFF, 0xFF, 0xFF, 0xFF, 0xFF, 0xFF, 0xFF, 0xFF, 0xFF, 0xFF, 0xFF,
    0xFF, 0xFF, 0xFF, 0xFF, 0xFF, 0xFF, 0xFF, 0xFF, 0xFF, 0xFF, 0xFF, 0xFF, 0xFF, 0xFF, 0xFF, 0xFF,
    0xFF, 0xFF, 0xFF, 0xFF, 0xFD, 0xFF, 0x40, 0x00, 0x00, 0x10, 0xEF, 0xFF, 0xFE, 0xFF, 0xFF, 0xFF,
    0xFF, 0xFF, 0xFF, 0xFF, 0xFF, 0xFF, 0xFF, 0xFF, 0xFF, 0xFF, 0xFF, 0xFF, 0xFF, 0xFF, 0xFF, 0xFF,
    0xFF, 0xFF, 0xFF, 0xFF, 0xFF, 0xFF, 0xFF, 0xFF, 0xFF, 0xFF, 0xFF, 0xFF, 0xFD, 0xFF, 0x3F, 0x00,
    0x00, 0x11, 0xF2, 0xFF, 0xFE, 0xFF, 0xFF, 0xFF, 0xFF, 0xFF, 0xFF, 0xFF, 0xFF, 0xFF, 0xFF, 0xFF,
    0xFF, 0xFF, 0xFF, 0xFF, 0xFF, 0xFF, 0xFF, 0xFF, 0xFF, 0xFF, 0xFF, 0xFF, 0xFF, 0xFF, 0xFF, 0xFF,
    0xFF, 0xFF, 0xFF, 0xFF, 0xFD, 0xFF, 0x42, 0x00, 0x01, 0x0C, 0xE5, 0xFF, 0xFE, 0xFF, 0xFF, 0xFF,
    0xFF, 0xFF, 0xFF, 0xFF, 0xFF, 0xFF, 0xFF, 0xFF, 0xFF, 0xFF, 0xFF, 0xFF, 0xFF, 0xFF, 0xFF, 0xFF,
    0xFF, 0xFF, 0xFF, 0xFF, 0xFF, 0xFF, 0xFF, 0xFF, 0xFF, 0xFF, 0xFF, 0xFF, 0xFE, 0xFD, 0x35, 0x00,
    0x04, 0x00, 0xB0, 0xFE, 0xFC, 0xFF, 0xFF, 0xFF, 0xFF, 0xFF, 0xFF, 0xFF, 0xFF, 0xFF, 0xFF, 0xFF,
    0xFF, 0xFF, 0xFF, 0xFF, 0xFF, 0xFF, 0xFF, 0xFF, 0xFF, 0xFF, 0xFF, 0xFF, 0xFF, 0xFF, 0xFF, 0xFF,
    0xFF, 0xFF, 0xFF, 0xFE, 0xFF, 0xE6, 0x0A, 0x01, 0x04, 0x00, 0x62, 0xFF, 0xFC, 0xFF, 0xFF, 0xFF,
    0xFF, 0xFF, 0xFF, 0xFF, 0xFF, 0xFF, 0xFF, 0xFF, 0xFF, 0xFF, 0xFF, 0xFF, 0xFF, 0xFF, 0xFF, 0xFF,
    0xFF, 0xFF, 0xFF, 0xFF, 0xFF, 0xFF, 0xFF, 0xFF, 0xFF, 0xFF, 0xFF, 0xFB, 0xFE, 0xA2, 0x00, 0x04,
    0x01, 0x01, 0x15, 0xEE, 0xFD, 0xFE, 0xFF, 0xFF, 0xFF, 0xFF, 0xFF, 0xFF, 0xFF, 0xFF, 0xFF, 0xFF,
    0xFF, 0xFF, 0xFF, 0xFF, 0xFF, 0xFF, 0xFF, 0xFF, 0xFF, 0xFF, 0xFF, 0xFF, 0xFF, 0xFF, 0xFF, 0xFF,
    0xFF, 0xFF, 0xFF, 0xFC, 0xFF, 0x42, 0x00, 0x03, 0x00, 0x03, 0x00, 0x6B, 0xFF, 0xFA, 0xFF, 0xFF,
    0xFF, 0xFF, 0xFF, 0xFF, 0xFF, 0xFF, 0xFF, 0xFF, 0xFF, 0xFF, 0xFF, 0xFF, 0xFF, 0xFF, 0xFF, 0xFF,
    0xFF, 0xFF, 0xFF, 0xFF, 0xFF, 0xFF, 0xFF, 0xFF, 0xFF, 0xFF, 0xFA, 0xFF, 0xAA, 0x00, 0x03, 0x00,
    0x00, 0x00, 0x03, 0x00, 0xAC, 0xFF, 0xF9, 0xFE, 0xFF, 0xFF, 0xFF, 0xFF, 0xFF, 0xFF, 0xFF, 0xFF,
    0xFF, 0xFF, 0xFF, 0xFF, 0xFF, 0xFF, 0xFF, 0xFF, 0xFF, 0xFF, 0xFF, 0xFF, 0xFF, 0xFF, 0xFF, 0xFF,
    0xFF, 0xFA, 0xFF, 0xDE, 0x12, 0x02, 0x01, 0x00, 0x00, 0x00, 0x01, 0x01, 0x11, 0xB8, 0xFF, 0xFF,
    0xFB, 0xFD, 0xFE, 0xFF, 0xFF, 0xFF, 0xFF, 0xFF, 0xFF, 0xFF, 0xFF, 0xFF, 0xFF, 0xFF, 0xFF, 0xFF,
    0xFF, 0xFF, 0xFF, 0xFF, 0xFF, 0xFF, 0xFD, 0xFB, 0xFD, 0xFF, 0xDA, 0x34, 0x00, 0x02, 0x00, 0x00,
    0x00, 0x00, 0x00, 0x01, 0x00, 0x00, 0x80, 0xF9, 0xFF, 0xFF, 0xFF, 0xFD, 0xFD, 0xFD, 0xFD, 0xFD,
    0xFD, 0xFD, 0xFD, 0xFD, 0xFD, 0xFD, 0xFD, 0xFD, 0xFD, 0xFD, 0xFD, 0xFD, 0xFD, 0xFE, 0xFF, 0xFF,
    0xFF, 0xA7, 0x13, 0x00, 0x02, 0x00, 0x00, 0x00, 0x00, 0x00, 0x00, 0x00, 0x01, 0x01, 0x00, 0x2C,
    0x8C, 0xD6, 0xFD, 0xFF, 0xFF, 0xFF, 0xFF, 0xFF, 0xFF, 0xFF, 0xFF, 0xFF, 0xFF, 0xFF, 0xFF, 0xFF,
    0xFF, 0xFF, 0xFF, 0xFF, 0xFF, 0xFF, 0xE2, 0x9F, 0x46, 0x00, 0x00, 0x02, 0x00, 0x00, 0x00, 0x00,
    0x00, 0x00, 0x00, 0x00, 0x00, 0x00, 0x03, 0x00, 0x00, 0x03, 0x28, 0x40, 0x40, 0x40, 0x40, 0x40,
    0x40, 0x40, 0x40, 0x40, 0x40, 0x40, 0x40, 0x40, 0x40, 0x40, 0x40, 0x40, 0x40, 0x34, 0x09, 0x00,
    0x00, 0x02, 0x01, 0x00, 0x00, 0x00, 0x00, 0x00, 0x00, 0x00, 0x00, 0x00, 0x00, 0x00, 0x00, 0x02,
    0x04, 0x00, 0x00, 0x00, 0x00, 0x00, 0x00, 0x00, 0x00, 0x00, 0x00, 0x00, 0x00, 0x00, 0x00, 0x00,
    0x00, 0x00, 0x00, 0x00, 0x00, 0x00, 0x00, 0x04, 0x03, 0x00, 0x00, 0x00, 0x00, 0x00, 0x00, 0x00,
};

const lv_image_dsc_t icon_home_camera = {
    .header.magic = LV_IMAGE_HEADER_MAGIC,
    .header.cf = LV_COLOR_FORMAT_RGB565A8,
    .header.w = 40,
    .header.h = 40,
    .data_size = 4800,
    .data = icon_home_camera_map,
};

const LV_ATTRIBUTE_MEM_ALIGN uint8_t icon_home_image_map[] = {
    0x00, 0x00, 0x00, 0x00, 0x00, 0x00, 0x00, 0x00, 0x00, 0x00, 0x00, 0x00, 0x00, 0x00, 0x1F, 0x00,
    0x5F, 0xAD, 0xFF, 0x7B, 0x00, 0x00, 0x00, 0x00, 0x00, 0x00, 0x00, 0x00, 0x00, 0x00, 0x00, 0x00,
    0x00, 0x00, 0x00, 0x00, 0x00, 0x00, 0x00, 0x00, 0x00, 0x00, 0x00, 0x00, 0x00, 0x00, 0x00, 0x00,
    0x00, 0x00, 0x00, 0x00, 0x00, 0x00, 0x00, 0x00, 0x00, 0x00, 0x00, 0x00, 0xBF, 0xAA, 0xFF, 0x7B,
    0xFF, 0xFF, 0x00, 0x00, 0x00, 0x00, 0x00, 0x00, 0x00, 0x00, 0x00, 0x00, 0x00, 0x00, 0x00, 0x00,
    0x00, 0x00, 0x00, 0x00, 0x00, 0x00, 0x00, 0x00, 0x00, 0x00, 0x00, 0x00, 0xBF, 0x52, 0x00, 0x00,
    0x00, 0x00, 0x00, 0x00, 0xBF, 0xAA, 0xFF, 0x9B, 0x7F, 0x8B, 0x7F, 0x8B, 0x7F, 0x8B, 0x7F, 0x8B,
    0x7F, 0x8B, 0x7F, 0x8B, 0x7F, 0x8B, 0x7F, 0x8B, 0x7F, 0x8B, 0x7F, 0x8B, 0x7F, 0x8B, 0x7F, 0x8B,
    0x7F, 0x8B, 0x7F, 0x8B, 0x7F, 0x8B, 0x7F, 0x8B, 0xFF, 0x8B, 0x9F, 0x8B, 0x00, 0x00, 0x00, 0x00,
    0x00, 0x00, 0xBF, 0xAA, 0x00, 0x00, 0x00, 0x00, 0x00, 0x00, 0x00, 0x00, 0x00, 0x00, 0x00, 0x00,
    0x00, 0x00, 0x00, 0x00, 0x00, 0x00, 0x00, 0x00, 0x00, 0x00, 0xFF, 0x7B, 0x00, 0x00, 0xBF, 0x7A,
    0xBF, 0x8B, 0x9F, 0x8B, 0x9F, 0x8B, 0x9F, 0x8B, 0x9F, 0x8B, 0x9F, 0x8B, 0x9F, 0x8B, 0x9F, 0x8B,
    0x9F, 0x8B, 0x9F, 0x8B, 0x9F, 0x8B, 0x9F, 0x8B, 0x9F, 0x8B, 0x9F, 0x8B, 0x9F, 0x8B, 0x9F, 0x8B,
    0x9F, 0x8B, 0x9F, 0x8B, 0x9F, 0x8B, 0x9F, 0x8B, 0x9F, 0x8B, 0x9F, 0x8B, 0x9F, 0x8B, 0xBF, 0x8B,
    0x9F, 0x8B, 0x00, 0x00, 0xFF, 0x7B, 0x1F, 0xF8, 0x00, 0x00, 0x00, 0x00, 0x00, 0x00, 0x00, 0x00,
    0x00, 0x00, 0x00, 0x00, 0x00, 0x00, 0x00, 0x00, 0x1F, 0xF8, 0x00, 0x00, 0x7F, 0x8B, 0x9F, 0x8B,
    0xBF, 0x8B, 0xBF, 0x93, 0xBF, 0x8B, 0x9F, 0x8B, 0x9F, 0x8B, 0x9F, 0x8B, 0x9F, 0x8B, 0x9F, 0x8B,
    0x9F, 0x8B, 0x9F, 0x8B, 0x9F, 0x8B, 0x9F, 0x8B, 0x9F, 0x8B, 0x9F, 0x8B, 0x9F, 0x8B, 0x9F, 0x8B,
    0x9F, 0x8B, 0x9F, 0x8B, 0x9F, 0x8B, 0x9F, 0x8B, 0x9F, 0x8B, 0x9F, 0x8B, 0xBF, 0x8B, 0xBF, 0x93,
    0xBF, 0x8B, 0x9F, 0x8B, 0x00, 0x00, 0x00, 0x00, 0x1F, 0xF8, 0x00, 0x00, 0x00, 0x00, 0x00, 0x00,
    0x00, 0x00, 0x00, 0x00, 0x00, 0x00, 0xBF, 0xAA, 0x1F, 0xF8, 0x9F, 0x83, 0x9F, 0x8B, 0x9F, 0x8B,
    0x7F, 0x83, 0x7F, 0x83, 0x7F, 0x83, 0x7F, 0x83, 0x7F, 0x83, 0x7F, 0x83, 0x7F, 0x83, 0x7F, 0x83,
    0x7F, 0x83, 0x7F, 0x83, 0x7F, 0x83, 0x7F, 0x83, 0x7F, 0x83, 0x7F, 0x83, 0x7F, 0x83, 0x7F, 0x83,
    0x7F, 0x83, 0x7F, 0x83, 0x7F, 0x83, 0x7F, 0x83, 0x7F, 0x83, 0x7F, 0x83, 0x7F, 0x83, 0x7F, 0x83,
    0x9F, 0x8B, 0xBF, 0x93, 0x9F, 0x8B, 0x5F, 0x83, 0xFF, 0xFF, 0x1F, 0xF8, 0x00, 0x00, 0x00, 0x00,
    0x00, 0x00, 0x00, 0x00, 0xFF, 0x7B, 0x00, 0x00, 0x5F, 0x83, 0xDF, 0x93, 0x7F, 0x83, 0x7F, 0x83,
    0x7F, 0x83, 0x7F, 0x83, 0x7F, 0x83, 0x7F, 0x83, 0x7F, 0x83, 0x7F, 0x83, 0x7F, 0x83, 0x7F, 0x83,
    0x7F, 0x83, 0x7F, 0x83, 0x7F, 0x83, 0x7F, 0x83, 0x7F, 0x83, 0x7F, 0x83, 0x7F, 0x83, 0x7F, 0x83,
    0x7F, 0x83, 0x7F, 0x83, 0x7F, 0x83, 0x7F, 0x83, 0x7F, 0x83, 0x7F, 0x83, 0x7F, 0x83, 0x7F, 0x83,
    0x7F, 0x83, 0x7F, 0x83, 0xDF, 0x93, 0x7F, 0x83, 0x1F, 0x00, 0xBF, 0xAA, 0x00, 0x00, 0x00, 0x00,
    0x00, 0x00, 0xBF, 0xAA, 0x00, 0x00, 0x7E, 0x83, 0x9F, 0x8B, 0x7F, 0x83, 0x7F, 0x83, 0x7F, 0x83,
    0x7F, 0x83, 0x7F, 0x83, 0x7F, 0x83, 0x7F, 0x83, 0x7F, 0x83, 0x7F, 0x83, 0x7F, 0x83, 0x7F, 0x83,
    0x7F, 0x83, 0x7F, 0x83, 0x7F, 0x83, 0x7F, 0x83, 0x7F, 0x83, 0x7F, 0x83, 0x7F, 0x83, 0x7F, 0x83,
    0x7F, 0x83, 0x7F, 0x83, 0x7F, 0x83, 0x7F, 0x83, 0x7F, 0x83, 0x7F, 0x83, 0x7F, 0x83, 0x7F, 0x83,
    0x7F, 0x83, 0x7F, 0x83, 0x7F, 0x83, 0xBF, 0x8B, 0x7F, 0x83, 0x00, 0x00, 0xBF, 0xAA, 0x00, 0x00,
    0x00, 0x00, 0xFF, 0xFF, 0x9F, 0x8B, 0x5F, 0x83, 0x9F, 0x8B, 0x5E, 0x83, 0x5F, 0x83, 0x5F, 0x83,
    0x5F, 0x83, 0x5F, 0x83, 0x7F, 0x83, 0x7F, 0x83, 0x7F, 0x83, 0x7F, 0x83, 0x7F, 0x83, 0x7F, 0x83,
    0x7F, 0x83, 0x7F, 0x83, 0x7F, 0x83, 0x7F, 0x83, 0x7F, 0x83, 0x7F, 0x83, 0x7F, 0x83, 0x7F, 0x83,
    0x7F, 0x83, 0x7F, 0x83, 0x7F, 0x83, 0x7F, 0x83, 0x7F, 0x83, 0x7F, 0x83, 0x7F, 0x83, 0x5F, 0x83,
    0x5F, 0x83, 0x5F, 0x83, 0x5F, 0x83, 0x7F, 0x83, 0x7F, 0x83, 0x7F, 0x83, 0x00, 0x00, 0xFF, 0x7B,
    0xFF, 0x79, 0x00, 0x00, 0x5F, 0x83, 0x9F, 0x8B, 0x5E, 0x83, 0x5F, 0x83, 0x5F, 0x83, 0x5F, 0x83,
    0x5F, 0x83, 0x5F, 0x83, 0x5F, 0x83, 0x5F, 0x83, 0x5F, 0x83, 0x5F, 0x83, 0x5F, 0x83, 0x5F, 0x83,
    0x5F, 0x83, 0x5F, 0x83, 0x5F, 0x83, 0x5F, 0x83, 0x5F, 0x83, 0x5F, 0x83, 0x5F, 0x83, 0x5F, 0x83,
    0x5F, 0x83, 0x5F, 0x83, 0x5F, 0x83, 0x5F, 0x83, 0x5F, 0x83, 0x5F, 0x83, 0x5F, 0x83, 0x7F, 0x83,
    0x5F, 0x83, 0x5F, 0x83, 0x5F, 0x83, 0x5E, 0x83, 0x9F, 0x8B, 0x5F, 0x83, 0x00, 0x00, 0x3F, 0x63,
    0xFF, 0x7B, 0x00, 0x00, 0x5E, 0x83, 0x9F, 0x8B, 0x5E, 0x83, 0x5E, 0x83, 0x5E, 0x83, 0x5E, 0x83,
    0x3E, 0x7B, 0x3E, 0x7B, 0x9F, 0x8B, 0x9F, 0x8B, 0x9F, 0x8B, 0x9F, 0x8B, 0x9F, 0x8B, 0x9F, 0x8B,
    0x9F, 0x8B, 0x9F, 0x8B, 0x9F, 0x8B, 0x9F, 0x8B, 0x9F, 0x8B, 0x9F, 0x8B, 0x9F, 0x8B, 0x9F, 0x8B,
    0x9F, 0x8B, 0x9F, 0x8B, 0x9F, 0x8B, 0x9F, 0x8B, 0x9F, 0x8B, 0x9F, 0x8B, 0x5E, 0x83, 0x1E, 0x7B,
    0x5E, 0x83, 0x5E, 0x83, 0x5E, 0x83, 0x5E, 0x83, 0x7F, 0x83, 0x5E, 0x83, 0xFF, 0x7B, 0x1F, 0x00,
    0x1F, 0x00, 0xFF, 0x7B, 0x5E, 0x83, 0x7F, 0x83, 0x5E, 0x83, 0x5E, 0x83, 0x5E, 0x83, 0x3E, 0x7B,
    0x9E, 0x83, 0xBF, 0xDE, 0xBF, 0xF7, 0x9F, 0xF7, 0xBF, 0xF7, 0xBF, 0xF7, 0xBF, 0xF7, 0xBF, 0xF7,
    0xBF, 0xF7, 0xBF, 0xF7, 0xBF, 0xF7, 0xBF, 0xF7, 0xBF, 0xF7, 0xBF, 0xF7, 0xBF, 0xF7, 0xBF, 0xF7,
    0xBF, 0xF7, 0xBF, 0xF7, 0xBF, 0xF7, 0xBF, 0xF7, 0x9F, 0xF7, 0x9F, 0xF7, 0x3F, 0xEF, 0x3F, 0x9C,
    0x1E, 0x7B, 0x5E, 0x83, 0x5E, 0x83, 0x5E, 0x83, 0x5E, 0x83, 0x5F, 0x83, 0x5F, 0x83, 0x00, 0x00,
    0x00, 0x00, 0x5F, 0x83, 0x3E, 0x7B, 0x5F, 0x83, 0x3E, 0x7B, 0x3E, 0x7B, 0x3E, 0x83, 0x1E, 0x7B,
    0xBF, 0xDE, 0xFF, 0xFF, 0xFF, 0xFF, 0xFF, 0xFF, 0xFF, 0xFF, 0xFF, 0xFF, 0xFF, 0xFF, 0xFF, 0xFF,
    0xFF, 0xFF, 0xFF, 0xFF, 0xFF, 0xFF, 0xFF, 0xFF, 0xFF, 0xFF, 0xFF, 0xFF, 0xFF, 0xFF, 0xFF, 0xFF,
    0xFF, 0xFF, 0xFF, 0xFF, 0xFF, 0xFF, 0xFF, 0xFF, 0xFF, 0xFF, 0xFF, 0xFF, 0xFF, 0xFF, 0x9F, 0xF7,
    0x9E, 0x8B, 0x3E, 0x7B, 0x5E, 0x83, 0x3E, 0x7B, 0x3E, 0x7B, 0x7F, 0x83, 0x3E, 0x83, 0x00, 0x00,
    0x00, 0x00, 0xFF, 0x7A, 0x3E, 0x7B, 0x5F, 0x83, 0x3E, 0x7B, 0x3E, 0x7B, 0x1E, 0x7B, 0x9E, 0x83,
    0xDF, 0xFF, 0xFF, 0xFF, 0x5F, 0xB5, 0x3E, 0x9C, 0x7E, 0x9C, 0x3E, 0x9C, 0x7F, 0xBD, 0x7F, 0xBD,
    0x3E, 0x9C, 0x5E, 0x9C, 0x7E, 0x9C, 0x7E, 0x9C, 0x7E, 0x9C, 0x7E, 0x9C, 0x7E, 0x9C, 0x7E, 0x9C,
    0x7E, 0x9C, 0x7E, 0x9C, 0x7E, 0x9C, 0x7E, 0x9C, 0x5E, 0x9C, 0xBF, 0xA4, 0xBF, 0xF7, 0xFF, 0xFF,
    0x7F, 0xA4, 0xFE, 0x72, 0x5E, 0x83, 0x3E, 0x7B, 0x3E, 0x7B, 0x5F, 0x83, 0x3E, 0x83, 0x00, 0x00,
    0x00, 0x00, 0xFF, 0x7A, 0x3E, 0x7B, 0x3F, 0x83, 0x3E, 0x7B, 0x3E, 0x7B, 0x1E, 0x7B, 0x7E, 0x83,
    0x9F, 0xF7, 0xFF, 0xFF, 0x3E, 0x9C, 0xBE, 0x72, 0xDE, 0x72, 0xBF, 0xC5, 0xDF, 0xFF, 0xDF, 0xFF,
    0xBF, 0xC5, 0xBE, 0x72, 0xFE, 0x72, 0xFE, 0x72, 0xFE, 0x72, 0xFE, 0x72, 0xFE, 0x72, 0xFE, 0x72,
    0xFE, 0x72, 0xFE, 0x72, 0xFE, 0x72, 0xFE, 0x7A, 0xDE, 0x72, 0x3E, 0x7B, 0xBF, 0xF7, 0xFF, 0xFF,
    0x5E, 0x9C, 0xFE, 0x72, 0x3E, 0x7B, 0x3E, 0x7B, 0x3E, 0x7B, 0x5F, 0x83, 0x1E, 0x7B, 0x00, 0x00,
    0x00, 0x00, 0xFD, 0x7A, 0x1E, 0x7B, 0x3E, 0x7B, 0x3E, 0x7B, 0x3E, 0x7B, 0x1E, 0x7B, 0x7E, 0x83,
    0x9F, 0xF7, 0xFF, 0xFF, 0x7E, 0xA4, 0xBE, 0x72, 0x5E, 0x9C, 0xFF, 0xFF, 0xFF, 0xFF, 0xFF, 0xFF,
    0xFF, 0xFF, 0x5E, 0x9C, 0xFE, 0x7A, 0x3E, 0x83, 0x3E, 0x7B, 0x3E, 0x7B, 0x3E, 0x7B, 0x3E, 0x7B,
    0x3E, 0x7B, 0x3E, 0x7B, 0x3E, 0x7B, 0x3E, 0x7B, 0x1E, 0x7B, 0x7E, 0x83, 0xBF, 0xF7, 0xFF, 0xFF,
    0x5E, 0x9C, 0xFE, 0x72, 0x3E, 0x7B, 0x3E, 0x7B, 0x1E, 0x7B, 0x5F, 0x83, 0x1E, 0x7B, 0x00, 0x00,
    0x00, 0x00, 0xFD, 0x7A, 0x1E, 0x7B, 0x3E, 0x7B, 0x1E, 0x7B, 0x3E, 0x7B, 0x1E, 0x7B, 0x7E, 0x83,
    0x9F, 0xF7, 0xFF, 0xFF, 0x5E, 0x9C, 0x9E, 0x6A, 0x3E, 0x9C, 0xFF, 0xFF, 0xFF, 0xFF, 0xFF, 0xFF,
    0xFF, 0xFF, 0x3E, 0x9C, 0xDE, 0x72, 0x3E, 0x7B, 0x1E, 0x7B, 0x1E, 0x7B, 0x1E, 0x7B, 0x1E, 0x7B,
    0x1E, 0x7B, 0x1E, 0x7B, 0x1E, 0x7B, 0x3E, 0x7B, 0x1E, 0x7B, 0x7E, 0x83, 0x9F, 0xF7, 0xFF, 0xFF,
    0x5E, 0x9C, 0xDE, 0x72, 0x3E, 0x7B, 0x1E, 0x7B, 0x1E, 0x7B, 0x5F, 0x83, 0x1E, 0x7B, 0x00, 0x00,
    0x00, 0x00, 0xFD, 0x7A, 0x1E, 0x7B, 0x1E, 0x7B, 0x1E, 0x7B, 0x1E, 0x7B, 0xFE, 0x7A, 0x5E, 0x83,
    0x9F, 0xF7, 0xFF, 0xFF, 0x5E, 0x9C, 0xDE, 0x72, 0xFE, 0x7A, 0xFF, 0xC5, 0xFF, 0xFF, 0xFF, 0xFF,
    0xFF, 0xC5, 0xFE, 0x72, 0x1E, 0x7B, 0x1E, 0x7B, 0x1E, 0x7B, 0x1E, 0x7B, 0x1E, 0x7B, 0x1E, 0x7B,
    0x1E, 0x7B, 0x1E, 0x7B, 0x1E, 0x7B, 0x1E, 0x7B, 0xFE, 0x7A, 0x5E, 0x83, 0x9F, 0xF7, 0xFF, 0xFF,
    0x5E, 0x9C, 0xDE, 0x72, 0x1E, 0x7B, 0x1E, 0x7B, 0x1E, 0x7B, 0x3F, 0x83, 0x1E, 0x7B, 0x00, 0x00,
    0x00, 0x00, 0xFD, 0x7A, 0xFE, 0x7A, 0x1E, 0x7B, 0x1E, 0x7B, 0x1E, 0x7B, 0xFE, 0x7A, 0x5E, 0x83,
    0x9F, 0xF7, 0xFF, 0xFF, 0x5E, 0x9C, 0xDE, 0x72, 0x1E, 0x7B, 0xDE, 0x72, 0x1E, 0x94, 0x1E, 0x94,
    0xFE, 0x72, 0xFE, 0x72, 0xDE, 0x72, 0x1E, 0x7B, 0x1E, 0x7B, 0x1E, 0x7B, 0x1E, 0x7B, 0x1E, 0x7B,
    0x1E, 0x7B, 0xFE, 0x72, 0xDE, 0x72, 0x1E, 0x7B, 0xFE, 0x72, 0x5E, 0x83, 0x9F, 0xF7, 0xFF, 0xFF,
    0x5E, 0x9C, 0xBE, 0x72, 0x1E, 0x7B, 0x1E, 0x7B, 0xFE, 0x7A, 0x3F, 0x83, 0xFE, 0x7A, 0x00, 0x00,
    0x00, 0x00, 0xFD, 0x7A, 0xFD, 0x7A, 0x1E, 0x7B, 0xFD, 0x7A, 0x1E, 0x7B, 0xFE, 0x72, 0x5E, 0x83,
    0x9F, 0xF7, 0xFF, 0xFF, 0x3E, 0x9C, 0xBD, 0x72, 0x1E, 0x7B, 0x1E, 0x7B, 0xDD, 0x72, 0xDE, 0x72,
    0xBD, 0x72, 0x9E, 0xA4, 0x1F, 0xCE, 0xBD, 0x72, 0x1E, 0x7B, 0x1E, 0x7B, 0xFE, 0x7A, 0x1E, 0x7B,
    0xDE, 0x72, 0x7E, 0x83, 0xDE, 0x93, 0xDE, 0x72, 0xFE, 0x72, 0x5E, 0x83, 0x9F, 0xF7, 0xFF, 0xFF,
    0x3E, 0x9C, 0xBD, 0x72, 0x1E, 0x7B, 0xFE, 0x7A, 0xFD, 0x7A, 0x3F, 0x7B, 0xFD, 0x72, 0x00, 0x00,
    0x00, 0x00, 0xFD, 0x7A, 0xFD, 0x7A, 0x1E, 0x7B, 0xFD, 0x72, 0xFD, 0x7A, 0xDD, 0x72, 0x5E, 0x83,
    0x9F, 0xF7, 0xFF, 0xFF, 0x3E, 0x9C, 0xBD, 0x72, 0x1D, 0x7B, 0xFD, 0x7A, 0x1D, 0x7B, 0xFD, 0x72,
    0x5E, 0x83, 0x7F, 0xF7, 0xFF, 0xFF, 0x3E, 0xB5, 0x7D, 0x6A, 0x1D, 0x7B, 0xFD, 0x7A, 0xFD, 0x7A,
    0x9D, 0x6A, 0x9F, 0xDE, 0x1F, 0xE7, 0xBD, 0x72, 0xFD, 0x72, 0x5E, 0x83, 0x9F, 0xF7, 0xFF, 0xFF,
    0x3E, 0x9C, 0xBD, 0x72, 0x1D, 0x7B, 0xFD, 0x7A, 0xFD, 0x72, 0x1F, 0x7B, 0xFD, 0x72, 0x00, 0x00,
    0x00, 0x00, 0xFD, 0x7A, 0xFD, 0x72, 0xFE, 0x7A, 0xFD, 0x72, 0xFD, 0x7A, 0xDD, 0x72, 0x3E, 0x83,
    0x9F, 0xF7, 0xFF, 0xFF, 0x3E, 0x9C, 0xBD, 0x72, 0xFD, 0x7A, 0xFD, 0x72, 0xFD, 0x72, 0xBD, 0x72,
    0xBF, 0xDE, 0xFF, 0xFF, 0xDF, 0xFF, 0xFF, 0xFF, 0xFE, 0xAC, 0x9D, 0x6A, 0x1D, 0x7B, 0x9D, 0x6A,
    0x3E, 0xB5, 0xFF, 0xFF, 0xFF, 0xFF, 0x3E, 0x9C, 0x9D, 0x6A, 0x5E, 0x83, 0x9F, 0xF7, 0xFF, 0xFF,
    0x3E, 0x9C, 0xBD, 0x72, 0xFD, 0x7A, 0xFD, 0x72, 0xFD, 0x72, 0x1F, 0x7B, 0xDD, 0x72, 0x00, 0x00,
    0x00, 0x00, 0xFD, 0x7A, 0xDD, 0x72, 0xFE, 0x7A, 0xFD, 0x72, 0xFD, 0x72, 0xDD, 0x72, 0x3D, 0x7B,
    0x9F, 0xF7, 0xFF, 0xFF, 0x3E, 0x9C, 0x9D, 0x6A, 0xFD, 0x72, 0xFD, 0x7A, 0x7D, 0x6A, 0x7E, 0xBD,
    0xFF, 0xFF, 0xFF, 0xFF, 0xFF, 0xFF, 0xFF, 0xFF, 0xFF, 0xFF, 0x9E, 0xA4, 0x1D, 0x62, 0x5E, 0x9C,
    0xFF, 0xFF, 0xFF, 0xFF, 0xFF, 0xFF, 0xBF, 0xDE, 0x9D, 0x6A, 0x5D, 0x83, 0x9F, 0xF7, 0xFF, 0xFF,
    0x3E, 0x9C, 0x9D, 0x6A, 0xFD, 0x7A, 0xFD, 0x72, 0xDD, 0x72, 0x1F, 0x7B, 0xDD, 0x72, 0x00, 0x00,
    0x00, 0x00, 0xFD, 0x6A, 0xDD, 0x72, 0xFE, 0x72, 0xDD, 0x72, 0xFD, 0x72, 0xDD, 0x72, 0x3D, 0x7B,
    0x9F, 0xF7, 0xFF, 0xFF, 0x3E, 0x9C, 0x9D, 0x6A, 0x1D, 0x7B, 0x9D, 0x6A, 0x3E, 0x9C, 0xFF, 0xFF,
    0xFF, 0xFF, 0xFF, 0xFF, 0xFF, 0xFF, 0xFF, 0xFF, 0xFF, 0xFF, 0xBF, 0xF7, 0x5E, 0x9C, 0x7F, 0xF7,
    0xFF, 0xFF, 0xFF, 0xFF, 0xFF, 0xFF, 0xFF, 0xFF, 0x7E, 0xA4, 0xDD, 0x72, 0xBF, 0xF7, 0xFF, 0xFF,
    0x3E, 0x9C, 0x9D, 0x6A, 0xFD, 0x72, 0xDD, 0x72, 0xDD, 0x72, 0xFF, 0x7A, 0xDD, 0x72, 0x00, 0x00,
    0x00, 0x00, 0xFD, 0x6A, 0xDD, 0x72, 0xFE, 0x72, 0xDD, 0x72, 0xDD, 0x72, 0xBD, 0x72, 0x3D, 0x7B,
    0x9F, 0xF7, 0xFF, 0xFF, 0x1E, 0x94, 0x9D, 0x6A, 0xBD, 0x72, 0x3D, 0x7B, 0x9F, 0xF7, 0xFF, 0xFF,
    0xFF, 0xFF, 0xFF, 0xFF, 0xFF, 0xFF, 0xFF, 0xFF, 0xFF, 0xFF, 0xFF, 0xFF, 0xFF, 0xFF, 0xFF, 0xFF,
    0xFF, 0xFF, 0xFF, 0xFF, 0xFF, 0xFF, 0xFF, 0xFF, 0x3F, 0xEF, 0x1D, 0x7B, 0x9F, 0xF7, 0xFF, 0xFF,
    0x3E, 0x94, 0x9D, 0x6A, 0xFD, 0x72, 0xDD, 0x72, 0xDD, 0x72, 0xFF, 0x7A, 0xDD, 0x72, 0x00, 0x00,
    0x00, 0x00, 0xFD, 0x6A, 0xDD, 0x72, 0xDE, 0x72, 0xDD, 0x72, 0xDD, 0x72, 0xBD, 0x72, 0x1D, 0x7B,
    0x9F, 0xF7, 0xFF, 0xFF, 0x1E, 0x94, 0x9D, 0x6A, 0x9D, 0x6A, 0x9F, 0xDE, 0xFF, 0xFF, 0xDF, 0xFF,
    0xFF, 0xFF, 0xFF, 0xFF, 0xFF, 0xFF, 0xFF, 0xFF, 0xFF, 0xFF, 0xFF, 0xFF, 0xFF, 0xFF, 0xFF, 0xFF,
    0xFF, 0xFF, 0xFF, 0xFF, 0xFF, 0xFF, 0xFF, 0xFF, 0xFF, 0xFF, 0x1E, 0xAD, 0x3F, 0xEF, 0xFF, 0xFF,
    0x1E, 0x94, 0x9D, 0x6A, 0xDD, 0x72, 0xDD, 0x72, 0xDD, 0x72, 0xFF, 0x7A, 0xBD, 0x72, 0x00, 0x00,
    0x00, 0x00, 0xFD, 0x6A, 0xBD, 0x72, 0xDD, 0x72, 0xBD, 0x72, 0xDD, 0x72, 0xBD, 0x6A, 0x1D, 0x7B,
    0x9F, 0xF7, 0xFF, 0xFF, 0x3E, 0x94, 0x3D, 0x62, 0xBE, 0xC5, 0xFF, 0xFF, 0xFF, 0xFF, 0xFF, 0xFF,
    0xFF, 0xFF, 0xFF, 0xFF, 0xFF, 0xFF, 0xFF, 0xFF, 0xFF, 0xFF, 0xFF, 0xFF, 0xFF, 0xFF, 0xFF, 0xFF,
    0xFF, 0xFF, 0xFF, 0xFF, 0xFF, 0xFF, 0xFF, 0xFF, 0xFF, 0xFF, 0xBF, 0xFF, 0xBF, 0xF7, 0xFF, 0xFF,
    0x1E, 0x94, 0x7D, 0x6A, 0xDD, 0x72, 0xBD, 0x72, 0xBD, 0x72, 0xDE, 0x72, 0xBD, 0x72, 0x00, 0x00,
    0x00, 0x00, 0x7D, 0x6A, 0xBD, 0x72, 0xBD, 0x72, 0xBD, 0x72, 0xBD, 0x72, 0x9D, 0x6A, 0x1D, 0x7B,
    0x9F, 0xF7, 0xFF, 0xFF, 0xFD, 0x93, 0x7D, 0x6A, 0x1D, 0x94, 0xFD, 0x93, 0xFD, 0x93, 0xFD, 0x93,
    0xFD, 0x93, 0xFD, 0x93, 0xFD, 0x93, 0xFD, 0x93, 0xFD, 0x93, 0xFD, 0x93, 0xFD, 0x93, 0xFD, 0x93,
    0xFD, 0x93, 0xFD, 0x93, 0xFD, 0x93, 0xFD, 0x93, 0xFD, 0x93, 0x5E, 0x9C, 0xBF, 0xFF, 0xFF, 0xFF,
    0x1D, 0x94, 0x7D, 0x6A, 0xDD, 0x72, 0xBD, 0x72, 0xBD, 0x72, 0xDE, 0x72, 0xBD, 0x6A, 0x00, 0x00,
    0x00, 0x00, 0x7D, 0x6A, 0xBD, 0x72, 0xBD, 0x72, 0xBD, 0x72, 0xBD, 0x72, 0x9D, 0x6A, 0x1D, 0x7B,
    0xBF, 0xF7, 0xFF, 0xFF, 0x5E, 0x9C, 0xBD, 0x72, 0xDD, 0x72, 0xBD, 0x72, 0xBD, 0x72, 0xBD, 0x72,
    0xBD, 0x72, 0xBD, 0x72, 0xBD, 0x72, 0xBD, 0x72, 0xBD, 0x72, 0xBD, 0x72, 0xBD, 0x72, 0xBD, 0x72,
    0xBD, 0x72, 0xBD, 0x72, 0xBD, 0x72, 0xDD, 0x72, 0xBD, 0x6A, 0x1D, 0x7B, 0x9F, 0xF7, 0xFF, 0xFF,
    0x1D, 0x94, 0x7D, 0x62, 0xBD, 0x72, 0xBD, 0x72, 0xBD, 0x6A, 0xDE, 0x72, 0xBD, 0x72, 0x00, 0x00,
    0x00, 0x00, 0x5E, 0x6A, 0xBC, 0x6A, 0xBD, 0x72, 0xBC, 0x6A, 0xBD, 0x6A, 0xBD, 0x6A, 0xBD, 0x6A,
    0x3F, 0xEF, 0xFF, 0xFF, 0x9F, 0xF7, 0x9F, 0xF7, 0xBF, 0xF7, 0xBF, 0xF7, 0xBF, 0xF7, 0xBF, 0xF7,
    0xBF, 0xF7, 0xBF, 0xF7, 0xBF, 0xF7, 0xBF, 0xF7, 0xBF, 0xF7, 0xBF, 0xF7, 0xBF, 0xF7, 0xBF, 0xF7,
    0xBF, 0xF7, 0xBF, 0xF7, 0xBF, 0xF7, 0xBF, 0xF7, 0xBF, 0xF7, 0xBF, 0xF7, 0xFF, 0xFF, 0xFF, 0xFF,
    0x7D, 0x83, 0x7D, 0x6A, 0xBD, 0x72, 0xBD, 0x6A, 0x9C, 0x6A, 0xDE, 0x72, 0xBC, 0x72, 0x00, 0x00,
    0x00, 0x00, 0xBD, 0x6A, 0x9C, 0x6A, 0xBD, 0x72, 0x9C, 0x6A, 0x9C, 0x6A, 0xBC, 0x6A, 0x7C, 0x6A,
    0xBD, 0x8B, 0x7F, 0xF7, 0xFF, 0xFF, 0xFF, 0xFF, 0xFF, 0xFF, 0xFF, 0xFF, 0xFF, 0xFF, 0xFF, 0xFF,
    0xFF, 0xFF, 0xFF, 0xFF, 0xFF, 0xFF, 0xFF, 0xFF, 0xFF, 0xFF, 0xFF, 0xFF, 0xFF, 0xFF, 0xFF, 0xFF,
    0xFF, 0xFF, 0xFF, 0xFF, 0xFF, 0xFF, 0xFF, 0xFF, 0xFF, 0xFF, 0xFF, 0xFF, 0xFF, 0xFF, 0xBE, 0xA4,
    0x5C, 0x62, 0xBD, 0x6A, 0x9C, 0x6A, 0x9C, 0x6A, 0x9C, 0x6A, 0xBD, 0x72, 0x9C, 0x6A, 0x00, 0x00,
    0xF7, 0x39, 0x00, 0x00, 0x9C, 0x6A, 0xBE, 0x72, 0x9C, 0x6A, 0x9C, 0x6A, 0x9C, 0x6A, 0x9C, 0x6A,
    0x5C, 0x62, 0x1D, 0x7B, 0xFD, 0x93, 0xFD, 0x93, 0xFD, 0x93, 0xFD, 0x93, 0xFD, 0x93, 0xFD, 0x93,
    0xFD, 0x93, 0xFD, 0x93, 0xFD, 0x93, 0xFD, 0x93, 0xFD, 0x93, 0xFD, 0x93, 0xFD, 0x93, 0xFD, 0x93,
    0xFD, 0x93, 0xFD, 0x93, 0xFD, 0x93, 0xFD, 0x93, 0xFD, 0x93, 0xFD, 0x93, 0x7D, 0x83, 0x5C, 0x62,
    0x9C, 0x6A, 0x9C, 0x6A, 0x9C, 0x6A, 0x9C, 0x6A, 0x9D, 0x72, 0x9C, 0x6A, 0x7C, 0x62, 0x00, 0x00,
    0xFF, 0x79, 0x00, 0x00, 0x9C, 0x6A, 0xBE, 0x72, 0x7C, 0x6A, 0x9C, 0x6A, 0x9C, 0x6A, 0x9C, 0x6A,
    0x9C, 0x6A, 0x7C, 0x6A, 0x3C, 0x62, 0x5C, 0x62, 0x3C, 0x62, 0x3C, 0x62, 0x3C, 0x62, 0x3C, 0x62,
    0x3C, 0x62, 0x3C, 0x62, 0x3C, 0x62, 0x3C, 0x62, 0x3C, 0x62, 0x3C, 0x62, 0x3C, 0x62, 0x3C, 0x62,
    0x3C, 0x62, 0x3C, 0x62, 0x3C, 0x62, 0x3C, 0x62, 0x5C, 0x62, 0x3C, 0x62, 0x5C, 0x62, 0x9C, 0x6A,
    0x9C, 0x6A, 0x9C, 0x6A, 0x9C, 0x6A, 0x9C, 0x6A, 0xBE, 0x72, 0x9C, 0x6A, 0x00, 0x00, 0xF7, 0x79,
    0x1F, 0xF8, 0x1F, 0x00, 0xBC, 0x6A, 0x9C, 0x6A, 0x9D, 0x6A, 0x9C, 0x6A, 0x9C, 0x6A, 0x9C, 0x6A,
    0x9C, 0x6A, 0x9C, 0x6A, 0x9C, 0x6A, 0x9C, 0x6A, 0x9C, 0x6A, 0x9C, 0x6A, 0x9C, 0x6A, 0x9C, 0x6A,
    0x9C, 0x6A, 0x9C, 0x6A, 0x9C, 0x6A, 0x9C, 0x6A, 0x9C, 0x6A, 0x9C, 0x6A, 0x9C, 0x6A, 0x9C, 0x6A,
    0x9C, 0x6A, 0x9C, 0x6A, 0x9C, 0x6A, 0x9C, 0x6A, 0x9C, 0x6A, 0x9C, 0x6A, 0x9C, 0x6A, 0x9C, 0x6A,
    0x9C, 0x6A, 0x9C, 0x6A, 0x9C, 0x6A, 0x7C, 0x6A, 0xBE, 0x72, 0x9C, 0x6A, 0x00, 0x00, 0xBF, 0x52,
    0x00, 0x00, 0xBF, 0x52, 0x00, 0x00, 0x7C, 0x6A, 0xBE, 0x72, 0x7C, 0x6A, 0x7C, 0x6A, 0x7C, 0x6A,
    0x7C, 0x6A, 0x7C, 0x6A, 0x7C, 0x6A, 0x7C, 0x6A, 0x7C, 0x6A, 0x7C, 0x6A, 0x7C, 0x6A, 0x7C, 0x6A,
    0x7C, 0x6A, 0x7C, 0x6A, 0x7C, 0x6A, 0x7C, 0x6A, 0x7C, 0x6A, 0x7C, 0x6A, 0x7C, 0x6A, 0x7C, 0x6A,
    0x7C, 0x6A, 0x7C, 0x6A, 0x7C, 0x6A, 0x7C, 0x6A, 0x7C, 0x6A, 0x7C, 0x6A, 0x7C, 0x6A, 0x7C, 0x6A,
    0x7C, 0x6A, 0x7C, 0x6A, 0x7C, 0x6A, 0xBE, 0x72, 0x7C, 0x6A, 0x00, 0x00, 0xBF, 0x52, 0x00, 0x00,
    0x00, 0x00, 0x00, 0x00, 0xBF, 0xAA, 0x00, 0x00, 0x7C, 0x6A, 0xBF, 0x72, 0x7C, 0x6A, 0x7C, 0x6A,
    0x7C, 0x6A, 0x7C, 0x6A, 0x7C, 0x6A, 0x7C, 0x6A, 0x7C, 0x6A, 0x7C, 0x6A, 0x7C, 0x6A, 0x7C, 0x6A,
    0x7C, 0x6A, 0x7C, 0x6A, 0x7C, 0x6A, 0x7C, 0x6A, 0x7C, 0x6A, 0x7C, 0x6A, 0x7C, 0x6A, 0x7C, 0x6A,
    0x7C, 0x6A, 0x7C, 0x6A, 0x7C, 0x6A, 0x7C, 0x6A, 0x7C, 0x6A, 0x7C, 0x6A, 0x7C, 0x6A, 0x7C, 0x6A,
    0x7C, 0x6A, 0x7C, 0x6A, 0x9E, 0x6A, 0x7D, 0x6A, 0x3C, 0x62, 0xFF, 0x7B, 0x1F, 0x00, 0x00, 0x00,
    0x00, 0x00, 0x00, 0x00, 0x1F, 0x00, 0x1F, 0x00, 0x5C, 0x6A, 0x7D, 0x6A, 0x9E, 0x72, 0x7C, 0x6A,
    0x7C, 0x62, 0x7C, 0x62, 0x7C, 0x6A, 0x7C, 0x6A, 0x7C, 0x6A, 0x7C, 0x6A, 0x7C, 0x6A, 0x7C, 0x6A,
    0x7C, 0x6A, 0x7C, 0x6A, 0x7C, 0x6A, 0x7C, 0x6A, 0x7C, 0x6A, 0x7C, 0x6A, 0x7C, 0x6A, 0x7C, 0x6A,
    0x7C, 0x6A, 0x7C, 0x6A, 0x7C, 0x6A, 0x7C, 0x6A, 0x7C, 0x6A, 0x7C, 0x6A, 0x7C, 0x62, 0x7C, 0x62,
    0x5C, 0x62, 0x9E, 0x6A, 0x7D, 0x6A, 0x5B, 0x62, 0x00, 0x00, 0xFF, 0x7B, 0x00, 0x00, 0x00, 0x00,
    0x00, 0x00, 0x00, 0x00, 0x00, 0x00, 0x1F, 0x00, 0x00, 0x00, 0x00, 0x00, 0x5C, 0x62, 0x7D, 0x6A,
    0x9E, 0x6A, 0x7D, 0x6A, 0x5C, 0x62, 0x5C, 0x62, 0x5C, 0x62, 0x5C, 0x62, 0x5C, 0x62, 0x5C, 0x62,
    0x5C, 0x62, 0x5C, 0x62, 0x5C, 0x62, 0x5C, 0x62, 0x5C, 0x62, 0x5C, 0x62, 0x5C, 0x62, 0x5C, 0x62,
    0x5C, 0x62, 0x5C, 0x62, 0x5C, 0x62, 0x5C, 0x62, 0x5C, 0x62, 0x5C, 0x62, 0x7C, 0x6A, 0x9E, 0x6A,
    0x7D, 0x6A, 0x7D, 0x6A, 0x1A, 0x5A, 0x00, 0x00, 0xFF, 0x7B, 0x00, 0x00, 0x00, 0x00, 0x00, 0x00,
    0x00, 0x00, 0x00, 0x00, 0x00, 0x00, 0x00, 0x00, 0x1F, 0x00, 0x1F, 0xF8, 0x00, 0x00, 0x5C, 0x6A,
    0x7D, 0x6A, 0x5C, 0x62, 0x5C, 0x62, 0x7D, 0x6A, 0x7D, 0x6A, 0x7D, 0x6A, 0x7D, 0x6A, 0x7D, 0x6A,
    0x7D, 0x6A, 0x7D, 0x6A, 0x7D, 0x6A, 0x7D, 0x6A, 0x7D, 0x6A, 0x7D, 0x6A, 0x7D, 0x6A, 0x7D, 0x6A,
    0x7D, 0x6A, 0x7D, 0x6A, 0x7D, 0x6A, 0x7D, 0x6A, 0x7D, 0x6A, 0x7C, 0x6A, 0x5C, 0x62, 0x7D, 0x6A,
    0x7C, 0x6A, 0x00, 0x00, 0x00, 0x00, 0xFF, 0x7B, 0x00, 0x00, 0x00, 0x00, 0x00, 0x00, 0x00, 0x00,
    0x00, 0x00, 0x00, 0x00, 0x00, 0x00, 0x00, 0x00, 0x00, 0x00, 0x00, 0x00, 0xBF, 0x52, 0x00, 0x00,
    0x00, 0x00, 0xBF, 0x52, 0x7D, 0x6A, 0x5D, 0x6A, 0x3B, 0x62, 0x3C, 0x62, 0x3C, 0x62, 0x3C, 0x62,
    0x3C, 0x62, 0x3C, 0x62, 0x3C, 0x62, 0x3C, 0x62, 0x3C, 0x62, 0x3C, 0x62, 0x3C, 0x62, 0x3C, 0x62,
    0x3C, 0x62, 0x3C, 0x62, 0x3C, 0x62, 0x3B, 0x62, 0x5D, 0x62, 0x5C, 0x62, 0xBF, 0x72, 0x00, 0x00,
    0x00, 0x00, 0xFF, 0x7B, 0x1F, 0x00, 0x00, 0x00, 0x00, 0x00, 0x00, 0x00, 0x00, 0x00, 0x00, 0x00,
    0x00, 0x00, 0x00, 0x00, 0x00, 0x00, 0x00, 0x00, 0x00, 0x00, 0x00, 0x00, 0x00, 0x00, 0xFF, 0x7B,
    0xFF, 0x79, 0x00, 0x00, 0x00, 0x00, 0x00, 0x00, 0x00, 0x00, 0x00, 0x00, 0x00, 0x00, 0x00, 0x00,
    0x00, 0x00, 0x00, 0x00, 0x00, 0x00, 0x00, 0x00, 0x00, 0x00, 0x00, 0x00, 0x00, 0x00, 0x00, 0x00,
    0x00, 0x00, 0x00, 0x00, 0x00, 0x00, 0x00, 0x00, 0x00, 0x00, 0x00, 0x00, 0x00, 0x00, 0xF7, 0x39,
    0xBF, 0x52, 0x00, 0x00, 0x00, 0x00, 0x00, 0x00, 0x00, 0x00, 0x00, 0x00, 0x00, 0x00, 0x00, 0x00,
    0x00, 0x00, 0x00, 0x00, 0x00, 0x00, 0x00, 0x01, 0x03, 0x04, 0x00, 0x00, 0x00, 0x00, 0x00, 0x00,
    0x00, 0x00, 0x00, 0x00, 0x00, 0x00, 0x00, 0x00, 0x00, 0x00, 0x00, 0x00, 0x00, 0x00, 0x03, 0x04,
    0x01, 0x00, 0x00, 0x00, 0x00, 0x00, 0x00, 0x00, 0x00, 0x00, 0x00, 0x00, 0x00, 0x00, 0x03, 0x00,
    0x00, 0x00, 0x03, 0x10, 0x10, 0x10, 0x10, 0x10, 0x10, 0x10, 0x10, 0x10, 0x10, 0x10, 0x10, 0x10,
    0x10, 0x10, 0x10, 0x10, 0x10, 0x09, 0x00, 0x00, 0x00, 0x03, 0x00, 0x00, 0x00, 0x00, 0x00, 0x00,
    0x00, 0x00, 0x00, 0x00, 0x00, 0x04, 0x00, 0x06, 0x4F, 0x9F, 0xD6, 0xEF, 0xEF, 0xF0, 0xF0, 0xF0,
    0xF0, 0xF0, 0xF0, 0xF0, 0xF0, 0xF0, 0xF0, 0xF0, 0xF0, 0xF0, 0xF0, 0xEF, 0xEF, 0xE2, 0xAE, 0x61,
    0x16, 0x00, 0x02, 0x01, 0x00, 0x00, 0x00, 0x00, 0x00, 0x00, 0x00, 0x00, 0x01, 0x00, 0x47, 0xD4,
    0xFF, 0xFF, 0xFF, 0xFF, 0xFF, 0xFF, 0xFF, 0xFF, 0xFF, 0xFF, 0xFF, 0xFF, 0xFF, 0xFF, 0xFF, 0xFF,
    0xFF, 0xFF, 0xFF, 0xFF, 0xFF, 0xFF, 0xFF, 0xFF, 0xE9, 0x6D, 0x00, 0x00, 0x01, 0x00, 0x00, 0x00,
    0x00, 0x00, 0x00, 0x03, 0x01, 0x7F, 0xFF, 0xFF, 0xFC, 0xFB, 0xFD, 0xFE, 0xFE, 0xFE, 0xFE, 0xFE,
    0xFE, 0xFE, 0xFE, 0xFE, 0xFE, 0xFE, 0xFE, 0xFE, 0xFE, 0xFE, 0xFE, 0xFE, 0xFE, 0xFD, 0xFC, 0xFB,
    0xFF, 0xFF, 0xA9, 0x13, 0x01, 0x01, 0x00, 0x00, 0x00, 0x00, 0x04, 0x00, 0x80, 0xFF, 0xFC, 0xFD,
    0xFF, 0xFF, 0xFF, 0xFF, 0xFF, 0xFF, 0xFF, 0xFF, 0xFF, 0xFF, 0xFF, 0xFF, 0xFF, 0xFF, 0xFF, 0xFF,
    0xFF, 0xFF, 0xFF, 0xFF, 0xFF, 0xFF, 0xFF, 0xFF, 0xFE, 0xFA, 0xFF, 0xBB, 0x01, 0x03, 0x00, 0x00,
    0x00, 0x03, 0x00, 0x44, 0xFE, 0xFA, 0xFE, 0xFF, 0xFF, 0xFF, 0xFF, 0xFF, 0xFF, 0xFF, 0xFF, 0xFF,
    0xFF, 0xFF, 0xFF, 0xFF, 0xFF, 0xFF, 0xFF, 0xFF, 0xFF, 0xFF, 0xFF, 0xFF, 0xFF, 0xFF, 0xFF, 0xFF,
    0xFF, 0xFF, 0xF9, 0xFF, 0x7F, 0x00, 0x03, 0x00, 0x00, 0x01, 0x09, 0xD9, 0xFF, 0xFD, 0xFF, 0xFF,
    0xFF, 0xFF, 0xFF, 0xFF, 0xFF, 0xFF, 0xFF, 0xFF, 0xFF, 0xFF, 0xFF, 0xFF, 0xFF, 0xFF, 0xFF, 0xFF,
    0xFF, 0xFF, 0xFF, 0xFF, 0xFF, 0xFF, 0xFF, 0xFF, 0xFF, 0xFF, 0xFE, 0xFD, 0xFA, 0x2A, 0x00, 0x02,
    0x04, 0x00, 0x4C, 0xFF, 0xFC, 0xFF, 0xFF, 0xFF, 0xFF, 0xFF, 0xFF, 0xFF, 0xFF, 0xFF, 0xFF, 0xFF,
    0xFF, 0xFF, 0xFF, 0xFF, 0xFF, 0xFF, 0xFF, 0xFF, 0xFF, 0xFF, 0xFF, 0xFF, 0xFF, 0xFF, 0xFF, 0xFF,
    0xFF, 0xFF, 0xFF, 0xFB, 0xFF, 0x8C, 0x00, 0x05, 0x04, 0x00, 0x9F, 0xFE, 0xFB, 0xFF, 0xFF, 0xFF,
    0xFF, 0xFF, 0xFF, 0xFF, 0xFF, 0xFF, 0xFF, 0xFF, 0xFF, 0xFF, 0xFF, 0xFF, 0xFF, 0xFF, 0xFF, 0xFF,
    0xFF, 0xFF, 0xFF, 0xFF, 0xFF, 0xFF, 0xFF, 0xFF, 0xFF, 0xFF, 0xFF, 0xFD, 0xFF, 0xD9, 0x04, 0x01,
    0x01, 0x08, 0xDB, 0xFF, 0xFD, 0xFF, 0xFF, 0xFF, 0xFF, 0xFF, 0xFF, 0xFF, 0xFF, 0xFF, 0xFF, 0xFF,
    0xFF, 0xFF, 0xFF, 0xFF, 0xFF, 0xFF, 0xFF, 0xFF, 0xFF, 0xFF, 0xFF, 0xFF, 0xFF, 0xFF, 0xFF, 0xFF,
    0xFF, 0xFF, 0xFF, 0xFF, 0xFE, 0xFA, 0x29, 0x00, 0x00, 0x11, 0xF3, 0xFF, 0xFE, 0xFF, 0xFF, 0xFF,
    0xFF, 0xFF, 0xFF, 0xFF, 0xFF, 0xFF, 0xFF, 0xFF, 0xFF, 0xFF, 0xFF, 0xFF, 0xFF, 0xFF, 0xFF, 0xFF,
    0xFF, 0xFF, 0xFF, 0xFF, 0xFF, 0xFF, 0xFF, 0xFF, 0xFF, 0xFF, 0xFF, 0xFF, 0xFD, 0xFF, 0x43, 0x00,
    0x00, 0x10, 0xEF, 0xFF, 0xFE, 0xFF, 0xFF, 0xFF, 0xFF, 0xFF, 0xFF, 0xFF, 0xFF, 0xFF, 0xFF, 0xFF,
    0xFF, 0xFF, 0xFF, 0xFF, 0xFF, 0xFF, 0xFF, 0xFF, 0xFF, 0xFF, 0xFF, 0xFF, 0xFF, 0xFF, 0xFF, 0xFF,
    0xFF, 0xFF, 0xFF, 0xFF, 0xFD, 0xFF, 0x3F, 0x00, 0x00, 0x10, 0xF0, 0xFF, 0xFE, 0xFF, 0xFF, 0xFF,
    0xFF, 0xFF, 0xFF, 0xFF, 0xFF, 0xFF, 0xFF, 0xFF, 0xFF, 0xFF, 0xFF, 0xFF, 0xFF, 0xFF, 0xFF, 0xFF,
    0xFF, 0xFF, 0xFF, 0xFF, 0xFF, 0xFF, 0xFF, 0xFF, 0xFF, 0xFF, 0xFF, 0xFF, 0xFD, 0xFF, 0x40, 0x00,
    0x00, 0x10, 0xF0, 0xFF, 0xFE, 0xFF, 0xFF, 0xFF, 0xFF, 0xFF, 0xFF, 0xFF, 0xFF, 0xFF, 0xFF, 0xFF,
    0xFF, 0xFF, 0xFF, 0xFF, 0xFF, 0xFF, 0xFF, 0xFF, 0xFF, 0xFF, 0xFF, 0xFF, 0xFF, 0xFF, 0xFF, 0xFF,
    0xFF, 0xFF, 0xFF, 0xFF, 0xFD, 0xFF, 0x40, 0x00, 0x00, 0x10, 0xF0, 0xFF, 0xFE, 0xFF, 0xFF, 0xFF,
    0xFF, 0xFF, 0xFF, 0xFF, 0xFF, 0xFF, 0xFF, 0xFF, 0xFF, 0xFF, 0xFF, 0xFF, 0xFF, 0xFF, 0xFF, 0xFF,
    0xFF, 0xFF, 0xFF, 0xFF, 0xFF, 0xFF, 0xFF, 0xFF, 0xFF, 0xFF, 0xFF, 0xFF, 0xFD, 0xFF, 0x40, 0x00,
    0x00, 0x10, 0xF0, 0xFF, 0xFE, 0xFF, 0xFF, 0xFF, 0xFF, 0xFF, 0xFF, 0xFF, 0xFF, 0xFF, 0xFF, 0xFF,
    0xFF, 0xFF, 0xFF, 0xFF, 0xFF, 0xFF, 0xFF, 0xFF, 0xFF, 0xFF, 0xFF, 0xFF, 0xFF, 0xFF, 0xFF, 0xFF,
    0xFF, 0xFF, 0xFF, 0xFF, 0xFD, 0xFF, 0x40, 0x00, 0x00, 0x10, 0xF0, 0xFF, 0xFE, 0xFF, 0xFF, 0xFF,
    0xFF, 0xFF, 0xFF, 0xFF, 0xFF, 0xFF, 0xFF, 0xFF, 0xFF, 0xFF, 0xFF, 0xFF, 0xFF, 0xFF, 0xFF, 0xFF,
    0xFF, 0xFF, 0xFF, 0xFF, 0xFF, 0xFF, 0xFF, 0xFF, 0xFF, 0xFF, 0xFF, 0xFF, 0xFD, 0xFF, 0x40, 0x00,
    0x00, 0x10, 0xF0, 0xFF, 0xFE, 0xFF, 0xFF, 0xFF, 0xFF, 0xFF, 0xFF, 0xFF, 0xFF, 0xFF, 0xFF, 0xFF,
    0xFF, 0xFF, 0xFF, 0xFF, 0xFF, 0xFF, 0xFF, 0xFF, 0xFF, 0xFF, 0xFF, 0xFF, 0xFF, 0xFF, 0xFF, 0xFF,
    0xFF, 0xFF, 0xFF, 0xFF, 0xFD, 0xFF, 0x40, 0x00, 0x00, 0x10, 0xF0, 0xFF, 0xFE, 0xFF, 0xFF, 0xFF,
    0xFF, 0xFF, 0xFF, 0xFF, 0xFF, 0xFF, 0xFF, 0xFF, 0xFF, 0xFF, 0xFF, 0xFF, 0xFF, 0xFF, 0xFF, 0xFF,
    0xFF, 0xFF, 0xFF, 0xFF, 0xFF, 0xFF, 0xFF, 0xFF, 0xFF, 0xFF, 0xFF, 0xFF, 0xFD, 0xFF, 0x40, 0x00,
    0x00, 0x10, 0xF0, 0xFF, 0xFE, 0xFF, 0xFF, 0xFF, 0xFF, 0xFF, 0xFF, 0xFF, 0xFF, 0xFF, 0xFF, 0xFF,
    0xFF, 0xFF, 0xFF, 0xFF, 0xFF, 0xFF, 0xFF, 0xFF, 0xFF, 0xFF, 0xFF, 0xFF, 0xFF, 0xFF, 0xFF, 0xFF,
    0xFF, 0xFF, 0xFF, 0xFF, 0xFD, 0xFF, 0x40, 0x00, 0x00, 0x10, 0xF0, 0xFF, 0xFE, 0xFF, 0xFF, 0xFF,
    0xFF, 0xFF, 0xFF, 0xFF, 0xFF, 0xFF, 0xFF, 0xFF, 0xFF, 0xFF, 0xFF, 0xFF, 0xFF, 0xFF, 0xFF, 0xFF,
    0xFF, 0xFF, 0xFF, 0xFF, 0xFF, 0xFF, 0xFF, 0xFF, 0xFF, 0xFF, 0xFF, 0xFF, 0xFD, 0xFF, 0x40, 0x00,
    0x00, 0x10, 0xF0, 0xFF, 0xFE, 0xFF, 0xFF, 0xFF, 0xFF, 0xFF, 0xFF, 0xFF, 0xFF, 0xFF, 0xFF, 0xFF,
    0xFF, 0xFF, 0xFF, 0xFF, 0xFF, 0xFF, 0xFF, 0xFF, 0xFF, 0xFF, 0xFF, 0xFF, 0xFF, 0xFF, 0xFF, 0xFF,
    0xFF, 0xFF, 0xFF, 0xFF, 0xFD, 0xFF, 0x40, 0x00, 0x00, 0x10, 0xF0, 0xFF, 0xFE, 0xFF, 0xFF, 0xFF,
    0xFF, 0xFF, 0xFF, 0xFF, 0xFF, 0xFF, 0xFF, 0xFF, 0xFF, 0xFF, 0xFF, 0xFF, 0xFF, 0xFF, 0xFF, 0xFF,
    0xFF, 0xFF, 0xFF, 0xFF, 0xFF, 0xFF, 0xFF, 0xFF, 0xFF, 0xFF, 0xFF, 0xFF, 0xFD, 0xFF, 0x40, 0x00,
    0x00, 0x10, 0xF0, 0xFF, 0xFE, 0xFF, 0xFF, 0xFF, 0xFF, 0xFF, 0xFF, 0xFF, 0xFF, 0xFF, 0xFF, 0xFF,
    0xFF, 0xFF, 0xFF, 0xFF, 0xFF, 0xFF, 0xFF, 0xFF, 0xFF, 0xFF, 0xFF, 0xFF, 0xFF, 0xFF, 0xFF, 0xFF,
    0xFF, 0xFF, 0xFF, 0xFF, 0xFD, 0xFF, 0x40, 0x00, 0x00, 0x10, 0xF0, 0xFF, 0xFE, 0xFF, 0xFF, 0xFF,
    0xFF, 0xFF, 0xFF, 0xFF, 0xFF, 0xFF, 0xFF, 0xFF, 0xFF, 0xFF, 0xFF, 0xFF, 0xFF, 0xFF, 0xFF, 0xFF,
    0xFF, 0xFF, 0xFF, 0xFF, 0xFF, 0xFF, 0xFF, 0xFF, 0xFF, 0xFF, 0xFF, 0xFF, 0xFD, 0xFF, 0x40, 0x00,
    0x00, 0x10, 0xF0, 0xFF, 0xFE, 0xFF, 0xFF, 0xFF, 0xFF, 0xFF, 0xFF, 0xFF, 0xFF, 0xFF, 0xFF, 0xFF,
    0xFF, 0xFF, 0xFF, 0xFF, 0xFF, 0xFF, 0xFF, 0xFF, 0xFF, 0xFF, 0xFF, 0xFF, 0xFF, 0xFF, 0xFF, 0xFF,
    0xFF, 0xFF, 0xFF, 0xFF, 0xFD, 0xFF, 0x40, 0x00, 0x00, 0x10, 0xEF, 0xFF, 0xFE, 0xFF, 0xFF, 0xFF,
    0xFF, 0xFF, 0xFF, 0xFF, 0xFF, 0xFF, 0xFF, 0xFF, 0xFF, 0xFF, 0xFF, 0xFF, 0xFF, 0xFF, 0xFF, 0xFF,
    0xFF, 0xFF, 0xFF, 0xFF, 0xFF, 0xFF, 0xFF, 0xFF, 0xFF, 0xFF, 0xFF, 0xFF, 0xFD, 0xFF, 0x3F, 0x00,
    0x00, 0x11, 0xF2, 0xFF, 0xFE, 0xFF, 0xFF, 0xFF, 0xFF, 0xFF, 0xFF, 0xFF, 0xFF, 0xFF, 0xFF, 0xFF,
    0xFF, 0xFF, 0xFF, 0xFF, 0xFF, 0xFF, 0xFF, 0xFF, 0xFF, 0xFF, 0xFF, 0xFF, 0xFF, 0xFF, 0xFF, 0xFF,
    0xFF, 0xFF, 0xFF, 0xFF, 0xFD, 0xFF, 0x42, 0x00, 0x01, 0x0C, 0xE5, 0xFF, 0xFE, 0xFF, 0xFF, 0xFF,
    0xFF, 0xFF, 0xFF, 0xFF, 0xFF, 0xFF, 0xFF, 0xFF, 0xFF, 0xFF, 0xFF, 0xFF, 0xFF, 0xFF, 0xFF, 0xFF,
    0xFF, 0xFF, 0xFF, 0xFF, 0xFF, 0xFF, 0xFF, 0xFF, 0xFF, 0xFF, 0xFF, 0xFF, 0xFE, 0xFD, 0x35, 0x00,
    0x04, 0x00, 0xB0, 0xFE, 0xFC, 0xFF, 0xFF, 0xFF, 0xFF, 0xFF, 0xFF, 0xFF, 0xFF, 0xFF, 0xFF, 0xFF,
    0xFF, 0xFF, 0xFF, 0xFF, 0xFF, 0xFF, 0xFF, 0xFF, 0xFF, 0xFF, 0xFF, 0xFF, 0xFF, 0xFF, 0xFF, 0xFF,
    0xFF, 0xFF, 0xFF, 0xFE, 0xFF, 0xE6, 0x0A, 0x01, 0x04, 0x00, 0x62, 0xFF, 0xFC, 0xFF, 0xFF, 0xFF,
    0xFF, 0xFF, 0xFF, 0xFF, 0xFF, 0xFF, 0xFF, 0xFF, 0xFF, 0xFF, 0xFF, 0xFF, 0xFF, 0xFF, 0xFF, 0xFF,
    0xFF, 0xFF, 0xFF, 0xFF, 0xFF, 0xFF, 0xFF, 0xFF, 0xFF, 0xFF, 0xFF, 0xFB, 0xFE, 0xA2, 0x00, 0x04,
    0x01, 0x01, 0x15, 0xEE, 0xFD, 0xFE, 0xFF, 0xFF, 0xFF, 0xFF, 0xFF, 0xFF, 0xFF, 0xFF, 0xFF, 0xFF,
    0xFF, 0xFF, 0xFF, 0xFF, 0xFF, 0xFF, 0xFF, 0xFF, 0xFF, 0xFF, 0xFF, 0xFF, 0xFF, 0xFF, 0xFF, 0xFF,
    0xFF, 0xFF, 0xFF, 0xFC, 0xFF, 0x42, 0x00, 0x03, 0x00, 0x03, 0x00, 0x6B, 0xFF, 0xFA, 0xFF, 0xFF,
    0xFF, 0xFF, 0xFF, 0xFF, 0xFF, 0xFF, 0xFF, 0xFF, 0xFF, 0xFF, 0xFF, 0xFF, 0xFF, 0xFF, 0xFF, 0xFF,
    0xFF, 0xFF, 0xFF, 0xFF, 0xFF, 0xFF, 0xFF, 0xFF, 0xFF, 0xFF, 0xFA, 0xFF, 0xAA, 0x00, 0x03, 0x00,
    0x00, 0x00, 0x03, 0x00, 0xAC, 0xFF, 0xF9, 0xFE, 0xFF, 0xFF, 0xFF, 0xFF, 0xFF, 0xFF, 0xFF, 0xFF,
    0xFF, 0xFF, 0xFF, 0xFF, 0xFF, 0xFF, 0xFF, 0xFF, 0xFF, 0xFF, 0xFF, 0xFF, 0xFF, 0xFF, 0xFF, 0xFF,
    0xFF, 0xFA, 0xFF, 0xDE, 0x12, 0x02, 0x01, 0x00, 0x00, 0x00, 0x01, 0x01, 0x11, 0xB8, 0xFF, 0xFF,
    0xFB, 0xFD, 0xFE, 0xFF, 0xFF, 0xFF, 0xFF, 0xFF, 0xFF, 0xFF, 0xFF, 0xFF, 0xFF, 0xFF, 0xFF, 0xFF,
    0xFF, 0xFF, 0xFF, 0xFF, 0xFF, 0xFF, 0xFD, 0xFB, 0xFD, 0xFF, 0xDA, 0x34, 0x00, 0x02, 0x00, 0x00,
    0x00, 0x00, 0x00, 0x01, 0x00, 0x00, 0x80, 0xF9, 0xFF, 0xFF, 0xFF, 0xFD, 0xFD, 0xFD, 0xFD, 0xFD,
    0xFD, 0xFD, 0xFD, 0xFD, 0xFD, 0xFD, 0xFD, 0xFD, 0xFD, 0xFD, 0xFD, 0xFD, 0xFD, 0xFE, 0xFF, 0xFF,
    0xFF, 0xA7, 0x13, 0x00, 0x02, 0x00, 0x00, 0x00, 0x00, 0x00, 0x00, 0x00, 0x01, 0x01, 0x00, 0x2C,
    0x8C, 0xD6, 0xFD, 0xFF, 0xFF, 0xFF, 0xFF, 0xFF, 0xFF, 0xFF, 0xFF, 0xFF, 0xFF, 0xFF, 0xFF, 0xFF,
    0xFF, 0xFF, 0xFF, 0xFF, 0xFF, 0xFF, 0xE2, 0x9F, 0x46, 0x00, 0x00, 0x02, 0x00, 0x00, 0x00, 0x00,
    0x00, 0x00, 0x00, 0x00, 0x00, 0x00, 0x03, 0x00, 0x00, 0x03, 0x28, 0x40, 0x40, 0x40, 0x40, 0x40,
    0x40, 0x40, 0x40, 0x40, 0x40, 0x40, 0x40, 0x40, 0x40, 0x40, 0x40, 0x40, 0x40, 0x34, 0x09, 0x00,
    0x00, 0x02, 0x01, 0x00, 0x00, 0x00, 0x00, 0x00, 0x00, 0x00, 0x00, 0x00, 0x00, 0x00, 0x00, 0x02,
    0x04, 0x00, 0x00, 0x00, 0x00, 0x00, 0x00, 0x00, 0x00, 0x00, 0x00, 0x00, 0x00, 0x00, 0x00, 0x00,
    0x00, 0x00, 0x00, 0x00, 0x00, 0x00, 0x00, 0x04, 0x03, 0x00, 0x00, 0x00, 0x00, 0x00, 0x00, 0x00,
};

const lv_image_dsc_t icon_home_image = {
    .header.magic = LV_IMAGE_HEADER_MAGIC,
    .header.cf = LV_COLOR_FORMAT_RGB565A8,
    .header.w = 40,
    .header.h = 40,
    .data_size = 4800,
    .data = icon_home_image_map,
};

const LV_ATTRIBUTE_MEM_ALIGN uint8_t icon_home_stopwatch_map[] = {
    0x00, 0x00, 0x00, 0x00, 0x00, 0x00, 0x00, 0x00, 0x00, 0x00, 0x00, 0x00, 0x00, 0x00, 0x00, 0xF8,
    0x4A, 0xFD, 0xE7, 0xFB, 0x00, 0x00, 0x00, 0x00, 0x00, 0x00, 0x00, 0x00, 0x00, 0x00, 0x00, 0x00,
    0x00, 0x00, 0x00, 0x00, 0x00, 0x00, 0x00, 0x00, 0x00, 0x00, 0x00, 0x00, 0x00, 0x00, 0x00, 0x00,
    0x00, 0x00, 0x00, 0x00, 0x00, 0x00, 0x00, 0x00, 0x00, 0x00, 0x00, 0x00, 0x4A, 0xFD, 0xE7, 0xFD,
    0xE0, 0xFF, 0x00, 0x00, 0x00, 0x00, 0x00, 0x00, 0x00, 0x00, 0x00, 0x00, 0x00, 0x00, 0x00, 0x00,
    0x00, 0x00, 0x00, 0x00, 0x00, 0x00, 0x00, 0x00, 0x00, 0x00, 0x00, 0x00, 0x4A, 0xFD, 0x00, 0x00,
    0x00, 0x00, 0x00, 0x00, 0x4A, 0xFD, 0xE9, 0xFD, 0xE9, 0xFC, 0xE9, 0xFC, 0xE9, 0xFC, 0xE9, 0xFC,
    0xE9, 0xFC, 0xE9, 0xFC, 0xE9, 0xFC, 0xE9, 0xFC, 0xE9, 0xFC, 0xE9, 0xFC, 0xE9, 0xFC, 0xE9, 0xFC,
    0xE9, 0xFC, 0xE9, 0xFC, 0xE9, 0xFC, 0xE9, 0xFC, 0x69, 0xFD, 0x4A, 0xFD, 0x00, 0x00, 0x00, 0x00,
    0x00, 0x00, 0x4A, 0xFD, 0x00, 0x00, 0x00, 0x00, 0x00, 0x00, 0x00, 0x00, 0x00, 0x00, 0x00, 0x00,
    0x00, 0x00, 0x00, 0x00, 0x00, 0x00, 0x00, 0x00, 0x00, 0x00, 0xE7, 0xFB, 0x00, 0x00, 0x4A, 0xFD,
    0x29, 0xFD, 0x29, 0xFD, 0x29, 0xFD, 0x29, 0xFD, 0x09, 0xFD, 0x09, 0xFD, 0x09, 0xFD, 0x09, 0xFD,
    0x09, 0xFD, 0x09, 0xFD, 0x09, 0xFD, 0x09, 0xFD, 0x09, 0xFD, 0x09, 0xFD, 0x09, 0xFD, 0x09, 0xFD,
    0x09, 0xFD, 0x09, 0xFD, 0x09, 0xFD, 0x29, 0xFD, 0x29, 0xFD, 0x29, 0xFD, 0x29, 0xFD, 0x49, 0xFD,
    0x0A, 0xFD, 0x00, 0x00, 0xEF, 0xFB, 0xE0, 0xFF, 0x00, 0x00, 0x00, 0x00, 0x00, 0x00, 0x00, 0x00,
    0x00, 0x00, 0x00, 0x00, 0x00, 0x00, 0x00, 0x00, 0xE0, 0xFF, 0x00, 0x00, 0x28, 0xFD, 0x29, 0xFD,
    0x69, 0xFD, 0x69, 0xFD, 0x49, 0xFD, 0x29, 0xFD, 0x29, 0xFD, 0x29, 0xFD, 0x29, 0xFD, 0x29, 0xFD,
    0x29, 0xFD, 0x29, 0xFD, 0x29, 0xFD, 0x29, 0xFD, 0x29, 0xFD, 0x29, 0xFD, 0x29, 0xFD, 0x29, 0xFD,
    0x29, 0xFD, 0x29, 0xFD, 0x29, 0xFD, 0x29, 0xFD, 0x29, 0xFD, 0x29, 0xFD, 0x69, 0xFD, 0x69, 0xFD,
    0x49, 0xFD, 0x29, 0xFD, 0x00, 0x00, 0x00, 0x00, 0xE0, 0xFF, 0x00, 0x00, 0x00, 0x00, 0x00, 0x00,
    0x00, 0x00, 0x00, 0x00, 0x00, 0x00, 0x4A, 0xFD, 0xE0, 0xFF, 0x09, 0xFD, 0x49, 0xFD, 0x49, 0xFD,
    0x08, 0xFD, 0x08, 0xFD, 0x08, 0xFD, 0x08, 0xFD, 0x08, 0xFD, 0x08, 0xFD, 0x08, 0xFD, 0x08, 0xFD,
    0x08, 0xFD, 0x08, 0xFD, 0x09, 0xFD, 0x09, 0xFD, 0x09, 0xFD, 0x09, 0xFD, 0x09, 0xFD, 0x08, 0xFD,
    0x08, 0xFD, 0x08, 0xFD, 0x08, 0xFD, 0x08, 0xFD, 0x08, 0xFD, 0x08, 0xFD, 0x08, 0xFD, 0x08, 0xFD,
    0x29, 0xFD, 0x69, 0xFD, 0x29, 0xFD, 0x08, 0xFD, 0xE0, 0xFF, 0xE0, 0xFF, 0x00, 0x00, 0x00, 0x00,
    0x00, 0x00, 0x00, 0x00, 0xE7, 0xFD, 0x00, 0x00, 0xE8, 0xFC, 0x89, 0xFD, 0x08, 0xFD, 0x08, 0xFD,
    0x08, 0xFD, 0x08, 0xFD, 0x08, 0xFD, 0x08, 0xFD, 0x08, 0xFD, 0x08, 0xFD, 0x08, 0xFD, 0x08, 0xFD,
    0x08, 0xFD, 0x08, 0xFD, 0xC7, 0xFC, 0xC7, 0xFC, 0xC7, 0xFC, 0xC7, 0xFC, 0xE8, 0xFC, 0x08, 0xFD,
    0x08, 0xFD, 0x08, 0xFD, 0x08, 0xFD, 0x08, 0xFD, 0x08, 0xFD, 0x08, 0xFD, 0x08, 0xFD, 0x08, 0xFD,
    0x08, 0xFD, 0x08, 0xFD, 0x89, 0xFD, 0x08, 0xFD, 0x00, 0xF8, 0x4A, 0xFD, 0x00, 0x00, 0x00, 0x00,
    0x00, 0x00, 0x4A, 0xFD, 0x00, 0x00, 0xE8, 0xFC, 0x29, 0xFD, 0x08, 0xFD, 0xE8, 0xFC, 0x08, 0xFD,
    0x08, 0xFD, 0x08, 0xFD, 0x08, 0xFD, 0x08, 0xFD, 0x08, 0xFD, 0x08, 0xFD, 0x08, 0xFD, 0x08, 0xFD,
    0x08, 0xFD, 0x08, 0xFD, 0x52, 0xFE, 0x94, 0xFE, 0x74, 0xFE, 0x73, 0xFE, 0x4A, 0xFD, 0xE8, 0xFC,
    0x08, 0xFD, 0x08, 0xFD, 0x08, 0xFD, 0x08, 0xFD, 0xE8, 0xFC, 0x08, 0xFD, 0x08, 0xFD, 0x08, 0xFD,
    0x08, 0xFD, 0x08, 0xFD, 0xE8, 0xFC, 0x69, 0xFD, 0xE8, 0xFC, 0x00, 0x00, 0x4A, 0xFD, 0x00, 0x00,
    0x00, 0x00, 0xFF, 0xFF, 0x47, 0xFD, 0xE8, 0xFC, 0x28, 0xFD, 0xE8, 0xFC, 0xE8, 0xFC, 0xE8, 0xFC,
    0xE8, 0xFC, 0xE8, 0xFC, 0xE8, 0xFC, 0xE8, 0xFC, 0xE8, 0xFC, 0xE8, 0xFC, 0xE8, 0xFC, 0x08, 0xFD,
    0xC6, 0xFC, 0x52, 0xFE, 0xFF, 0xFF, 0xFF, 0xFF, 0xFF, 0xFF, 0xFF, 0xFF, 0x18, 0xFF, 0xC7, 0xFC,
    0x08, 0xFD, 0xE8, 0xFC, 0xE8, 0xFC, 0xE7, 0xFC, 0x2A, 0xFD, 0xC7, 0xFC, 0xE8, 0xFC, 0xE8, 0xFC,
    0xE8, 0xFC, 0xE8, 0xFC, 0xE8, 0xFC, 0x08, 0xFD, 0x08, 0xFD, 0xE8, 0xFC, 0x00, 0x00, 0xE0, 0xFF,
    0xE7, 0xFB, 0x00, 0x00, 0xE8, 0xFC, 0x28, 0xFD, 0xE8, 0xFC, 0xE8, 0xFC, 0xE8, 0xFC, 0xE8, 0xFC,
    0xE8, 0xFC, 0xE8, 0xFC, 0xE8, 0xFC, 0xE8, 0xFC, 0xE8, 0xFC, 0xE8, 0xFC, 0xE8, 0xFC, 0x08, 0xFD,
    0xA6, 0xFC, 0x94, 0xFE, 0xFF, 0xFF, 0xFF, 0xFF, 0xFF, 0xFF, 0xFF, 0xFF, 0x5A, 0xFF, 0xC7, 0xFC,
    0xE8, 0xFC, 0xE8, 0xFC, 0xA6, 0xFC, 0x31, 0xFE, 0xBD, 0xFF, 0xAD, 0xFD, 0xC7, 0xFC, 0xE8, 0xFC,
    0xE8, 0xFC, 0xE8, 0xFC, 0xE8, 0xFC, 0xE8, 0xFC, 0x49, 0xFD, 0xE8, 0xFC, 0x00, 0x00, 0xC6, 0xFC,
    0xE7, 0xFD, 0x00, 0x00, 0xE8, 0xFC, 0x28, 0xFD, 0xE8, 0xFC, 0xE8, 0xFC, 0xE8, 0xFC, 0xE8, 0xFC,
    0xE8, 0xFC, 0xE8, 0xFC, 0xE8, 0xFC, 0xE8, 0xFC, 0xE8, 0xFC, 0xE8, 0xFC, 0xE8, 0xFC, 0xE8, 0xFC,
    0xC7, 0xFC, 0x2A, 0xFD, 0x18, 0xFF, 0x3A, 0xFF, 0x3A, 0xFF, 0x39, 0xFF, 0x8D, 0xFD, 0xC7, 0xFC,
    0xE8, 0xFC, 0xA6, 0xFC, 0x11, 0xFE, 0xFF, 0xFF, 0xFF, 0xFF, 0x39, 0xFF, 0xC7, 0xFC, 0xE8, 0xFC,
    0xE8, 0xFC, 0xE8, 0xFC, 0xE8, 0xFC, 0xE8, 0xFC, 0x08, 0xFD, 0xE8, 0xFC, 0xE7, 0xFD, 0xE0, 0xFF,
    0xE0, 0xFF, 0xE7, 0xFC, 0xE8, 0xFC, 0x08, 0xFD, 0xC8, 0xFC, 0xE8, 0xFC, 0xE8, 0xFC, 0xE8, 0xFC,
    0xE8, 0xFC, 0xE8, 0xFC, 0xE8, 0xFC, 0xE8, 0xFC, 0xE8, 0xFC, 0xE8, 0xFC, 0xE8, 0xFC, 0xE8, 0xFC,
    0xE8, 0xFC, 0xA6, 0xFC, 0x85, 0xFC, 0x85, 0xFC, 0x85, 0xFC, 0x85, 0xFC, 0x86, 0xFC, 0xE8, 0xFC,
    0xC7, 0xFC, 0x31, 0xFE, 0xFF, 0xFF, 0xFF, 0xFF, 0x5A, 0xFF, 0x09, 0xFD, 0xC7, 0xFC, 0xE8, 0xFC,
    0xE8, 0xFC, 0xE8, 0xFC, 0xE8, 0xFC, 0xC8, 0xFC, 0xE8, 0xFC, 0x08, 0xFD, 0xC7, 0xFC, 0x00, 0x00,
    0x00, 0x00, 0x27, 0xFD, 0xC7, 0xFC, 0xE8, 0xFC, 0xC7, 0xFC, 0xC7, 0xFC, 0xC7, 0xFC, 0xC7, 0xFC,
    0xC7, 0xFC, 0xC7, 0xFC, 0xC7, 0xFC, 0xC7, 0xFC, 0xC7, 0xFC, 0xE8, 0xFC, 0xC7, 0xFC, 0xA6, 0xFC,
    0xC7, 0xFC, 0x6C, 0xFD, 0x11, 0xFE, 0x73, 0xFE, 0x73, 0xFE, 0x32, 0xFE, 0x8D, 0xFD, 0x09, 0xFD,
    0x85, 0xFC, 0x8D, 0xFD, 0xFF, 0xFF, 0x7B, 0xFF, 0xE8, 0xFC, 0xA7, 0xFC, 0xE8, 0xFC, 0xC7, 0xFC,
    0xC7, 0xFC, 0xC7, 0xFC, 0xC7, 0xFC, 0xC7, 0xFC, 0xC7, 0xFC, 0x08, 0xFD, 0xE8, 0xFC, 0x00, 0x00,
    0x00, 0x00, 0xE7, 0xFC, 0xC7, 0xFC, 0xE7, 0xFC, 0xC7, 0xFC, 0xC7, 0xFC, 0xC7, 0xFC, 0xC7, 0xFC,
    0xC7, 0xFC, 0xC7, 0xFC, 0xC7, 0xFC, 0xC7, 0xFC, 0xC8, 0xFC, 0xA6, 0xFC, 0xC7, 0xFC, 0xF0, 0xFD,
    0x5B, 0xFF, 0xFF, 0xFF, 0xFF, 0xFF, 0xFF, 0xFF, 0xFF, 0xFF, 0xFF, 0xFF, 0xFF, 0xFF, 0x9C, 0xFF,
    0x73, 0xFE, 0xC7, 0xFC, 0x2A, 0xFD, 0x2A, 0xFD, 0xA6, 0xFC, 0xC8, 0xFC, 0xC7, 0xFC, 0xC7, 0xFC,
    0xC7, 0xFC, 0xC7, 0xFC, 0xC7, 0xFC, 0xC7, 0xFC, 0xC7, 0xFC, 0x08, 0xFD, 0xE8, 0xFC, 0x00, 0x00,
    0x00, 0x00, 0xE7, 0xFC, 0xC7, 0xFC, 0xE7, 0xFC, 0xC7, 0xFC, 0xC7, 0xFC, 0xC7, 0xFC, 0xC7, 0xFC,
    0xC7, 0xFC, 0xC7, 0xFC, 0xC7, 0xFC, 0xC8, 0xFC, 0x86, 0xFC, 0x4B, 0xFD, 0x5A, 0xFF, 0xFF, 0xFF,
    0xFF, 0xFF, 0xFF, 0xFF, 0x9C, 0xFF, 0x39, 0xFF, 0x39, 0xFF, 0x7B, 0xFF, 0xFF, 0xFF, 0xFF, 0xFF,
    0xFF, 0xFF, 0xBD, 0xFF, 0xAE, 0xFD, 0x85, 0xFC, 0xC8, 0xFC, 0xC7, 0xFC, 0xC7, 0xFC, 0xC7, 0xFC,
    0xC7, 0xFC, 0xC7, 0xFC, 0xC7, 0xFC, 0xC7, 0xFC, 0xC7, 0xFC, 0x08, 0xFD, 0xC7, 0xFC, 0x00, 0x00,
    0x00, 0x00, 0xE7, 0xFC, 0xA7, 0xF4, 0xC7, 0xFC, 0xA7, 0xF4, 0xC7, 0xFC, 0xC7, 0xFC, 0xC7, 0xFC,
    0xC7, 0xFC, 0xC7, 0xFC, 0xC7, 0xFC, 0x86, 0xFC, 0x4C, 0xFD, 0xDE, 0xFF, 0xFF, 0xFF, 0xFF, 0xFF,
    0x74, 0xFE, 0x6C, 0xFD, 0xC8, 0xFC, 0x64, 0xFC, 0x44, 0xF4, 0xA7, 0xFC, 0x2B, 0xFD, 0x31, 0xFE,
    0x9D, 0xFF, 0xFF, 0xFF, 0xFF, 0xFF, 0x11, 0xFE, 0x85, 0xFC, 0xC7, 0xFC, 0xC7, 0xFC, 0xC7, 0xFC,
    0xC7, 0xFC, 0xC7, 0xFC, 0xC7, 0xFC, 0xC7, 0xFC, 0xC7, 0xF4, 0xE7, 0xFC, 0xA7, 0xFC, 0x00, 0x00,
    0x00, 0x00, 0xE7, 0xFC, 0xA7, 0xF4, 0xC7, 0xFC, 0xA7, 0xF4, 0xA7, 0xFC, 0xA7, 0xFC, 0xA7, 0xFC,
    0xA7, 0xFC, 0xC7, 0xFC, 0x86, 0xFC, 0x4B, 0xFD, 0xDE, 0xFF, 0xFF, 0xFF, 0x5B, 0xFF, 0x4B, 0xFD,
    0x65, 0xF4, 0x86, 0xFC, 0xC7, 0xFC, 0x52, 0xFE, 0x73, 0xFE, 0x2A, 0xFD, 0x85, 0xFC, 0x65, 0xFC,
    0xE9, 0xFC, 0xF7, 0xFE, 0xFF, 0xFF, 0xFF, 0xFF, 0xF0, 0xFD, 0x85, 0xFC, 0xC7, 0xFC, 0xA7, 0xFC,
    0xA7, 0xFC, 0xA7, 0xFC, 0xA7, 0xFC, 0xA7, 0xFC, 0xA7, 0xF4, 0xE7, 0xFC, 0xA7, 0xFC, 0x00, 0x00,
    0x00, 0x00, 0xE7, 0xFC, 0xA7, 0xF4, 0xC7, 0xFC, 0xA7, 0xF4, 0xA7, 0xFC, 0xA7, 0xFC, 0xA7, 0xFC,
    0xA7, 0xFC, 0xA7, 0xFC, 0xA6, 0xFC, 0x5B, 0xFF, 0xFF, 0xFF, 0x5B, 0xFF, 0xC8, 0xFC, 0x85, 0xF4,
    0xC7, 0xFC, 0xA7, 0xFC, 0xE9, 0xFC, 0xFF, 0xFF, 0xFF, 0xFF, 0x8D, 0xFD, 0x85, 0xFC, 0xC8, 0xFC,
    0x86, 0xF4, 0x65, 0xF4, 0xB6, 0xFE, 0xFF, 0xFF, 0xDE, 0xFF, 0x0A, 0xFD, 0x86, 0xF4, 0xA7, 0xF4,
    0xA7, 0xFC, 0xA7, 0xFC, 0xA7, 0xFC, 0xA7, 0xFC, 0xA7, 0xF4, 0xE7, 0xFC, 0xA6, 0xFC, 0x00, 0x00,
    0x00, 0x00, 0x67, 0xFC, 0x87, 0xF4, 0xA7, 0xFC, 0x87, 0xF4, 0xA7, 0xF4, 0xA7, 0xF4, 0xA7, 0xF4,
    0xA7, 0xF4, 0x65, 0xF4, 0xF0, 0xFD, 0xFF, 0xFF, 0xDE, 0xFF, 0x4B, 0xFD, 0x65, 0xF4, 0xA7, 0xF4,
    0xA7, 0xF4, 0x86, 0xF4, 0xC8, 0xFC, 0xBD, 0xFF, 0xFF, 0xFF, 0x6D, 0xFD, 0x65, 0xF4, 0xA7, 0xF4,
    0xA7, 0xF4, 0x86, 0xF4, 0xA7, 0xF4, 0x7C, 0xFF, 0xFF, 0xFF, 0xB6, 0xFE, 0x65, 0xF4, 0xA7, 0xF4,
    0xA7, 0xF4, 0xA7, 0xF4, 0xA7, 0xF4, 0xA7, 0xF4, 0xA6, 0xF4, 0xC7, 0xFC, 0xA6, 0xF4, 0x00, 0x00,
    0x00, 0x00, 0x67, 0xFC, 0x86, 0xF4, 0xA7, 0xFC, 0x86, 0xF4, 0xA6, 0xF4, 0xA6, 0xF4, 0x86, 0xF4,
    0x86, 0xF4, 0xA6, 0xF4, 0x7B, 0xFF, 0xFF, 0xFF, 0x74, 0xFE, 0x44, 0xF4, 0xA7, 0xF4, 0x86, 0xF4,
    0xA7, 0xF4, 0x86, 0xF4, 0xC8, 0xFC, 0xBE, 0xFF, 0xFF, 0xFF, 0x6D, 0xFD, 0x65, 0xF4, 0xA7, 0xF4,
    0x86, 0xF4, 0xA7, 0xF4, 0x65, 0xF4, 0xAE, 0xFD, 0xFF, 0xFF, 0xDF, 0xFF, 0x2A, 0xFD, 0x86, 0xF4,
    0xA7, 0xF4, 0xA6, 0xF4, 0xA6, 0xF4, 0xA6, 0xF4, 0xA6, 0xF4, 0xC7, 0xFC, 0x86, 0xF4, 0x00, 0x00,
    0x00, 0x00, 0x65, 0xFC, 0x86, 0xF4, 0xA6, 0xFC, 0x86, 0xF4, 0x86, 0xF4, 0x86, 0xF4, 0x86, 0xF4,
    0x65, 0xF4, 0x4B, 0xFD, 0xFF, 0xFF, 0xFF, 0xFF, 0x4C, 0xFD, 0x65, 0xF4, 0x86, 0xF4, 0x86, 0xF4,
    0x86, 0xF4, 0x86, 0xF4, 0xC8, 0xF4, 0xBD, 0xFF, 0xFF, 0xFF, 0x6D, 0xFD, 0x65, 0xF4, 0x86, 0xF4,
    0x86, 0xF4, 0x86, 0xF4, 0x86, 0xF4, 0xA7, 0xF4, 0x9D, 0xFF, 0xFF, 0xFF, 0x11, 0xFE, 0x44, 0xF4,
    0xA7, 0xF4, 0x86, 0xF4, 0x86, 0xF4, 0x86, 0xF4, 0x86, 0xF4, 0xC7, 0xFC, 0x86, 0xF4, 0x00, 0x00,
    0x00, 0x00, 0x65, 0xFC, 0x86, 0xF4, 0x86, 0xFC, 0x86, 0xF4, 0x86, 0xF4, 0x86, 0xF4, 0x86, 0xF4,
    0x44, 0xF4, 0xD0, 0xFD, 0xFF, 0xFF, 0x9C, 0xFF, 0xA7, 0xF4, 0x86, 0xF4, 0x86, 0xF4, 0x86, 0xF4,
    0x86, 0xF4, 0x65, 0xF4, 0xE9, 0xF4, 0xDE, 0xFF, 0xFF, 0xFF, 0x6C, 0xFD, 0x45, 0xF4, 0x86, 0xF4,
    0x86, 0xF4, 0x86, 0xF4, 0x86, 0xF4, 0x45, 0xF4, 0xD7, 0xFE, 0xFF, 0xFF, 0xB6, 0xFE, 0x45, 0xF4,
    0x86, 0xF4, 0x86, 0xF4, 0x86, 0xF4, 0x86, 0xF4, 0x86, 0xF4, 0xC7, 0xFC, 0x86, 0xF4, 0x00, 0x00,
    0x00, 0x00, 0x65, 0xFC, 0x66, 0xF4, 0x86, 0xFC, 0x66, 0xF4, 0x86, 0xF4, 0x86, 0xF4, 0x86, 0xF4,
    0x44, 0xF4, 0x53, 0xFE, 0xFF, 0xFF, 0x18, 0xFF, 0x45, 0xF4, 0x86, 0xF4, 0x86, 0xF4, 0x86, 0xF4,
    0x86, 0xF4, 0x45, 0xF4, 0xB6, 0xFE, 0xFF, 0xFF, 0xFF, 0xFF, 0xB6, 0xFE, 0x45, 0xF4, 0x86, 0xF4,
    0x86, 0xF4, 0x86, 0xF4, 0x86, 0xF4, 0x44, 0xF4, 0x32, 0xFE, 0xFF, 0xFF, 0x19, 0xFF, 0x65, 0xF4,
    0x86, 0xF4, 0x86, 0xF4, 0x86, 0xF4, 0x86, 0xF4, 0x86, 0xF4, 0xA6, 0xFC, 0x86, 0xF4, 0x00, 0x00,
    0x00, 0x00, 0x65, 0xFC, 0x66, 0xF4, 0x86, 0xFC, 0x66, 0xF4, 0x86, 0xF4, 0x86, 0xF4, 0x86, 0xF4,
    0x24, 0xF4, 0x33, 0xFE, 0xFF, 0xFF, 0xF8, 0xFE, 0x45, 0xF4, 0x86, 0xF4, 0x86, 0xF4, 0x86, 0xF4,
    0x86, 0xF4, 0x44, 0xF4, 0xB6, 0xFE, 0xFF, 0xFF, 0xFF, 0xFF, 0xD6, 0xFE, 0x44, 0xF4, 0x86, 0xF4,
    0x86, 0xF4, 0x86, 0xF4, 0x86, 0xF4, 0x44, 0xF4, 0x32, 0xFE, 0xFF, 0xFF, 0x19, 0xFF, 0x45, 0xF4,
    0x86, 0xF4, 0x86, 0xF4, 0x86, 0xF4, 0x86, 0xF4, 0x86, 0xF4, 0xA6, 0xFC, 0x66, 0xF4, 0x00, 0x00,
    0x00, 0x00, 0x65, 0xFC, 0x66, 0xF4, 0x86, 0xFC, 0x66, 0xF4, 0x66, 0xF4, 0x66, 0xF4, 0x86, 0xF4,
    0x24, 0xF4, 0xF1, 0xFD, 0xFF, 0xFF, 0x5B, 0xFF, 0x66, 0xF4, 0x66, 0xF4, 0x66, 0xF4, 0x66, 0xF4,
    0x66, 0xF4, 0x65, 0xF4, 0xA7, 0xF4, 0xB6, 0xFE, 0xB6, 0xFE, 0xA7, 0xF4, 0x65, 0xF4, 0x66, 0xF4,
    0x66, 0xF4, 0x66, 0xF4, 0x86, 0xF4, 0x24, 0xF4, 0x95, 0xFE, 0xFF, 0xFF, 0xD7, 0xFE, 0x44, 0xF4,
    0x86, 0xF4, 0x66, 0xF4, 0x66, 0xF4, 0x66, 0xF4, 0x66, 0xF4, 0xA6, 0xFC, 0x65, 0xF4, 0x00, 0x00,
    0x00, 0x00, 0x65, 0xFC, 0x65, 0xF4, 0x66, 0xFC, 0x66, 0xF4, 0x66, 0xF4, 0x66, 0xF4, 0x66, 0xF4,
    0x24, 0xF4, 0x4C, 0xF5, 0xFF, 0xFF, 0xFF, 0xFF, 0xEA, 0xF4, 0x45, 0xF4, 0x66, 0xF4, 0x66, 0xF4,
    0x66, 0xF4, 0x66, 0xF4, 0x45, 0xF4, 0x24, 0xF4, 0x24, 0xF4, 0x45, 0xF4, 0x66, 0xF4, 0x66, 0xF4,
    0x66, 0xF4, 0x66, 0xF4, 0x66, 0xF4, 0x66, 0xF4, 0x7B, 0xFF, 0xFF, 0xFF, 0x32, 0xFE, 0x23, 0xF4,
    0x66, 0xF4, 0x66, 0xF4, 0x66, 0xF4, 0x66, 0xF4, 0x66, 0xF4, 0xA6, 0xFC, 0x65, 0xF4, 0x00, 0x00,
    0x00, 0x00, 0x65, 0xFC, 0x65, 0xF4, 0x66, 0xFC, 0x45, 0xF4, 0x65, 0xF4, 0x65, 0xF4, 0x65, 0xF4,
    0x45, 0xF4, 0x87, 0xF4, 0x9D, 0xFF, 0xFF, 0xFF, 0x11, 0xFE, 0x03, 0xF4, 0x66, 0xF4, 0x65, 0xF4,
    0x65, 0xF4, 0x65, 0xF4, 0x66, 0xF4, 0x66, 0xF4, 0x66, 0xF4, 0x66, 0xF4, 0x65, 0xF4, 0x65, 0xF4,
    0x65, 0xF4, 0x66, 0xF4, 0x24, 0xF4, 0x2B, 0xF5, 0xFF, 0xFF, 0xFF, 0xFF, 0x2B, 0xF5, 0x24, 0xF4,
    0x66, 0xF4, 0x65, 0xF4, 0x65, 0xF4, 0x65, 0xF4, 0x65, 0xF4, 0x86, 0xFC, 0x45, 0xF4, 0x00, 0x00,
    0x00, 0x00, 0x65, 0xEC, 0x45, 0xF4, 0x65, 0xF4, 0x45, 0xF4, 0x45, 0xF4, 0x45, 0xF4, 0x45, 0xF4,
    0x66, 0xF4, 0x03, 0xF4, 0x32, 0xFE, 0xFF, 0xFF, 0x9C, 0xFF, 0xA7, 0xF4, 0x45, 0xF4, 0x66, 0xF4,
    0x45, 0xF4, 0x45, 0xF4, 0x45, 0xF4, 0x45, 0xF4, 0x45, 0xF4, 0x45, 0xF4, 0x45, 0xF4, 0x45, 0xF4,
    0x65, 0xF4, 0x66, 0xF4, 0x24, 0xF4, 0xF8, 0xFE, 0xFF, 0xFF, 0x19, 0xFF, 0x24, 0xF4, 0x65, 0xF4,
    0x45, 0xF4, 0x45, 0xF4, 0x45, 0xF4, 0x45, 0xF4, 0x45, 0xF4, 0x85, 0xFC, 0x45, 0xF4, 0x00, 0x00,
    0x00, 0x00, 0x65, 0xEC, 0x45, 0xF4, 0x65, 0xF4, 0x45, 0xF4, 0x45, 0xF4, 0x45, 0xF4, 0x45, 0xF4,
    0x45, 0xF4, 0x45, 0xF4, 0x87, 0xF4, 0xBD, 0xFF, 0xFF, 0xFF, 0xD7, 0xFE, 0x03, 0xF4, 0x45, 0xF4,
    0x66, 0xF4, 0x45, 0xF4, 0x45, 0xF4, 0x45, 0xF4, 0x45, 0xF4, 0x45, 0xF4, 0x45, 0xF4, 0x65, 0xF4,
    0x45, 0xF4, 0xE2, 0xF3, 0xF1, 0xFD, 0xFF, 0xFF, 0xFF, 0xFF, 0x2B, 0xF5, 0x24, 0xF4, 0x65, 0xF4,
    0x45, 0xF4, 0x45, 0xF4, 0x45, 0xF4, 0x45, 0xF4, 0x45, 0xF4, 0x85, 0xFC, 0x65, 0xF4, 0x00, 0x00,
    0x00, 0x00, 0x25, 0xF4, 0x45, 0xF4, 0x45, 0xF4, 0x45, 0xF4, 0x45, 0xF4, 0x45, 0xF4, 0x45, 0xF4,
    0x45, 0xF4, 0x45, 0xF4, 0x03, 0xF4, 0x6D, 0xF5, 0xFF, 0xFF, 0xFF, 0xFF, 0x95, 0xFE, 0x45, 0xF4,
    0x03, 0xF4, 0x45, 0xF4, 0x45, 0xF4, 0x45, 0xF4, 0x45, 0xF4, 0x45, 0xF4, 0x45, 0xF4, 0x24, 0xF4,
    0x24, 0xF4, 0xF0, 0xFD, 0xFF, 0xFF, 0xFF, 0xFF, 0x54, 0xFE, 0x03, 0xF4, 0x45, 0xF4, 0x45, 0xF4,
    0x45, 0xF4, 0x45, 0xF4, 0x45, 0xF4, 0x45, 0xF4, 0x45, 0xF4, 0x85, 0xFC, 0x45, 0xF4, 0x00, 0x00,
    0x00, 0x00, 0xA5, 0xEC, 0x45, 0xF4, 0x45, 0xFC, 0x25, 0xF4, 0x45, 0xF4, 0x45, 0xF4, 0x45, 0xF4,
    0x45, 0xF4, 0x45, 0xF4, 0x45, 0xF4, 0x03, 0xF4, 0xAF, 0xF5, 0xFF, 0xFF, 0xFF, 0xFF, 0x7B, 0xFF,
    0x6D, 0xF5, 0x66, 0xF4, 0x03, 0xF4, 0xE3, 0xF3, 0xE3, 0xF3, 0x03, 0xF4, 0x45, 0xF4, 0x0A, 0xF5,
    0xF8, 0xFE, 0xFF, 0xFF, 0xFF, 0xFF, 0x95, 0xFE, 0x04, 0xF4, 0x45, 0xF4, 0x45, 0xF4, 0x45, 0xF4,
    0x45, 0xF4, 0x45, 0xF4, 0x45, 0xF4, 0x45, 0xF4, 0x45, 0xF4, 0x65, 0xFC, 0x25, 0xF4, 0x00, 0x00,
    0xE0, 0xB9, 0x00, 0x00, 0x45, 0xF4, 0x65, 0xFC, 0x25, 0xF4, 0x25, 0xF4, 0x25, 0xF4, 0x25, 0xF4,
    0x25, 0xF4, 0x25, 0xF4, 0x25, 0xF4, 0x45, 0xF4, 0xE3, 0xF3, 0x8E, 0xF5, 0xBE, 0xFF, 0xFF, 0xFF,
    0xFF, 0xFF, 0x9C, 0xFF, 0xB6, 0xFE, 0x12, 0xFE, 0x11, 0xFE, 0x75, 0xFE, 0x5B, 0xFF, 0xFF, 0xFF,
    0xFF, 0xFF, 0xFF, 0xFF, 0x53, 0xFE, 0x03, 0xF4, 0x25, 0xF4, 0x45, 0xF4, 0x25, 0xF4, 0x25, 0xF4,
    0x25, 0xF4, 0x25, 0xF4, 0x25, 0xF4, 0x25, 0xF4, 0x45, 0xFC, 0x25, 0xF4, 0xC6, 0xE4, 0x00, 0x00,
    0xE7, 0xFB, 0x00, 0x00, 0x24, 0xEC, 0x65, 0xFC, 0x24, 0xEC, 0x25, 0xF4, 0x24, 0xF4, 0x24, 0xF4,
    0x24, 0xF4, 0x25, 0xF4, 0x24, 0xF4, 0x25, 0xF4, 0x45, 0xF4, 0xE3, 0xF3, 0xA8, 0xF4, 0x75, 0xFE,
    0xDE, 0xFF, 0xFF, 0xFF, 0xFF, 0xFF, 0xFF, 0xFF, 0xFF, 0xFF, 0xFF, 0xFF, 0xFF, 0xFF, 0xFF, 0xFF,
    0xF8, 0xFE, 0x0B, 0xF5, 0xE3, 0xF3, 0x25, 0xF4, 0x25, 0xF4, 0x24, 0xF4, 0x25, 0xF4, 0x24, 0xF4,
    0x24, 0xF4, 0x24, 0xF4, 0x24, 0xF4, 0x24, 0xF4, 0x65, 0xFC, 0x24, 0xF4, 0x00, 0x00, 0xE7, 0xBB,
    0xE0, 0xFF, 0x00, 0xF8, 0x24, 0xF4, 0x24, 0xF4, 0x44, 0xF4, 0x24, 0xEC, 0x24, 0xF4, 0x24, 0xF4,
    0x24, 0xF4, 0x24, 0xF4, 0x24, 0xF4, 0x24, 0xF4, 0x24, 0xF4, 0x25, 0xF4, 0x03, 0xF4, 0xE3, 0xF3,
    0xA8, 0xF4, 0xAF, 0xF5, 0x75, 0xFE, 0xF8, 0xFE, 0xF8, 0xFE, 0xB6, 0xFE, 0xF1, 0xF5, 0x0A, 0xF5,
    0x03, 0xF4, 0xE3, 0xF3, 0x25, 0xF4, 0x24, 0xF4, 0x24, 0xF4, 0x24, 0xF4, 0x24, 0xF4, 0x24, 0xF4,
    0x24, 0xF4, 0x24, 0xF4, 0x24, 0xF4, 0x24, 0xF4, 0x65, 0xFC, 0x04, 0xEC, 0x00, 0x00, 0x40, 0xFD,
    0x00, 0x00, 0x40, 0xFD, 0x00, 0x00, 0x04, 0xEC, 0x65, 0xFC, 0x04, 0xEC, 0x24, 0xF4, 0x24, 0xF4,
    0x24, 0xF4, 0x24, 0xF4, 0x24, 0xF4, 0x24, 0xF4, 0x24, 0xF4, 0x24, 0xF4, 0x24, 0xF4, 0x25, 0xF4,
    0x03, 0xEC, 0xC2, 0xEB, 0xE3, 0xEB, 0xE3, 0xEB, 0xE3, 0xEB, 0xE3, 0xEB, 0xC2, 0xEB, 0xE3, 0xEB,
    0x24, 0xF4, 0x25, 0xF4, 0x24, 0xF4, 0x24, 0xF4, 0x24, 0xF4, 0x24, 0xF4, 0x24, 0xF4, 0x24, 0xF4,
    0x24, 0xF4, 0x24, 0xF4, 0x04, 0xEC, 0x65, 0xFC, 0x04, 0xEC, 0x00, 0x00, 0xA0, 0xFA, 0x00, 0x00,
    0x00, 0x00, 0x00, 0x00, 0x4A, 0xFD, 0x00, 0x00, 0x04, 0xF4, 0x85, 0xFC, 0x04, 0xEC, 0x04, 0xEC,
    0x04, 0xF4, 0x04, 0xF4, 0x04, 0xF4, 0x04, 0xF4, 0x04, 0xF4, 0x04, 0xF4, 0x04, 0xF4, 0x04, 0xF4,
    0x24, 0xF4, 0x24, 0xF4, 0x24, 0xF4, 0x24, 0xF4, 0x24, 0xF4, 0x24, 0xF4, 0x25, 0xF4, 0x24, 0xF4,
    0x04, 0xF4, 0x04, 0xF4, 0x04, 0xF4, 0x04, 0xF4, 0x04, 0xF4, 0x04, 0xF4, 0x04, 0xF4, 0x04, 0xF4,
    0x04, 0xF4, 0x04, 0xEC, 0x44, 0xFC, 0x24, 0xF4, 0xE3, 0xF3, 0xE0, 0xFB, 0xE0, 0xFF, 0x00, 0x00,
    0x00, 0x00, 0x00, 0x00, 0xE0, 0xFF, 0xE0, 0xFF, 0x23, 0xF4, 0x24, 0xF4, 0x64, 0xFC, 0x04, 0xF4,
    0x04, 0xEC, 0x04, 0xEC, 0x04, 0xEC, 0x04, 0xEC, 0x04, 0xEC, 0x04, 0xEC, 0x04, 0xEC, 0x04, 0xEC,
    0x04, 0xEC, 0x04, 0xEC, 0x04, 0xEC, 0x04, 0xEC, 0x04, 0xEC, 0x04, 0xEC, 0x04, 0xEC, 0x04, 0xEC,
    0x04, 0xEC, 0x04, 0xEC, 0x04, 0xEC, 0x04, 0xEC, 0x04, 0xEC, 0x04, 0xEC, 0x04, 0xEC, 0x04, 0xEC,
    0x04, 0xEC, 0x44, 0xFC, 0x24, 0xF4, 0xE4, 0xEB, 0x00, 0x00, 0xE0, 0xFB, 0x00, 0x00, 0x00, 0x00,
    0x00, 0x00, 0x00, 0x00, 0x00, 0x00, 0xE0, 0xFF, 0x00, 0x00, 0x00, 0x00, 0x04, 0xF4, 0x24, 0xF4,
    0x44, 0xFC, 0x24, 0xF4, 0x04, 0xEC, 0x04, 0xEC, 0x04, 0xEC, 0x04, 0xEC, 0x04, 0xEC, 0x04, 0xEC,
    0x04, 0xEC, 0x04, 0xEC, 0x04, 0xEC, 0x04, 0xEC, 0x04, 0xEC, 0x04, 0xEC, 0x04, 0xEC, 0x04, 0xEC,
    0x04, 0xEC, 0x04, 0xEC, 0x04, 0xEC, 0x04, 0xEC, 0x04, 0xEC, 0x04, 0xEC, 0x24, 0xF4, 0x44, 0xFC,
    0x44, 0xFC, 0x24, 0xF4, 0xC3, 0xD3, 0x00, 0x00, 0xE0, 0xFB, 0x00, 0x00, 0x00, 0x00, 0x00, 0x00,
    0x00, 0x00, 0x00, 0x00, 0x00, 0x00, 0x00, 0x00, 0xE0, 0xFF, 0xE0, 0xFF, 0x00, 0x00, 0xE4, 0xEB,
    0x24, 0xF4, 0x04, 0xF4, 0x04, 0xF4, 0x24, 0xFC, 0x24, 0xFC, 0x24, 0xFC, 0x24, 0xFC, 0x24, 0xFC,
    0x24, 0xFC, 0x24, 0xFC, 0x24, 0xFC, 0x24, 0xFC, 0x24, 0xFC, 0x24, 0xFC, 0x24, 0xFC, 0x24, 0xFC,
    0x24, 0xFC, 0x24, 0xFC, 0x24, 0xFC, 0x24, 0xFC, 0x24, 0xFC, 0x24, 0xF4, 0x04, 0xF4, 0x24, 0xF4,
    0x04, 0xF4, 0x00, 0x00, 0x00, 0x00, 0xE0, 0xFB, 0x00, 0x00, 0x00, 0x00, 0x00, 0x00, 0x00, 0x00,
    0x00, 0x00, 0x00, 0x00, 0x00, 0x00, 0x00, 0x00, 0x00, 0x00, 0x00, 0x00, 0x40, 0xFD, 0x00, 0x00,
    0x00, 0x00, 0xA0, 0xFA, 0x23, 0xFC, 0x23, 0xFC, 0xE3, 0xEB, 0xE3, 0xEB, 0xE3, 0xEB, 0xE3, 0xEB,
    0xE3, 0xEB, 0xE3, 0xEB, 0xE3, 0xEB, 0xE3, 0xEB, 0xE3, 0xEB, 0xE3, 0xEB, 0xE3, 0xEB, 0xE3, 0xEB,
    0xE3, 0xEB, 0xE3, 0xEB, 0xE3, 0xEB, 0xE3, 0xEB, 0x03, 0xF4, 0x24, 0xF4, 0x63, 0xFC, 0x00, 0x00,
    0x00, 0x00, 0xE0, 0xFB, 0xE0, 0xFF, 0x00, 0x00, 0x00, 0x00, 0x00, 0x00, 0x00, 0x00, 0x00, 0x00,
    0x00, 0x00, 0x00, 0x00, 0x00, 0x00, 0x00, 0x00, 0x00, 0x00, 0x00, 0x00, 0x00, 0x00, 0xE0, 0xFB,
    0xE7, 0xFB, 0x00, 0x00, 0x00, 0x00, 0x00, 0x00, 0x00, 0x00, 0x00, 0x00, 0x00, 0x00, 0x00, 0x00,
    0x00, 0x00, 0x00, 0x00, 0x00, 0x00, 0x00, 0x00, 0x00, 0x00, 0x00, 0x00, 0x00, 0x00, 0x00, 0x00,
    0x00, 0x00, 0x00, 0x00, 0x00, 0x00, 0x00, 0x00, 0x00, 0x00, 0x00, 0x00, 0x00, 0x00, 0xE0, 0xBB,
    0x40, 0xFD, 0x00, 0x00, 0x00, 0x00, 0x00, 0x00, 0x00, 0x00, 0x00, 0x00, 0x00, 0x00, 0x00, 0x00,
    0x00, 0x00, 0x00, 0x00, 0x00, 0x00, 0x00, 0x01, 0x03, 0x04, 0x00, 0x00, 0x00, 0x00, 0x00, 0x00,
    0x00, 0x00, 0x00, 0x00, 0x00, 0x00, 0x00, 0x00, 0x00, 0x00, 0x00, 0x00, 0x00, 0x00, 0x03, 0x04,
    0x01, 0x00, 0x00, 0x00, 0x00, 0x00, 0x00, 0x00, 0x00, 0x00, 0x00, 0x00, 0x00, 0x00, 0x03, 0x00,
    0x00, 0x00, 0x03, 0x10, 0x10, 0x10, 0x10, 0x10, 0x10, 0x10, 0x10, 0x10, 0x10, 0x10, 0x10, 0x10,
    0x10, 0x10, 0x10, 0x10, 0x10, 0x09, 0x00, 0x00, 0x00, 0x03, 0x00, 0x00, 0x00, 0x00, 0x00, 0x00,
    0x00, 0x00, 0x00, 0x00, 0x00, 0x04, 0x00, 0x06, 0x4F, 0x9F, 0xD6, 0xEF, 0xEF, 0xF0, 0xF0, 0xF0,
    0xF0, 0xF0, 0xF0, 0xF0, 0xF0, 0xF0, 0xF0, 0xF0, 0xF0, 0xF0, 0xF0, 0xEF, 0xEF, 0xE2, 0xAE, 0x61,
    0x16, 0x00, 0x02, 0x01, 0x00, 0x00, 0x00, 0x00, 0x00, 0x00, 0x00, 0x00, 0x01, 0x00, 0x47, 0xD4,
    0xFF, 0xFF, 0xFF, 0xFF, 0xFF, 0xFF, 0xFF, 0xFF, 0xFF, 0xFF, 0xFF, 0xFF, 0xFF, 0xFF, 0xFF, 0xFF,
    0xFF, 0xFF, 0xFF, 0xFF, 0xFF, 0xFF, 0xFF, 0xFF, 0xE9, 0x6D, 0x00, 0x00, 0x01, 0x00, 0x00, 0x00,
    0x00, 0x00, 0x00, 0x03, 0x01, 0x7F, 0xFF, 0xFF, 0xFC, 0xFB, 0xFD, 0xFE, 0xFE, 0xFE, 0xFE, 0xFE,
    0xFE, 0xFE, 0xFE, 0xFE, 0xFE, 0xFE, 0xFE, 0xFE, 0xFE, 0xFE, 0xFE, 0xFE, 0xFE, 0xFD, 0xFC, 0xFB,
    0xFF, 0xFF, 0xA9, 0x13, 0x01, 0x01, 0x00, 0x00, 0x00, 0x00, 0x04, 0x00, 0x80, 0xFF, 0xFC, 0xFD,
    0xFF, 0xFF, 0xFF, 0xFF, 0xFF, 0xFF, 0xFF, 0xFF, 0xFF, 0xFF, 0xFF, 0xFF, 0xFF, 0xFF, 0xFF, 0xFF,
    0xFF, 0xFF, 0xFF, 0xFF, 0xFF, 0xFF, 0xFF, 0xFF, 0xFE, 0xFA, 0xFF, 0xBB, 0x01, 0x03, 0x00, 0x00,
    0x00, 0x03, 0x00, 0x44, 0xFE, 0xFA, 0xFE, 0xFF, 0xFF, 0xFF, 0xFF, 0xFF, 0xFF, 0xFF, 0xFF, 0xFF,
    0xFF, 0xFF, 0xFF, 0xFF, 0xFF, 0xFF, 0xFF, 0xFF, 0xFF, 0xFF, 0xFF, 0xFF, 0xFF, 0xFF, 0xFF, 0xFF,
    0xFF, 0xFF, 0xF9, 0xFF, 0x7F, 0x00, 0x03, 0x00, 0x00, 0x01, 0x09, 0xD9, 0xFF, 0xFD, 0xFF, 0xFF,
    0xFF, 0xFF, 0xFF, 0xFF, 0xFF, 0xFF, 0xFF, 0xFF, 0xFF, 0xFF, 0xFF, 0xFF, 0xFF, 0xFF, 0xFF, 0xFF,
    0xFF, 0xFF, 0xFF, 0xFF, 0xFF, 0xFF, 0xFF, 0xFF, 0xFF, 0xFF, 0xFE, 0xFD, 0xFA, 0x2A, 0x00, 0x02,
    0x04, 0x00, 0x4C, 0xFF, 0xFC, 0xFF, 0xFF, 0xFF, 0xFF, 0xFF, 0xFF, 0xFF, 0xFF, 0xFF, 0xFF, 0xFF,
    0xFF, 0xFF, 0xFF, 0xFF, 0xFF, 0xFF, 0xFF, 0xFF, 0xFF, 0xFF, 0xFF, 0xFF, 0xFF, 0xFF, 0xFF, 0xFF,
    0xFF, 0xFF, 0xFF, 0xFB, 0xFF, 0x8C, 0x00, 0x05, 0x04, 0x00, 0x9F, 0xFE, 0xFB, 0xFF, 0xFF, 0xFF,
    0xFF, 0xFF, 0xFF, 0xFF, 0xFF, 0xFF, 0xFF, 0xFF, 0xFF, 0xFF, 0xFF, 0xFF, 0xFF, 0xFF, 0xFF, 0xFF,
    0xFF, 0xFF, 0xFF, 0xFF, 0xFF, 0xFF, 0xFF, 0xFF, 0xFF, 0xFF, 0xFF, 0xFD, 0xFF, 0xD9, 0x04, 0x01,
    0x01, 0x08, 0xDB, 0xFF, 0xFD, 0xFF, 0xFF, 0xFF, 0xFF, 0xFF, 0xFF, 0xFF, 0xFF, 0xFF, 0xFF, 0xFF,
    0xFF, 0xFF, 0xFF, 0xFF, 0xFF, 0xFF, 0xFF, 0xFF, 0xFF, 0xFF, 0xFF, 0xFF, 0xFF, 0xFF, 0xFF, 0xFF,
    0xFF, 0xFF, 0xFF, 0xFF, 0xFE, 0xFA, 0x29, 0x00, 0x00, 0x11, 0xF3, 0xFF, 0xFE, 0xFF, 0xFF, 0xFF,
    0xFF, 0xFF, 0xFF, 0xFF, 0xFF, 0xFF, 0xFF, 0xFF, 0xFF, 0xFF, 0xFF, 0xFF, 0xFF, 0xFF, 0xFF, 0xFF,
    0xFF, 0xFF, 0xFF, 0xFF, 0xFF, 0xFF, 0xFF, 0xFF, 0xFF, 0xFF, 0xFF, 0xFF, 0xFD, 0xFF, 0x43, 0x00,
    0x00, 0x10, 0xEF, 0xFF, 0xFE, 0xFF, 0xFF, 0xFF, 0xFF, 0xFF, 0xFF, 0xFF, 0xFF, 0xFF, 0xFF, 0xFF,
    0xFF, 0xFF, 0xFF, 0xFF, 0xFF, 0xFF, 0xFF, 0xFF, 0xFF, 0xFF, 0xFF, 0xFF, 0xFF, 0xFF, 0xFF, 0xFF,
    0xFF, 0xFF, 0xFF, 0xFF, 0xFD, 0xFF, 0x3F, 0x00, 0x00, 0x10, 0xF0, 0xFF, 0xFE, 0xFF, 0xFF, 0xFF,
    0xFF, 0xFF, 0xFF, 0xFF, 0xFF, 0xFF, 0xFF, 0xFF, 0xFF, 0xFF, 0xFF, 0xFF, 0xFF, 0xFF, 0xFF, 0xFF,
    0xFF, 0xFF, 0xFF, 0xFF, 0xFF, 0xFF, 0xFF, 0xFF, 0xFF, 0xFF, 0xFF, 0xFF, 0xFD, 0xFF, 0x40, 0x00,
    0x00, 0x10, 0xF0, 0xFF, 0xFE, 0xFF, 0xFF, 0xFF, 0xFF, 0xFF, 0xFF, 0xFF, 0xFF, 0xFF, 0xFF, 0xFF,
    0xFF, 0xFF, 0xFF, 0xFF, 0xFF, 0xFF, 0xFF, 0xFF, 0xFF, 0xFF, 0xFF, 0xFF, 0xFF, 0xFF, 0xFF, 0xFF,
    0xFF, 0xFF, 0xFF, 0xFF, 0xFD, 0xFF, 0x40, 0x00, 0x00, 0x10, 0xF0, 0xFF, 0xFE, 0xFF, 0xFF, 0xFF,
    0xFF, 0xFF, 0xFF, 0xFF, 0xFF, 0xFF, 0xFF, 0xFF, 0xFF, 0xFF, 0xFF, 0xFF, 0xFF, 0xFF, 0xFF, 0xFF,
    0xFF, 0xFF, 0xFF, 0xFF, 0xFF, 0xFF, 0xFF, 0xFF, 0xFF, 0xFF, 0xFF, 0xFF, 0xFD, 0xFF, 0x40, 0x00,
    0x00, 0x10, 0xF0, 0xFF, 0xFE, 0xFF, 0xFF, 0xFF, 0xFF, 0xFF, 0xFF, 0xFF, 0xFF, 0xFF, 0xFF, 0xFF,
    0xFF, 0xFF, 0xFF, 0xFF, 0xFF, 0xFF, 0xFF, 0xFF, 0xFF, 0xFF, 0xFF, 0xFF, 0xFF, 0xFF, 0xFF, 0xFF,
    0xFF, 0xFF, 0xFF, 0xFF, 0xFD, 0xFF, 0x40, 0x00, 0x00, 0x10, 0xF0, 0xFF, 0xFE, 0xFF, 0xFF, 0xFF,
    0xFF, 0xFF, 0xFF, 0xFF, 0xFF, 0xFF, 0xFF, 0xFF, 0xFF, 0xFF, 0xFF, 0xFF, 0xFF, 0xFF, 0xFF, 0xFF,
    0xFF, 0xFF, 0xFF, 0xFF, 0xFF, 0xFF, 0xFF, 0xFF, 0xFF, 0xFF, 0xFF, 0xFF, 0xFD, 0xFF, 0x40, 0x00,
    0x00, 0x10, 0xF0, 0xFF, 0xFE, 0xFF, 0xFF, 0xFF, 0xFF, 0xFF, 0xFF, 0xFF, 0xFF, 0xFF, 0xFF, 0xFF,
    0xFF, 0xFF, 0xFF, 0xFF, 0xFF, 0xFF, 0xFF, 0xFF, 0xFF, 0xFF, 0xFF, 0xFF, 0xFF, 0xFF, 0xFF, 0xFF,
    0xFF, 0xFF, 0xFF, 0xFF, 0xFD, 0xFF, 0x40, 0x00, 0x00, 0x10, 0xF0, 0xFF, 0xFE, 0xFF, 0xFF, 0xFF,
    0xFF, 0xFF, 0xFF, 0xFF, 0xFF, 0xFF, 0xFF, 0xFF, 0xFF, 0xFF, 0xFF, 0xFF, 0xFF, 0xFF, 0xFF, 0xFF,
    0xFF, 0xFF, 0xFF, 0xFF, 0xFF, 0xFF, 0xFF, 0xFF, 0xFF, 0xFF, 0xFF, 0xFF, 0xFD, 0xFF, 0x40, 0x00,
    0x00, 0x10, 0xF0, 0xFF, 0xFE, 0xFF, 0xFF, 0xFF, 0xFF, 0xFF, 0xFF, 0xFF, 0xFF, 0xFF, 0xFF, 0xFF,
    0xFF, 0xFF, 0xFF, 0xFF, 0xFF, 0xFF, 0xFF, 0xFF, 0xFF, 0xFF, 0xFF, 0xFF, 0xFF, 0xFF, 0xFF, 0xFF,
    0xFF, 0xFF, 0xFF, 0xFF, 0xFD, 0xFF, 0x40, 0x00, 0x00, 0x10, 0xF0, 0xFF, 0xFE, 0xFF, 0xFF, 0xFF,
    0xFF, 0xFF, 0xFF, 0xFF, 0xFF, 0xFF, 0xFF, 0xFF, 0xFF, 0xFF, 0xFF, 0xFF, 0xFF, 0xFF, 0xFF, 0xFF,
    0xFF, 0xFF, 0xFF, 0xFF, 0xFF, 0xFF, 0xFF, 0xFF, 0xFF, 0xFF, 0xFF, 0xFF, 0xFD, 0xFF, 0x40, 0x00,
    0x00, 0x10, 0xF0, 0xFF, 0xFE, 0xFF, 0xFF, 0xFF, 0xFF, 0xFF, 0xFF, 0xFF, 0xFF, 0xFF, 0xFF, 0xFF,
    0xFF, 0xFF, 0xFF, 0xFF, 0xFF, 0xFF, 0xFF, 0xFF, 0xFF, 0xFF, 0xFF, 0xFF, 0xFF, 0xFF, 0xFF, 0xFF,
    0xFF, 0xFF, 0xFF, 0xFF, 0xFD, 0xFF, 0x40, 0x00, 0x00, 0x10, 0xF0, 0xFF, 0xFE, 0xFF, 0xFF, 0xFF,
    0xFF, 0xFF, 0xFF, 0xFF, 0xFF, 0xFF, 0xFF, 0xFF, 0xFF, 0xFF, 0xFF, 0xFF, 0xFF, 0xFF, 0xFF, 0xFF,
    0xFF, 0xFF, 0xFF, 0xFF, 0xFF, 0xFF, 0xFF, 0xFF, 0xFF, 0xFF, 0xFF, 0xFF, 0xFD, 0xFF, 0x40, 0x00,
    0x00, 0x10, 0xF0, 0xFF, 0xFE, 0xFF, 0xFF, 0xFF, 0xFF, 0xFF, 0xFF, 0xFF, 0xFF, 0xFF, 0xFF, 0xFF,
    0xFF, 0xFF, 0xFF, 0xFF, 0xFF, 0xFF, 0xFF, 0xFF, 0xFF, 0xFF, 0xFF, 0xFF, 0xFF, 0xFF, 0xFF, 0xFF,
    0xFF, 0xFF, 0xFF, 0xFF, 0xFD, 0xFF, 0x40, 0x00, 0x00, 0x10, 0xF0, 0xFF, 0xFE, 0xFF, 0xFF, 0xFF,
    0xFF, 0xFF, 0xFF, 0xFF, 0xFF, 0xFF, 0xFF, 0xFF, 0xFF, 0xFF, 0xFF, 0xFF, 0xFF, 0xFF, 0xFF, 0xFF,
    0xFF, 0xFF, 0xFF, 0xFF, 0xFF, 0xFF, 0xFF, 0xFF, 0xFF, 0xFF, 0xFF, 0xFF, 0xFD, 0xFF, 0x40, 0x00,
    0x00, 0x10, 0xF0, 0xFF, 0xFE, 0xFF, 0xFF, 0xFF, 0xFF, 0xFF, 0xFF, 0xFF, 0xFF, 0xFF, 0xFF, 0xFF,
    0xFF, 0xFF, 0xFF, 0xFF, 0xFF, 0xFF, 0xFF, 0xFF, 0xFF, 0xFF, 0xFF, 0xFF, 0xFF, 0xFF, 0xFF, 0xFF,
    0xFF, 0xFF, 0xFF, 0xFF, 0xFD, 0xFF, 0x40, 0x00, 0x00, 0x10, 0xEF, 0xFF, 0xFE, 0xFF, 0xFF, 0xFF,
    0xFF, 0xFF, 0xFF, 0xFF, 0xFF, 0xFF, 0xFF, 0xFF, 0xFF, 0xFF, 0xFF, 0xFF, 0xFF, 0xFF, 0xFF, 0xFF,
    0xFF, 0xFF, 0xFF, 0xFF, 0xFF, 0xFF, 0xFF, 0xFF, 0xFF, 0xFF, 0xFF, 0xFF, 0xFD, 0xFF, 0x3F, 0x00,
    0x00, 0x11, 0xF2, 0xFF, 0xFE, 0xFF, 0xFF, 0xFF, 0xFF, 0xFF, 0xFF, 0xFF, 0xFF, 0xFF, 0xFF, 0xFF,
    0xFF, 0xFF, 0xFF, 0xFF, 0xFF, 0xFF, 0xFF, 0xFF, 0xFF, 0xFF, 0xFF, 0xFF, 0xFF, 0xFF, 0xFF, 0xFF,
    0xFF, 0xFF, 0xFF, 0xFF, 0xFD, 0xFF, 0x42, 0x00, 0x01, 0x0C, 0xE5, 0xFF, 0xFE, 0xFF, 0xFF, 0xFF,
    0xFF, 0xFF, 0xFF, 0xFF, 0xFF, 0xFF, 0xFF, 0xFF, 0xFF, 0xFF, 0xFF, 0xFF, 0xFF, 0xFF, 0xFF, 0xFF,
    0xFF, 0xFF, 0xFF, 0xFF, 0xFF, 0xFF, 0xFF, 0xFF, 0xFF, 0xFF, 0xFF, 0xFF, 0xFE, 0xFD, 0x35, 0x00,
    0x04, 0x00, 0xB0, 0xFE, 0xFC, 0xFF, 0xFF, 0xFF, 0xFF, 0xFF, 0xFF, 0xFF, 0xFF, 0xFF, 0xFF, 0xFF,
    0xFF, 0xFF, 0xFF, 0xFF, 0xFF, 0xFF, 0xFF, 0xFF, 0xFF, 0xFF, 0xFF, 0xFF, 0xFF, 0xFF, 0xFF, 0xFF,
    0xFF, 0xFF, 0xFF, 0xFE, 0xFF, 0xE6, 0x0A, 0x01, 0x04, 0x00, 0x62, 0xFF, 0xFC, 0xFF, 0xFF, 0xFF,
    0xFF, 0xFF, 0xFF, 0xFF, 0xFF, 0xFF, 0xFF, 0xFF, 0xFF, 0xFF, 0xFF, 0xFF, 0xFF, 0xFF, 0xFF, 0xFF,
    0xFF, 0xFF, 0xFF, 0xFF, 0xFF, 0xFF, 0xFF, 0xFF, 0xFF, 0xFF, 0xFF, 0xFB, 0xFE, 0xA2, 0x00, 0x04,
    0x01, 0x01, 0x15, 0xEE, 0xFD, 0xFE, 0xFF, 0xFF, 0xFF, 0xFF, 0xFF, 0xFF, 0xFF, 0xFF, 0xFF, 0xFF,
    0xFF, 0xFF, 0xFF, 0xFF, 0xFF, 0xFF, 0xFF, 0xFF, 0xFF, 0xFF, 0xFF, 0xFF, 0xFF, 0xFF, 0xFF, 0xFF,
    0xFF, 0xFF, 0xFF, 0xFC, 0xFF, 0x42, 0x00, 0x03, 0x00, 0x03, 0x00, 0x6B, 0xFF, 0xFA, 0xFF, 0xFF,
    0xFF, 0xFF, 0xFF, 0xFF, 0xFF, 0xFF, 0xFF, 0xFF, 0xFF, 0xFF, 0xFF, 0xFF, 0xFF, 0xFF, 0xFF, 0xFF,
    0xFF, 0xFF, 0xFF, 0xFF, 0xFF, 0xFF, 0xFF, 0xFF, 0xFF, 0xFF, 0xFA, 0xFF, 0xAA, 0x00, 0x03, 0x00,
    0x00, 0x00, 0x03, 0x00, 0xAC, 0xFF, 0xF9, 0xFE, 0xFF, 0xFF, 0xFF, 0xFF, 0xFF, 0xFF, 0xFF, 0xFF,
    0xFF, 0xFF, 0xFF, 0xFF, 0xFF, 0xFF, 0xFF, 0xFF, 0xFF, 0xFF, 0xFF, 0xFF, 0xFF, 0xFF, 0xFF, 0xFF,
    0xFF, 0xFA, 0xFF, 0xDE, 0x12, 0x02, 0x01, 0x00, 0x00, 0x00, 0x01, 0x01, 0x11, 0xB8, 0xFF, 0xFF,
    0xFB, 0xFD, 0xFE, 0xFF, 0xFF, 0xFF, 0xFF, 0xFF, 0xFF, 0xFF, 0xFF, 0xFF, 0xFF, 0xFF, 0xFF, 0xFF,
    0xFF, 0xFF, 0xFF, 0xFF, 0xFF, 0xFF, 0xFD, 0xFB, 0xFD, 0xFF, 0xDA, 0x34, 0x00, 0x02, 0x00, 0x00,
    0x00, 0x00, 0x00, 0x01, 0x00, 0x00, 0x80, 0xF9, 0xFF, 0xFF, 0xFF, 0xFD, 0xFD, 0xFD, 0xFD, 0xFD,
    0xFD, 0xFD, 0xFD, 0xFD, 0xFD, 0xFD, 0xFD, 0xFD, 0xFD, 0xFD, 0xFD, 0xFD, 0xFD, 0xFE, 0xFF, 0xFF,
    0xFF, 0xA7, 0x13, 0x00, 0x02, 0x00, 0x00, 0x00, 0x00, 0x00, 0x00, 0x00, 0x01, 0x01, 0x00, 0x2C,
    0x8C, 0xD6, 0xFD, 0xFF, 0xFF, 0xFF, 0xFF, 0xFF, 0xFF, 0xFF, 0xFF, 0xFF, 0xFF, 0xFF, 0xFF, 0xFF,
    0xFF, 0xFF, 0xFF, 0xFF, 0xFF, 0xFF, 0xE2, 0x9F, 0x46, 0x00, 0x00, 0x02, 0x00, 0x00, 0x00, 0x00,
    0x00, 0x00, 0x00, 0x00, 0x00, 0x00, 0x03, 0x00, 0x00, 0x03, 0x28, 0x40, 0x40, 0x40, 0x40, 0x40,
    0x40, 0x40, 0x40, 0x40, 0x40, 0x40, 0x40, 0x40, 0x40, 0x40, 0x40, 0x40, 0x40, 0x34, 0x09, 0x00,
    0x00, 0x02, 0x01, 0x00, 0x00, 0x00, 0x00, 0x00, 0x00, 0x00, 0x00, 0x00, 0x00, 0x00, 0x00, 0x02,
    0x04, 0x00, 0x00, 0x00, 0x00, 0x00, 0x00, 0x00, 0x00, 0x00, 0x00, 0x00, 0x00, 0x00, 0x00, 0x00,
    0x00, 0x00, 0x00, 0x00, 0x00, 0x00, 0x00, 0x04, 0x03, 0x00, 0x00, 0x00, 0x00, 0x00, 0x00, 0x00,
};

const lv_image_dsc_t icon_home_stopwatch = {
    .header.magic = LV_IMAGE_HEADER_MAGIC,
    .header.cf = LV_COLOR_FORMAT_RGB565A8,
    .header.w = 40,
    .header.h = 40,
    .data_size = 4800,
    .data = icon_home_stopwatch_map,
};

const LV_ATTRIBUTE_MEM_ALIGN uint8_t icon_home_timer_map[] = {
    0x00, 0x00, 0x00, 0x00, 0x00, 0x00, 0x00, 0x00, 0x00, 0x00, 0x00, 0x00, 0x00, 0x00, 0x00, 0xF8,
    0x4A, 0xFD, 0xE7, 0xBB, 0x00, 0x00, 0x00, 0x00, 0x00, 0x00, 0x00, 0x00, 0x00, 0x00, 0x00, 0x00,
    0x00, 0x00, 0x00, 0x00, 0x00, 0x00, 0x00, 0x00, 0x00, 0x00, 0x00, 0x00, 0x00, 0x00, 0x00, 0x00,
    0x00, 0x00, 0x00, 0x00, 0x00, 0x00, 0x00, 0x00, 0x00, 0x00, 0x00, 0x00, 0x4A, 0xAD, 0xE7, 0xBB,
    0xE0, 0xFF, 0x00, 0x00, 0x00, 0x00, 0x00, 0x00, 0x00, 0x00, 0x00, 0x00, 0x00, 0x00, 0x00, 0x00,
    0x00, 0x00, 0x00, 0x00, 0x00, 0x00, 0x00, 0x00, 0x00, 0x00, 0x00, 0x00, 0xAA, 0xAA, 0x00, 0x00,
    0x00, 0x00, 0x00, 0x00, 0x4A, 0xAD, 0xEB, 0xDC, 0x69, 0xBC, 0x6B, 0xCC, 0x6B, 0xCC, 0x6B, 0xCC,
    0x6B, 0xCC, 0x6B, 0xCC, 0x6B, 0xCC, 0x6B, 0xCC, 0x6B, 0xCC, 0x6B, 0xCC, 0x6B, 0xCC, 0x6B, 0xCC,
    0x6B, 0xCC, 0x6B, 0xCC, 0x6B, 0xCC, 0x6B, 0xBC, 0x6B, 0xDC, 0x6A, 0xE4, 0x00, 0x00, 0x00, 0x00,
    0x00, 0x00, 0x4A, 0xAD, 0x00, 0x00, 0x00, 0x00, 0x00, 0x00, 0x00, 0x00, 0x00, 0x00, 0x00, 0x00,
    0x00, 0x00, 0x00, 0x00, 0x00, 0x00, 0x00, 0x00, 0x00, 0x00, 0xE7, 0xBB, 0x00, 0x00, 0xEA, 0xAB,
    0x6B, 0xCC, 0x4B, 0xC4, 0x4B, 0xCC, 0x4B, 0xC4, 0x4A, 0xC4, 0x4A, 0xC4, 0x4A, 0xC4, 0x4A, 0xC4,
    0x4A, 0xC4, 0x4A, 0xC4, 0x4A, 0xC4, 0x4A, 0xC4, 0x4A, 0xC4, 0x4A, 0xC4, 0x4A, 0xC4, 0x4A, 0xC4,
    0x4A, 0xC4, 0x4A, 0xC4, 0x4A, 0xC4, 0x4A, 0xC4, 0x4B, 0xC4, 0x4B, 0xC4, 0x4B, 0xCC, 0x6B, 0xCC,
    0x4B, 0xC4, 0x00, 0x00, 0xEF, 0x7B, 0xE0, 0xFF, 0x00, 0x00, 0x00, 0x00, 0x00, 0x00, 0x00, 0x00,
    0x00, 0x00, 0x00, 0x00, 0x00, 0x00, 0x00, 0x00, 0xE0, 0xFF, 0x00, 0x00, 0x4A, 0xC4, 0x4B, 0xC4,
    0x6B, 0xCC, 0x8B, 0xCC, 0x6B, 0xCC, 0x4B, 0xC4, 0x4B, 0xC4, 0x4B, 0xC4, 0x4B, 0xC4, 0x4B, 0xC4,
    0x4B, 0xC4, 0x4B, 0xC4, 0x4B, 0xC4, 0x4B, 0xC4, 0x4B, 0xC4, 0x4B, 0xC4, 0x4B, 0xC4, 0x4B, 0xC4,
    0x4B, 0xC4, 0x4B, 0xC4, 0x4B, 0xC4, 0x4B, 0xC4, 0x4B, 0xC4, 0x4B, 0xC4, 0x6B, 0xCC, 0x8B, 0xD4,
    0x6B, 0xCC, 0x4B, 0xC4, 0x00, 0x00, 0x00, 0x00, 0xE0, 0xFF, 0x00, 0x00, 0x00, 0x00, 0x00, 0x00,
    0x00, 0x00, 0x00, 0x00, 0x00, 0x00, 0x4A, 0xAD, 0xFF, 0xFF, 0x4A, 0xC4, 0x4B, 0xCC, 0x6B, 0xCC,
    0x2A, 0xC4, 0x2A, 0xC4, 0x2A, 0xC4, 0x2A, 0xC4, 0x2A, 0xC4, 0x2A, 0xC4, 0x2A, 0xC4, 0x2A, 0xC4,
    0x2A, 0xC4, 0x2A, 0xC4, 0x2A, 0xC4, 0x2A, 0xC4, 0x2A, 0xC4, 0x2A, 0xC4, 0x2A, 0xC4, 0x2A, 0xC4,
    0x2A, 0xC4, 0x2A, 0xC4, 0x2A, 0xC4, 0x2A, 0xC4, 0x2A, 0xC4, 0x2A, 0xC4, 0x2A, 0xC4, 0x2A, 0xC4,
    0x4A, 0xC4, 0x8B, 0xD4, 0x4A, 0xC4, 0x2B, 0xBC, 0xE0, 0xFF, 0xE0, 0xFF, 0x00, 0x00, 0x00, 0x00,
    0x00, 0x00, 0x00, 0x00, 0xE7, 0xBB, 0x00, 0x00, 0x0A, 0xBC, 0xAB, 0xD4, 0x2A, 0xC4, 0x2A, 0xBC,
    0x2A, 0xC4, 0x2A, 0xC4, 0x2A, 0xC4, 0x2A, 0xC4, 0x2A, 0xC4, 0x4B, 0xC4, 0x4B, 0xC4, 0x4B, 0xC4,
    0x4B, 0xC4, 0x4B, 0xC4, 0x4B, 0xC4, 0x4B, 0xC4, 0x4B, 0xC4, 0x4B, 0xC4, 0x4B, 0xC4, 0x4B, 0xC4,
    0x4B, 0xC4, 0x4B, 0xC4, 0x4B, 0xC4, 0x2A, 0xC4, 0x2A, 0xC4, 0x2A, 0xC4, 0x2A, 0xC4, 0x2A, 0xC4,
    0x2A, 0xBC, 0x2A, 0xBC, 0x8B, 0xD4, 0x2A, 0xC4, 0x00, 0x00, 0x4A, 0xAD, 0x00, 0x00, 0x00, 0x00,
    0x00, 0x00, 0x4A, 0xAD, 0x00, 0x00, 0x0A, 0xBC, 0x4B, 0xCC, 0x2A, 0xC4, 0x2A, 0xBC, 0x2A, 0xC4,
    0x2A, 0xBC, 0x2A, 0xC4, 0x2A, 0xBC, 0x2A, 0xC4, 0x0A, 0xBC, 0xE8, 0xBB, 0xE8, 0xBB, 0xC8, 0xBB,
    0xC8, 0xBB, 0xC8, 0xBB, 0xC8, 0xBB, 0xC8, 0xBB, 0xC8, 0xBB, 0xC8, 0xBB, 0xC8, 0xBB, 0xC8, 0xBB,
    0xC8, 0xBB, 0xE8, 0xBB, 0xC8, 0xBB, 0x09, 0xBC, 0x2A, 0xC4, 0x2A, 0xBC, 0x2A, 0xC4, 0x2A, 0xC4,
    0x2A, 0xC4, 0x2A, 0xC4, 0x2A, 0xBC, 0x6B, 0xCC, 0x2A, 0xBC, 0x00, 0x00, 0x4A, 0xAD, 0x00, 0x00,
    0x00, 0x00, 0xFF, 0xFF, 0x6A, 0xC4, 0x0A, 0xBC, 0x4A, 0xC4, 0x0A, 0xBC, 0x2A, 0xBC, 0x2A, 0xBC,
    0x2A, 0xBC, 0x2A, 0xBC, 0x2A, 0xBC, 0x09, 0xBC, 0x6C, 0xC4, 0x14, 0xDE, 0x15, 0xDE, 0x15, 0xDE,
    0x15, 0xDE, 0x15, 0xDE, 0x15, 0xDE, 0x15, 0xDE, 0x15, 0xDE, 0x15, 0xDE, 0x15, 0xDE, 0x15, 0xDE,
    0x15, 0xDE, 0x15, 0xDE, 0x15, 0xDE, 0xEE, 0xCC, 0xE9, 0xBB, 0x2A, 0xBC, 0x2A, 0xBC, 0x2A, 0xBC,
    0x2A, 0xBC, 0x2A, 0xBC, 0x0A, 0xBC, 0x2A, 0xC4, 0x2A, 0xC4, 0x29, 0xBC, 0x00, 0x00, 0xEF, 0xFB,
    0xE7, 0x7B, 0x00, 0x00, 0x0A, 0xBC, 0x4A, 0xCC, 0x0A, 0xBC, 0x0A, 0xBC, 0x0A, 0xBC, 0x0A, 0xBC,
    0x0A, 0xBC, 0x0A, 0xBC, 0x0A, 0xBC, 0x0A, 0xBC, 0x1A, 0xF7, 0xFF, 0xFF, 0xFF, 0xFF, 0xFF, 0xFF,
    0xFF, 0xFF, 0xFF, 0xFF, 0xFF, 0xFF, 0xFF, 0xFF, 0xFF, 0xFF, 0xFF, 0xFF, 0xFF, 0xFF, 0xFF, 0xFF,
    0xFF, 0xFF, 0xFF, 0xFF, 0xFF, 0xFF, 0xBE, 0xFF, 0x8D, 0xC4, 0xE9, 0xBB, 0x2A, 0xBC, 0x0A, 0xBC,
    0x0A, 0xBC, 0x0A, 0xBC, 0x0A, 0xBC, 0x0A, 0xBC, 0x6B, 0xCC, 0x0A, 0xBC, 0x00, 0x00, 0x26, 0x9B,
    0xE7, 0xBB, 0x00, 0x00, 0x0A, 0xBC, 0x4A, 0xCC, 0x0A, 0xBC, 0x0A, 0xBC, 0x0A, 0xBC, 0x0A, 0xBC,
    0x0A, 0xBC, 0x0A, 0xBC, 0x09, 0xBC, 0x6B, 0xC4, 0xFF, 0xFF, 0xFF, 0xFF, 0xDF, 0xFF, 0xFF, 0xFF,
    0xFF, 0xFF, 0xFF, 0xFF, 0xFF, 0xFF, 0xFF, 0xFF, 0xFF, 0xFF, 0xFF, 0xFF, 0xFF, 0xFF, 0xFF, 0xFF,
    0xFF, 0xFF, 0xFF, 0xFF, 0xDF, 0xFF, 0xFF, 0xFF, 0x30, 0xCD, 0xC9, 0xBB, 0x0A, 0xBC, 0x0A, 0xBC,
    0x0A, 0xBC, 0x0A, 0xBC, 0x0A, 0xBC, 0x0A, 0xBC, 0x2A, 0xC4, 0x0A, 0xBC, 0xE7, 0xBB, 0x00, 0xF8,
    0x00, 0xF8, 0xEB, 0xBB, 0x0A, 0xBC, 0x2A, 0xC4, 0x0A, 0xBC, 0x0A, 0xBC, 0x0A, 0xBC, 0x0A, 0xBC,
    0x0A, 0xBC, 0x0A, 0xBC, 0x0A, 0xBC, 0xE9, 0xBB, 0x77, 0xE6, 0xFF, 0xFF, 0xFF, 0xFF, 0xFF, 0xFF,
    0xFF, 0xFF, 0xFF, 0xFF, 0xFF, 0xFF, 0xFF, 0xFF, 0xFF, 0xFF, 0xFF, 0xFF, 0xFF, 0xFF, 0xFF, 0xFF,
    0xFF, 0xFF, 0xFF, 0xFF, 0xFF, 0xFF, 0x1A, 0xEF, 0x0A, 0xBC, 0x0A, 0xBC, 0x0A, 0xBC, 0x0A, 0xBC,
    0x0A, 0xBC, 0x0A, 0xBC, 0x0A, 0xBC, 0x0A, 0xBC, 0x0A, 0xBC, 0x2A, 0xC4, 0x0A, 0xBC, 0x00, 0x00,
    0x00, 0x00, 0x29, 0xC4, 0x09, 0xBC, 0x0A, 0xBC, 0xEA, 0xBB, 0x0A, 0xBC, 0x0A, 0xBC, 0x0A, 0xBC,
    0x0A, 0xBC, 0x0A, 0xBC, 0x0A, 0xBC, 0xE9, 0xBB, 0xE9, 0xBB, 0x0F, 0xCD, 0x71, 0xD5, 0x50, 0xD5,
    0x51, 0xD5, 0x51, 0xD5, 0x51, 0xD5, 0x51, 0xD5, 0x51, 0xD5, 0x51, 0xD5, 0x51, 0xD5, 0x51, 0xD5,
    0x50, 0xD5, 0x51, 0xD5, 0x30, 0xCD, 0x0A, 0xBC, 0xE9, 0xBB, 0x0A, 0xBC, 0x0A, 0xBC, 0x0A, 0xBC,
    0x0A, 0xBC, 0x0A, 0xBC, 0x0A, 0xBC, 0x0A, 0xBC, 0x09, 0xBC, 0x2A, 0xC4, 0x09, 0xBC, 0x00, 0x00,
    0x00, 0x00, 0xE9, 0xBB, 0xE9, 0xBB, 0x0A, 0xBC, 0xE9, 0xBB, 0xE9, 0xBB, 0xE9, 0xBB, 0xE9, 0xBB,
    0xE9, 0xBB, 0xE9, 0xBB, 0xE9, 0xBB, 0x0A, 0xBC, 0x0A, 0xBC, 0xA7, 0xB3, 0x36, 0xE6, 0x9D, 0xFF,
    0x7D, 0xF7, 0x9D, 0xF7, 0x9D, 0xF7, 0x9D, 0xF7, 0x9D, 0xF7, 0x9D, 0xF7, 0x9D, 0xF7, 0x7D, 0xF7,
    0x9D, 0xF7, 0xFA, 0xEE, 0xE9, 0xBB, 0xE9, 0xBB, 0x0A, 0xBC, 0xE9, 0xBB, 0xE9, 0xBB, 0xE9, 0xBB,
    0xE9, 0xBB, 0xE9, 0xBB, 0xE9, 0xBB, 0xE9, 0xBB, 0xE9, 0xBB, 0x2A, 0xC4, 0x0A, 0xBC, 0x00, 0x00,
    0x00, 0x00, 0xE9, 0xBB, 0xE9, 0xBB, 0x09, 0xBC, 0xE9, 0xBB, 0xE9, 0xBB, 0xE9, 0xBB, 0xE9, 0xBB,
    0xE9, 0xBB, 0xE9, 0xBB, 0xE9, 0xBB, 0xE9, 0xBB, 0x0A, 0xBC, 0xE9, 0xBB, 0x2B, 0xBC, 0x9D, 0xFF,
    0xFF, 0xFF, 0xFF, 0xFF, 0xFF, 0xFF, 0xFF, 0xFF, 0xFF, 0xFF, 0xFF, 0xFF, 0xFF, 0xFF, 0xFF, 0xFF,
    0xFF, 0xFF, 0xEF, 0xCC, 0xC8, 0xB3, 0x0A, 0xBC, 0xE9, 0xBB, 0xE9, 0xBB, 0xE9, 0xBB, 0xE9, 0xBB,
    0xE9, 0xBB, 0xE9, 0xBB, 0xE9, 0xBB, 0xE9, 0xBB, 0xE9, 0xBB, 0x2A, 0xC4, 0xE9, 0xBB, 0x00, 0x00,
    0x00, 0x00, 0xE9, 0xBB, 0xE9, 0xB3, 0x09, 0xBC, 0xE9, 0xB3, 0xE9, 0xBB, 0xE9, 0xBB, 0xE9, 0xBB,
    0xE9, 0xBB, 0xE9, 0xBB, 0xE9, 0xBB, 0xE9, 0xBB, 0xE9, 0xBB, 0x0A, 0xBC, 0xA8, 0xB3, 0xCE, 0xC4,
    0xFF, 0xFF, 0xFF, 0xFF, 0xFF, 0xFF, 0xFF, 0xFF, 0xFF, 0xFF, 0xFF, 0xFF, 0xFF, 0xFF, 0xFF, 0xFF,
    0xB3, 0xD5, 0x87, 0xB3, 0x0A, 0xBC, 0xE9, 0xBB, 0xE9, 0xBB, 0xE9, 0xBB, 0xE9, 0xBB, 0xE9, 0xBB,
    0xE9, 0xBB, 0xE9, 0xBB, 0xE9, 0xBB, 0xE9, 0xBB, 0xE9, 0xB3, 0x2A, 0xC4, 0xE9, 0xB3, 0x00, 0x00,
    0x00, 0x00, 0xE9, 0xBB, 0xC9, 0xB3, 0xE9, 0xBB, 0xC9, 0xB3, 0xE9, 0xB3, 0xE9, 0xB3, 0xE9, 0xB3,
    0xE9, 0xB3, 0xE9, 0xB3, 0xE9, 0xB3, 0xE9, 0xB3, 0xE9, 0xB3, 0xE9, 0xB3, 0xEA, 0xBB, 0x87, 0xB3,
    0xB3, 0xD5, 0xFF, 0xFF, 0xFF, 0xFF, 0xFF, 0xFF, 0xFF, 0xFF, 0xFF, 0xFF, 0xFF, 0xFF, 0xB8, 0xEE,
    0xA8, 0xB3, 0xE9, 0xB3, 0xE9, 0xB3, 0xE9, 0xB3, 0xE9, 0xB3, 0xE9, 0xB3, 0xE9, 0xB3, 0xE9, 0xB3,
    0xE9, 0xB3, 0xE9, 0xB3, 0xE9, 0xB3, 0xE9, 0xB3, 0xC9, 0xB3, 0x0A, 0xC4, 0xE9, 0xB3, 0x00, 0x00,
    0x00, 0x00, 0xE9, 0xBB, 0xC9, 0xB3, 0xE9, 0xBB, 0xC9, 0xB3, 0xE9, 0xB3, 0xE9, 0xB3, 0xE9, 0xB3,
    0xE9, 0xB3, 0xE9, 0xB3, 0xE9, 0xB3, 0xE9, 0xB3, 0xE9, 0xB3, 0xE9, 0xB3, 0xE9, 0xB3, 0xE9, 0xB3,
    0xA8, 0xB3, 0xB8, 0xE6, 0xFF, 0xFF, 0xFF, 0xFF, 0xFF, 0xFF, 0xFF, 0xFF, 0x7C, 0xF7, 0x0A, 0xBC,
    0xC9, 0xB3, 0xE9, 0xB3, 0xE9, 0xB3, 0xE9, 0xB3, 0xE9, 0xB3, 0xE9, 0xB3, 0xE9, 0xB3, 0xE9, 0xB3,
    0xE9, 0xB3, 0xE9, 0xB3, 0xE9, 0xB3, 0xE9, 0xB3, 0xC9, 0xB3, 0x0A, 0xBC, 0xC9, 0xB3, 0x00, 0x00,
    0x00, 0x00, 0xE9, 0xBB, 0xC9, 0xB3, 0xE9, 0xBB, 0xC9, 0xB3, 0xC9, 0xB3, 0xC9, 0xB3, 0xC9, 0xB3,
    0xC9, 0xB3, 0xC9, 0xB3, 0xC9, 0xB3, 0xC9, 0xB3, 0xC9, 0xB3, 0xC9, 0xB3, 0xC9, 0xB3, 0xE9, 0xB3,
    0xC9, 0xB3, 0x0A, 0xBC, 0x7C, 0xF7, 0xFF, 0xFF, 0xFF, 0xFF, 0xFF, 0xFF, 0xAE, 0xC4, 0xA8, 0xB3,
    0xE9, 0xB3, 0xC9, 0xB3, 0xC9, 0xB3, 0xC9, 0xB3, 0xC9, 0xB3, 0xC9, 0xB3, 0xC9, 0xB3, 0xC9, 0xB3,
    0xC9, 0xB3, 0xC9, 0xB3, 0xC9, 0xB3, 0xC9, 0xB3, 0xC9, 0xB3, 0x09, 0xBC, 0xC9, 0xB3, 0x00, 0x00,
    0x00, 0x00, 0xE9, 0xAB, 0xC9, 0xB3, 0xE9, 0xB3, 0xC9, 0xB3, 0xC9, 0xB3, 0xC9, 0xB3, 0xC9, 0xB3,
    0xC9, 0xB3, 0xC9, 0xB3, 0xC9, 0xB3, 0xC9, 0xB3, 0xC9, 0xB3, 0xC9, 0xB3, 0xC9, 0xB3, 0xC9, 0xB3,
    0xE9, 0xB3, 0x88, 0xB3, 0xAE, 0xC4, 0xFF, 0xFF, 0xFF, 0xFF, 0xB3, 0xD5, 0x87, 0xAB, 0xE9, 0xB3,
    0xC9, 0xB3, 0xC9, 0xB3, 0xC9, 0xB3, 0xC9, 0xB3, 0xC9, 0xB3, 0xC9, 0xB3, 0xC9, 0xB3, 0xC9, 0xB3,
    0xC9, 0xB3, 0xC9, 0xB3, 0xC9, 0xB3, 0xC9, 0xB3, 0xC9, 0xB3, 0x09, 0xBC, 0xC9, 0xB3, 0x00, 0x00,
    0x00, 0x00, 0xE9, 0xAB, 0xC9, 0xB3, 0xC9, 0xB3, 0xC9, 0xB3, 0xC9, 0xB3, 0xC9, 0xB3, 0xC9, 0xB3,
    0xC9, 0xB3, 0xC9, 0xB3, 0xC9, 0xB3, 0xC9, 0xB3, 0xC9, 0xB3, 0xC9, 0xB3, 0xC9, 0xB3, 0xC9, 0xB3,
    0xC9, 0xB3, 0xE9, 0xB3, 0x67, 0xAB, 0xB3, 0xD5, 0x98, 0xE6, 0x87, 0xAB, 0xC9, 0xB3, 0xC9, 0xB3,
    0xC9, 0xB3, 0xC9, 0xB3, 0xC9, 0xB3, 0xC9, 0xB3, 0xC9, 0xB3, 0xC9, 0xB3, 0xC9, 0xB3, 0xC9, 0xB3,
    0xC9, 0xB3, 0xC9, 0xB3, 0xC9, 0xB3, 0xC9, 0xB3, 0xC9, 0xB3, 0xE9, 0xBB, 0xA8, 0xB3, 0x00, 0x00,
    0x00, 0x00, 0xE9, 0xAB, 0xC9, 0xB3, 0xC9, 0xB3, 0xA9, 0xB3, 0xC9, 0xB3, 0xC9, 0xB3, 0xC9, 0xB3,
    0xC9, 0xB3, 0xC9, 0xB3, 0xC9, 0xB3, 0xC9, 0xB3, 0xC9, 0xB3, 0xC9, 0xB3, 0xC9, 0xB3, 0xC9, 0xB3,
    0xC9, 0xB3, 0xC9, 0xB3, 0x67, 0xAB, 0x10, 0xCD, 0x15, 0xDE, 0x67, 0xAB, 0xC9, 0xB3, 0xC9, 0xB3,
    0xC9, 0xB3, 0xC9, 0xB3, 0xC9, 0xB3, 0xC9, 0xB3, 0xC9, 0xB3, 0xC9, 0xB3, 0xC9, 0xB3, 0xC9, 0xB3,
    0xC9, 0xB3, 0xC9, 0xB3, 0xC9, 0xB3, 0xC9, 0xB3, 0xA8, 0xB3, 0xE9, 0xBB, 0xA8, 0xB3, 0x00, 0x00,
    0x00, 0x00, 0xE9, 0xAB, 0xA8, 0xB3, 0xC9, 0xB3, 0xA8, 0xB3, 0xA8, 0xB3, 0xA8, 0xB3, 0xA8, 0xB3,
    0xA8, 0xB3, 0xA8, 0xB3, 0xA8, 0xB3, 0xA8, 0xB3, 0xA8, 0xB3, 0xA8, 0xB3, 0xA8, 0xB3, 0xA8, 0xB3,
    0xC9, 0xB3, 0xA8, 0xAB, 0x0A, 0xB4, 0x9D, 0xFF, 0xFF, 0xFF, 0xCE, 0xC4, 0x67, 0xAB, 0xC9, 0xB3,
    0xA8, 0xB3, 0xA8, 0xB3, 0xA8, 0xB3, 0xA8, 0xB3, 0xA8, 0xB3, 0xA8, 0xB3, 0xA8, 0xB3, 0xA8, 0xB3,
    0xA8, 0xB3, 0xA8, 0xB3, 0xA8, 0xB3, 0xA8, 0xB3, 0xA8, 0xB3, 0xE9, 0xBB, 0xA8, 0xB3, 0x00, 0x00,
    0x00, 0x00, 0xE7, 0xAB, 0xA8, 0xAB, 0xC8, 0xB3, 0xA8, 0xAB, 0xA8, 0xB3, 0xA8, 0xB3, 0xA8, 0xB3,
    0xA8, 0xB3, 0xA8, 0xB3, 0xA8, 0xB3, 0xA8, 0xB3, 0xA8, 0xB3, 0xA8, 0xB3, 0xA8, 0xB3, 0xA8, 0xB3,
    0xA8, 0xB3, 0x87, 0xAB, 0xD9, 0xEE, 0xFF, 0xFF, 0xFF, 0xFF, 0x9D, 0xFF, 0x0A, 0xB4, 0x88, 0xAB,
    0xC9, 0xB3, 0xA8, 0xB3, 0xA8, 0xB3, 0xA8, 0xB3, 0xA8, 0xB3, 0xA8, 0xB3, 0xA8, 0xB3, 0xA8, 0xB3,
    0xA8, 0xB3, 0xA8, 0xB3, 0xA8, 0xB3, 0xA8, 0xB3, 0xA8, 0xAB, 0xE9, 0xBB, 0xA8, 0xAB, 0x00, 0x00,
    0x00, 0x00, 0x67, 0xAB, 0xA8, 0xAB, 0xA8, 0xB3, 0xA8, 0xAB, 0xA8, 0xAB, 0xA8, 0xAB, 0xA8, 0xAB,
    0xA8, 0xAB, 0xA8, 0xAB, 0xA8, 0xAB, 0xA8, 0xAB, 0xA8, 0xAB, 0xA8, 0xAB, 0xA8, 0xAB, 0xC9, 0xB3,
    0x46, 0xAB, 0xD4, 0xD5, 0xFF, 0xFF, 0xFF, 0xFF, 0xFF, 0xFF, 0xFF, 0xFF, 0xD9, 0xEE, 0x87, 0xAB,
    0xA8, 0xB3, 0xA8, 0xAB, 0xA8, 0xAB, 0xA8, 0xAB, 0xA8, 0xAB, 0xA8, 0xAB, 0xA8, 0xAB, 0xA8, 0xAB,
    0xA8, 0xAB, 0xA8, 0xAB, 0xA8, 0xAB, 0xA8, 0xAB, 0xA8, 0xAB, 0xC9, 0xBB, 0x88, 0xAB, 0x00, 0x00,
    0x00, 0x00, 0x67, 0xAB, 0xA8, 0xAB, 0xA8, 0xB3, 0xA8, 0xAB, 0xA8, 0xAB, 0xA8, 0xAB, 0xA8, 0xAB,
    0xA8, 0xAB, 0xA8, 0xAB, 0xA8, 0xAB, 0xA8, 0xAB, 0xA8, 0xAB, 0xA8, 0xAB, 0xA9, 0xAB, 0x67, 0xAB,
    0xCE, 0xC4, 0xFF, 0xFF, 0xFF, 0xFF, 0xFF, 0xFF, 0xFF, 0xFF, 0xFF, 0xFF, 0xFF, 0xFF, 0xD4, 0xD5,
    0x46, 0xAB, 0xA9, 0xB3, 0xA8, 0xAB, 0xA8, 0xAB, 0xA8, 0xAB, 0xA8, 0xAB, 0xA8, 0xAB, 0xA8, 0xAB,
    0xA8, 0xAB, 0xA8, 0xAB, 0xA8, 0xAB, 0xA8, 0xAB, 0xA8, 0xAB, 0xC9, 0xB3, 0x88, 0xAB, 0x00, 0x00,
    0x00, 0x00, 0x67, 0xAB, 0x88, 0xAB, 0xA8, 0xB3, 0x88, 0xAB, 0x88, 0xAB, 0x88, 0xAB, 0x88, 0xAB,
    0x88, 0xAB, 0x88, 0xAB, 0x88, 0xAB, 0x88, 0xAB, 0x88, 0xAB, 0xA8, 0xAB, 0x87, 0xAB, 0xEA, 0xB3,
    0x9D, 0xFF, 0xFF, 0xFF, 0xFF, 0xFF, 0xFF, 0xFF, 0xFF, 0xFF, 0xFF, 0xFF, 0xFF, 0xFF, 0xFF, 0xFF,
    0xCE, 0xC4, 0x47, 0xAB, 0xA8, 0xAB, 0x88, 0xAB, 0x88, 0xAB, 0x88, 0xAB, 0x88, 0xAB, 0x88, 0xAB,
    0x88, 0xAB, 0x88, 0xAB, 0x88, 0xAB, 0x88, 0xAB, 0x88, 0xAB, 0xC8, 0xB3, 0x88, 0xAB, 0x00, 0x00,
    0x00, 0x00, 0x67, 0xAB, 0x88, 0xAB, 0xA8, 0xAB, 0x88, 0xAB, 0x88, 0xAB, 0x88, 0xAB, 0x88, 0xAB,
    0x88, 0xAB, 0x88, 0xAB, 0x88, 0xAB, 0x88, 0xAB, 0x88, 0xAB, 0x88, 0xAB, 0x67, 0xAB, 0xD9, 0xEE,
    0xFF, 0xFF, 0xFF, 0xFF, 0xFF, 0xFF, 0xFF, 0xFF, 0xFF, 0xFF, 0xFF, 0xFF, 0xFF, 0xFF, 0xFF, 0xFF,
    0x9D, 0xF7, 0xEA, 0xB3, 0x67, 0xAB, 0xA8, 0xAB, 0x88, 0xAB, 0x88, 0xAB, 0x88, 0xAB, 0x88, 0xAB,
    0x88, 0xAB, 0x88, 0xAB, 0x88, 0xAB, 0x88, 0xAB, 0x88, 0xAB, 0xC8, 0xB3, 0x88, 0xAB, 0x00, 0x00,
    0x00, 0x00, 0x67, 0xAB, 0x88, 0xAB, 0xA8, 0xAB, 0x88, 0xAB, 0x88, 0xAB, 0x88, 0xAB, 0x88, 0xAB,
    0x88, 0xAB, 0x88, 0xAB, 0x88, 0xAB, 0x88, 0xAB, 0xA8, 0xAB, 0x46, 0xA3, 0xF4, 0xDD, 0xFF, 0xFF,
    0xFF, 0xFF, 0xFF, 0xFF, 0xFF, 0xFF, 0xFF, 0xFF, 0xFF, 0xFF, 0xFF, 0xFF, 0xFF, 0xFF, 0xFF, 0xFF,
    0xFF, 0xFF, 0xFA, 0xEE, 0x67, 0xAB, 0x88, 0xAB, 0x88, 0xAB, 0x88, 0xAB, 0x88, 0xAB, 0x88, 0xAB,
    0x88, 0xAB, 0x88, 0xAB, 0x88, 0xAB, 0x88, 0xAB, 0x88, 0xAB, 0xC8, 0xB3, 0x88, 0xAB, 0x00, 0x00,
    0x00, 0x00, 0x47, 0xB3, 0x88, 0xAB, 0x88, 0xAB, 0x88, 0xAB, 0x88, 0xAB, 0x88, 0xAB, 0x88, 0xAB,
    0x88, 0xAB, 0x88, 0xAB, 0x88, 0xAB, 0x88, 0xAB, 0x47, 0xA3, 0xC9, 0xB3, 0xEF, 0xC4, 0xEF, 0xC4,
    0xEF, 0xC4, 0xEF, 0xC4, 0xEF, 0xC4, 0xEF, 0xC4, 0xEF, 0xC4, 0xEF, 0xC4, 0xEF, 0xC4, 0xEF, 0xC4,
    0xEF, 0xC4, 0x10, 0xC5, 0x0B, 0xB4, 0x47, 0xA3, 0x67, 0xAB, 0x88, 0xAB, 0x88, 0xAB, 0x88, 0xAB,
    0x88, 0xAB, 0x88, 0xAB, 0x88, 0xAB, 0x88, 0xAB, 0x88, 0xAB, 0xA8, 0xB3, 0x88, 0xAB, 0x00, 0x00,
    0x00, 0x00, 0x47, 0xAB, 0x88, 0xAB, 0x88, 0xAB, 0x88, 0xAB, 0x88, 0xAB, 0x88, 0xAB, 0x88, 0xAB,
    0x88, 0xAB, 0x88, 0xAB, 0x88, 0xAB, 0x47, 0xA3, 0x51, 0xCD, 0xBE, 0xFF, 0x7C, 0xF7, 0x7D, 0xF7,
    0x7D, 0xF7, 0x7D, 0xF7, 0x7D, 0xF7, 0x7D, 0xF7, 0x7D, 0xF7, 0x7D, 0xF7, 0x7D, 0xF7, 0x7D, 0xF7,
    0x7D, 0xF7, 0x7C, 0xF7, 0xBE, 0xFF, 0x36, 0xDE, 0x67, 0xAB, 0x88, 0xAB, 0x88, 0xAB, 0x88, 0xAB,
    0x88, 0xAB, 0x88, 0xAB, 0x88, 0xAB, 0x88, 0xAB, 0x88, 0xAB, 0x88, 0xAB, 0x67, 0xAB, 0x00, 0x00,
    0xE7, 0x79, 0x00, 0x00, 0x67, 0xAB, 0xA8, 0xB3, 0x67, 0xA3, 0x67, 0xAB, 0x68, 0xAB, 0x68, 0xAB,
    0x68, 0xAB, 0x88, 0xAB, 0x67, 0xAB, 0xC9, 0xAB, 0xDF, 0xFF, 0xFF, 0xFF, 0xFF, 0xFF, 0xFF, 0xFF,
    0xFF, 0xFF, 0xFF, 0xFF, 0xFF, 0xFF, 0xFF, 0xFF, 0xFF, 0xFF, 0xFF, 0xFF, 0xFF, 0xFF, 0xFF, 0xFF,
    0xFF, 0xFF, 0xFF, 0xFF, 0xFF, 0xFF, 0xFF, 0xFF, 0xAE, 0xBC, 0x26, 0xA3, 0x88, 0xAB, 0x68, 0xAB,
    0x68, 0xAB, 0x68, 0xAB, 0x67, 0xAB, 0x67, 0xA3, 0x88, 0xAB, 0x67, 0xA3, 0x26, 0xB3, 0x00, 0x00,
    0xE7, 0xBB, 0x00, 0x00, 0x67, 0xA3, 0xA8, 0xB3, 0x67, 0xA3, 0x67, 0xAB, 0x67, 0xA3, 0x67, 0xAB,
    0x67, 0xAB, 0x67, 0xAB, 0x67, 0xA3, 0x88, 0xAB, 0x9D, 0xF7, 0xFF, 0xFF, 0xFF, 0xFF, 0xFF, 0xFF,
    0xFF, 0xFF, 0xFF, 0xFF, 0xFF, 0xFF, 0xFF, 0xFF, 0xFF, 0xFF, 0xFF, 0xFF, 0xFF, 0xFF, 0xFF, 0xFF,
    0xFF, 0xFF, 0xFF, 0xFF, 0xFF, 0xFF, 0xFF, 0xFF, 0x2B, 0xB4, 0x47, 0xA3, 0x88, 0xAB, 0x67, 0xAB,
    0x67, 0xAB, 0x67, 0xA3, 0x67, 0xAB, 0x67, 0xA3, 0xA8, 0xB3, 0x67, 0xAB, 0x00, 0x00, 0xE7, 0xBB,
    0xE0, 0xFF, 0x00, 0xF8, 0x67, 0xAB, 0x67, 0xAB, 0x67, 0xAB, 0x67, 0xA3, 0x67, 0xA3, 0x67, 0xA3,
    0x67, 0xA3, 0x67, 0xA3, 0x67, 0xA3, 0x26, 0xA3, 0x6C, 0xBC, 0xB9, 0xE6, 0xD9, 0xEE, 0xD9, 0xEE,
    0xD9, 0xEE, 0xD9, 0xEE, 0xD9, 0xEE, 0xD9, 0xEE, 0xD9, 0xEE, 0xD9, 0xEE, 0xD9, 0xEE, 0xD9, 0xEE,
    0xD9, 0xEE, 0xD9, 0xEE, 0xB9, 0xE6, 0xEF, 0xC4, 0x26, 0xA3, 0x67, 0xA3, 0x67, 0xA3, 0x67, 0xA3,
    0x67, 0xA3, 0x67, 0xA3, 0x67, 0xA3, 0x67, 0xA3, 0x88, 0xB3, 0x67, 0xA3, 0x00, 0x00, 0xAA, 0xAA,
    0x00, 0x00, 0xAA, 0xAA, 0x00, 0x00, 0x47, 0xA3, 0xA8, 0xB3, 0x67, 0xA3, 0x67, 0xA3, 0x67, 0xA3,
    0x67, 0xA3, 0x67, 0xA3, 0x67, 0xA3, 0x67, 0xA3, 0x26, 0xA3, 0x26, 0xA3, 0x26, 0xA3, 0x26, 0xA3,
    0x26, 0xA3, 0x26, 0xA3, 0x26, 0xA3, 0x26, 0xA3, 0x26, 0xA3, 0x26, 0xA3, 0x26, 0xA3, 0x26, 0xA3,
    0x26, 0xA3, 0x26, 0xA3, 0x26, 0xA3, 0x26, 0xA3, 0x67, 0xA3, 0x67, 0xA3, 0x67, 0xA3, 0x67, 0xA3,
    0x67, 0xA3, 0x67, 0xA3, 0x67, 0xA3, 0xA8, 0xB3, 0x67, 0xA3, 0x00, 0x00, 0xAA, 0xAA, 0x00, 0x00,
    0x00, 0x00, 0x00, 0x00, 0x4A, 0xFD, 0x00, 0x00, 0x67, 0xA3, 0xA8, 0xB3, 0x47, 0xA3, 0x47, 0xA3,
    0x47, 0xA3, 0x47, 0xA3, 0x47, 0xA3, 0x47, 0xA3, 0x67, 0xA3, 0x67, 0xA3, 0x67, 0xA3, 0x67, 0xA3,
    0x67, 0xA3, 0x67, 0xA3, 0x67, 0xA3, 0x67, 0xA3, 0x67, 0xA3, 0x67, 0xA3, 0x67, 0xA3, 0x67, 0xA3,
    0x67, 0xA3, 0x67, 0xA3, 0x67, 0xA3, 0x67, 0xA3, 0x47, 0xA3, 0x47, 0xA3, 0x47, 0xA3, 0x47, 0xA3,
    0x47, 0xA3, 0x47, 0xA3, 0x88, 0xAB, 0x67, 0xA3, 0x07, 0x9B, 0xEF, 0x7B, 0x00, 0xF8, 0x00, 0x00,
    0x00, 0x00, 0x00, 0x00, 0x00, 0xF8, 0x00, 0xF8, 0x47, 0xA3, 0x67, 0xA3, 0x88, 0xB3, 0x47, 0xA3,
    0x47, 0xA3, 0x47, 0xA3, 0x47, 0xA3, 0x47, 0xA3, 0x47, 0xA3, 0x47, 0xA3, 0x47, 0xA3, 0x47, 0xA3,
    0x47, 0xA3, 0x47, 0xA3, 0x47, 0xA3, 0x47, 0xA3, 0x47, 0xA3, 0x47, 0xA3, 0x47, 0xA3, 0x47, 0xA3,
    0x47, 0xA3, 0x47, 0xA3, 0x47, 0xA3, 0x47, 0xA3, 0x47, 0xA3, 0x47, 0xA3, 0x47, 0xA3, 0x47, 0xA3,
    0x47, 0xA3, 0x87, 0xAB, 0x67, 0xAB, 0x27, 0xA3, 0x00, 0x00, 0xEF, 0xFB, 0x00, 0x00, 0x00, 0x00,
    0x00, 0x00, 0x00, 0x00, 0x00, 0x00, 0x00, 0xF8, 0x00, 0x00, 0x00, 0x00, 0x47, 0xA3, 0x67, 0xA3,
    0x87, 0xAB, 0x67, 0xAB, 0x47, 0xA3, 0x47, 0xA3, 0x47, 0xA3, 0x47, 0xA3, 0x47, 0xA3, 0x47, 0xA3,
    0x47, 0xA3, 0x47, 0xA3, 0x47, 0xA3, 0x47, 0xA3, 0x47, 0xA3, 0x47, 0xA3, 0x47, 0xA3, 0x47, 0xA3,
    0x47, 0xA3, 0x47, 0xA3, 0x47, 0xA3, 0x47, 0xA3, 0x47, 0xA3, 0x47, 0xA3, 0x67, 0xA3, 0x87, 0xAB,
    0x67, 0xAB, 0x67, 0xA3, 0xE6, 0x92, 0x00, 0x00, 0xEF, 0xFB, 0x00, 0x00, 0x00, 0x00, 0x00, 0x00,
    0x00, 0x00, 0x00, 0x00, 0x00, 0x00, 0x00, 0x00, 0x00, 0xF8, 0xE0, 0xFF, 0x00, 0x00, 0x47, 0xA3,
    0x67, 0xA3, 0x47, 0xA3, 0x47, 0xA3, 0x67, 0xAB, 0x67, 0xAB, 0x67, 0xAB, 0x67, 0xAB, 0x67, 0xAB,
    0x67, 0xAB, 0x67, 0xAB, 0x67, 0xAB, 0x67, 0xAB, 0x67, 0xAB, 0x67, 0xAB, 0x67, 0xAB, 0x67, 0xAB,
    0x67, 0xAB, 0x67, 0xAB, 0x67, 0xAB, 0x67, 0xAB, 0x67, 0xAB, 0x67, 0xA3, 0x47, 0xA3, 0x67, 0xAB,
    0x47, 0xA3, 0x00, 0x00, 0x00, 0x00, 0xEF, 0xFB, 0x00, 0x00, 0x00, 0x00, 0x00, 0x00, 0x00, 0x00,
    0x00, 0x00, 0x00, 0x00, 0x00, 0x00, 0x00, 0x00, 0x00, 0x00, 0x00, 0x00, 0xAA, 0xAA, 0x00, 0x00,
    0x00, 0x00, 0xAA, 0xAA, 0x67, 0xAB, 0x47, 0xA3, 0x26, 0x9B, 0x26, 0xA3, 0x26, 0xA3, 0x26, 0xA3,
    0x26, 0xA3, 0x26, 0xA3, 0x26, 0xA3, 0x26, 0xA3, 0x26, 0xA3, 0x26, 0xA3, 0x26, 0xA3, 0x26, 0xA3,
    0x26, 0xA3, 0x26, 0xA3, 0x26, 0xA3, 0x26, 0x9B, 0x47, 0xA3, 0x47, 0xA3, 0x87, 0xAB, 0x00, 0x00,
    0x00, 0x00, 0xE0, 0x7B, 0x00, 0xF8, 0x00, 0x00, 0x00, 0x00, 0x00, 0x00, 0x00, 0x00, 0x00, 0x00,
    0x00, 0x00, 0x00, 0x00, 0x00, 0x00, 0x00, 0x00, 0x00, 0x00, 0x00, 0x00, 0x00, 0x00, 0xE0, 0x7B,
    0xE7, 0xBB, 0x00, 0x00, 0x00, 0x00, 0x00, 0x00, 0x00, 0x00, 0x00, 0x00, 0x00, 0x00, 0x00, 0x00,
    0x00, 0x00, 0x00, 0x00, 0x00, 0x00, 0x00, 0x00, 0x00, 0x00, 0x00, 0x00, 0x00, 0x00, 0x00, 0x00,
    0x00, 0x00, 0x00, 0x00, 0x00, 0x00, 0x00, 0x00, 0x00, 0x00, 0x00, 0x00, 0x00, 0x00, 0xE7, 0x7B,
    0xAA, 0xAA, 0x00, 0x00, 0x00, 0x00, 0x00, 0x00, 0x00, 0x00, 0x00, 0x00, 0x00, 0x00, 0x00, 0x00,
    0x00, 0x00, 0x00, 0x00, 0x00, 0x00, 0x00, 0x01, 0x03, 0x04, 0x00, 0x00, 0x00, 0x00, 0x00, 0x00,
    0x00, 0x00, 0x00, 0x00, 0x00, 0x00, 0x00, 0x00, 0x00, 0x00, 0x00, 0x00, 0x00, 0x00, 0x03, 0x04,
    0x01, 0x00, 0x00, 0x00, 0x00, 0x00, 0x00, 0x00, 0x00, 0x00, 0x00, 0x00, 0x00, 0x00, 0x03, 0x00,
    0x00, 0x00, 0x03, 0x10, 0x10, 0x10, 0x10, 0x10, 0x10, 0x10, 0x10, 0x10, 0x10, 0x10, 0x10, 0x10,
    0x10, 0x10, 0x10, 0x10, 0x10, 0x09, 0x00, 0x00, 0x00, 0x03, 0x00, 0x00, 0x00, 0x00, 0x00, 0x00,
    0x00, 0x00, 0x00, 0x00, 0x00, 0x04, 0x00, 0x06, 0x4F, 0x9F, 0xD6, 0xEF, 0xEF, 0xF0, 0xF0, 0xF0,
    0xF0, 0xF0, 0xF0, 0xF0, 0xF0, 0xF0, 0xF0, 0xF0, 0xF0, 0xF0, 0xF0, 0xEF, 0xEF, 0xE2, 0xAE, 0x61,
    0x16, 0x00, 0x02, 0x01, 0x00, 0x00, 0x00, 0x00, 0x00, 0x00, 0x00, 0x00, 0x01, 0x00, 0x47, 0xD4,
    0xFF, 0xFF, 0xFF, 0xFF, 0xFF, 0xFF, 0xFF, 0xFF, 0xFF, 0xFF, 0xFF, 0xFF, 0xFF, 0xFF, 0xFF, 0xFF,
    0xFF, 0xFF, 0xFF, 0xFF, 0xFF, 0xFF, 0xFF, 0xFF, 0xE9, 0x6D, 0x00, 0x00, 0x01, 0x00, 0x00, 0x00,
    0x00, 0x00, 0x00, 0x03, 0x01, 0x7F, 0xFF, 0xFF, 0xFC, 0xFB, 0xFD, 0xFE, 0xFE, 0xFE, 0xFE, 0xFE,
    0xFE, 0xFE, 0xFE, 0xFE, 0xFE, 0xFE, 0xFE, 0xFE, 0xFE, 0xFE, 0xFE, 0xFE, 0xFE, 0xFD, 0xFC, 0xFB,
    0xFF, 0xFF, 0xA9, 0x13, 0x01, 0x01, 0x00, 0x00, 0x00, 0x00, 0x04, 0x00, 0x80, 0xFF, 0xFC, 0xFD,
    0xFF, 0xFF, 0xFF, 0xFF, 0xFF, 0xFF, 0xFF, 0xFF, 0xFF, 0xFF, 0xFF, 0xFF, 0xFF, 0xFF, 0xFF, 0xFF,
    0xFF, 0xFF, 0xFF, 0xFF, 0xFF, 0xFF, 0xFF, 0xFF, 0xFE, 0xFA, 0xFF, 0xBB, 0x01, 0x03, 0x00, 0x00,
    0x00, 0x03, 0x00, 0x44, 0xFE, 0xFA, 0xFE, 0xFF, 0xFF, 0xFF, 0xFF, 0xFF, 0xFF, 0xFF, 0xFF, 0xFF,
    0xFF, 0xFF, 0xFF, 0xFF, 0xFF, 0xFF, 0xFF, 0xFF, 0xFF, 0xFF, 0xFF, 0xFF, 0xFF, 0xFF, 0xFF, 0xFF,
    0xFF, 0xFF, 0xF9, 0xFF, 0x7F, 0x00, 0x03, 0x00, 0x00, 0x01, 0x09, 0xD9, 0xFF, 0xFD, 0xFF, 0xFF,
    0xFF, 0xFF, 0xFF, 0xFF, 0xFF, 0xFF, 0xFF, 0xFF, 0xFF, 0xFF, 0xFF, 0xFF, 0xFF, 0xFF, 0xFF, 0xFF,
    0xFF, 0xFF, 0xFF, 0xFF, 0xFF, 0xFF, 0xFF, 0xFF, 0xFF, 0xFF, 0xFE, 0xFD, 0xFA, 0x2A, 0x00, 0x02,
    0x04, 0x00, 0x4C, 0xFF, 0xFC, 0xFF, 0xFF, 0xFF, 0xFF, 0xFF, 0xFF, 0xFF, 0xFF, 0xFF, 0xFF, 0xFF,
    0xFF, 0xFF, 0xFF, 0xFF, 0xFF, 0xFF, 0xFF, 0xFF, 0xFF, 0xFF, 0xFF, 0xFF, 0xFF, 0xFF, 0xFF, 0xFF,
    0xFF, 0xFF, 0xFF, 0xFB, 0xFF, 0x8C, 0x00, 0x05, 0x04, 0x00, 0x9F, 0xFE, 0xFB, 0xFF, 0xFF, 0xFF,
    0xFF, 0xFF, 0xFF, 0xFF, 0xFF, 0xFF, 0xFF, 0xFF, 0xFF, 0xFF, 0xFF, 0xFF, 0xFF, 0xFF, 0xFF, 0xFF,
    0xFF, 0xFF, 0xFF, 0xFF, 0xFF, 0xFF, 0xFF, 0xFF, 0xFF, 0xFF, 0xFF, 0xFD, 0xFF, 0xD9, 0x04, 0x01,
    0x01, 0x08, 0xDB, 0xFF, 0xFD, 0xFF, 0xFF, 0xFF, 0xFF, 0xFF, 0xFF, 0xFF, 0xFF, 0xFF, 0xFF, 0xFF,
    0xFF, 0xFF, 0xFF, 0xFF, 0xFF, 0xFF, 0xFF, 0xFF, 0xFF, 0xFF, 0xFF, 0xFF, 0xFF, 0xFF, 0xFF, 0xFF,
    0xFF, 0xFF, 0xFF, 0xFF, 0xFE, 0xFA, 0x29, 0x00, 0x00, 0x11, 0xF3, 0xFF, 0xFE, 0xFF, 0xFF, 0xFF,
    0xFF, 0xFF, 0xFF, 0xFF, 0xFF, 0xFF, 0xFF, 0xFF, 0xFF, 0xFF, 0xFF, 0xFF, 0xFF, 0xFF, 0xFF, 0xFF,
    0xFF, 0xFF, 0xFF, 0xFF, 0xFF, 0xFF, 0xFF, 0xFF, 0xFF, 0xFF, 0xFF, 0xFF, 0xFD, 0xFF, 0x43, 0x00,
    0x00, 0x10, 0xEF, 0xFF, 0xFE, 0xFF, 0xFF, 0xFF, 0xFF, 0xFF, 0xFF, 0xFF, 0xFF, 0xFF, 0xFF, 0xFF,
    0xFF, 0xFF, 0xFF, 0xFF, 0xFF, 0xFF, 0xFF, 0xFF, 0xFF, 0xFF, 0xFF, 0xFF, 0xFF, 0xFF, 0xFF, 0xFF,
    0xFF, 0xFF, 0xFF, 0xFF, 0xFD, 0xFF, 0x3F, 0x00, 0x00, 0x10, 0xF0, 0xFF, 0xFE, 0xFF, 0xFF, 0xFF,
    0xFF, 0xFF, 0xFF, 0xFF, 0xFF, 0xFF, 0xFF, 0xFF, 0xFF, 0xFF, 0xFF, 0xFF, 0xFF, 0xFF, 0xFF, 0xFF,
    0xFF, 0xFF, 0xFF, 0xFF, 0xFF, 0xFF, 0xFF, 0xFF, 0xFF, 0xFF, 0xFF, 0xFF, 0xFD, 0xFF, 0x40, 0x00,
    0x00, 0x10, 0xF0, 0xFF, 0xFE, 0xFF, 0xFF, 0xFF, 0xFF, 0xFF, 0xFF, 0xFF, 0xFF, 0xFF, 0xFF, 0xFF,
    0xFF, 0xFF, 0xFF, 0xFF, 0xFF, 0xFF, 0xFF, 0xFF, 0xFF, 0xFF, 0xFF, 0xFF, 0xFF, 0xFF, 0xFF, 0xFF,
    0xFF, 0xFF, 0xFF, 0xFF, 0xFD, 0xFF, 0x40, 0x00, 0x00, 0x10, 0xF0, 0xFF, 0xFE, 0xFF, 0xFF, 0xFF,
    0xFF, 0xFF, 0xFF, 0xFF, 0xFF, 0xFF, 0xFF, 0xFF, 0xFF, 0xFF, 0xFF, 0xFF, 0xFF, 0xFF, 0xFF, 0xFF,
    0xFF, 0xFF, 0xFF, 0xFF, 0xFF, 0xFF, 0xFF, 0xFF, 0xFF, 0xFF, 0xFF, 0xFF, 0xFD, 0xFF, 0x40, 0x00,
    0x00, 0x10, 0xF0, 0xFF, 0xFE, 0xFF, 0xFF, 0xFF, 0xFF, 0xFF, 0xFF, 0xFF, 0xFF, 0xFF, 0xFF, 0xFF,
    0xFF, 0xFF, 0xFF, 0xFF, 0xFF, 0xFF, 0xFF, 0xFF, 0xFF, 0xFF, 0xFF, 0xFF, 0xFF, 0xFF, 0xFF, 0xFF,
    0xFF, 0xFF, 0xFF, 0xFF, 0xFD, 0xFF, 0x40, 0x00, 0x00, 0x10, 0xF0, 0xFF, 0xFE, 0xFF, 0xFF, 0xFF,
    0xFF, 0xFF, 0xFF, 0xFF, 0xFF, 0xFF, 0xFF, 0xFF, 0xFF, 0xFF, 0xFF, 0xFF, 0xFF, 0xFF, 0xFF, 0xFF,
    0xFF, 0xFF, 0xFF, 0xFF, 0xFF, 0xFF, 0xFF, 0xFF, 0xFF, 0xFF, 0xFF, 0xFF, 0xFD, 0xFF, 0x40, 0x00,
    0x00, 0x10, 0xF0, 0xFF, 0xFE, 0xFF, 0xFF, 0xFF, 0xFF, 0xFF, 0xFF, 0xFF, 0xFF, 0xFF, 0xFF, 0xFF,
    0xFF, 0xFF, 0xFF, 0xFF, 0xFF, 0xFF, 0xFF, 0xFF, 0xFF, 0xFF, 0xFF, 0xFF, 0xFF, 0xFF, 0xFF, 0xFF,
    0xFF, 0xFF, 0xFF, 0xFF, 0xFD, 0xFF, 0x40, 0x00, 0x00, 0x10, 0xF0, 0xFF, 0xFE, 0xFF, 0xFF, 0xFF,
    0xFF, 0xFF, 0xFF, 0xFF, 0xFF, 0xFF, 0xFF, 0xFF, 0xFF, 0xFF, 0xFF, 0xFF, 0xFF, 0xFF, 0xFF, 0xFF,
    0xFF, 0xFF, 0xFF, 0xFF, 0xFF, 0xFF, 0xFF, 0xFF, 0xFF, 0xFF, 0xFF, 0xFF, 0xFD, 0xFF, 0x40, 0x00,
    0x00, 0x10, 0xF0, 0xFF, 0xFE, 0xFF, 0xFF, 0xFF, 0xFF, 0xFF, 0xFF, 0xFF, 0xFF, 0xFF, 0xFF, 0xFF,
    0xFF, 0xFF, 0xFF, 0xFF, 0xFF, 0xFF, 0xFF, 0xFF, 0xFF, 0xFF, 0xFF, 0xFF, 0xFF, 0xFF, 0xFF, 0xFF,
    0xFF, 0xFF, 0xFF, 0xFF, 0xFD, 0xFF, 0x40, 0x00, 0x00, 0x10, 0xF0, 0xFF, 0xFE, 0xFF, 0xFF, 0xFF,
    0xFF, 0xFF, 0xFF, 0xFF, 0xFF, 0xFF, 0xFF, 0xFF, 0xFF, 0xFF, 0xFF, 0xFF, 0xFF, 0xFF, 0xFF, 0xFF,
    0xFF, 0xFF, 0xFF, 0xFF, 0xFF, 0xFF, 0xFF, 0xFF, 0xFF, 0xFF, 0xFF, 0xFF, 0xFD, 0xFF, 0x40, 0x00,
    0x00, 0x10, 0xF0, 0xFF, 0xFE, 0xFF, 0xFF, 0xFF, 0xFF, 0xFF, 0xFF, 0xFF, 0xFF, 0xFF, 0xFF, 0xFF,
    0xFF, 0xFF, 0xFF, 0xFF, 0xFF, 0xFF, 0xFF, 0xFF, 0xFF, 0xFF, 0xFF, 0xFF, 0xFF, 0xFF, 0xFF, 0xFF,
    0xFF, 0xFF, 0xFF, 0xFF, 0xFD, 0xFF, 0x40, 0x00, 0x00, 0x10, 0xF0, 0xFF, 0xFE, 0xFF, 0xFF, 0xFF,
    0xFF, 0xFF, 0xFF, 0xFF, 0xFF, 0xFF, 0xFF, 0xFF, 0xFF, 0xFF, 0xFF, 0xFF, 0xFF, 0xFF, 0xFF, 0xFF,
    0xFF, 0xFF, 0xFF, 0xFF, 0xFF, 0xFF, 0xFF, 0xFF, 0xFF, 0xFF, 0xFF, 0xFF, 0xFD, 0xFF, 0x40, 0x00,
    0x00, 0x10, 0xF0, 0xFF, 0xFE, 0xFF, 0xFF, 0xFF, 0xFF, 0xFF, 0xFF, 0xFF, 0xFF, 0xFF, 0xFF, 0xFF,
    0xFF, 0xFF, 0xFF, 0xFF, 0xFF, 0xFF, 0xFF, 0xFF, 0xFF, 0xFF, 0xFF, 0xFF, 0xFF, 0xFF, 0xFF, 0xFF,
    0xFF, 0xFF, 0xFF, 0xFF, 0xFD, 0xFF, 0x40, 0x00, 0x00, 0x10, 0xF0, 0xFF, 0xFE, 0xFF, 0xFF, 0xFF,
    0xFF, 0xFF, 0xFF, 0xFF, 0xFF, 0xFF, 0xFF, 0xFF, 0xFF, 0xFF, 0xFF, 0xFF, 0xFF, 0xFF, 0xFF, 0xFF,
    0xFF, 0xFF, 0xFF, 0xFF, 0xFF, 0xFF, 0xFF, 0xFF, 0xFF, 0xFF, 0xFF, 0xFF, 0xFD, 0xFF, 0x40, 0x00,
    0x00, 0x10, 0xF0, 0xFF, 0xFE, 0xFF, 0xFF, 0xFF, 0xFF, 0xFF, 0xFF, 0xFF, 0xFF, 0xFF, 0xFF, 0xFF,
    0xFF, 0xFF, 0xFF, 0xFF, 0xFF, 0xFF, 0xFF, 0xFF, 0xFF, 0xFF, 0xFF, 0xFF, 0xFF, 0xFF, 0xFF, 0xFF,
    0xFF, 0xFF, 0xFF, 0xFF, 0xFD, 0xFF, 0x40, 0x00, 0x00, 0x10, 0xEF, 0xFF, 0xFE, 0xFF, 0xFF, 0xFF,
    0xFF, 0xFF, 0xFF, 0xFF, 0xFF, 0xFF, 0xFF, 0xFF, 0xFF, 0xFF, 0xFF, 0xFF, 0xFF, 0xFF, 0xFF, 0xFF,
    0xFF, 0xFF, 0xFF, 0xFF, 0xFF, 0xFF, 0xFF, 0xFF, 0xFF, 0xFF, 0xFF, 0xFF, 0xFD, 0xFF, 0x3F, 0x00,
    0x00, 0x11, 0xF2, 0xFF, 0xFE, 0xFF, 0xFF, 0xFF, 0xFF, 0xFF, 0xFF, 0xFF, 0xFF, 0xFF, 0xFF, 0xFF,
    0xFF, 0xFF, 0xFF, 0xFF, 0xFF, 0xFF, 0xFF, 0xFF, 0xFF, 0xFF, 0xFF, 0xFF, 0xFF, 0xFF, 0xFF, 0xFF,
    0xFF, 0xFF, 0xFF, 0xFF, 0xFD, 0xFF, 0x42, 0x00, 0x01, 0x0C, 0xE5, 0xFF, 0xFE, 0xFF, 0xFF, 0xFF,
    0xFF, 0xFF, 0xFF, 0xFF, 0xFF, 0xFF, 0xFF, 0xFF, 0xFF, 0xFF, 0xFF, 0xFF, 0xFF, 0xFF, 0xFF, 0xFF,
    0xFF, 0xFF, 0xFF, 0xFF, 0xFF, 0xFF, 0xFF, 0xFF, 0xFF, 0xFF, 0xFF, 0xFF, 0xFE, 0xFD, 0x35, 0x00,
    0x04, 0x00, 0xB0, 0xFE, 0xFC, 0xFF, 0xFF, 0xFF, 0xFF, 0xFF, 0xFF, 0xFF, 0xFF, 0xFF, 0xFF, 0xFF,
    0xFF, 0xFF, 0xFF, 0xFF, 0xFF, 0xFF, 0xFF, 0xFF, 0xFF, 0xFF, 0xFF, 0xFF, 0xFF, 0xFF, 0xFF, 0xFF,
    0xFF, 0xFF, 0xFF, 0xFE, 0xFF, 0xE6, 0x0A, 0x01, 0x04, 0x00, 0x62, 0xFF, 0xFC, 0xFF, 0xFF, 0xFF,
    0xFF, 0xFF, 0xFF, 0xFF, 0xFF, 0xFF, 0xFF, 0xFF, 0xFF, 0xFF, 0xFF, 0xFF, 0xFF, 0xFF, 0xFF, 0xFF,
    0xFF, 0xFF, 0xFF, 0xFF, 0xFF, 0xFF, 0xFF, 0xFF, 0xFF, 0xFF, 0xFF, 0xFB, 0xFE, 0xA2, 0x00, 0x04,
    0x01, 0x01, 0x15, 0xEE, 0xFD, 0xFE, 0xFF, 0xFF, 0xFF, 0xFF, 0xFF, 0xFF, 0xFF, 0xFF, 0xFF, 0xFF,
    0xFF, 0xFF, 0xFF, 0xFF, 0xFF, 0xFF, 0xFF, 0xFF, 0xFF, 0xFF, 0xFF, 0xFF, 0xFF, 0xFF, 0xFF, 0xFF,
    0xFF, 0xFF, 0xFF, 0xFC, 0xFF, 0x42, 0x00, 0x03, 0x00, 0x03, 0x00, 0x6B, 0xFF, 0xFA, 0xFF, 0xFF,
    0xFF, 0xFF, 0xFF, 0xFF, 0xFF, 0xFF, 0xFF, 0xFF, 0xFF, 0xFF, 0xFF, 0xFF, 0xFF, 0xFF, 0xFF, 0xFF,
    0xFF, 0xFF, 0xFF, 0xFF, 0xFF, 0xFF, 0xFF, 0xFF, 0xFF, 0xFF, 0xFA, 0xFF, 0xAA, 0x00, 0x03, 0x00,
    0x00, 0x00, 0x03, 0x00, 0xAC, 0xFF, 0xF9, 0xFE, 0xFF, 0xFF, 0xFF, 0xFF, 0xFF, 0xFF, 0xFF, 0xFF,
    0xFF, 0xFF, 0xFF, 0xFF, 0xFF, 0xFF, 0xFF, 0xFF, 0xFF, 0xFF, 0xFF, 0xFF, 0xFF, 0xFF, 0xFF, 0xFF,
    0xFF, 0xFA, 0xFF, 0xDE, 0x12, 0x02, 0x01, 0x00, 0x00, 0x00, 0x01, 0x01, 0x11, 0xB8, 0xFF, 0xFF,
    0xFB, 0xFD, 0xFE, 0xFF, 0xFF, 0xFF, 0xFF, 0xFF, 0xFF, 0xFF, 0xFF, 0xFF, 0xFF, 0xFF, 0xFF, 0xFF,
    0xFF, 0xFF, 0xFF, 0xFF, 0xFF, 0xFF, 0xFD, 0xFB, 0xFD, 0xFF, 0xDA, 0x34, 0x00, 0x02, 0x00, 0x00,
    0x00, 0x00, 0x00, 0x01, 0x00, 0x00, 0x80, 0xF9, 0xFF, 0xFF, 0xFF, 0xFD, 0xFD, 0xFD, 0xFD, 0xFD,
    0xFD, 0xFD, 0xFD, 0xFD, 0xFD, 0xFD, 0xFD, 0xFD, 0xFD, 0xFD, 0xFD, 0xFD, 0xFD, 0xFE, 0xFF, 0xFF,
    0xFF, 0xA7, 0x13, 0x00, 0x02, 0x00, 0x00, 0x00, 0x00, 0x00, 0x00, 0x00, 0x01, 0x01, 0x00, 0x2C,
    0x8C, 0xD6, 0xFD, 0xFF, 0xFF, 0xFF, 0xFF, 0xFF, 0xFF, 0xFF, 0xFF, 0xFF, 0xFF, 0xFF, 0xFF, 0xFF,
    0xFF, 0xFF, 0xFF, 0xFF, 0xFF, 0xFF, 0xE2, 0x9F, 0x46, 0x00, 0x00, 0x02, 0x00, 0x00, 0x00, 0x00,
    0x00, 0x00, 0x00, 0x00, 0x00, 0x00, 0x03, 0x00, 0x00, 0x03, 0x28, 0x40, 0x40, 0x40, 0x40, 0x40,
    0x40, 0x40, 0x40, 0x40, 0x40, 0x40, 0x40, 0x40, 0x40, 0x40, 0x40, 0x40, 0x40, 0x34, 0x09, 0x00,
    0x00, 0x02, 0x01, 0x00, 0x00, 0x00, 0x00, 0x00, 0x00, 0x00, 0x00, 0x00, 0x00, 0x00, 0x00, 0x02,
    0x04, 0x00, 0x00, 0x00, 0x00, 0x00, 0x00, 0x00, 0x00, 0x00, 0x00, 0x00, 0x00, 0x00, 0x00, 0x00,
    0x00, 0x00, 0x00, 0x00, 0x00, 0x00, 0x00, 0x04, 0x03, 0x00, 0x00, 0x00, 0x00, 0x00, 0x00, 0x00,
};

const lv_image_dsc_t icon_home_timer = {
    .header.magic = LV_IMAGE_HEADER_MAGIC,
    .header.cf = LV_COLOR_FORMAT_RGB565A8,
    .header.w = 40,
    .header.h = 40,
    .data_size = 4800,
    .data = icon_home_timer_map,
};

const LV_ATTRIBUTE_MEM_ALIGN uint8_t icon_home_imu_map[] = {
    0x00, 0x00, 0x00, 0x00, 0x00, 0x00, 0x00, 0x00, 0x00, 0x00, 0x00, 0x00, 0x00, 0x00, 0x00, 0x00,
    0x55, 0xAD, 0xEF, 0x7B, 0x00, 0x00, 0x00, 0x00, 0x00, 0x00, 0x00, 0x00, 0x00, 0x00, 0x00, 0x00,
    0x00, 0x00, 0x00, 0x00, 0x00, 0x00, 0x00, 0x00, 0x00, 0x00, 0x00, 0x00, 0x00, 0x00, 0x00, 0x00,
    0x00, 0x00, 0x00, 0x00, 0x00, 0x00, 0x00, 0x00, 0x00, 0x00, 0x00, 0x00, 0x55, 0x55, 0xEF, 0x7B,
    0xFF, 0xFF, 0x00, 0x00, 0x00, 0x00, 0x00, 0x00, 0x00, 0x00, 0x00, 0x00, 0x00, 0x00, 0x00, 0x00,
    0x00, 0x00, 0x00, 0x00, 0x00, 0x00, 0x00, 0x00, 0x00, 0x00, 0x00, 0x00, 0xB5, 0x52, 0x00, 0x00,
    0x00, 0x00, 0x00, 0x00, 0x55, 0x55, 0x75, 0x7C, 0xF1, 0x6B, 0xF3, 0x6B, 0xF3, 0x6B, 0xF3, 0x6B,
    0xF3, 0x6B, 0xF3, 0x6B, 0xF3, 0x6B, 0xF3, 0x6B, 0xF3, 0x6B, 0xF3, 0x6B, 0xF3, 0x6B, 0xF3, 0x6B,
    0xF3, 0x6B, 0xF3, 0x6B, 0xF3, 0x6B, 0xF1, 0x6B, 0x73, 0x7C, 0x75, 0x74, 0x00, 0x00, 0x00, 0x00,
    0x00, 0x00, 0x55, 0x55, 0x00, 0x00, 0x00, 0x00, 0x00, 0x00, 0x00, 0x00, 0x00, 0x00, 0x00, 0x00,
    0x00, 0x00, 0x00, 0x00, 0x00, 0x00, 0x00, 0x00, 0x00, 0x00, 0xEF, 0x7B, 0x00, 0x00, 0xEF, 0x53,
    0x33, 0x74, 0x33, 0x74, 0x33, 0x74, 0x33, 0x74, 0x12, 0x74, 0x12, 0x74, 0x12, 0x74, 0x12, 0x74,
    0x12, 0x74, 0x12, 0x74, 0x12, 0x74, 0x12, 0x74, 0x12, 0x74, 0x12, 0x74, 0x12, 0x74, 0x12, 0x74,
    0x12, 0x74, 0x12, 0x74, 0x12, 0x74, 0x12, 0x74, 0x33, 0x74, 0x33, 0x74, 0x33, 0x74, 0x53, 0x74,
    0x52, 0x74, 0x00, 0x00, 0xEF, 0x7B, 0xFF, 0x07, 0x00, 0x00, 0x00, 0x00, 0x00, 0x00, 0x00, 0x00,
    0x00, 0x00, 0x00, 0x00, 0x00, 0x00, 0x00, 0x00, 0xFF, 0x07, 0x00, 0x00, 0x12, 0x6C, 0x33, 0x74,
    0x54, 0x74, 0x54, 0x7C, 0x33, 0x74, 0x33, 0x74, 0x33, 0x74, 0x33, 0x74, 0x33, 0x74, 0x33, 0x74,
    0x33, 0x74, 0x33, 0x74, 0x33, 0x74, 0x33, 0x74, 0x33, 0x74, 0x33, 0x74, 0x33, 0x74, 0x33, 0x74,
    0x33, 0x74, 0x33, 0x74, 0x33, 0x74, 0x33, 0x74, 0x33, 0x74, 0x33, 0x74, 0x54, 0x74, 0x54, 0x7C,
    0x33, 0x74, 0x33, 0x74, 0x00, 0x00, 0x00, 0x00, 0xFF, 0x07, 0x00, 0x00, 0x00, 0x00, 0x00, 0x00,
    0x00, 0x00, 0x00, 0x00, 0x00, 0x00, 0x55, 0x55, 0xFF, 0x07, 0x12, 0x74, 0x33, 0x74, 0x33, 0x74,
    0x12, 0x6C, 0x12, 0x6C, 0x12, 0x6C, 0x12, 0x6C, 0x12, 0x6C, 0x12, 0x6C, 0x12, 0x6C, 0x12, 0x6C,
    0x12, 0x6C, 0x12, 0x6C, 0x12, 0x6C, 0x12, 0x6C, 0x12, 0x6C, 0x12, 0x6C, 0x12, 0x6C, 0x12, 0x6C,
    0x12, 0x6C, 0x12, 0x6C, 0x12, 0x6C, 0x12, 0x6C, 0x12, 0x6C, 0x12, 0x6C, 0x12, 0x6C, 0x12, 0x6C,
    0x13, 0x74, 0x54, 0x7C, 0x33, 0x74, 0xD2, 0x6B, 0xFF, 0xFF, 0xFF, 0x07, 0x00, 0x00, 0x00, 0x00,
    0x00, 0x00, 0x00, 0x00, 0xEF, 0x7B, 0x00, 0x00, 0xF2, 0x6B, 0x74, 0x7C, 0xF2, 0x6B, 0xF2, 0x6B,
    0x12, 0x6C, 0x12, 0x6C, 0x12, 0x6C, 0x12, 0x6C, 0x12, 0x6C, 0x12, 0x6C, 0x12, 0x6C, 0x12, 0x6C,
    0x12, 0x6C, 0x12, 0x6C, 0x12, 0x6C, 0x12, 0x6C, 0x12, 0x6C, 0x12, 0x6C, 0x12, 0x6C, 0x12, 0x6C,
    0x12, 0x6C, 0x12, 0x6C, 0x12, 0x6C, 0x12, 0x6C, 0x12, 0x6C, 0x12, 0x6C, 0x12, 0x6C, 0x12, 0x6C,
    0xF2, 0x6B, 0xF2, 0x6B, 0x74, 0x7C, 0x12, 0x6C, 0x1F, 0x00, 0x55, 0x55, 0x00, 0x00, 0x00, 0x00,
    0x00, 0x00, 0xB5, 0x52, 0x00, 0x00, 0xF2, 0x6B, 0x33, 0x74, 0xF2, 0x6B, 0xF2, 0x6B, 0xF2, 0x6B,
    0xF2, 0x6B, 0xF2, 0x6B, 0xF2, 0x6B, 0xF2, 0x6B, 0xF2, 0x6B, 0xF2, 0x6B, 0xF2, 0x6B, 0xF2, 0x6B,
    0xF2, 0x6B, 0xF2, 0x6B, 0xF2, 0x6B, 0xF2, 0x6B, 0xF2, 0x6B, 0xF2, 0x6B, 0xF2, 0x6B, 0xF2, 0x6B,
    0xF2, 0x6B, 0xF2, 0x6B, 0xF2, 0x6B, 0xF2, 0x6B, 0xF2, 0x6B, 0xF2, 0x6B, 0xF2, 0x6B, 0xF2, 0x6B,
    0xF2, 0x6B, 0xF2, 0x6B, 0xF2, 0x6B, 0x53, 0x74, 0xF2, 0x6B, 0x00, 0x00, 0xB5, 0x52, 0x00, 0x00,
    0x00, 0x00, 0xFF, 0xFF, 0x91, 0x73, 0xF2, 0x6B, 0x13, 0x74, 0xF2, 0x6B, 0xF2, 0x6B, 0xF2, 0x6B,
    0xF2, 0x6B, 0xF2, 0x6B, 0xF2, 0x6B, 0xF2, 0x6B, 0xF2, 0x6B, 0xF2, 0x6B, 0xF2, 0x6B, 0xF2, 0x6B,
    0xF2, 0x6B, 0xF2, 0x6B, 0xF2, 0x6B, 0xF2, 0x6B, 0xF2, 0x6B, 0xF2, 0x6B, 0xF2, 0x6B, 0xF2, 0x6B,
    0xF2, 0x6B, 0xF2, 0x6B, 0xF2, 0x6B, 0xF2, 0x6B, 0xF2, 0x6B, 0xF2, 0x6B, 0xF2, 0x6B, 0xF2, 0x6B,
    0xF2, 0x6B, 0xF2, 0x6B, 0xF2, 0x6B, 0xF2, 0x6B, 0x12, 0x6C, 0xD2, 0x6B, 0x00, 0x00, 0xFF, 0x7B,
    0xEF, 0x3B, 0x00, 0x00, 0xF2, 0x6B, 0x33, 0x74, 0xF2, 0x6B, 0xF2, 0x6B, 0xF2, 0x6B, 0xF2, 0x6B,
    0xF2, 0x6B, 0xF2, 0x6B, 0xF2, 0x6B, 0xF2, 0x6B, 0xF2, 0x6B, 0xF2, 0x6B, 0xF2, 0x6B, 0xF2, 0x6B,
    0xF2, 0x6B, 0xF2, 0x6B, 0xF2, 0x6B, 0xF2, 0x6B, 0xF2, 0x6B, 0xF2, 0x6B, 0xF2, 0x6B, 0xF2, 0x6B,
    0xF2, 0x6B, 0xF2, 0x6B, 0xF2, 0x6B, 0xF2, 0x6B, 0xF2, 0x6B, 0xF2, 0x6B, 0xF2, 0x6B, 0xF2, 0x6B,
    0xF2, 0x6B, 0xF2, 0x6B, 0xF2, 0x6B, 0xF2, 0x6B, 0x33, 0x74, 0xF2, 0x6B, 0x00, 0x00, 0x33, 0x63,
    0xEF, 0x7B, 0x00, 0x00, 0xD2, 0x6B, 0x33, 0x74, 0xD2, 0x6B, 0xF2, 0x6B, 0xF2, 0x6B, 0xF2, 0x6B,
    0xF2, 0x6B, 0xF2, 0x6B, 0xF2, 0x6B, 0xF2, 0x6B, 0xF2, 0x6B, 0xF2, 0x6B, 0xF2, 0x6B, 0xF2, 0x6B,
    0xF2, 0x6B, 0xF2, 0x6B, 0xF2, 0x6B, 0xF2, 0x6B, 0xF2, 0x6B, 0xF2, 0x6B, 0xF2, 0x6B, 0xF2, 0x6B,
    0xF2, 0x6B, 0xF2, 0x6B, 0xF2, 0x6B, 0xF2, 0x6B, 0xF2, 0x6B, 0xF2, 0x6B, 0xF2, 0x6B, 0xF2, 0x6B,
    0xF2, 0x6B, 0xF2, 0x6B, 0xF2, 0x6B, 0xD2, 0x6B, 0x12, 0x6C, 0xD1, 0x6B, 0xEF, 0x7B, 0x00, 0x00,
    0x00, 0x00, 0xF3, 0x7B, 0xD1, 0x6B, 0xF2, 0x6B, 0xD1, 0x6B, 0xD1, 0x6B, 0xD1, 0x6B, 0xD1, 0x6B,
    0xD1, 0x6B, 0xD1, 0x6B, 0xD1, 0x6B, 0xD1, 0x6B, 0xF2, 0x6B, 0xD1, 0x63, 0xF2, 0x6B, 0xD1, 0x6B,
    0xD1, 0x6B, 0xD1, 0x6B, 0xD1, 0x6B, 0xD1, 0x6B, 0xD1, 0x6B, 0xD1, 0x6B, 0xD1, 0x6B, 0xD1, 0x6B,
    0xD1, 0x6B, 0xD1, 0x6B, 0xD1, 0x6B, 0xD1, 0x6B, 0xD1, 0x6B, 0xD1, 0x6B, 0xD1, 0x6B, 0xD1, 0x6B,
    0xD1, 0x6B, 0xD1, 0x6B, 0xD1, 0x6B, 0xD1, 0x6B, 0xD1, 0x6B, 0xF2, 0x6B, 0xF1, 0x6B, 0x00, 0x00,
    0x00, 0x00, 0x32, 0x7C, 0xD1, 0x6B, 0xD2, 0x6B, 0xD1, 0x6B, 0xD1, 0x6B, 0xD1, 0x6B, 0xD1, 0x6B,
    0xD1, 0x6B, 0xD1, 0x6B, 0xD1, 0x6B, 0xD1, 0x6B, 0xB1, 0x63, 0x32, 0x74, 0xB1, 0x63, 0xF2, 0x6B,
    0xF2, 0x6B, 0xD1, 0x6B, 0xD1, 0x6B, 0xD1, 0x6B, 0xD1, 0x6B, 0xD1, 0x6B, 0xD1, 0x6B, 0xD1, 0x6B,
    0xD1, 0x6B, 0xD1, 0x6B, 0xD1, 0x6B, 0xD1, 0x6B, 0xD1, 0x6B, 0xD1, 0x6B, 0xD1, 0x6B, 0xD1, 0x6B,
    0xD1, 0x6B, 0xD1, 0x6B, 0xD1, 0x6B, 0xD1, 0x6B, 0xD1, 0x6B, 0x12, 0x6C, 0xD2, 0x63, 0x00, 0x00,
    0x00, 0x00, 0xF1, 0x6B, 0xD1, 0x63, 0xD1, 0x6B, 0xD1, 0x6B, 0xD1, 0x6B, 0xD1, 0x6B, 0xD1, 0x6B,
    0xD1, 0x6B, 0xD1, 0x6B, 0xD1, 0x6B, 0xB1, 0x63, 0x97, 0xA5, 0x9E, 0xEF, 0x94, 0x84, 0x70, 0x5B,
    0x90, 0x5B, 0xB1, 0x63, 0xB1, 0x63, 0xD1, 0x6B, 0xD1, 0x6B, 0xD1, 0x6B, 0xD1, 0x6B, 0xD1, 0x6B,
    0xD1, 0x6B, 0xD1, 0x6B, 0xD1, 0x6B, 0xD1, 0x6B, 0xD1, 0x6B, 0xD1, 0x6B, 0xD1, 0x6B, 0xD1, 0x6B,
    0xD1, 0x6B, 0xD1, 0x6B, 0xD1, 0x6B, 0xD1, 0x6B, 0xD1, 0x63, 0xF2, 0x6B, 0xD1, 0x6B, 0x00, 0x00,
    0x00, 0x00, 0xF1, 0x6B, 0xD1, 0x63, 0xD1, 0x6B, 0xB1, 0x63, 0xD1, 0x63, 0xD1, 0x63, 0xD1, 0x63,
    0xD1, 0x63, 0xD1, 0x6B, 0xB1, 0x63, 0x12, 0x74, 0xBF, 0xF7, 0xFF, 0xFF, 0xBF, 0xF7, 0x5A, 0xC6,
    0x56, 0x9D, 0x73, 0x84, 0xF2, 0x6B, 0xB1, 0x63, 0xD1, 0x63, 0xD1, 0x63, 0xD1, 0x63, 0xD1, 0x63,
    0xD1, 0x63, 0xD1, 0x63, 0xD1, 0x63, 0xD1, 0x63, 0xD1, 0x63, 0xD1, 0x63, 0xD1, 0x63, 0xD1, 0x63,
    0xD1, 0x63, 0xD1, 0x63, 0xD1, 0x63, 0xD1, 0x63, 0xB1, 0x63, 0xF2, 0x6B, 0xB1, 0x63, 0x00, 0x00,
    0x00, 0x00, 0xF1, 0x5B, 0xB1, 0x63, 0xD1, 0x6B, 0xB1, 0x63, 0xB1, 0x63, 0xB1, 0x63, 0xB1, 0x63,
    0xB1, 0x63, 0xB1, 0x63, 0xD1, 0x63, 0x90, 0x63, 0x94, 0x84, 0xBE, 0xF7, 0xFF, 0xFF, 0xFF, 0xFF,
    0xFF, 0xFF, 0x9E, 0xF7, 0x73, 0x7C, 0x91, 0x63, 0xD1, 0x63, 0xB1, 0x63, 0xB1, 0x63, 0xB1, 0x63,
    0xB1, 0x63, 0xB1, 0x63, 0xB1, 0x63, 0xB1, 0x63, 0xB1, 0x63, 0xB1, 0x63, 0xB1, 0x63, 0xB1, 0x63,
    0xB1, 0x63, 0xB1, 0x63, 0xB1, 0x63, 0xB1, 0x63, 0xB1, 0x63, 0xF2, 0x6B, 0xB1, 0x63, 0x00, 0x00,
    0x00, 0x00, 0xF1, 0x5B, 0xB1, 0x63, 0xD1, 0x63, 0xB1, 0x63, 0xB1, 0x63, 0xB1, 0x63, 0xB1, 0x63,
    0xB1, 0x63, 0xB1, 0x63, 0xB1, 0x63, 0xD1, 0x6B, 0x4F, 0x53, 0x56, 0x9D, 0xFF, 0xFF, 0xDF, 0xFF,
    0xDF, 0xFF, 0xD5, 0x8C, 0x4F, 0x53, 0xD1, 0x6B, 0xD1, 0x63, 0xB1, 0x63, 0xB1, 0x63, 0xB1, 0x63,
    0xB1, 0x63, 0xB1, 0x63, 0xB1, 0x63, 0xB1, 0x63, 0xB1, 0x63, 0xB1, 0x63, 0xB1, 0x63, 0xB1, 0x63,
    0xB1, 0x63, 0xB1, 0x63, 0xB1, 0x63, 0xB1, 0x63, 0xB1, 0x63, 0xF2, 0x6B, 0xB1, 0x63, 0x00, 0x00,
    0x00, 0x00, 0x71, 0x5B, 0xB1, 0x63, 0xB1, 0x63, 0xB1, 0x63, 0xB1, 0x63, 0xB1, 0x63, 0xB1, 0x63,
    0xB1, 0x63, 0xB1, 0x63, 0xB1, 0x63, 0xB1, 0x63, 0xB1, 0x63, 0xD1, 0x6B, 0xBE, 0xF7, 0xFF, 0xFF,
    0xFF, 0xFF, 0xFC, 0xDE, 0xD1, 0x6B, 0x4F, 0x53, 0x50, 0x5B, 0x90, 0x5B, 0xB1, 0x63, 0xB1, 0x63,
    0xB1, 0x63, 0x90, 0x63, 0xB1, 0x63, 0xB1, 0x63, 0xB1, 0x63, 0xB1, 0x63, 0xB1, 0x63, 0xB1, 0x63,
    0xB1, 0x63, 0xB1, 0x63, 0xB1, 0x63, 0xB1, 0x63, 0xB1, 0x63, 0xD2, 0x6B, 0x91, 0x63, 0x00, 0x00,
    0x00, 0x00, 0x71, 0x5B, 0x91, 0x63, 0xB1, 0x63, 0x90, 0x63, 0x91, 0x63, 0x91, 0x63, 0x91, 0x63,
    0x91, 0x63, 0x91, 0x63, 0x91, 0x63, 0x91, 0x63, 0xB1, 0x63, 0x90, 0x5B, 0xF5, 0x94, 0xD8, 0xAD,
    0xFF, 0xFF, 0xFF, 0xFF, 0x1C, 0xDF, 0x77, 0xA5, 0xD8, 0xB5, 0x53, 0x7C, 0x70, 0x5B, 0xB1, 0x63,
    0xB1, 0x63, 0x12, 0x74, 0x90, 0x63, 0x70, 0x5B, 0xB1, 0x63, 0xB1, 0x63, 0xB1, 0x63, 0x91, 0x63,
    0xB1, 0x63, 0x91, 0x63, 0x91, 0x63, 0x91, 0x63, 0x91, 0x63, 0xD1, 0x6B, 0x90, 0x63, 0x00, 0x00,
    0x00, 0x00, 0x71, 0x5B, 0x90, 0x63, 0xB1, 0x63, 0x90, 0x63, 0x90, 0x63, 0x90, 0x63, 0x90, 0x63,
    0x90, 0x63, 0x90, 0x63, 0x90, 0x63, 0x90, 0x63, 0x90, 0x63, 0x90, 0x63, 0x70, 0x5B, 0x2F, 0x53,
    0x56, 0x9D, 0xDF, 0xFF, 0xFF, 0xFF, 0xFF, 0xFF, 0xFF, 0xFF, 0xFF, 0xFF, 0x36, 0x9D, 0x2F, 0x53,
    0xEE, 0x4A, 0xB8, 0xAD, 0xBB, 0xD6, 0x12, 0x74, 0x2F, 0x53, 0x4F, 0x53, 0x90, 0x5B, 0x90, 0x63,
    0x90, 0x63, 0x90, 0x63, 0x90, 0x63, 0x90, 0x63, 0x90, 0x63, 0xD1, 0x63, 0x90, 0x63, 0x00, 0x00,
    0x00, 0x00, 0x71, 0x5B, 0x90, 0x63, 0xB0, 0x63, 0x90, 0x63, 0x90, 0x63, 0x90, 0x63, 0x90, 0x63,
    0x90, 0x63, 0x90, 0x63, 0x90, 0x63, 0x90, 0x63, 0x90, 0x63, 0x90, 0x63, 0x90, 0x63, 0x90, 0x63,
    0x4F, 0x5B, 0x1C, 0xDF, 0xFF, 0xFF, 0xDF, 0xFF, 0xFF, 0xFF, 0xFF, 0xFF, 0xDF, 0xFF, 0xD8, 0xB5,
    0x97, 0xAD, 0xDB, 0xD6, 0xFF, 0xFF, 0xBF, 0xF7, 0xF8, 0xB5, 0xB8, 0xAD, 0x12, 0x74, 0x70, 0x5B,
    0x90, 0x63, 0x90, 0x63, 0x90, 0x63, 0x90, 0x63, 0x90, 0x63, 0xD1, 0x63, 0x90, 0x5B, 0x00, 0x00,
    0x00, 0x00, 0x6F, 0x5B, 0x90, 0x5B, 0x90, 0x63, 0x90, 0x63, 0x90, 0x63, 0x90, 0x63, 0x90, 0x63,
    0x90, 0x63, 0x90, 0x63, 0x90, 0x63, 0x90, 0x63, 0x90, 0x63, 0x90, 0x63, 0x90, 0x63, 0x70, 0x5B,
    0xF1, 0x6B, 0xDF, 0xFF, 0xFF, 0xFF, 0xFF, 0xFF, 0xFF, 0xFF, 0xFF, 0xFF, 0xFF, 0xFF, 0xFF, 0xFF,
    0xFF, 0xFF, 0xFF, 0xFF, 0xFF, 0xFF, 0xFF, 0xFF, 0xFF, 0xFF, 0xFF, 0xFF, 0xD5, 0x8C, 0x2F, 0x53,
    0x90, 0x63, 0x90, 0x63, 0x90, 0x63, 0x90, 0x63, 0x90, 0x5B, 0xB1, 0x63, 0x70, 0x5B, 0x00, 0x00,
    0x00, 0x00, 0x6F, 0x5B, 0x70, 0x5B, 0x90, 0x63, 0x70, 0x5B, 0x70, 0x5B, 0x70, 0x5B, 0x70, 0x5B,
    0x70, 0x5B, 0x70, 0x5B, 0x70, 0x5B, 0x70, 0x5B, 0x70, 0x5B, 0x70, 0x5B, 0x90, 0x5B, 0x70, 0x5B,
    0x90, 0x5B, 0x5D, 0xEF, 0xFF, 0xFF, 0xFF, 0xFF, 0xFF, 0xFF, 0xFF, 0xFF, 0xFF, 0xFF, 0xDB, 0xD6,
    0xBB, 0xCE, 0x5D, 0xEF, 0xFF, 0xFF, 0xDF, 0xFF, 0xBB, 0xD6, 0xDB, 0xD6, 0x53, 0x7C, 0x4F, 0x5B,
    0x90, 0x63, 0x70, 0x5B, 0x70, 0x5B, 0x70, 0x5B, 0x70, 0x5B, 0xB1, 0x63, 0x70, 0x5B, 0x00, 0x00,
    0x00, 0x00, 0x6F, 0x5B, 0x70, 0x5B, 0x90, 0x63, 0x70, 0x5B, 0x70, 0x5B, 0x70, 0x5B, 0x70, 0x5B,
    0x70, 0x5B, 0x70, 0x5B, 0x70, 0x5B, 0x70, 0x5B, 0x70, 0x5B, 0x70, 0x5B, 0x70, 0x5B, 0x90, 0x63,
    0x2F, 0x53, 0xF5, 0x94, 0xFF, 0xFF, 0xFF, 0xFF, 0xFF, 0xFF, 0xFF, 0xFF, 0x19, 0xBE, 0x2F, 0x53,
    0xEE, 0x4A, 0xB8, 0xAD, 0xFC, 0xDE, 0x12, 0x74, 0x2F, 0x53, 0x4F, 0x53, 0x70, 0x5B, 0x70, 0x5B,
    0x70, 0x5B, 0x70, 0x5B, 0x70, 0x5B, 0x70, 0x5B, 0x70, 0x5B, 0xB1, 0x63, 0x70, 0x5B, 0x00, 0x00,
    0x00, 0x00, 0x6F, 0x5B, 0x70, 0x5B, 0x70, 0x5B, 0x70, 0x5B, 0x70, 0x5B, 0x70, 0x5B, 0x70, 0x5B,
    0x70, 0x5B, 0x70, 0x5B, 0x70, 0x5B, 0x70, 0x5B, 0x70, 0x5B, 0x70, 0x5B, 0x70, 0x5B, 0x70, 0x5B,
    0x70, 0x5B, 0x2F, 0x53, 0xD4, 0x8C, 0xDF, 0xFF, 0xFF, 0xFF, 0xB7, 0xAD, 0x2F, 0x53, 0x70, 0x5B,
    0x70, 0x5B, 0xD1, 0x6B, 0x70, 0x5B, 0x2F, 0x53, 0x70, 0x5B, 0x70, 0x5B, 0x70, 0x5B, 0x70, 0x5B,
    0x70, 0x5B, 0x70, 0x5B, 0x70, 0x5B, 0x70, 0x5B, 0x70, 0x5B, 0x90, 0x63, 0x70, 0x5B, 0x00, 0x00,
    0x00, 0x00, 0x6F, 0x5B, 0x4F, 0x5B, 0x70, 0x5B, 0x6F, 0x5B, 0x70, 0x5B, 0x70, 0x5B, 0x70, 0x5B,
    0x70, 0x5B, 0x70, 0x5B, 0x70, 0x5B, 0x70, 0x5B, 0x70, 0x5B, 0x70, 0x5B, 0x70, 0x5B, 0x70, 0x5B,
    0x70, 0x5B, 0x70, 0x5B, 0x90, 0x63, 0x9E, 0xF7, 0xFF, 0xFF, 0x73, 0x84, 0x2F, 0x53, 0x70, 0x5B,
    0x70, 0x5B, 0x4F, 0x5B, 0x70, 0x5B, 0x70, 0x5B, 0x70, 0x5B, 0x70, 0x5B, 0x70, 0x5B, 0x70, 0x5B,
    0x70, 0x5B, 0x70, 0x5B, 0x70, 0x5B, 0x70, 0x5B, 0x50, 0x5B, 0x90, 0x63, 0x4F, 0x5B, 0x00, 0x00,
    0x00, 0x00, 0x6F, 0x5B, 0x4F, 0x5B, 0x70, 0x5B, 0x4F, 0x5B, 0x4F, 0x5B, 0x4F, 0x5B, 0x4F, 0x5B,
    0x4F, 0x5B, 0x4F, 0x5B, 0x4F, 0x5B, 0x4F, 0x5B, 0x4F, 0x5B, 0x4F, 0x5B, 0x4F, 0x5B, 0x4F, 0x5B,
    0x70, 0x5B, 0x0E, 0x53, 0x6F, 0x5B, 0xBE, 0xF7, 0xFF, 0xFF, 0x53, 0x7C, 0xEE, 0x4A, 0x70, 0x5B,
    0x4F, 0x5B, 0x6F, 0x5B, 0x6F, 0x5B, 0x4F, 0x5B, 0x4F, 0x5B, 0x4F, 0x5B, 0x4F, 0x5B, 0x4F, 0x5B,
    0x4F, 0x5B, 0x4F, 0x5B, 0x4F, 0x5B, 0x4F, 0x5B, 0x4F, 0x5B, 0x90, 0x63, 0x4F, 0x5B, 0x00, 0x00,
    0x00, 0x00, 0x6F, 0x5B, 0x4F, 0x5B, 0x70, 0x5B, 0x4F, 0x5B, 0x4F, 0x5B, 0x4F, 0x5B, 0x4F, 0x5B,
    0x4F, 0x5B, 0x4F, 0x5B, 0x4F, 0x5B, 0x4F, 0x5B, 0x4F, 0x5B, 0x4F, 0x5B, 0x4F, 0x5B, 0x4F, 0x5B,
    0x2F, 0x53, 0xD5, 0x94, 0xD8, 0xB5, 0xDF, 0xFF, 0xFF, 0xFF, 0x39, 0xC6, 0xD4, 0x8C, 0x2F, 0x53,
    0x4F, 0x5B, 0x4F, 0x5B, 0x4F, 0x5B, 0x4F, 0x5B, 0x4F, 0x5B, 0x4F, 0x5B, 0x4F, 0x5B, 0x4F, 0x5B,
    0x4F, 0x5B, 0x4F, 0x5B, 0x4F, 0x5B, 0x4F, 0x5B, 0x4F, 0x5B, 0x70, 0x5B, 0x4F, 0x5B, 0x00, 0x00,
    0x00, 0x00, 0x6F, 0x5B, 0x4F, 0x5B, 0x4F, 0x5B, 0x4F, 0x5B, 0x4F, 0x5B, 0x4F, 0x5B, 0x4F, 0x5B,
    0x4F, 0x5B, 0x4F, 0x5B, 0x4F, 0x5B, 0x4F, 0x5B, 0x4F, 0x5B, 0x4F, 0x5B, 0x4F, 0x5B, 0x4F, 0x5B,
    0x0E, 0x53, 0xD4, 0x8C, 0xFF, 0xFF, 0xFF, 0xFF, 0xFF, 0xFF, 0xFF, 0xFF, 0xD4, 0x8C, 0x0E, 0x53,
    0x4F, 0x5B, 0x4F, 0x5B, 0x4F, 0x5B, 0x4F, 0x5B, 0x4F, 0x5B, 0x4F, 0x5B, 0x4F, 0x5B, 0x4F, 0x5B,
    0x4F, 0x5B, 0x4F, 0x5B, 0x4F, 0x5B, 0x4F, 0x5B, 0x4F, 0x5B, 0x70, 0x5B, 0x4F, 0x5B, 0x00, 0x00,
    0x00, 0x00, 0x4F, 0x5B, 0x4F, 0x5B, 0x4F, 0x5B, 0x4F, 0x5B, 0x4F, 0x5B, 0x4F, 0x5B, 0x4F, 0x5B,
    0x4F, 0x5B, 0x4F, 0x5B, 0x4F, 0x5B, 0x4F, 0x5B, 0x4F, 0x5B, 0x4F, 0x5B, 0x4F, 0x5B, 0x4F, 0x5B,
    0x4F, 0x5B, 0xEE, 0x4A, 0xF8, 0xB5, 0xFF, 0xFF, 0xFF, 0xFF, 0x9A, 0xCE, 0x0E, 0x4B, 0x4F, 0x5B,
    0x4F, 0x5B, 0x4F, 0x5B, 0x4F, 0x5B, 0x4F, 0x5B, 0x4F, 0x5B, 0x4F, 0x5B, 0x4F, 0x5B, 0x4F, 0x5B,
    0x4F, 0x5B, 0x4F, 0x5B, 0x4F, 0x5B, 0x4F, 0x5B, 0x2F, 0x53, 0x70, 0x5B, 0x4F, 0x5B, 0x00, 0x00,
    0x00, 0x00, 0x4F, 0x53, 0x2F, 0x53, 0x4F, 0x5B, 0x2F, 0x53, 0x2F, 0x5B, 0x2F, 0x5B, 0x2F, 0x5B,
    0x2F, 0x5B, 0x2F, 0x5B, 0x2F, 0x5B, 0x2F, 0x5B, 0x2F, 0x5B, 0x2F, 0x5B, 0x2F, 0x5B, 0x2F, 0x5B,
    0x4F, 0x5B, 0x0F, 0x53, 0xB0, 0x63, 0xBE, 0xF7, 0xFF, 0xFF, 0x73, 0x84, 0xEE, 0x4A, 0x4F, 0x5B,
    0x2F, 0x53, 0x2F, 0x5B, 0x2F, 0x5B, 0x2F, 0x5B, 0x2F, 0x5B, 0x2F, 0x5B, 0x2F, 0x5B, 0x2F, 0x5B,
    0x2F, 0x5B, 0x2F, 0x5B, 0x2F, 0x5B, 0x2F, 0x5B, 0x2F, 0x53, 0x4F, 0x5B, 0x4F, 0x53, 0x00, 0x00,
    0xE7, 0x39, 0x00, 0x00, 0x2F, 0x53, 0x70, 0x5B, 0x2F, 0x53, 0x2F, 0x53, 0x2F, 0x53, 0x2F, 0x53,
    0x2F, 0x53, 0x2F, 0x53, 0x2F, 0x53, 0x2F, 0x53, 0x2F, 0x53, 0x2F, 0x53, 0x2F, 0x53, 0x2F, 0x53,
    0x2F, 0x53, 0x2F, 0x53, 0x90, 0x63, 0xDF, 0xFF, 0xFF, 0xFF, 0x73, 0x84, 0xEE, 0x4A, 0x4F, 0x5B,
    0x2F, 0x53, 0x2F, 0x53, 0x2F, 0x53, 0x2F, 0x53, 0x2F, 0x53, 0x2F, 0x53, 0x2F, 0x53, 0x2F, 0x53,
    0x2F, 0x53, 0x2F, 0x53, 0x2F, 0x53, 0x2F, 0x53, 0x4F, 0x5B, 0x2F, 0x53, 0x2F, 0x4B, 0x00, 0x00,
    0xEF, 0x7B, 0x00, 0x00, 0x2E, 0x53, 0x70, 0x5B, 0x2F, 0x53, 0x2F, 0x53, 0x2F, 0x53, 0x2F, 0x53,
    0x2F, 0x53, 0x2F, 0x53, 0x2F, 0x53, 0x2F, 0x53, 0x2F, 0x53, 0x2F, 0x53, 0x2F, 0x53, 0x2F, 0x53,
    0x2F, 0x53, 0x2F, 0x53, 0x4F, 0x5B, 0x53, 0x7C, 0x73, 0x84, 0x70, 0x63, 0x0E, 0x53, 0x2F, 0x53,
    0x2F, 0x53, 0x2F, 0x53, 0x2F, 0x53, 0x2F, 0x53, 0x2F, 0x53, 0x2F, 0x53, 0x2F, 0x53, 0x2F, 0x53,
    0x2F, 0x53, 0x2F, 0x53, 0x2F, 0x53, 0x2F, 0x53, 0x70, 0x5B, 0x2E, 0x53, 0x00, 0x00, 0xEF, 0x7B,
    0x1F, 0x00, 0x00, 0x00, 0x0F, 0x53, 0x2F, 0x53, 0x2F, 0x53, 0x2E, 0x53, 0x2F, 0x53, 0x2E, 0x53,
    0x2F, 0x53, 0x2F, 0x53, 0x2F, 0x53, 0x2F, 0x53, 0x2F, 0x53, 0x2F, 0x53, 0x2F, 0x53, 0x2F, 0x53,
    0x2E, 0x53, 0x2F, 0x53, 0x0E, 0x53, 0xEE, 0x4A, 0xEE, 0x4A, 0x0E, 0x53, 0x2F, 0x53, 0x2E, 0x53,
    0x2F, 0x53, 0x2F, 0x53, 0x2F, 0x53, 0x2F, 0x53, 0x2F, 0x53, 0x2F, 0x53, 0x2F, 0x53, 0x2F, 0x53,
    0x2F, 0x53, 0x2E, 0x53, 0x2E, 0x53, 0x2E, 0x53, 0x4F, 0x5B, 0x2E, 0x53, 0x00, 0x00, 0xB5, 0x52,
    0x00, 0x00, 0xAA, 0x52, 0x00, 0x00, 0x0E, 0x53, 0x4F, 0x5B, 0x0E, 0x53, 0x0E, 0x53, 0x0E, 0x53,
    0x0E, 0x53, 0x0E, 0x53, 0x0E, 0x53, 0x0E, 0x53, 0x0E, 0x53, 0x0E, 0x53, 0x0E, 0x53, 0x0E, 0x53,
    0x0E, 0x53, 0x0E, 0x53, 0x0E, 0x53, 0x2F, 0x53, 0x2F, 0x53, 0x0E, 0x53, 0x0E, 0x53, 0x0E, 0x53,
    0x0E, 0x53, 0x0E, 0x53, 0x0E, 0x53, 0x0E, 0x53, 0x0E, 0x53, 0x0E, 0x53, 0x0E, 0x53, 0x0E, 0x53,
    0x0E, 0x53, 0x0E, 0x53, 0x0E, 0x53, 0x4F, 0x5B, 0x0E, 0x53, 0x00, 0x00, 0xAA, 0x52, 0x00, 0x00,
    0x00, 0x00, 0x00, 0x00, 0x55, 0x55, 0x00, 0x00, 0x0E, 0x53, 0x70, 0x5B, 0x0E, 0x53, 0x0E, 0x53,
    0x0E, 0x53, 0x0E, 0x53, 0x0E, 0x53, 0x0E, 0x53, 0x0E, 0x53, 0x0E, 0x53, 0x0E, 0x53, 0x0E, 0x53,
    0x0E, 0x53, 0x0E, 0x53, 0x0E, 0x53, 0x0E, 0x53, 0x0E, 0x53, 0x0E, 0x53, 0x0E, 0x53, 0x0E, 0x53,
    0x0E, 0x53, 0x0E, 0x53, 0x0E, 0x53, 0x0E, 0x53, 0x0E, 0x53, 0x0E, 0x53, 0x0E, 0x53, 0x0E, 0x53,
    0x0E, 0x53, 0x0E, 0x53, 0x4F, 0x5B, 0x0E, 0x53, 0x0E, 0x53, 0xEF, 0x7B, 0x1F, 0x00, 0x00, 0x00,
    0x00, 0x00, 0x00, 0x00, 0x1F, 0x00, 0xFF, 0x07, 0xCF, 0x4A, 0x0E, 0x53, 0x4F, 0x5B, 0x0E, 0x53,
    0x0E, 0x53, 0x0E, 0x53, 0x0E, 0x53, 0x0E, 0x53, 0x0E, 0x53, 0x0E, 0x53, 0x0E, 0x53, 0x0E, 0x53,
    0x0E, 0x53, 0x0E, 0x53, 0x0E, 0x53, 0x0E, 0x53, 0x0E, 0x53, 0x0E, 0x53, 0x0E, 0x53, 0x0E, 0x53,
    0x0E, 0x53, 0x0E, 0x53, 0x0E, 0x53, 0x0E, 0x53, 0x0E, 0x53, 0x0E, 0x53, 0x0E, 0x53, 0x0E, 0x53,
    0x0E, 0x53, 0x4F, 0x53, 0x2F, 0x53, 0xEE, 0x4A, 0x00, 0x00, 0xEF, 0x7B, 0x00, 0x00, 0x00, 0x00,
    0x00, 0x00, 0x00, 0x00, 0x00, 0x00, 0x1F, 0x00, 0x00, 0x00, 0x00, 0x00, 0x0E, 0x53, 0x0E, 0x53,
    0x2F, 0x53, 0x0E, 0x53, 0x0E, 0x53, 0xEE, 0x52, 0xEE, 0x52, 0xEE, 0x52, 0xEE, 0x52, 0xEE, 0x52,
    0xEE, 0x52, 0xEE, 0x52, 0xEE, 0x52, 0xEE, 0x52, 0xEE, 0x52, 0xEE, 0x52, 0xEE, 0x52, 0xEE, 0x52,
    0xEE, 0x52, 0xEE, 0x52, 0xEE, 0x52, 0xEE, 0x52, 0xEE, 0x52, 0x0E, 0x53, 0x0E, 0x53, 0x2F, 0x53,
    0x2F, 0x53, 0x0E, 0x53, 0xED, 0x52, 0x00, 0x00, 0xEF, 0x7B, 0x00, 0x00, 0x00, 0x00, 0x00, 0x00,
    0x00, 0x00, 0x00, 0x00, 0x00, 0x00, 0x00, 0x00, 0x1F, 0x00, 0xFF, 0x07, 0x00, 0x00, 0x0E, 0x53,
    0x0E, 0x53, 0x0E, 0x53, 0x0E, 0x53, 0x2F, 0x53, 0x0E, 0x53, 0x2F, 0x53, 0x2F, 0x53, 0x2F, 0x53,
    0x2F, 0x53, 0x2F, 0x53, 0x2F, 0x53, 0x2F, 0x53, 0x2F, 0x53, 0x2F, 0x53, 0x2F, 0x53, 0x2F, 0x53,
    0x2F, 0x53, 0x2F, 0x53, 0x2F, 0x53, 0x2E, 0x53, 0x2F, 0x53, 0x0E, 0x53, 0x0E, 0x53, 0x0E, 0x53,
    0x0E, 0x53, 0x00, 0x00, 0x00, 0x00, 0xEF, 0x7B, 0x00, 0x00, 0x00, 0x00, 0x00, 0x00, 0x00, 0x00,
    0x00, 0x00, 0x00, 0x00, 0x00, 0x00, 0x00, 0x00, 0x00, 0x00, 0x00, 0x00, 0xAA, 0x52, 0x00, 0x00,
    0x00, 0x00, 0xAA, 0x52, 0x2F, 0x53, 0x0E, 0x53, 0xCD, 0x4A, 0xEE, 0x4A, 0xEE, 0x4A, 0xEE, 0x4A,
    0xEE, 0x4A, 0xEE, 0x4A, 0xEE, 0x4A, 0xEE, 0x4A, 0xEE, 0x4A, 0xEE, 0x4A, 0xEE, 0x4A, 0xEE, 0x4A,
    0xEE, 0x4A, 0xEE, 0x4A, 0xEE, 0x4A, 0xED, 0x4A, 0x0E, 0x53, 0x0E, 0x53, 0x8E, 0x53, 0x00, 0x00,
    0x00, 0x00, 0xEF, 0x7B, 0x00, 0x00, 0x00, 0x00, 0x00, 0x00, 0x00, 0x00, 0x00, 0x00, 0x00, 0x00,
    0x00, 0x00, 0x00, 0x00, 0x00, 0x00, 0x00, 0x00, 0x00, 0x00, 0x00, 0x00, 0x00, 0x00, 0xEF, 0x7B,
    0xEF, 0x39, 0x00, 0x00, 0x00, 0x00, 0x00, 0x00, 0x00, 0x00, 0x00, 0x00, 0x00, 0x00, 0x00, 0x00,
    0x00, 0x00, 0x00, 0x00, 0x00, 0x00, 0x00, 0x00, 0x00, 0x00, 0x00, 0x00, 0x00, 0x00, 0x00, 0x00,
    0x00, 0x00, 0x00, 0x00, 0x00, 0x00, 0x00, 0x00, 0x00, 0x00, 0x00, 0x00, 0x00, 0x00, 0xEF, 0x39,
    0xAA, 0x52, 0x00, 0x00, 0x00, 0x00, 0x00, 0x00, 0x00, 0x00, 0x00, 0x00, 0x00, 0x00, 0x00, 0x00,
    0x00, 0x00, 0x00, 0x00, 0x00, 0x00, 0x00, 0x01, 0x03, 0x04, 0x00, 0x00, 0x00, 0x00, 0x00, 0x00,
    0x00, 0x00, 0x00, 0x00, 0x00, 0x00, 0x00, 0x00, 0x00, 0x00, 0x00, 0x00, 0x00, 0x00, 0x03, 0x04,
    0x01, 0x00, 0x00, 0x00, 0x00, 0x00, 0x00, 0x00, 0x00, 0x00, 0x00, 0x00, 0x00, 0x00, 0x03, 0x00,
    0x00, 0x00, 0x03, 0x10, 0x10, 0x10, 0x10, 0x10, 0x10, 0x10, 0x10, 0x10, 0x10, 0x10, 0x10, 0x10,
    0x10, 0x10, 0x10, 0x10, 0x10, 0x09, 0x00, 0x00, 0x00, 0x03, 0x00, 0x00, 0x00, 0x00, 0x00, 0x00,
    0x00, 0x00, 0x00, 0x00, 0x00, 0x04, 0x00, 0x06, 0x4F, 0x9F, 0xD6, 0xEF, 0xEF, 0xF0, 0xF0, 0xF0,
    0xF0, 0xF0, 0xF0, 0xF0, 0xF0, 0xF0, 0xF0, 0xF0, 0xF0, 0xF0, 0xF0, 0xEF, 0xEF, 0xE2, 0xAE, 0x61,
    0x16, 0x00, 0x02, 0x01, 0x00, 0x00, 0x00, 0x00, 0x00, 0x00, 0x00, 0x00, 0x01, 0x00, 0x47, 0xD4,
    0xFF, 0xFF, 0xFF, 0xFF, 0xFF, 0xFF, 0xFF, 0xFF, 0xFF, 0xFF, 0xFF, 0xFF, 0xFF, 0xFF, 0xFF, 0xFF,
    0xFF, 0xFF, 0xFF, 0xFF, 0xFF, 0xFF, 0xFF, 0xFF, 0xE9, 0x6D, 0x00, 0x00, 0x01, 0x00, 0x00, 0x00,
    0x00, 0x00, 0x00, 0x03, 0x01, 0x7F, 0xFF, 0xFF, 0xFC, 0xFB, 0xFD, 0xFE, 0xFE, 0xFE, 0xFE, 0xFE,
    0xFE, 0xFE, 0xFE, 0xFE, 0xFE, 0xFE, 0xFE, 0xFE, 0xFE, 0xFE, 0xFE, 0xFE, 0xFE, 0xFD, 0xFC, 0xFB,
    0xFF, 0xFF, 0xA9, 0x13, 0x01, 0x01, 0x00, 0x00, 0x00, 0x00, 0x04, 0x00, 0x80, 0xFF, 0xFC, 0xFD,
    0xFF, 0xFF, 0xFF, 0xFF, 0xFF, 0xFF, 0xFF, 0xFF, 0xFF, 0xFF, 0xFF, 0xFF, 0xFF, 0xFF, 0xFF, 0xFF,
    0xFF, 0xFF, 0xFF, 0xFF, 0xFF, 0xFF, 0xFF, 0xFF, 0xFE, 0xFA, 0xFF, 0xBB, 0x01, 0x03, 0x00, 0x00,
    0x00, 0x03, 0x00, 0x44, 0xFE, 0xFA, 0xFE, 0xFF, 0xFF, 0xFF, 0xFF, 0xFF, 0xFF, 0xFF, 0xFF, 0xFF,
    0xFF, 0xFF, 0xFF, 0xFF, 0xFF, 0xFF, 0xFF, 0xFF, 0xFF, 0xFF, 0xFF, 0xFF, 0xFF, 0xFF, 0xFF, 0xFF,
    0xFF, 0xFF, 0xF9, 0xFF, 0x7F, 0x00, 0x03, 0x00, 0x00, 0x01, 0x09, 0xD9, 0xFF, 0xFD, 0xFF, 0xFF,
    0xFF, 0xFF, 0xFF, 0xFF, 0xFF, 0xFF, 0xFF, 0xFF, 0xFF, 0xFF, 0xFF, 0xFF, 0xFF, 0xFF, 0xFF, 0xFF,
    0xFF, 0xFF, 0xFF, 0xFF, 0xFF, 0xFF, 0xFF, 0xFF, 0xFF, 0xFF, 0xFE, 0xFD, 0xFA, 0x2A, 0x00, 0x02,
    0x04, 0x00, 0x4C, 0xFF, 0xFC, 0xFF, 0xFF, 0xFF, 0xFF, 0xFF, 0xFF, 0xFF, 0xFF, 0xFF, 0xFF, 0xFF,
    0xFF, 0xFF, 0xFF, 0xFF, 0xFF, 0xFF, 0xFF, 0xFF, 0xFF, 0xFF, 0xFF, 0xFF, 0xFF, 0xFF, 0xFF, 0xFF,
    0xFF, 0xFF, 0xFF, 0xFB, 0xFF, 0x8C, 0x00, 0x05, 0x04, 0x00, 0x9F, 0xFE, 0xFB, 0xFF, 0xFF, 0xFF,
    0xFF, 0xFF, 0xFF, 0xFF, 0xFF, 0xFF, 0xFF, 0xFF, 0xFF, 0xFF, 0xFF, 0xFF, 0xFF, 0xFF, 0xFF, 0xFF,
    0xFF, 0xFF, 0xFF, 0xFF, 0xFF, 0xFF, 0xFF, 0xFF, 0xFF, 0xFF, 0xFF, 0xFD, 0xFF, 0xD9, 0x04, 0x01,
    0x01, 0x08, 0xDB, 0xFF, 0xFD, 0xFF, 0xFF, 0xFF, 0xFF, 0xFF, 0xFF, 0xFF, 0xFF, 0xFF, 0xFF, 0xFF,
    0xFF, 0xFF, 0xFF, 0xFF, 0xFF, 0xFF, 0xFF, 0xFF, 0xFF, 0xFF, 0xFF, 0xFF, 0xFF, 0xFF, 0xFF, 0xFF,
    0xFF, 0xFF, 0xFF, 0xFF, 0xFE, 0xFA, 0x29, 0x00, 0x00, 0x11, 0xF3, 0xFF, 0xFE, 0xFF, 0xFF, 0xFF,
    0xFF, 0xFF, 0xFF, 0xFF, 0xFF, 0xFF, 0xFF, 0xFF, 0xFF, 0xFF, 0xFF, 0xFF, 0xFF, 0xFF, 0xFF, 0xFF,
    0xFF, 0xFF, 0xFF, 0xFF, 0xFF, 0xFF, 0xFF, 0xFF, 0xFF, 0xFF, 0xFF, 0xFF, 0xFD, 0xFF, 0x43, 0x00,
    0x00, 0x10, 0xEF, 0xFF, 0xFE, 0xFF, 0xFF, 0xFF, 0xFF, 0xFF, 0xFF, 0xFF, 0xFF, 0xFF, 0xFF, 0xFF,
    0xFF, 0xFF, 0xFF, 0xFF, 0xFF, 0xFF, 0xFF, 0xFF, 0xFF, 0xFF, 0xFF, 0xFF, 0xFF, 0xFF, 0xFF, 0xFF,
    0xFF, 0xFF, 0xFF, 0xFF, 0xFD, 0xFF, 0x3F, 0x00, 0x00, 0x10, 0xF0, 0xFF, 0xFE, 0xFF, 0xFF, 0xFF,
    0xFF, 0xFF, 0xFF, 0xFF, 0xFF, 0xFF, 0xFF, 0xFF, 0xFF, 0xFF, 0xFF, 0xFF, 0xFF, 0xFF, 0xFF, 0xFF,
    0xFF, 0xFF, 0xFF, 0xFF, 0xFF, 0xFF, 0xFF, 0xFF, 0xFF, 0xFF, 0xFF, 0xFF, 0xFD, 0xFF, 0x40, 0x00,
    0x00, 0x10, 0xF0, 0xFF, 0xFE, 0xFF, 0xFF, 0xFF, 0xFF, 0xFF, 0xFF, 0xFF, 0xFF, 0xFF, 0xFF, 0xFF,
    0xFF, 0xFF, 0xFF, 0xFF, 0xFF, 0xFF, 0xFF, 0xFF, 0xFF, 0xFF, 0xFF, 0xFF, 0xFF, 0xFF, 0xFF, 0xFF,
    0xFF, 0xFF, 0xFF, 0xFF, 0xFD, 0xFF, 0x40, 0x00, 0x00, 0x10, 0xF0, 0xFF, 0xFE, 0xFF, 0xFF, 0xFF,
    0xFF, 0xFF, 0xFF, 0xFF, 0xFF, 0xFF, 0xFF, 0xFF, 0xFF, 0xFF, 0xFF, 0xFF, 0xFF, 0xFF, 0xFF, 0xFF,
    0xFF, 0xFF, 0xFF, 0xFF, 0xFF, 0xFF, 0xFF, 0xFF, 0xFF, 0xFF, 0xFF, 0xFF, 0xFD, 0xFF, 0x40, 0x00,
    0x00, 0x10, 0xF0, 0xFF, 0xFE, 0xFF, 0xFF, 0xFF, 0xFF, 0xFF, 0xFF, 0xFF, 0xFF, 0xFF, 0xFF, 0xFF,
    0xFF, 0xFF, 0xFF, 0xFF, 0xFF, 0xFF, 0xFF, 0xFF, 0xFF, 0xFF, 0xFF, 0xFF, 0xFF, 0xFF, 0xFF, 0xFF,
    0xFF, 0xFF, 0xFF, 0xFF, 0xFD, 0xFF, 0x40, 0x00, 0x00, 0x10, 0xF0, 0xFF, 0xFE, 0xFF, 0xFF, 0xFF,
    0xFF, 0xFF, 0xFF, 0xFF, 0xFF, 0xFF, 0xFF, 0xFF, 0xFF, 0xFF, 0xFF, 0xFF, 0xFF, 0xFF, 0xFF, 0xFF,
    0xFF, 0xFF, 0xFF, 0xFF, 0xFF, 0xFF, 0xFF, 0xFF, 0xFF, 0xFF, 0xFF, 0xFF, 0xFD, 0xFF, 0x40, 0x00,
    0x00, 0x10, 0xF0, 0xFF, 0xFE, 0xFF, 0xFF, 0xFF, 0xFF, 0xFF, 0xFF, 0xFF, 0xFF, 0xFF, 0xFF, 0xFF,
    0xFF, 0xFF, 0xFF, 0xFF, 0xFF, 0xFF, 0xFF, 0xFF, 0xFF, 0xFF, 0xFF, 0xFF, 0xFF, 0xFF, 0xFF, 0xFF,
    0xFF, 0xFF, 0xFF, 0xFF, 0xFD, 0xFF, 0x40, 0x00, 0x00, 0x10, 0xF0, 0xFF, 0xFE, 0xFF, 0xFF, 0xFF,
    0xFF, 0xFF, 0xFF, 0xFF, 0xFF, 0xFF, 0xFF, 0xFF, 0xFF, 0xFF, 0xFF, 0xFF, 0xFF, 0xFF, 0xFF, 0xFF,
    0xFF, 0xFF, 0xFF, 0xFF, 0xFF, 0xFF, 0xFF, 0xFF, 0xFF, 0xFF, 0xFF, 0xFF, 0xFD, 0xFF, 0x40, 0x00,
    0x00, 0x10, 0xF0, 0xFF, 0xFE, 0xFF, 0xFF, 0xFF, 0xFF, 0xFF, 0xFF, 0xFF, 0xFF, 0xFF, 0xFF, 0xFF,
    0xFF, 0xFF, 0xFF, 0xFF, 0xFF, 0xFF, 0xFF, 0xFF, 0xFF, 0xFF, 0xFF, 0xFF, 0xFF, 0xFF, 0xFF, 0xFF,
    0xFF, 0xFF, 0xFF, 0xFF, 0xFD, 0xFF, 0x40, 0x00, 0x00, 0x10, 0xF0, 0xFF, 0xFE, 0xFF, 0xFF, 0xFF,
    0xFF, 0xFF, 0xFF, 0xFF, 0xFF, 0xFF, 0xFF, 0xFF, 0xFF, 0xFF, 0xFF, 0xFF, 0xFF, 0xFF, 0xFF, 0xFF,
    0xFF, 0xFF, 0xFF, 0xFF, 0xFF, 0xFF, 0xFF, 0xFF, 0xFF, 0xFF, 0xFF, 0xFF, 0xFD, 0xFF, 0x40, 0x00,
    0x00, 0x10, 0xF0, 0xFF, 0xFE, 0xFF, 0xFF, 0xFF, 0xFF, 0xFF, 0xFF, 0xFF, 0xFF, 0xFF, 0xFF, 0xFF,
    0xFF, 0xFF, 0xFF, 0xFF, 0xFF, 0xFF, 0xFF, 0xFF, 0xFF, 0xFF, 0xFF, 0xFF, 0xFF, 0xFF, 0xFF, 0xFF,
    0xFF, 0xFF, 0xFF, 0xFF, 0xFD, 0xFF, 0x40, 0x00, 0x00, 0x10, 0xF0, 0xFF, 0xFE, 0xFF, 0xFF, 0xFF,
    0xFF, 0xFF, 0xFF, 0xFF, 0xFF, 0xFF, 0xFF, 0xFF, 0xFF, 0xFF, 0xFF, 0xFF, 0xFF, 0xFF, 0xFF, 0xFF,
    0xFF, 0xFF, 0xFF, 0xFF, 0xFF, 0xFF, 0xFF, 0xFF, 0xFF, 0xFF, 0xFF, 0xFF, 0xFD, 0xFF, 0x40, 0x00,
    0x00, 0x10, 0xF0, 0xFF, 0xFE, 0xFF, 0xFF, 0xFF, 0xFF, 0xFF, 0xFF, 0xFF, 0xFF, 0xFF, 0xFF, 0xFF,
    0xFF, 0xFF, 0xFF, 0xFF, 0xFF, 0xFF, 0xFF, 0xFF, 0xFF, 0xFF, 0xFF, 0xFF, 0xFF, 0xFF, 0xFF, 0xFF,
    0xFF, 0xFF, 0xFF, 0xFF, 0xFD, 0xFF, 0x40, 0x00, 0x00, 0x10, 0xF0, 0xFF, 0xFE, 0xFF, 0xFF, 0xFF,
    0xFF, 0xFF, 0xFF, 0xFF, 0xFF, 0xFF, 0xFF, 0xFF, 0xFF, 0xFF, 0xFF, 0xFF, 0xFF, 0xFF, 0xFF, 0xFF,
    0xFF, 0xFF, 0xFF, 0xFF, 0xFF, 0xFF, 0xFF, 0xFF, 0xFF, 0xFF, 0xFF, 0xFF, 0xFD, 0xFF, 0x40, 0x00,
    0x00, 0x10, 0xF0, 0xFF, 0xFE, 0xFF, 0xFF, 0xFF, 0xFF, 0xFF, 0xFF, 0xFF, 0xFF, 0xFF, 0xFF, 0xFF,
    0xFF, 0xFF, 0xFF, 0xFF, 0xFF, 0xFF, 0xFF, 0xFF, 0xFF, 0xFF, 0xFF, 0xFF, 0xFF, 0xFF, 0xFF, 0xFF,
    0xFF, 0xFF, 0xFF, 0xFF, 0xFD, 0xFF, 0x40, 0x00, 0x00, 0x10, 0xEF, 0xFF, 0xFE, 0xFF, 0xFF, 0xFF,
    0xFF, 0xFF, 0xFF, 0xFF, 0xFF, 0xFF, 0xFF, 0xFF, 0xFF, 0xFF, 0xFF, 0xFF, 0xFF, 0xFF, 0xFF, 0xFF,
    0xFF, 0xFF, 0xFF, 0xFF, 0xFF, 0xFF, 0xFF, 0xFF, 0xFF, 0xFF, 0xFF, 0xFF, 0xFD, 0xFF, 0x3F, 0x00,
    0x00, 0x11, 0xF2, 0xFF, 0xFE, 0xFF, 0xFF, 0xFF, 0xFF, 0xFF, 0xFF, 0xFF, 0xFF, 0xFF, 0xFF, 0xFF,
    0xFF, 0xFF, 0xFF, 0xFF, 0xFF, 0xFF, 0xFF, 0xFF, 0xFF, 0xFF, 0xFF, 0xFF, 0xFF, 0xFF, 0xFF, 0xFF,
    0xFF, 0xFF, 0xFF, 0xFF, 0xFD, 0xFF, 0x42, 0x00, 0x01, 0x0C, 0xE5, 0xFF, 0xFE, 0xFF, 0xFF, 0xFF,
    0xFF, 0xFF, 0xFF, 0xFF, 0xFF, 0xFF, 0xFF, 0xFF, 0xFF, 0xFF, 0xFF, 0xFF, 0xFF, 0xFF, 0xFF, 0xFF,
    0xFF, 0xFF, 0xFF, 0xFF, 0xFF, 0xFF, 0xFF, 0xFF, 0xFF, 0xFF, 0xFF, 0xFF, 0xFE, 0xFD, 0x35, 0x00,
    0x04, 0x00, 0xB0, 0xFE, 0xFC, 0xFF, 0xFF, 0xFF, 0xFF, 0xFF, 0xFF, 0xFF, 0xFF, 0xFF, 0xFF, 0xFF,
    0xFF, 0xFF, 0xFF, 0xFF, 0xFF, 0xFF, 0xFF, 0xFF, 0xFF, 0xFF, 0xFF, 0xFF, 0xFF, 0xFF, 0xFF, 0xFF,
    0xFF, 0xFF, 0xFF, 0xFE, 0xFF, 0xE6, 0x0A, 0x01, 0x04, 0x00, 0x62, 0xFF, 0xFC, 0xFF, 0xFF, 0xFF,
    0xFF, 0xFF, 0xFF, 0xFF, 0xFF, 0xFF, 0xFF, 0xFF, 0xFF, 0xFF, 0xFF, 0xFF, 0xFF, 0xFF, 0xFF, 0xFF,
    0xFF, 0xFF, 0xFF, 0xFF, 0xFF, 0xFF, 0xFF, 0xFF, 0xFF, 0xFF, 0xFF, 0xFB, 0xFE, 0xA2, 0x00, 0x04,
    0x01, 0x01, 0x15, 0xEE, 0xFD, 0xFE, 0xFF, 0xFF, 0xFF, 0xFF, 0xFF, 0xFF, 0xFF, 0xFF, 0xFF, 0xFF,
    0xFF, 0xFF, 0xFF, 0xFF, 0xFF, 0xFF, 0xFF, 0xFF, 0xFF, 0xFF, 0xFF, 0xFF, 0xFF, 0xFF, 0xFF, 0xFF,
    0xFF, 0xFF, 0xFF, 0xFC, 0xFF, 0x42, 0x00, 0x03, 0x00, 0x03, 0x00, 0x6B, 0xFF, 0xFA, 0xFF, 0xFF,
    0xFF, 0xFF, 0xFF, 0xFF, 0xFF, 0xFF, 0xFF, 0xFF, 0xFF, 0xFF, 0xFF, 0xFF, 0xFF, 0xFF, 0xFF, 0xFF,
    0xFF, 0xFF, 0xFF, 0xFF, 0xFF, 0xFF, 0xFF, 0xFF, 0xFF, 0xFF, 0xFA, 0xFF, 0xAA, 0x00, 0x03, 0x00,
    0x00, 0x00, 0x03, 0x00, 0xAC, 0xFF, 0xF9, 0xFE, 0xFF, 0xFF, 0xFF, 0xFF, 0xFF, 0xFF, 0xFF, 0xFF,
    0xFF, 0xFF, 0xFF, 0xFF, 0xFF, 0xFF, 0xFF, 0xFF, 0xFF, 0xFF, 0xFF, 0xFF, 0xFF, 0xFF, 0xFF, 0xFF,
    0xFF, 0xFA, 0xFF, 0xDE, 0x12, 0x02, 0x01, 0x00, 0x00, 0x00, 0x01, 0x01, 0x11, 0xB8, 0xFF, 0xFF,
    0xFB, 0xFD, 0xFE, 0xFF, 0xFF, 0xFF, 0xFF, 0xFF, 0xFF, 0xFF, 0xFF, 0xFF, 0xFF, 0xFF, 0xFF, 0xFF,
    0xFF, 0xFF, 0xFF, 0xFF, 0xFF, 0xFF, 0xFD, 0xFB, 0xFD, 0xFF, 0xDA, 0x34, 0x00, 0x02, 0x00, 0x00,
    0x00, 0x00, 0x00, 0x01, 0x00, 0x00, 0x80, 0xF9, 0xFF, 0xFF, 0xFF, 0xFD, 0xFD, 0xFD, 0xFD, 0xFD,
    0xFD, 0xFD, 0xFD, 0xFD, 0xFD, 0xFD, 0xFD, 0xFD, 0xFD, 0xFD, 0xFD, 0xFD, 0xFD, 0xFE, 0xFF, 0xFF,
    0xFF, 0xA7, 0x13, 0x00, 0x02, 0x00, 0x00, 0x00, 0x00, 0x00, 0x00, 0x00, 0x01, 0x01, 0x00, 0x2C,
    0x8C, 0xD6, 0xFD, 0xFF, 0xFF, 0xFF, 0xFF, 0xFF, 0xFF, 0xFF, 0xFF, 0xFF, 0xFF, 0xFF, 0xFF, 0xFF,
    0xFF, 0xFF, 0xFF, 0xFF, 0xFF, 0xFF, 0xE2, 0x9F, 0x46, 0x00, 0x00, 0x02, 0x00, 0x00, 0x00, 0x00,
    0x00, 0x00, 0x00, 0x00, 0x00, 0x00, 0x03, 0x00, 0x00, 0x03, 0x28, 0x40, 0x40, 0x40, 0x40, 0x40,
    0x40, 0x40, 0x40, 0x40, 0x40, 0x40, 0x40, 0x40, 0x40, 0x40, 0x40, 0x40, 0x40, 0x34, 0x09, 0x00,
    0x00, 0x02, 0x01, 0x00, 0x00, 0x00, 0x00, 0x00, 0x00, 0x00, 0x00, 0x00, 0x00, 0x00, 0x00, 0x02,
    0x04, 0x00, 0x00, 0x00, 0x00, 0x00, 0x00, 0x00, 0x00, 0x00, 0x00, 0x00, 0x00, 0x00, 0x00, 0x00,
    0x00, 0x00, 0x00, 0x00, 0x00, 0x00, 0x00, 0x04, 0x03, 0x00, 0x00, 0x00, 0x00, 0x00, 0x00, 0x00,
};

const lv_image_dsc_t icon_home_imu = {
    .header.magic = LV_IMAGE_HEADER_MAGIC,
    .header.cf = LV_COLOR_FORMAT_RGB565A8,
    .header.w = 40,
    .header.h = 40,
    .data_size = 4800,
    .data = icon_home_imu_map,
};

const LV_ATTRIBUTE_MEM_ALIGN uint8_t icon_home_perf_map[] = {
    0x00, 0x00, 0x00, 0x00, 0x00, 0x00, 0x00, 0x00, 0x00, 0x00, 0x00, 0x00, 0x00, 0x00, 0xE0, 0x07,
    0xF5, 0x57, 0xEF, 0x3D, 0x00, 0x00, 0x00, 0x00, 0x00, 0x00, 0x00, 0x00, 0x00, 0x00, 0x00, 0x00,
    0x00, 0x00, 0x00, 0x00, 0x00, 0x00, 0x00, 0x00, 0x00, 0x00, 0x00, 0x00, 0x00, 0x00, 0x00, 0x00,
    0x00, 0x00, 0x00, 0x00, 0x00, 0x00, 0x00, 0x00, 0x00, 0x00, 0x00, 0x00, 0x55, 0x55, 0xEF, 0x3D,
    0xFF, 0x07, 0x00, 0x00, 0x00, 0x00, 0x00, 0x00, 0x00, 0x00, 0x00, 0x00, 0x00, 0x00, 0x00, 0x00,
    0x00, 0x00, 0x00, 0x00, 0x00, 0x00, 0x00, 0x00, 0x00, 0x00, 0x00, 0x00, 0x4A, 0x55, 0x00, 0x00,
    0x00, 0x00, 0x00, 0x00, 0x55, 0x55, 0xF3, 0x3E, 0xF1, 0x3D, 0xF1, 0x3D, 0xF1, 0x3D, 0xF1, 0x3D,
    0xF1, 0x3D, 0xF1, 0x3D, 0xF1, 0x3D, 0xF1, 0x3D, 0xF1, 0x3D, 0xF1, 0x3D, 0xF1, 0x3D, 0xF1, 0x3D,
    0xF1, 0x3D, 0xF1, 0x3D, 0xF1, 0x3D, 0xF1, 0x3D, 0x71, 0x3E, 0x31, 0x3E, 0x00, 0x00, 0x00, 0x00,
    0x00, 0x00, 0x55, 0x55, 0x00, 0x00, 0x00, 0x00, 0x00, 0x00, 0x00, 0x00, 0x00, 0x00, 0x00, 0x00,
    0x00, 0x00, 0x00, 0x00, 0x00, 0x00, 0x00, 0x00, 0x00, 0x00, 0xEF, 0x3D, 0x00, 0x00, 0x4F, 0x2D,
    0x31, 0x3E, 0x11, 0x3E, 0x11, 0x3E, 0x11, 0x3E, 0xF1, 0x3D, 0xF1, 0x3D, 0xF1, 0x3D, 0xF1, 0x3D,
    0xF1, 0x3D, 0xF1, 0x3D, 0xF1, 0x3D, 0xF1, 0x3D, 0xF1, 0x3D, 0xF1, 0x3D, 0xF1, 0x3D, 0xF1, 0x3D,
    0xF1, 0x3D, 0xF1, 0x3D, 0xF1, 0x3D, 0xF1, 0x3D, 0x11, 0x3E, 0x11, 0x3E, 0x11, 0x3E, 0x31, 0x3E,
    0x31, 0x3E, 0x00, 0x00, 0xEF, 0x7B, 0xFF, 0x07, 0x00, 0x00, 0x00, 0x00, 0x00, 0x00, 0x00, 0x00,
    0x00, 0x00, 0x00, 0x00, 0x00, 0x00, 0x00, 0x00, 0xFF, 0x07, 0x00, 0x00, 0xF1, 0x3D, 0x11, 0x3E,
    0x52, 0x3E, 0x52, 0x3E, 0x31, 0x3E, 0x11, 0x3E, 0x11, 0x3E, 0x11, 0x3E, 0x11, 0x3E, 0x11, 0x3E,
    0x11, 0x3E, 0x11, 0x3E, 0x11, 0x3E, 0x11, 0x3E, 0x11, 0x3E, 0x11, 0x3E, 0x11, 0x3E, 0x11, 0x3E,
    0x11, 0x3E, 0x11, 0x3E, 0x11, 0x3E, 0x11, 0x3E, 0x11, 0x3E, 0x11, 0x3E, 0x52, 0x3E, 0x52, 0x3E,
    0x11, 0x3E, 0x11, 0x3E, 0x00, 0x00, 0x00, 0x00, 0xFF, 0x07, 0x00, 0x00, 0x00, 0x00, 0x00, 0x00,
    0x00, 0x00, 0x00, 0x00, 0x00, 0x00, 0x55, 0x55, 0xFF, 0x07, 0xF1, 0x3D, 0x31, 0x3E, 0x31, 0x3E,
    0xF0, 0x3D, 0xF0, 0x3D, 0xF0, 0x3D, 0xF0, 0x3D, 0xF0, 0x3D, 0xF0, 0x3D, 0xF0, 0x3D, 0xF0, 0x3D,
    0xF0, 0x3D, 0xF0, 0x3D, 0xF0, 0x3D, 0xF0, 0x3D, 0xF0, 0x3D, 0xF0, 0x3D, 0xF0, 0x3D, 0xF0, 0x3D,
    0xF0, 0x3D, 0xF0, 0x3D, 0xF0, 0x3D, 0xF0, 0x3D, 0xF0, 0x3D, 0xF1, 0x3D, 0xF0, 0x3D, 0xD0, 0x3D,
    0x11, 0x3E, 0x52, 0x3E, 0x11, 0x3E, 0xD0, 0x35, 0xFF, 0x07, 0xFF, 0x07, 0x00, 0x00, 0x00, 0x00,
    0x00, 0x00, 0x00, 0x00, 0xEF, 0x3D, 0x00, 0x00, 0xD0, 0x35, 0x92, 0x3E, 0xD0, 0x35, 0xD0, 0x3D,
    0xF0, 0x3D, 0xF0, 0x3D, 0xF0, 0x3D, 0xF0, 0x3D, 0xF0, 0x3D, 0xF0, 0x3D, 0xF0, 0x3D, 0xF0, 0x3D,
    0xF0, 0x3D, 0xF0, 0x3D, 0xF0, 0x3D, 0xF0, 0x3D, 0xF0, 0x3D, 0xF0, 0x3D, 0xF0, 0x3D, 0xF0, 0x3D,
    0xF0, 0x3D, 0xF0, 0x3D, 0xF0, 0x3D, 0xF0, 0x3D, 0xF0, 0x3D, 0xF0, 0x3D, 0xF0, 0x3D, 0xF0, 0x3D,
    0xD0, 0x3D, 0xD0, 0x3D, 0x72, 0x3E, 0xF0, 0x3D, 0xE0, 0x07, 0x55, 0x55, 0x00, 0x00, 0x00, 0x00,
    0x00, 0x00, 0x55, 0x55, 0x00, 0x00, 0xD0, 0x3D, 0x11, 0x3E, 0xD0, 0x35, 0xD0, 0x35, 0xD0, 0x3D,
    0xD0, 0x35, 0xD0, 0x3D, 0xD0, 0x3D, 0xD0, 0x3D, 0xD0, 0x3D, 0xD0, 0x3D, 0xD0, 0x3D, 0xD0, 0x3D,
    0xD0, 0x3D, 0xD0, 0x3D, 0xD0, 0x3D, 0xD0, 0x3D, 0xD0, 0x3D, 0xD0, 0x3D, 0xD0, 0x3D, 0xD0, 0x3D,
    0xD0, 0x3D, 0xD0, 0x3D, 0xD0, 0x3D, 0xD0, 0x3D, 0xD0, 0x3D, 0xD0, 0x3D, 0xD0, 0x3D, 0xD0, 0x35,
    0xD0, 0x35, 0xD0, 0x3D, 0xD0, 0x35, 0x52, 0x3E, 0xD0, 0x35, 0x00, 0x00, 0x55, 0x55, 0x00, 0x00,
    0x00, 0x00, 0xFF, 0xFF, 0x31, 0x3E, 0xD0, 0x35, 0x11, 0x3E, 0xD0, 0x35, 0xD0, 0x35, 0xD0, 0x35,
    0xD0, 0x35, 0xD0, 0x35, 0xD0, 0x35, 0xD0, 0x35, 0xD0, 0x35, 0xD0, 0x35, 0xD0, 0x35, 0xD0, 0x35,
    0xD0, 0x35, 0xD0, 0x35, 0xD0, 0x35, 0xD0, 0x35, 0xD0, 0x35, 0xD0, 0x35, 0xD0, 0x35, 0xD0, 0x35,
    0xD0, 0x35, 0xD0, 0x35, 0xD0, 0x35, 0xD0, 0x35, 0xD0, 0x35, 0xD0, 0x35, 0xD0, 0x35, 0xD0, 0x35,
    0xD0, 0x35, 0xD0, 0x35, 0xD0, 0x35, 0xD0, 0x35, 0xF1, 0x3D, 0xB0, 0x35, 0x00, 0x00, 0xEF, 0x07,
    0xEF, 0x3B, 0x00, 0x00, 0xD0, 0x35, 0x31, 0x3E, 0xD0, 0x35, 0xD0, 0x35, 0xD0, 0x35, 0xD0, 0x35,
    0xD0, 0x35, 0xD0, 0x35, 0xD0, 0x35, 0xD0, 0x35, 0xD0, 0x35, 0xD0, 0x35, 0xD0, 0x35, 0xD0, 0x35,
    0xD0, 0x35, 0xD0, 0x35, 0xD0, 0x35, 0xD0, 0x35, 0xD0, 0x35, 0xD0, 0x35, 0xD0, 0x35, 0xD0, 0x35,
    0xD0, 0x35, 0xD0, 0x35, 0xD0, 0x35, 0xD0, 0x35, 0xD0, 0x35, 0xD0, 0x35, 0xD0, 0x35, 0xD0, 0x35,
    0xD0, 0x35, 0xD0, 0x35, 0xD0, 0x35, 0xD0, 0x35, 0x31, 0x3E, 0xD0, 0x35, 0x00, 0x00, 0xCC, 0x34,
    0xEF, 0x3D, 0x00, 0x00, 0xD0, 0x35, 0x31, 0x3E, 0xD0, 0x35, 0xD0, 0x35, 0xD0, 0x35, 0xD0, 0x35,
    0xD0, 0x35, 0xD0, 0x35, 0xD0, 0x35, 0xD0, 0x35, 0xD0, 0x35, 0xD0, 0x35, 0xD0, 0x35, 0xD0, 0x35,
    0xD0, 0x35, 0xD0, 0x35, 0xD0, 0x3D, 0xD0, 0x3D, 0xD0, 0x3D, 0xD0, 0x3D, 0xD0, 0x35, 0xD0, 0x35,
    0xD0, 0x35, 0xD0, 0x35, 0xD0, 0x35, 0xD0, 0x35, 0xD0, 0x35, 0xD0, 0x35, 0xD0, 0x35, 0xD0, 0x35,
    0xD0, 0x35, 0xD0, 0x35, 0xD0, 0x35, 0xD0, 0x35, 0xF1, 0x35, 0xB0, 0x35, 0xEF, 0x3D, 0xE0, 0x07,
    0xE0, 0x07, 0xEF, 0x3D, 0xB0, 0x35, 0xF0, 0x35, 0xB0, 0x35, 0xB0, 0x35, 0xB0, 0x35, 0xB0, 0x35,
    0xB0, 0x35, 0xB0, 0x35, 0xB0, 0x35, 0xB0, 0x35, 0xB0, 0x35, 0xB0, 0x35, 0xD0, 0x35, 0xD0, 0x3D,
    0xB0, 0x35, 0xAF, 0x2D, 0x8F, 0x25, 0x8F, 0x25, 0x8F, 0x25, 0x8F, 0x25, 0xAF, 0x2D, 0xB0, 0x35,
    0xD0, 0x3D, 0xD0, 0x35, 0xB0, 0x35, 0xB0, 0x35, 0xB0, 0x35, 0xB0, 0x35, 0xB0, 0x35, 0xB0, 0x35,
    0xB0, 0x35, 0xB0, 0x35, 0xB0, 0x35, 0xB0, 0x35, 0xB0, 0x35, 0xD0, 0x35, 0xD0, 0x35, 0x00, 0x00,
    0x00, 0x00, 0x10, 0x2E, 0xB0, 0x35, 0xD0, 0x35, 0xB0, 0x35, 0xB0, 0x35, 0xB0, 0x35, 0xB0, 0x35,
    0xB0, 0x35, 0xB0, 0x35, 0xB0, 0x35, 0xB0, 0x35, 0xB0, 0x35, 0xD0, 0x35, 0xB0, 0x35, 0x8F, 0x25,
    0xB0, 0x35, 0x33, 0x5E, 0x96, 0x86, 0xD8, 0x9E, 0xD8, 0x9E, 0xB7, 0x8E, 0x33, 0x66, 0xD1, 0x3D,
    0x8F, 0x25, 0xAF, 0x2D, 0xD0, 0x35, 0xB0, 0x35, 0xB0, 0x35, 0xB0, 0x35, 0xB0, 0x35, 0xB0, 0x35,
    0xB0, 0x35, 0xB0, 0x35, 0xB0, 0x35, 0xB0, 0x35, 0xB0, 0x35, 0x11, 0x36, 0xB0, 0x35, 0x00, 0x00,
    0x00, 0x00, 0xEF, 0x2D, 0xB0, 0x35, 0xD0, 0x35, 0xB0, 0x35, 0xB0, 0x35, 0xB0, 0x35, 0xB0, 0x35,
    0xB0, 0x35, 0xB0, 0x35, 0xB0, 0x35, 0xB0, 0x35, 0xB0, 0x35, 0x8F, 0x25, 0xD1, 0x45, 0xD7, 0x96,
    0x9D, 0xDF, 0xFF, 0xFF, 0xFF, 0xFF, 0xFF, 0xFF, 0xFF, 0xFF, 0xFF, 0xFF, 0xFF, 0xFF, 0xBD, 0xE7,
    0x19, 0xAF, 0x12, 0x56, 0x8F, 0x25, 0xB0, 0x35, 0xB0, 0x35, 0xB0, 0x35, 0xB0, 0x35, 0xB0, 0x35,
    0xB0, 0x35, 0xB0, 0x35, 0xB0, 0x35, 0xB0, 0x35, 0xB0, 0x35, 0xF0, 0x35, 0xB0, 0x35, 0x00, 0x00,
    0x00, 0x00, 0xEF, 0x2D, 0xB0, 0x35, 0xD0, 0x35, 0xB0, 0x35, 0xB0, 0x35, 0xB0, 0x35, 0xB0, 0x35,
    0xB0, 0x35, 0xB0, 0x35, 0xB0, 0x35, 0xB0, 0x35, 0x8F, 0x25, 0x96, 0x86, 0xDE, 0xEF, 0xFF, 0xFF,
    0xFF, 0xFF, 0xFF, 0xFF, 0xFF, 0xFF, 0xDE, 0xEF, 0xDE, 0xEF, 0xDF, 0xF7, 0xFF, 0xFF, 0xFF, 0xFF,
    0xFF, 0xFF, 0xFF, 0xFF, 0xF8, 0xA6, 0xAF, 0x2D, 0x8F, 0x2D, 0xB0, 0x35, 0xB0, 0x35, 0xB0, 0x35,
    0xB0, 0x35, 0xB0, 0x35, 0xB0, 0x35, 0xB0, 0x35, 0xB0, 0x35, 0xF0, 0x35, 0xB0, 0x35, 0x00, 0x00,
    0x00, 0x00, 0x6F, 0x2D, 0x8F, 0x35, 0xB0, 0x35, 0x8F, 0x35, 0xB0, 0x35, 0xB0, 0x35, 0xB0, 0x35,
    0xB0, 0x35, 0xB0, 0x35, 0xB0, 0x35, 0x8F, 0x25, 0x19, 0xAF, 0xFF, 0xFF, 0xFF, 0xFF, 0xFF, 0xFF,
    0x5B, 0xC7, 0x75, 0x7E, 0xF2, 0x4D, 0xD0, 0x3D, 0xD1, 0x3D, 0xF1, 0x45, 0x54, 0x6E, 0x19, 0xB7,
    0xFF, 0xFF, 0xFF, 0xFF, 0xFF, 0xFF, 0x7C, 0xD7, 0xB0, 0x3D, 0x8F, 0x2D, 0xB0, 0x35, 0xB0, 0x35,
    0xB0, 0x35, 0xB0, 0x35, 0xB0, 0x35, 0xB0, 0x35, 0x90, 0x35, 0xF0, 0x35, 0x8F, 0x2D, 0x00, 0x00,
    0x00, 0x00, 0x6F, 0x2D, 0x8F, 0x35, 0xB0, 0x35, 0x8F, 0x35, 0x8F, 0x35, 0x8F, 0x35, 0x8F, 0x35,
    0x90, 0x35, 0xB0, 0x35, 0x6E, 0x25, 0x19, 0xAF, 0xFF, 0xFF, 0xFF, 0xFF, 0xBD, 0xE7, 0x34, 0x66,
    0x8F, 0x25, 0x6E, 0x25, 0x8F, 0x2D, 0x8F, 0x2D, 0x8F, 0x2D, 0x8F, 0x2D, 0x6F, 0x25, 0x6E, 0x1D,
    0x12, 0x56, 0xDF, 0xF7, 0xFF, 0xFF, 0xFF, 0xFF, 0x9C, 0xD7, 0xB0, 0x35, 0x8F, 0x2D, 0x90, 0x35,
    0x8F, 0x35, 0x8F, 0x35, 0x8F, 0x35, 0x8F, 0x35, 0x8F, 0x35, 0xF0, 0x35, 0x8F, 0x2D, 0x00, 0x00,
    0x00, 0x00, 0x6F, 0x2D, 0x8F, 0x2D, 0xB0, 0x35, 0x8F, 0x35, 0x8F, 0x35, 0x8F, 0x35, 0x8F, 0x35,
    0x90, 0x35, 0x6E, 0x25, 0x96, 0x86, 0xFF, 0xFF, 0xFF, 0xFF, 0x7C, 0xD7, 0xB0, 0x3D, 0x6E, 0x25,
    0x90, 0x35, 0x90, 0x35, 0x8F, 0x35, 0x8F, 0x35, 0x8F, 0x35, 0x90, 0x35, 0xB0, 0x35, 0x8F, 0x2D,
    0xF9, 0xA6, 0xFF, 0xFF, 0xFF, 0xFF, 0xFF, 0xFF, 0xFF, 0xFF, 0x19, 0xB7, 0x6F, 0x25, 0x90, 0x35,
    0x8F, 0x35, 0x8F, 0x35, 0x8F, 0x35, 0x8F, 0x35, 0x8F, 0x35, 0xD0, 0x35, 0x8F, 0x2D, 0x00, 0x00,
    0x00, 0x00, 0x6F, 0x2D, 0x8F, 0x2D, 0xB0, 0x35, 0x8F, 0x2D, 0x8F, 0x2D, 0x8F, 0x2D, 0x8F, 0x35,
    0x8F, 0x2D, 0xB0, 0x3D, 0xDE, 0xF7, 0xFF, 0xFF, 0xBD, 0xE7, 0xB0, 0x35, 0x6F, 0x2D, 0x90, 0x35,
    0x8F, 0x2D, 0x8F, 0x2D, 0x8F, 0x2D, 0x8F, 0x2D, 0x8F, 0x2D, 0x90, 0x35, 0x4E, 0x1D, 0xF8, 0xA6,
    0xFF, 0xFF, 0xFF, 0xFF, 0xD8, 0x9E, 0x19, 0xB7, 0xFF, 0xFF, 0xFF, 0xFF, 0x33, 0x66, 0x6E, 0x25,
    0x90, 0x35, 0x8F, 0x2D, 0x8F, 0x2D, 0x8F, 0x2D, 0x8F, 0x2D, 0xD0, 0x35, 0x8F, 0x2D, 0x00, 0x00,
    0x00, 0x00, 0x6F, 0x2D, 0x6F, 0x2D, 0x8F, 0x2D, 0x6F, 0x2D, 0x8F, 0x2D, 0x8F, 0x2D, 0x8F, 0x35,
    0x4E, 0x1D, 0xB7, 0x96, 0xFF, 0xFF, 0xFF, 0xFF, 0x34, 0x6E, 0x4E, 0x25, 0x90, 0x35, 0x8F, 0x2D,
    0x8F, 0x2D, 0x8F, 0x2D, 0x8F, 0x2D, 0x8F, 0x2D, 0x90, 0x35, 0x4E, 0x25, 0x76, 0x86, 0xFF, 0xFF,
    0xFF, 0xFF, 0x19, 0xAF, 0x4E, 0x1D, 0xB0, 0x3D, 0xDE, 0xEF, 0xFF, 0xFF, 0x5B, 0xCF, 0x6F, 0x25,
    0x8F, 0x35, 0x8F, 0x2D, 0x8F, 0x2D, 0x8F, 0x2D, 0x6F, 0x2D, 0xD0, 0x35, 0x6F, 0x2D, 0x00, 0x00,
    0x00, 0x00, 0x6F, 0x2D, 0x6F, 0x2D, 0x8F, 0x2D, 0x6F, 0x2D, 0x8F, 0x2D, 0x6F, 0x2D, 0x8F, 0x2D,
    0x8F, 0x2D, 0x9D, 0xDF, 0xFF, 0xFF, 0x5B, 0xC7, 0x4E, 0x25, 0x8F, 0x35, 0x6F, 0x2D, 0x8F, 0x2D,
    0x8F, 0x2D, 0x6F, 0x2D, 0x8F, 0x2D, 0x8F, 0x35, 0x4E, 0x1D, 0x33, 0x66, 0xFF, 0xFF, 0xFF, 0xFF,
    0x7C, 0xD7, 0x6F, 0x25, 0x8F, 0x35, 0x4E, 0x1D, 0xB7, 0x96, 0xFF, 0xFF, 0xFF, 0xFF, 0xF2, 0x4D,
    0x6F, 0x25, 0x8F, 0x2D, 0x8F, 0x2D, 0x8F, 0x2D, 0x6F, 0x2D, 0xD0, 0x2D, 0x6F, 0x2D, 0x00, 0x00,
    0x00, 0x00, 0x6F, 0x2D, 0x6F, 0x2D, 0x8F, 0x2D, 0x6F, 0x2D, 0x6F, 0x2D, 0x6F, 0x2D, 0x4E, 0x25,
    0xF2, 0x55, 0xFF, 0xFF, 0xFF, 0xFF, 0x75, 0x7E, 0x4E, 0x1D, 0x8F, 0x35, 0x6F, 0x2D, 0x6F, 0x2D,
    0x6F, 0x2D, 0x6F, 0x2D, 0x6F, 0x25, 0x6F, 0x2D, 0x13, 0x5E, 0xDE, 0xEF, 0xFF, 0xFF, 0x9D, 0xDF,
    0x90, 0x35, 0x6F, 0x2D, 0x8F, 0x35, 0x6E, 0x25, 0xD2, 0x4D, 0xFF, 0xFF, 0xFF, 0xFF, 0x96, 0x86,
    0x4E, 0x1D, 0x8F, 0x35, 0x6F, 0x2D, 0x6F, 0x2D, 0x6F, 0x2D, 0xB0, 0x2D, 0x6F, 0x2D, 0x00, 0x00,
    0x00, 0x00, 0x6F, 0x2D, 0x6F, 0x2D, 0x8F, 0x2D, 0x6F, 0x2D, 0x6F, 0x2D, 0x6F, 0x2D, 0x4E, 0x1D,
    0x75, 0x7E, 0xFF, 0xFF, 0xDF, 0xF7, 0xD1, 0x4D, 0x4E, 0x25, 0x6F, 0x2D, 0x6F, 0x2D, 0x6F, 0x2D,
    0x6F, 0x2D, 0x4E, 0x25, 0xF2, 0x55, 0x9C, 0xDF, 0xFF, 0xFF, 0xFF, 0xFF, 0xDE, 0xEF, 0xD2, 0x4D,
    0x4E, 0x25, 0x6F, 0x35, 0x6F, 0x2D, 0x6F, 0x2D, 0x6F, 0x2D, 0x9C, 0xDF, 0xFF, 0xFF, 0x19, 0xAF,
    0x4E, 0x1D, 0x6F, 0x2D, 0x6F, 0x2D, 0x6F, 0x2D, 0x6F, 0x2D, 0xB0, 0x2D, 0x6F, 0x2D, 0x00, 0x00,
    0x00, 0x00, 0x6F, 0x2D, 0x6F, 0x2D, 0x8F, 0x2D, 0x6F, 0x2D, 0x6F, 0x2D, 0x6F, 0x2D, 0x2E, 0x1D,
    0xD8, 0x9E, 0xFF, 0xFF, 0xDE, 0xF7, 0xB1, 0x45, 0x6F, 0x2D, 0x6F, 0x2D, 0x6F, 0x2D, 0x6F, 0x2D,
    0x6F, 0x2D, 0x6F, 0x2D, 0x9D, 0xE7, 0xFF, 0xFF, 0xFF, 0xFF, 0xFF, 0xFF, 0x54, 0x76, 0x2D, 0x1D,
    0x6F, 0x35, 0x6F, 0x2D, 0x6F, 0x2D, 0x6F, 0x2D, 0x6F, 0x2D, 0x5B, 0xC7, 0xFF, 0xFF, 0x7C, 0xD7,
    0x4E, 0x25, 0x6F, 0x2D, 0x6F, 0x2D, 0x6F, 0x2D, 0x6F, 0x2D, 0xB0, 0x2D, 0x6F, 0x2D, 0x00, 0x00,
    0x00, 0x00, 0x6F, 0x2D, 0x6F, 0x2D, 0x6F, 0x2D, 0x4F, 0x2D, 0x6F, 0x2D, 0x6F, 0x2D, 0x4E, 0x25,
    0xB1, 0x45, 0xF2, 0x5D, 0x7C, 0xD7, 0xDE, 0xF7, 0xF3, 0x5D, 0x4E, 0x25, 0x6F, 0x2D, 0x6F, 0x2D,
    0x4F, 0x25, 0x70, 0x35, 0xDE, 0xF7, 0xFF, 0xFF, 0xFF, 0xFF, 0xFF, 0xFF, 0xF2, 0x55, 0x4E, 0x25,
    0x6F, 0x2D, 0x6F, 0x2D, 0x6F, 0x2D, 0x4E, 0x25, 0x3A, 0xBF, 0xFF, 0xFF, 0x96, 0x86, 0xD1, 0x4D,
    0x6F, 0x2D, 0x6F, 0x2D, 0x6F, 0x2D, 0x6F, 0x2D, 0x4F, 0x2D, 0xB0, 0x2D, 0x4F, 0x2D, 0x00, 0x00,
    0x00, 0x00, 0x6F, 0x2D, 0x4F, 0x2D, 0x6F, 0x2D, 0x4F, 0x2D, 0x4F, 0x2D, 0x4F, 0x2D, 0x4F, 0x2D,
    0x4E, 0x25, 0x0D, 0x15, 0x3B, 0xC7, 0xFF, 0xFF, 0x13, 0x5E, 0x2E, 0x1D, 0x6F, 0x2D, 0x4F, 0x2D,
    0x6F, 0x2D, 0x2E, 0x1D, 0x55, 0x76, 0xFF, 0xFF, 0xFF, 0xFF, 0xF8, 0xA6, 0x4E, 0x25, 0x6F, 0x2D,
    0x4F, 0x2D, 0x4F, 0x2D, 0x6F, 0x2D, 0x2E, 0x1D, 0x5B, 0xC7, 0xFF, 0xFF, 0xF2, 0x55, 0x0D, 0x15,
    0x6F, 0x2D, 0x4F, 0x2D, 0x4F, 0x2D, 0x4F, 0x2D, 0x4F, 0x2D, 0x8F, 0x2D, 0x4E, 0x2D, 0x00, 0x00,
    0x00, 0x00, 0x6F, 0x2D, 0x4F, 0x2D, 0x6F, 0x2D, 0x4E, 0x2D, 0x4F, 0x2D, 0x4F, 0x2D, 0x4F, 0x2D,
    0x6F, 0x2D, 0x2E, 0x25, 0x5C, 0xCF, 0xFF, 0xFF, 0x13, 0x5E, 0x2E, 0x1D, 0x4F, 0x2D, 0x4F, 0x2D,
    0x4F, 0x2D, 0x4F, 0x2D, 0x2E, 0x1D, 0xD1, 0x4D, 0xF2, 0x5D, 0x2E, 0x25, 0x4E, 0x25, 0x4F, 0x2D,
    0x4F, 0x2D, 0x4F, 0x2D, 0x4F, 0x2D, 0x2E, 0x1D, 0x5B, 0xCF, 0xFF, 0xFF, 0x13, 0x66, 0x2E, 0x1D,
    0x4F, 0x2D, 0x4F, 0x2D, 0x4F, 0x2D, 0x4F, 0x2D, 0x4E, 0x2D, 0x8F, 0x2D, 0x4E, 0x25, 0x00, 0x00,
    0x00, 0x00, 0x6F, 0x2D, 0x4E, 0x2D, 0x6F, 0x2D, 0x4E, 0x2D, 0x4E, 0x2D, 0x4E, 0x2D, 0x4E, 0x2D,
    0x4F, 0x2D, 0x4E, 0x25, 0xD2, 0x55, 0xF3, 0x5D, 0x70, 0x35, 0x4E, 0x25, 0x4F, 0x2D, 0x4E, 0x2D,
    0x4E, 0x2D, 0x4E, 0x2D, 0x4F, 0x2D, 0x2E, 0x25, 0x2E, 0x1D, 0x4F, 0x2D, 0x4F, 0x2D, 0x4E, 0x2D,
    0x4E, 0x2D, 0x4E, 0x2D, 0x4F, 0x2D, 0x4E, 0x25, 0xD2, 0x55, 0xF3, 0x5D, 0x70, 0x35, 0x4E, 0x25,
    0x4F, 0x2D, 0x4E, 0x2D, 0x4E, 0x2D, 0x4E, 0x2D, 0x4E, 0x2D, 0x8F, 0x2D, 0x4E, 0x25, 0x00, 0x00,
    0x00, 0x00, 0x6F, 0x1D, 0x4E, 0x25, 0x6F, 0x2D, 0x4E, 0x25, 0x4E, 0x25, 0x4E, 0x25, 0x4E, 0x25,
    0x4E, 0x25, 0x4E, 0x2D, 0x2E, 0x1D, 0x2D, 0x1D, 0x2E, 0x25, 0x4E, 0x2D, 0x4E, 0x25, 0x4E, 0x25,
    0x4E, 0x25, 0x4E, 0x25, 0x4E, 0x25, 0x4F, 0x2D, 0x4F, 0x2D, 0x4E, 0x25, 0x4E, 0x25, 0x4E, 0x25,
    0x4E, 0x25, 0x4E, 0x25, 0x4E, 0x25, 0x4E, 0x2D, 0x2E, 0x1D, 0x2D, 0x1D, 0x2E, 0x25, 0x4E, 0x2D,
    0x4E, 0x25, 0x4E, 0x25, 0x4E, 0x25, 0x4E, 0x25, 0x4E, 0x25, 0x8F, 0x2D, 0x4F, 0x2D, 0x00, 0x00,
    0x00, 0x00, 0xAF, 0x1D, 0x2E, 0x25, 0x4F, 0x25, 0x2E, 0x25, 0x2E, 0x25, 0x2E, 0x25, 0x2E, 0x25,
    0x2E, 0x25, 0x2E, 0x25, 0x4E, 0x2D, 0x4E, 0x2D, 0x4E, 0x25, 0x2E, 0x25, 0x2E, 0x25, 0x2E, 0x25,
    0x2E, 0x25, 0x2E, 0x25, 0x2E, 0x25, 0x2E, 0x25, 0x2E, 0x25, 0x2E, 0x25, 0x2E, 0x25, 0x2E, 0x25,
    0x2E, 0x25, 0x2E, 0x25, 0x2E, 0x25, 0x2E, 0x25, 0x4E, 0x2D, 0x4E, 0x2D, 0x4E, 0x25, 0x2E, 0x25,
    0x2E, 0x25, 0x2E, 0x25, 0x2E, 0x25, 0x4E, 0x25, 0x2E, 0x25, 0x8F, 0x2D, 0x2E, 0x25, 0x00, 0x00,
    0x00, 0x00, 0x4D, 0x15, 0x2E, 0x25, 0x4F, 0x25, 0x2E, 0x25, 0x2E, 0x25, 0x2E, 0x25, 0x2E, 0x25,
    0x2E, 0x25, 0x2E, 0x25, 0x2E, 0x25, 0x2E, 0x25, 0x2E, 0x25, 0x2E, 0x25, 0x2E, 0x25, 0x2E, 0x25,
    0x2E, 0x25, 0x2E, 0x25, 0x2E, 0x25, 0x2E, 0x25, 0x2E, 0x25, 0x2E, 0x25, 0x2E, 0x25, 0x2E, 0x25,
    0x2E, 0x25, 0x2E, 0x25, 0x2E, 0x25, 0x2E, 0x25, 0x2E, 0x25, 0x2E, 0x25, 0x2E, 0x25, 0x2E, 0x25,
    0x2E, 0x25, 0x2E, 0x25, 0x2E, 0x25, 0x2E, 0x25, 0x2E, 0x25, 0x6F, 0x25, 0x4E, 0x25, 0x00, 0x00,
    0xE7, 0x03, 0x00, 0x00, 0x2E, 0x25, 0x8F, 0x25, 0x2E, 0x25, 0x2E, 0x25, 0x2E, 0x25, 0x2E, 0x25,
    0x2E, 0x25, 0x2E, 0x25, 0x2E, 0x25, 0x2E, 0x25, 0x2E, 0x25, 0x2E, 0x25, 0x2E, 0x25, 0x2E, 0x25,
    0x2E, 0x25, 0x2E, 0x25, 0x2E, 0x25, 0x2E, 0x25, 0x2E, 0x25, 0x2E, 0x25, 0x2E, 0x25, 0x2E, 0x25,
    0x2E, 0x25, 0x2E, 0x25, 0x2E, 0x25, 0x2E, 0x25, 0x2E, 0x25, 0x2E, 0x25, 0x2E, 0x25, 0x2E, 0x25,
    0x2E, 0x25, 0x2E, 0x25, 0x2E, 0x25, 0x2E, 0x25, 0x4E, 0x25, 0x2E, 0x25, 0x8C, 0x1D, 0x00, 0x00,
    0xEF, 0x3D, 0x00, 0x00, 0x0E, 0x25, 0x8F, 0x25, 0x0E, 0x25, 0x2E, 0x25, 0x2E, 0x25, 0x2E, 0x25,
    0x2E, 0x25, 0x2E, 0x25, 0x2E, 0x25, 0x2E, 0x25, 0x2E, 0x25, 0x2E, 0x25, 0x2E, 0x25, 0x2E, 0x25,
    0x2E, 0x25, 0x2E, 0x25, 0x2E, 0x25, 0x2E, 0x25, 0x2E, 0x25, 0x2E, 0x25, 0x2E, 0x25, 0x2E, 0x25,
    0x2E, 0x25, 0x2E, 0x25, 0x2E, 0x25, 0x2E, 0x25, 0x2E, 0x25, 0x2E, 0x25, 0x2E, 0x25, 0x2E, 0x25,
    0x2E, 0x25, 0x2E, 0x25, 0x2E, 0x25, 0x2E, 0x25, 0x8F, 0x25, 0x2E, 0x25, 0x00, 0x00, 0xEF, 0x3D,
    0xFF, 0x07, 0xE0, 0x07, 0xED, 0x24, 0x2E, 0x25, 0x4E, 0x25, 0x0E, 0x25, 0x2E, 0x25, 0x2E, 0x25,
    0x2E, 0x25, 0x2E, 0x25, 0x2E, 0x25, 0x2E, 0x25, 0x2E, 0x25, 0x2E, 0x25, 0x2E, 0x25, 0x2E, 0x25,
    0x2E, 0x25, 0x2E, 0x25, 0x2E, 0x25, 0x2E, 0x25, 0x2E, 0x25, 0x2E, 0x25, 0x2E, 0x25, 0x2E, 0x25,
    0x2E, 0x25, 0x2E, 0x25, 0x2E, 0x25, 0x2E, 0x25, 0x2E, 0x25, 0x2E, 0x25, 0x2E, 0x25, 0x2E, 0x25,
    0x2E, 0x25, 0x2E, 0x25, 0x2E, 0x25, 0x0E, 0x25, 0x6F, 0x25, 0x0E, 0x25, 0x00, 0x00, 0x4A, 0x05,
    0x00, 0x00, 0x4A, 0x05, 0x00, 0x00, 0x0E, 0x25, 0x8F, 0x25, 0x0E, 0x25, 0x0E, 0x25, 0x0E, 0x25,
    0x0E, 0x25, 0x0E, 0x25, 0x0E, 0x25, 0x0E, 0x25, 0x0E, 0x25, 0x0E, 0x25, 0x0E, 0x25, 0x0E, 0x25,
    0x0E, 0x25, 0x0E, 0x25, 0x0E, 0x25, 0x0E, 0x25, 0x0E, 0x25, 0x0E, 0x25, 0x0E, 0x25, 0x0E, 0x25,
    0x0E, 0x25, 0x0E, 0x25, 0x0E, 0x25, 0x0E, 0x25, 0x0E, 0x25, 0x0E, 0x25, 0x0E, 0x25, 0x0E, 0x25,
    0x0E, 0x25, 0x0E, 0x25, 0x0E, 0x25, 0x6F, 0x25, 0x0E, 0x25, 0x00, 0x00, 0x4A, 0x05, 0x00, 0x00,
    0x00, 0x00, 0x00, 0x00, 0xF5, 0x57, 0x00, 0x00, 0x0E, 0x25, 0x8F, 0x25, 0x0E, 0x25, 0x0E, 0x25,
    0x0E, 0x25, 0x0E, 0x25, 0x0E, 0x25, 0x0E, 0x25, 0x0E, 0x25, 0x0E, 0x25, 0x0E, 0x25, 0x0E, 0x25,
    0x0E, 0x25, 0x0E, 0x25, 0x0E, 0x25, 0x0E, 0x25, 0x0E, 0x25, 0x0E, 0x25, 0x0E, 0x25, 0x0E, 0x25,
    0x0E, 0x25, 0x0E, 0x25, 0x0E, 0x25, 0x0E, 0x25, 0x0E, 0x25, 0x0E, 0x25, 0x0E, 0x25, 0x0E, 0x25,
    0x0E, 0x25, 0x0E, 0x25, 0x6F, 0x25, 0x2E, 0x25, 0xCE, 0x1C, 0xEF, 0x03, 0xE0, 0x07, 0x00, 0x00,
    0x00, 0x00, 0x00, 0x00, 0xE0, 0x07, 0xFF, 0x07, 0x2D, 0x1D, 0x2E, 0x25, 0x6F, 0x25, 0x0E, 0x25,
    0x0E, 0x25, 0x0E, 0x25, 0x0E, 0x25, 0x0E, 0x25, 0x0E, 0x25, 0x0E, 0x25, 0x0E, 0x25, 0x0E, 0x25,
    0x0E, 0x25, 0x0E, 0x25, 0x0E, 0x25, 0x0E, 0x25, 0x0E, 0x25, 0x0E, 0x25, 0x0E, 0x25, 0x0E, 0x25,
    0x0E, 0x25, 0x0E, 0x25, 0x0E, 0x25, 0x0E, 0x25, 0x0E, 0x25, 0x0E, 0x25, 0x0E, 0x25, 0x0E, 0x25,
    0x0D, 0x25, 0x6F, 0x25, 0x2E, 0x25, 0xEE, 0x24, 0x00, 0x00, 0xEF, 0x07, 0x00, 0x00, 0x00, 0x00,
    0x00, 0x00, 0x00, 0x00, 0x00, 0x00, 0xE0, 0x07, 0x00, 0x00, 0x00, 0x00, 0x0E, 0x1D, 0x2E, 0x25,
    0x6F, 0x25, 0x2E, 0x25, 0x0E, 0x25, 0x0D, 0x25, 0x0D, 0x25, 0x0D, 0x25, 0x0D, 0x25, 0x0D, 0x25,
    0x0D, 0x25, 0x0D, 0x25, 0x0D, 0x25, 0x0D, 0x25, 0x0D, 0x25, 0x0D, 0x25, 0x0D, 0x25, 0x0D, 0x25,
    0x0D, 0x25, 0x0D, 0x25, 0x0D, 0x25, 0x0D, 0x25, 0x0D, 0x25, 0x0E, 0x25, 0x2E, 0x25, 0x4E, 0x25,
    0x4E, 0x25, 0x2E, 0x25, 0x8D, 0x1C, 0x00, 0x00, 0xEF, 0x07, 0x00, 0x00, 0x00, 0x00, 0x00, 0x00,
    0x00, 0x00, 0x00, 0x00, 0x00, 0x00, 0x00, 0x00, 0xFF, 0x07, 0xFF, 0x07, 0x00, 0x00, 0x0D, 0x25,
    0x2E, 0x25, 0x0E, 0x25, 0x0E, 0x25, 0x4E, 0x25, 0x2E, 0x25, 0x2E, 0x25, 0x2E, 0x25, 0x2E, 0x25,
    0x2E, 0x25, 0x2E, 0x25, 0x2E, 0x25, 0x2E, 0x25, 0x2E, 0x25, 0x2E, 0x25, 0x2E, 0x25, 0x2E, 0x25,
    0x2E, 0x25, 0x2E, 0x25, 0x2E, 0x25, 0x2E, 0x25, 0x4E, 0x25, 0x2E, 0x25, 0x0E, 0x1D, 0x2E, 0x25,
    0x0E, 0x25, 0x00, 0x00, 0x00, 0x00, 0xEF, 0x07, 0x00, 0x00, 0x00, 0x00, 0x00, 0x00, 0x00, 0x00,
    0x00, 0x00, 0x00, 0x00, 0x00, 0x00, 0x00, 0x00, 0x00, 0x00, 0x00, 0x00, 0x4A, 0x05, 0x00, 0x00,
    0x00, 0x00, 0x4A, 0x05, 0x2E, 0x1D, 0x2E, 0x1D, 0xCD, 0x1C, 0xED, 0x1C, 0xED, 0x1C, 0xED, 0x1C,
    0xED, 0x1C, 0xED, 0x1C, 0xED, 0x1C, 0xED, 0x1C, 0xED, 0x1C, 0xED, 0x1C, 0xED, 0x1C, 0xED, 0x1C,
    0xED, 0x1C, 0xED, 0x1C, 0xED, 0x1C, 0xED, 0x1C, 0x2E, 0x1D, 0x0E, 0x1D, 0x4E, 0x1D, 0x00, 0x00,
    0x00, 0x00, 0xEF, 0x03, 0xE0, 0x07, 0x00, 0x00, 0x00, 0x00, 0x00, 0x00, 0x00, 0x00, 0x00, 0x00,
    0x00, 0x00, 0x00, 0x00, 0x00, 0x00, 0x00, 0x00, 0x00, 0x00, 0x00, 0x00, 0x00, 0x00, 0xEF, 0x03,
    0xEF, 0x05, 0x00, 0x00, 0x00, 0x00, 0x00, 0x00, 0x00, 0x00, 0x00, 0x00, 0x00, 0x00, 0x00, 0x00,
    0x00, 0x00, 0x00, 0x00, 0x00, 0x00, 0x00, 0x00, 0x00, 0x00, 0x00, 0x00, 0x00, 0x00, 0x00, 0x00,
    0x00, 0x00, 0x00, 0x00, 0x00, 0x00, 0x00, 0x00, 0x00, 0x00, 0x00, 0x00, 0x00, 0x00, 0xEF, 0x03,
    0x4A, 0x05, 0x00, 0x00, 0x00, 0x00, 0x00, 0x00, 0x00, 0x00, 0x00, 0x00, 0x00, 0x00, 0x00, 0x00,
    0x00, 0x00, 0x00, 0x00, 0x00, 0x00, 0x00, 0x01, 0x03, 0x04, 0x00, 0x00, 0x00, 0x00, 0x00, 0x00,
    0x00, 0x00, 0x00, 0x00, 0x00, 0x00, 0x00, 0x00, 0x00, 0x00, 0x00, 0x00, 0x00, 0x00, 0x03, 0x04,
    0x01, 0x00, 0x00, 0x00, 0x00, 0x00, 0x00, 0x00, 0x00, 0x00, 0x00, 0x00, 0x00, 0x00, 0x03, 0x00,
    0x00, 0x00, 0x03, 0x10, 0x10, 0x10, 0x10, 0x10, 0x10, 0x10, 0x10, 0x10, 0x10, 0x10, 0x10, 0x10,
    0x10, 0x10, 0x10, 0x10, 0x10, 0x09, 0x00, 0x00, 0x00, 0x03, 0x00, 0x00, 0x00, 0x00, 0x00, 0x00,
    0x00, 0x00, 0x00, 0x00, 0x00, 0x04, 0x00, 0x06, 0x4F, 0x9F, 0xD6, 0xEF, 0xEF, 0xF0, 0xF0, 0xF0,
    0xF0, 0xF0, 0xF0, 0xF0, 0xF0, 0xF0, 0xF0, 0xF0, 0xF0, 0xF0, 0xF0, 0xEF, 0xEF, 0xE2, 0xAE, 0x61,
    0x16, 0x00, 0x02, 0x01, 0x00, 0x00, 0x00, 0x00, 0x00, 0x00, 0x00, 0x00, 0x01, 0x00, 0x47, 0xD4,
    0xFF, 0xFF, 0xFF, 0xFF, 0xFF, 0xFF, 0xFF, 0xFF, 0xFF, 0xFF, 0xFF, 0xFF, 0xFF, 0xFF, 0xFF, 0xFF,
    0xFF, 0xFF, 0xFF, 0xFF, 0xFF, 0xFF, 0xFF, 0xFF, 0xE9, 0x6D, 0x00, 0x00, 0x01, 0x00, 0x00, 0x00,
    0x00, 0x00, 0x00, 0x03, 0x01, 0x7F, 0xFF, 0xFF, 0xFC, 0xFB, 0xFD, 0xFE, 0xFE, 0xFE, 0xFE, 0xFE,
    0xFE, 0xFE, 0xFE, 0xFE, 0xFE, 0xFE, 0xFE, 0xFE, 0xFE, 0xFE, 0xFE, 0xFE, 0xFE, 0xFD, 0xFC, 0xFB,
    0xFF, 0xFF, 0xA9, 0x13, 0x01, 0x01, 0x00, 0x00, 0x00, 0x00, 0x04, 0x00, 0x80, 0xFF, 0xFC, 0xFD,
    0xFF, 0xFF, 0xFF, 0xFF, 0xFF, 0xFF, 0xFF, 0xFF, 0xFF, 0xFF, 0xFF, 0xFF, 0xFF, 0xFF, 0xFF, 0xFF,
    0xFF, 0xFF, 0xFF, 0xFF, 0xFF, 0xFF, 0xFF, 0xFF, 0xFE, 0xFA, 0xFF, 0xBB, 0x01, 0x03, 0x00, 0x00,
    0x00, 0x03, 0x00, 0x44, 0xFE, 0xFA, 0xFE, 0xFF, 0xFF, 0xFF, 0xFF, 0xFF, 0xFF, 0xFF, 0xFF, 0xFF,
    0xFF, 0xFF, 0xFF, 0xFF, 0xFF, 0xFF, 0xFF, 0xFF, 0xFF, 0xFF, 0xFF, 0xFF, 0xFF, 0xFF, 0xFF, 0xFF,
    0xFF, 0xFF, 0xF9, 0xFF, 0x7F, 0x00, 0x03, 0x00, 0x00, 0x01, 0x09, 0xD9, 0xFF, 0xFD, 0xFF, 0xFF,
    0xFF, 0xFF, 0xFF, 0xFF, 0xFF, 0xFF, 0xFF, 0xFF, 0xFF, 0xFF, 0xFF, 0xFF, 0xFF, 0xFF, 0xFF, 0xFF,
    0xFF, 0xFF, 0xFF, 0xFF, 0xFF, 0xFF, 0xFF, 0xFF, 0xFF, 0xFF, 0xFE, 0xFD, 0xFA, 0x2A, 0x00, 0x02,
    0x04, 0x00, 0x4C, 0xFF, 0xFC, 0xFF, 0xFF, 0xFF, 0xFF, 0xFF, 0xFF, 0xFF, 0xFF, 0xFF, 0xFF, 0xFF,
    0xFF, 0xFF, 0xFF, 0xFF, 0xFF, 0xFF, 0xFF, 0xFF, 0xFF, 0xFF, 0xFF, 0xFF, 0xFF, 0xFF, 0xFF, 0xFF,
    0xFF, 0xFF, 0xFF, 0xFB, 0xFF, 0x8C, 0x00, 0x05, 0x04, 0x00, 0x9F, 0xFE, 0xFB, 0xFF, 0xFF, 0xFF,
    0xFF, 0xFF, 0xFF, 0xFF, 0xFF, 0xFF, 0xFF, 0xFF, 0xFF, 0xFF, 0xFF, 0xFF, 0xFF, 0xFF, 0xFF, 0xFF,
    0xFF, 0xFF, 0xFF, 0xFF, 0xFF, 0xFF, 0xFF, 0xFF, 0xFF, 0xFF, 0xFF, 0xFD, 0xFF, 0xD9, 0x04, 0x01,
    0x01, 0x08, 0xDB, 0xFF, 0xFD, 0xFF, 0xFF, 0xFF, 0xFF, 0xFF, 0xFF, 0xFF, 0xFF, 0xFF, 0xFF, 0xFF,
    0xFF, 0xFF, 0xFF, 0xFF, 0xFF, 0xFF, 0xFF, 0xFF, 0xFF, 0xFF, 0xFF, 0xFF, 0xFF, 0xFF, 0xFF, 0xFF,
    0xFF, 0xFF, 0xFF, 0xFF, 0xFE, 0xFA, 0x29, 0x00, 0x00, 0x11, 0xF3, 0xFF, 0xFE, 0xFF, 0xFF, 0xFF,
    0xFF, 0xFF, 0xFF, 0xFF, 0xFF, 0xFF, 0xFF, 0xFF, 0xFF, 0xFF, 0xFF, 0xFF, 0xFF, 0xFF, 0xFF, 0xFF,
    0xFF, 0xFF, 0xFF, 0xFF, 0xFF, 0xFF, 0xFF, 0xFF, 0xFF, 0xFF, 0xFF, 0xFF, 0xFD, 0xFF, 0x43, 0x00,
    0x00, 0x10, 0xEF, 0xFF, 0xFE, 0xFF, 0xFF, 0xFF, 0xFF, 0xFF, 0xFF, 0xFF, 0xFF, 0xFF, 0xFF, 0xFF,
    0xFF, 0xFF, 0xFF, 0xFF, 0xFF, 0xFF, 0xFF, 0xFF, 0xFF, 0xFF, 0xFF, 0xFF, 0xFF, 0xFF, 0xFF, 0xFF,
    0xFF, 0xFF, 0xFF, 0xFF, 0xFD, 0xFF, 0x3F, 0x00, 0x00, 0x10, 0xF0, 0xFF, 0xFE, 0xFF, 0xFF, 0xFF,
    0xFF, 0xFF, 0xFF, 0xFF, 0xFF, 0xFF, 0xFF, 0xFF, 0xFF, 0xFF, 0xFF, 0xFF, 0xFF, 0xFF, 0xFF, 0xFF,
    0xFF, 0xFF, 0xFF, 0xFF, 0xFF, 0xFF, 0xFF, 0xFF, 0xFF, 0xFF, 0xFF, 0xFF, 0xFD, 0xFF, 0x40, 0x00,
    0x00, 0x10, 0xF0, 0xFF, 0xFE, 0xFF, 0xFF, 0xFF, 0xFF, 0xFF, 0xFF, 0xFF, 0xFF, 0xFF, 0xFF, 0xFF,
    0xFF, 0xFF, 0xFF, 0xFF, 0xFF, 0xFF, 0xFF, 0xFF, 0xFF, 0xFF, 0xFF, 0xFF, 0xFF, 0xFF, 0xFF, 0xFF,
    0xFF, 0xFF, 0xFF, 0xFF, 0xFD, 0xFF, 0x40, 0x00, 0x00, 0x10, 0xF0, 0xFF, 0xFE, 0xFF, 0xFF, 0xFF,
    0xFF, 0xFF, 0xFF, 0xFF, 0xFF, 0xFF, 0xFF, 0xFF, 0xFF, 0xFF, 0xFF, 0xFF, 0xFF, 0xFF, 0xFF, 0xFF,
    0xFF, 0xFF, 0xFF, 0xFF, 0xFF, 0xFF, 0xFF, 0xFF, 0xFF, 0xFF, 0xFF, 0xFF, 0xFD, 0xFF, 0x40, 0x00,
    0x00, 0x10, 0xF0, 0xFF, 0xFE, 0xFF, 0xFF, 0xFF, 0xFF, 0xFF, 0xFF, 0xFF, 0xFF, 0xFF, 0xFF, 0xFF,
    0xFF, 0xFF, 0xFF, 0xFF, 0xFF, 0xFF, 0xFF, 0xFF, 0xFF, 0xFF, 0xFF, 0xFF, 0xFF, 0xFF, 0xFF, 0xFF,
    0xFF, 0xFF, 0xFF, 0xFF, 0xFD, 0xFF, 0x40, 0x00, 0x00, 0x10, 0xF0, 0xFF, 0xFE, 0xFF, 0xFF, 0xFF,
    0xFF, 0xFF, 0xFF, 0xFF, 0xFF, 0xFF, 0xFF, 0xFF, 0xFF, 0xFF, 0xFF, 0xFF, 0xFF, 0xFF, 0xFF, 0xFF,
    0xFF, 0xFF, 0xFF, 0xFF, 0xFF, 0xFF, 0xFF, 0xFF, 0xFF, 0xFF, 0xFF, 0xFF, 0xFD, 0xFF, 0x40, 0x00,
    0x00, 0x10, 0xF0, 0xFF, 0xFE, 0xFF, 0xFF, 0xFF, 0xFF, 0xFF, 0xFF, 0xFF, 0xFF, 0xFF, 0xFF, 0xFF,
    0xFF, 0xFF, 0xFF, 0xFF, 0xFF, 0xFF, 0xFF, 0xFF, 0xFF, 0xFF, 0xFF, 0xFF, 0xFF, 0xFF, 0xFF, 0xFF,
    0xFF, 0xFF, 0xFF, 0xFF, 0xFD, 0xFF, 0x40, 0x00, 0x00, 0x10, 0xF0, 0xFF, 0xFE, 0xFF, 0xFF, 0xFF,
    0xFF, 0xFF, 0xFF, 0xFF, 0xFF, 0xFF, 0xFF, 0xFF, 0xFF, 0xFF, 0xFF, 0xFF, 0xFF, 0xFF, 0xFF, 0xFF,
    0xFF, 0xFF, 0xFF, 0xFF, 0xFF, 0xFF, 0xFF, 0xFF, 0xFF, 0xFF, 0xFF, 0xFF, 0xFD, 0xFF, 0x40, 0x00,
    0x00, 0x10, 0xF0, 0xFF, 0xFE, 0xFF, 0xFF, 0xFF, 0xFF, 0xFF, 0xFF, 0xFF, 0xFF, 0xFF, 0xFF, 0xFF,
    0xFF, 0xFF, 0xFF, 0xFF, 0xFF, 0xFF, 0xFF, 0xFF, 0xFF, 0xFF, 0xFF, 0xFF, 0xFF, 0xFF, 0xFF, 0xFF,
    0xFF, 0xFF, 0xFF, 0xFF, 0xFD, 0xFF, 0x40, 0x00, 0x00, 0x10, 0xF0, 0xFF, 0xFE, 0xFF, 0xFF, 0xFF,
    0xFF, 0xFF, 0xFF, 0xFF, 0xFF, 0xFF, 0xFF, 0xFF, 0xFF, 0xFF, 0xFF, 0xFF, 0xFF, 0xFF, 0xFF, 0xFF,
    0xFF, 0xFF, 0xFF, 0xFF, 0xFF, 0xFF, 0xFF, 0xFF, 0xFF, 0xFF, 0xFF, 0xFF, 0xFD, 0xFF, 0x40, 0x00,
    0x00, 0x10, 0xF0, 0xFF, 0xFE, 0xFF, 0xFF, 0xFF, 0xFF, 0xFF, 0xFF, 0xFF, 0xFF, 0xFF, 0xFF, 0xFF,
    0xFF, 0xFF, 0xFF, 0xFF, 0xFF, 0xFF, 0xFF, 0xFF, 0xFF, 0xFF, 0xFF, 0xFF, 0xFF, 0xFF, 0xFF, 0xFF,
    0xFF, 0xFF, 0xFF, 0xFF, 0xFD, 0xFF, 0x40, 0x00, 0x00, 0x10, 0xF0, 0xFF, 0xFE, 0xFF, 0xFF, 0xFF,
    0xFF, 0xFF, 0xFF, 0xFF, 0xFF, 0xFF, 0xFF, 0xFF, 0xFF, 0xFF, 0xFF, 0xFF, 0xFF, 0xFF, 0xFF, 0xFF,
    0xFF, 0xFF, 0xFF, 0xFF, 0xFF, 0xFF, 0xFF, 0xFF, 0xFF, 0xFF, 0xFF, 0xFF, 0xFD, 0xFF, 0x40, 0x00,
    0x00, 0x10, 0xF0, 0xFF, 0xFE, 0xFF, 0xFF, 0xFF, 0xFF, 0xFF, 0xFF, 0xFF, 0xFF, 0xFF, 0xFF, 0xFF,
    0xFF, 0xFF, 0xFF, 0xFF, 0xFF, 0xFF, 0xFF, 0xFF, 0xFF, 0xFF, 0xFF, 0xFF, 0xFF, 0xFF, 0xFF, 0xFF,
    0xFF, 0xFF, 0xFF, 0xFF, 0xFD, 0xFF, 0x40, 0x00, 0x00, 0x10, 0xF0, 0xFF, 0xFE, 0xFF, 0xFF, 0xFF,
    0xFF, 0xFF, 0xFF, 0xFF, 0xFF, 0xFF, 0xFF, 0xFF, 0xFF, 0xFF, 0xFF, 0xFF, 0xFF, 0xFF, 0xFF, 0xFF,
    0xFF, 0xFF, 0xFF, 0xFF, 0xFF, 0xFF, 0xFF, 0xFF, 0xFF, 0xFF, 0xFF, 0xFF, 0xFD, 0xFF, 0x40, 0x00,
    0x00, 0x10, 0xF0, 0xFF, 0xFE, 0xFF, 0xFF, 0xFF, 0xFF, 0xFF, 0xFF, 0xFF, 0xFF, 0xFF, 0xFF, 0xFF,
    0xFF, 0xFF, 0xFF, 0xFF, 0xFF, 0xFF, 0xFF, 0xFF, 0xFF, 0xFF, 0xFF, 0xFF, 0xFF, 0xFF, 0xFF, 0xFF,
    0xFF, 0xFF, 0xFF, 0xFF, 0xFD, 0xFF, 0x40, 0x00, 0x00, 0x10, 0xEF, 0xFF, 0xFE, 0xFF, 0xFF, 0xFF,
    0xFF, 0xFF, 0xFF, 0xFF, 0xFF, 0xFF, 0xFF, 0xFF, 0xFF, 0xFF, 0xFF, 0xFF, 0xFF, 0xFF, 0xFF, 0xFF,
    0xFF, 0xFF, 0xFF, 0xFF, 0xFF, 0xFF, 0xFF, 0xFF, 0xFF, 0xFF, 0xFF, 0xFF, 0xFD, 0xFF, 0x3F, 0x00,
    0x00, 0x11, 0xF2, 0xFF, 0xFE, 0xFF, 0xFF, 0xFF, 0xFF, 0xFF, 0xFF, 0xFF, 0xFF, 0xFF, 0xFF, 0xFF,
    0xFF, 0xFF, 0xFF, 0xFF, 0xFF, 0xFF, 0xFF, 0xFF, 0xFF, 0xFF, 0xFF, 0xFF, 0xFF, 0xFF, 0xFF, 0xFF,
    0xFF, 0xFF, 0xFF, 0xFF, 0xFD, 0xFF, 0x42, 0x00, 0x01, 0x0C, 0xE5, 0xFF, 0xFE, 0xFF, 0xFF, 0xFF,
    0xFF, 0xFF, 0xFF, 0xFF, 0xFF, 0xFF, 0xFF, 0xFF, 0xFF, 0xFF, 0xFF, 0xFF, 0xFF, 0xFF, 0xFF, 0xFF,
    0xFF, 0xFF, 0xFF, 0xFF, 0xFF, 0xFF, 0xFF, 0xFF, 0xFF, 0xFF, 0xFF, 0xFF, 0xFE, 0xFD, 0x35, 0x00,
    0x04, 0x00, 0xB0, 0xFE, 0xFC, 0xFF, 0xFF, 0xFF, 0xFF, 0xFF, 0xFF, 0xFF, 0xFF, 0xFF, 0xFF, 0xFF,
    0xFF, 0xFF, 0xFF, 0xFF, 0xFF, 0xFF, 0xFF, 0xFF, 0xFF, 0xFF, 0xFF, 0xFF, 0xFF, 0xFF, 0xFF, 0xFF,
    0xFF, 0xFF, 0xFF, 0xFE, 0xFF, 0xE6, 0x0A, 0x01, 0x04, 0x00, 0x62, 0xFF, 0xFC, 0xFF, 0xFF, 0xFF,
    0xFF, 0xFF, 0xFF, 0xFF, 0xFF, 0xFF, 0xFF, 0xFF, 0xFF, 0xFF, 0xFF, 0xFF, 0xFF, 0xFF, 0xFF, 0xFF,
    0xFF, 0xFF, 0xFF, 0xFF, 0xFF, 0xFF, 0xFF, 0xFF, 0xFF, 0xFF, 0xFF, 0xFB, 0xFE, 0xA2, 0x00, 0x04,
    0x01, 0x01, 0x15, 0xEE, 0xFD, 0xFE, 0xFF, 0xFF, 0xFF, 0xFF, 0xFF, 0xFF, 0xFF, 0xFF, 0xFF, 0xFF,
    0xFF, 0xFF, 0xFF, 0xFF, 0xFF, 0xFF, 0xFF, 0xFF, 0xFF, 0xFF, 0xFF, 0xFF, 0xFF, 0xFF, 0xFF, 0xFF,
    0xFF, 0xFF, 0xFF, 0xFC, 0xFF, 0x42, 0x00, 0x03, 0x00, 0x03, 0x00, 0x6B, 0xFF, 0xFA, 0xFF, 0xFF,
    0xFF, 0xFF, 0xFF, 0xFF, 0xFF, 0xFF, 0xFF, 0xFF, 0xFF, 0xFF, 0xFF, 0xFF, 0xFF, 0xFF, 0xFF, 0xFF,
    0xFF, 0xFF, 0xFF, 0xFF, 0xFF, 0xFF, 0xFF, 0xFF, 0xFF, 0xFF, 0xFA, 0xFF, 0xAA, 0x00, 0x03, 0x00,
    0x00, 0x00, 0x03, 0x00, 0xAC, 0xFF, 0xF9, 0xFE, 0xFF, 0xFF, 0xFF, 0xFF, 0xFF, 0xFF, 0xFF, 0xFF,
    0xFF, 0xFF, 0xFF, 0xFF, 0xFF, 0xFF, 0xFF, 0xFF, 0xFF, 0xFF, 0xFF, 0xFF, 0xFF, 0xFF, 0xFF, 0xFF,
    0xFF, 0xFA, 0xFF, 0xDE, 0x12, 0x02, 0x01, 0x00, 0x00, 0x00, 0x01, 0x01, 0x11, 0xB8, 0xFF, 0xFF,
    0xFB, 0xFD, 0xFE, 0xFF, 0xFF, 0xFF, 0xFF, 0xFF, 0xFF, 0xFF, 0xFF, 0xFF, 0xFF, 0xFF, 0xFF, 0xFF,
    0xFF, 0xFF, 0xFF, 0xFF, 0xFF, 0xFF, 0xFD, 0xFB, 0xFD, 0xFF, 0xDA, 0x34, 0x00, 0x02, 0x00, 0x00,
    0x00, 0x00, 0x00, 0x01, 0x00, 0x00, 0x80, 0xF9, 0xFF, 0xFF, 0xFF, 0xFD, 0xFD, 0xFD, 0xFD, 0xFD,
    0xFD, 0xFD, 0xFD, 0xFD, 0xFD, 0xFD, 0xFD, 0xFD, 0xFD, 0xFD, 0xFD, 0xFD, 0xFD, 0xFE, 0xFF, 0xFF,
    0xFF, 0xA7, 0x13, 0x00, 0x02, 0x00, 0x00, 0x00, 0x00, 0x00, 0x00, 0x00, 0x01, 0x01, 0x00, 0x2C,
    0x8C, 0xD6, 0xFD, 0xFF, 0xFF, 0xFF, 0xFF, 0xFF, 0xFF, 0xFF, 0xFF, 0xFF, 0xFF, 0xFF, 0xFF, 0xFF,
    0xFF, 0xFF, 0xFF, 0xFF, 0xFF, 0xFF, 0xE2, 0x9F, 0x46, 0x00, 0x00, 0x02, 0x00, 0x00, 0x00, 0x00,
    0x00, 0x00, 0x00, 0x00, 0x00, 0x00, 0x03, 0x00, 0x00, 0x03, 0x28, 0x40, 0x40, 0x40, 0x40, 0x40,
    0x40, 0x40, 0x40, 0x40, 0x40, 0x40, 0x40, 0x40, 0x40, 0x40, 0x40, 0x40, 0x40, 0x34, 0x09, 0x00,
    0x00, 0x02, 0x01, 0x00, 0x00, 0x00, 0x00, 0x00, 0x00, 0x00, 0x00, 0x00, 0x00, 0x00, 0x00, 0x02,
    0x04, 0x00, 0x00, 0x00, 0x00, 0x00, 0x00, 0x00, 0x00, 0x00, 0x00, 0x00, 0x00, 0x00, 0x00, 0x00,
    0x00, 0x00, 0x00, 0x00, 0x00, 0x00, 0x00, 0x04, 0x03, 0x00, 0x00, 0x00, 0x00, 0x00, 0x00, 0x00,
};

const lv_image_dsc_t icon_home_perf = {
    .header.magic = LV_IMAGE_HEADER_MAGIC,
    .header.cf = LV_COLOR_FORMAT_RGB565A8,
    .header.w = 40,
    .header.h = 40,
    .data_size = 4800,
    .data = icon_home_perf_map,
};

const LV_ATTRIBUTE_MEM_ALIGN uint8_t icon_home_log_map[] = {
    0x00, 0x00, 0x00, 0x00, 0x00, 0x00, 0x00, 0x00, 0x00, 0x00, 0x00, 0x00, 0x00, 0x00, 0x00, 0x00,
    0x55, 0xAD, 0xEF, 0x7B, 0x00, 0x00, 0x00, 0x00, 0x00, 0x00, 0x00, 0x00, 0x00, 0x00, 0x00, 0x00,
    0x00, 0x00, 0x00, 0x00, 0x00, 0x00, 0x00, 0x00, 0x00, 0x00, 0x00, 0x00, 0x00, 0x00, 0x00, 0x00,
    0x00, 0x00, 0x00, 0x00, 0x00, 0x00, 0x00, 0x00, 0x00, 0x00, 0x00, 0x00, 0x55, 0xAD, 0xF7, 0x7B,
    0xFF, 0xFF, 0x00, 0x00, 0x00, 0x00, 0x00, 0x00, 0x00, 0x00, 0x00, 0x00, 0x00, 0x00, 0x00, 0x00,
    0x00, 0x00, 0x00, 0x00, 0x00, 0x00, 0x00, 0x00, 0x00, 0x00, 0x00, 0x00, 0x55, 0x55, 0x00, 0x00,
    0x00, 0x00, 0x00, 0x00, 0x55, 0xAD, 0x77, 0x9D, 0x73, 0x8C, 0xF5, 0x8C, 0xF5, 0x8C, 0xF5, 0x8C,
    0xF5, 0x8C, 0xF5, 0x8C, 0xF5, 0x8C, 0xF5, 0x8C, 0xF5, 0x8C, 0xF5, 0x8C, 0xF5, 0x8C, 0xF5, 0x8C,
    0xF5, 0x8C, 0xF5, 0x8C, 0xF5, 0x8C, 0x73, 0x8C, 0x77, 0x9D, 0x55, 0x8D, 0x00, 0x00, 0x00, 0x00,
    0x00, 0x00, 0x55, 0xAD, 0x00, 0x00, 0x00, 0x00, 0x00, 0x00, 0x00, 0x00, 0x00, 0x00, 0x00, 0x00,
    0x00, 0x00, 0x00, 0x00, 0x00, 0x00, 0x00, 0x00, 0x00, 0x00, 0xEF, 0x7B, 0x00, 0x00, 0xF5, 0x7B,
    0xF5, 0x8C, 0xD5, 0x8C, 0xD5, 0x8C, 0xD4, 0x8C, 0xB4, 0x8C, 0xB4, 0x8C, 0xB4, 0x8C, 0xB4, 0x8C,
    0xB4, 0x8C, 0xB4, 0x8C, 0xB4, 0x8C, 0xB4, 0x8C, 0xB4, 0x8C, 0xB4, 0x8C, 0xB4, 0x8C, 0xB4, 0x8C,
    0xB4, 0x8C, 0xB4, 0x8C, 0xB4, 0x8C, 0xB4, 0x8C, 0xD4, 0x8C, 0xD4, 0x8C, 0xD5, 0x8C, 0xF5, 0x94,
    0xB5, 0x8C, 0x00, 0x00, 0xEF, 0x7B, 0xFF, 0xFF, 0x00, 0x00, 0x00, 0x00, 0x00, 0x00, 0x00, 0x00,
    0x00, 0x00, 0x00, 0x00, 0x00, 0x00, 0x00, 0x00, 0xFF, 0xFF, 0x00, 0x00, 0xB4, 0x8C, 0xD5, 0x8C,
    0xF5, 0x94, 0x15, 0x95, 0xD5, 0x8C, 0xD4, 0x8C, 0xD4, 0x8C, 0xD4, 0x8C, 0xD4, 0x8C, 0xD4, 0x8C,
    0xD4, 0x8C, 0xD4, 0x8C, 0xD4, 0x8C, 0xD4, 0x8C, 0xD4, 0x8C, 0xD4, 0x8C, 0xD4, 0x8C, 0xD4, 0x8C,
    0xD4, 0x8C, 0xD4, 0x8C, 0xD4, 0x8C, 0xD4, 0x8C, 0xD4, 0x8C, 0xD5, 0x8C, 0xF5, 0x94, 0x16, 0x95,
    0xD5, 0x8C, 0xD5, 0x8C, 0x00, 0x00, 0x00, 0x00, 0xFF, 0xFF, 0x00, 0x00, 0x00, 0x00, 0x00, 0x00,
    0x00, 0x00, 0x00, 0x00, 0x00, 0x00, 0x55, 0xAD, 0xFF, 0xFF, 0xB4, 0x8C, 0xD5, 0x8C, 0xD5, 0x8C,
    0xB4, 0x8C, 0xB4, 0x8C, 0xB4, 0x8C, 0xB4, 0x8C, 0xB4, 0x8C, 0xB4, 0x8C, 0xB4, 0x8C, 0xB4, 0x8C,
    0xB4, 0x8C, 0xB4, 0x8C, 0xB4, 0x8C, 0xB4, 0x8C, 0xB4, 0x8C, 0xB4, 0x8C, 0xB4, 0x8C, 0xB4, 0x8C,
    0xB4, 0x8C, 0xB4, 0x8C, 0xB4, 0x8C, 0xB4, 0x8C, 0xB4, 0x8C, 0xB4, 0x8C, 0xB4, 0x8C, 0xB4, 0x8C,
    0xD4, 0x8C, 0x16, 0x95, 0xD4, 0x8C, 0x94, 0x84, 0xFF, 0xFF, 0xFF, 0xFF, 0x00, 0x00, 0x00, 0x00,
    0x00, 0x00, 0x00, 0x00, 0xF7, 0x7B, 0x00, 0x00, 0x94, 0x84, 0x36, 0x95, 0x94, 0x84, 0xB4, 0x84,
    0xB4, 0x8C, 0xB4, 0x8C, 0xB4, 0x8C, 0xB4, 0x8C, 0xB4, 0x8C, 0xB4, 0x8C, 0xB4, 0x8C, 0xB4, 0x8C,
    0xB4, 0x8C, 0xB4, 0x8C, 0xB4, 0x8C, 0xB4, 0x8C, 0xB4, 0x8C, 0xB4, 0x8C, 0xB4, 0x8C, 0xB4, 0x8C,
    0xB4, 0x8C, 0xB4, 0x8C, 0xB4, 0x8C, 0xB4, 0x8C, 0xB4, 0x8C, 0xB4, 0x8C, 0xB4, 0x8C, 0xB4, 0x8C,
    0x94, 0x84, 0x94, 0x84, 0x16, 0x95, 0xB4, 0x8C, 0xE0, 0x07, 0x55, 0xAD, 0x00, 0x00, 0x00, 0x00,
    0x00, 0x00, 0x55, 0xAD, 0x00, 0x00, 0x94, 0x84, 0xD5, 0x8C, 0xB4, 0x84, 0x94, 0x84, 0xB4, 0x84,
    0xB4, 0x84, 0xB4, 0x84, 0x94, 0x84, 0xB4, 0x84, 0xB4, 0x8C, 0xB4, 0x8C, 0xB4, 0x8C, 0xB4, 0x8C,
    0xB4, 0x8C, 0xB4, 0x8C, 0xB4, 0x8C, 0xB4, 0x8C, 0xB4, 0x8C, 0xB4, 0x8C, 0xB4, 0x8C, 0xB4, 0x8C,
    0xB4, 0x8C, 0xB4, 0x8C, 0xB4, 0x8C, 0xB4, 0x8C, 0xB4, 0x84, 0x94, 0x84, 0xB4, 0x84, 0xB4, 0x84,
    0xB4, 0x84, 0xB4, 0x84, 0x94, 0x84, 0xF5, 0x94, 0x94, 0x84, 0x00, 0x00, 0x55, 0xAD, 0x00, 0x00,
    0x00, 0x00, 0xFF, 0xFF, 0x75, 0x8C, 0x94, 0x84, 0xD4, 0x8C, 0x94, 0x84, 0x94, 0x84, 0x94, 0x84,
    0x94, 0x84, 0x94, 0x84, 0x94, 0x84, 0x94, 0x84, 0x93, 0x84, 0x93, 0x84, 0x93, 0x84, 0x93, 0x84,
    0x93, 0x84, 0x93, 0x84, 0x93, 0x84, 0x93, 0x84, 0x93, 0x84, 0x93, 0x84, 0x93, 0x84, 0x93, 0x84,
    0x93, 0x84, 0x93, 0x84, 0x93, 0x84, 0x93, 0x84, 0x94, 0x84, 0xB4, 0x84, 0x94, 0x84, 0x94, 0x84,
    0x94, 0x84, 0x94, 0x84, 0x94, 0x84, 0xB4, 0x84, 0xB4, 0x8C, 0x93, 0x84, 0x00, 0x00, 0xFF, 0x7F,
    0xEF, 0x7B, 0x00, 0x00, 0x93, 0x84, 0xD5, 0x8C, 0x93, 0x84, 0x94, 0x84, 0x94, 0x84, 0x94, 0x84,
    0x94, 0x84, 0x94, 0x84, 0x73, 0x84, 0x73, 0x84, 0xD4, 0x8C, 0xD4, 0x8C, 0xD4, 0x8C, 0xD4, 0x8C,
    0xD4, 0x8C, 0xD4, 0x8C, 0xD4, 0x8C, 0xD4, 0x8C, 0xD4, 0x8C, 0xD4, 0x8C, 0xD4, 0x8C, 0xD4, 0x8C,
    0xD4, 0x8C, 0xD4, 0x8C, 0xD4, 0x8C, 0xD4, 0x8C, 0x94, 0x84, 0x73, 0x84, 0x94, 0x84, 0x94, 0x84,
    0x94, 0x84, 0x94, 0x84, 0x94, 0x84, 0x93, 0x84, 0xF5, 0x8C, 0x94, 0x84, 0x00, 0x00, 0xD3, 0x64,
    0xF7, 0x7B, 0x00, 0x00, 0x93, 0x84, 0xD5, 0x8C, 0x93, 0x84, 0x93, 0x84, 0x93, 0x84, 0x93, 0x84,
    0x94, 0x84, 0x73, 0x84, 0xB4, 0x8C, 0x1C, 0xDF, 0xBF, 0xF7, 0xBE, 0xF7, 0xBF, 0xF7, 0xBF, 0xF7,
    0xBF, 0xF7, 0xBF, 0xF7, 0xBF, 0xF7, 0xBF, 0xF7, 0xBF, 0xF7, 0xBF, 0xF7, 0xBF, 0xF7, 0xBF, 0xF7,
    0xBF, 0xF7, 0xBF, 0xF7, 0xBF, 0xF7, 0xBE, 0xF7, 0x7D, 0xEF, 0x36, 0x9D, 0x53, 0x7C, 0x94, 0x84,
    0x93, 0x84, 0x93, 0x84, 0x93, 0x84, 0x93, 0x84, 0xB4, 0x8C, 0x73, 0x84, 0xF7, 0x7B, 0x1F, 0x00,
    0x1F, 0x00, 0xF3, 0x7C, 0x73, 0x84, 0xB4, 0x84, 0x73, 0x84, 0x73, 0x84, 0x73, 0x84, 0x73, 0x84,
    0x93, 0x84, 0x73, 0x84, 0x1C, 0xDF, 0xFF, 0xFF, 0xFF, 0xFF, 0xFF, 0xFF, 0xFF, 0xFF, 0xFF, 0xFF,
    0xFF, 0xFF, 0xFF, 0xFF, 0xFF, 0xFF, 0xFF, 0xFF, 0xFF, 0xFF, 0xFF, 0xFF, 0xFF, 0xFF, 0xFF, 0xFF,
    0xFF, 0xFF, 0xFF, 0xFF, 0xFF, 0xFF, 0xFF, 0xFF, 0xFF, 0xFF, 0xBE, 0xF7, 0xD4, 0x8C, 0x73, 0x84,
    0x93, 0x84, 0x73, 0x84, 0x73, 0x84, 0x73, 0x84, 0x93, 0x84, 0x94, 0x84, 0x74, 0x84, 0x00, 0x00,
    0x00, 0x00, 0xB4, 0x84, 0x73, 0x84, 0x94, 0x84, 0x73, 0x84, 0x73, 0x84, 0x73, 0x84, 0x73, 0x84,
    0x73, 0x84, 0xB4, 0x8C, 0xDF, 0xFF, 0xFF, 0xFF, 0x19, 0xBE, 0x56, 0x9D, 0x77, 0xA5, 0x56, 0xA5,
    0x56, 0xA5, 0x56, 0xA5, 0x56, 0xA5, 0x56, 0xA5, 0x56, 0xA5, 0x56, 0xA5, 0x56, 0xA5, 0x56, 0xA5,
    0x56, 0xA5, 0x56, 0xA5, 0x56, 0xA5, 0x97, 0xA5, 0xDF, 0xF7, 0xFF, 0xFF, 0x77, 0xA5, 0x53, 0x7C,
    0x93, 0x84, 0x73, 0x84, 0x73, 0x84, 0x73, 0x84, 0x73, 0x84, 0xB4, 0x8C, 0x93, 0x84, 0x00, 0x00,
    0x00, 0x00, 0x73, 0x7C, 0x73, 0x84, 0x93, 0x84, 0x73, 0x84, 0x73, 0x84, 0x73, 0x84, 0x73, 0x84,
    0x73, 0x7C, 0xB4, 0x8C, 0xBE, 0xF7, 0xFF, 0xFF, 0x36, 0x9D, 0xD1, 0x6B, 0x12, 0x74, 0x52, 0x7C,
    0x52, 0x7C, 0x53, 0x7C, 0x53, 0x7C, 0x53, 0x7C, 0x53, 0x7C, 0x53, 0x7C, 0x53, 0x7C, 0x53, 0x7C,
    0x53, 0x7C, 0x53, 0x7C, 0x32, 0x7C, 0x73, 0x84, 0xBF, 0xF7, 0xFF, 0xFF, 0x56, 0xA5, 0x52, 0x7C,
    0x73, 0x84, 0x73, 0x84, 0x73, 0x84, 0x73, 0x84, 0x73, 0x84, 0xB4, 0x84, 0x93, 0x84, 0x00, 0x00,
    0x00, 0x00, 0x73, 0x7C, 0x73, 0x7C, 0x73, 0x84, 0x73, 0x7C, 0x73, 0x84, 0x73, 0x84, 0x73, 0x84,
    0x53, 0x7C, 0xB4, 0x8C, 0xBF, 0xF7, 0xFF, 0xFF, 0x56, 0x9D, 0xB7, 0xAD, 0xF8, 0xB5, 0x73, 0x7C,
    0x73, 0x84, 0x73, 0x7C, 0x53, 0x7C, 0x53, 0x7C, 0x53, 0x7C, 0x53, 0x7C, 0x53, 0x7C, 0x53, 0x7C,
    0x53, 0x7C, 0x53, 0x7C, 0x53, 0x7C, 0xB4, 0x8C, 0xBF, 0xF7, 0xFF, 0xFF, 0x56, 0xA5, 0x32, 0x7C,
    0x73, 0x84, 0x73, 0x84, 0x73, 0x84, 0x73, 0x84, 0x73, 0x84, 0xB4, 0x84, 0x73, 0x7C, 0x00, 0x00,
    0x00, 0x00, 0x73, 0x7C, 0x73, 0x7C, 0x73, 0x84, 0x53, 0x7C, 0x73, 0x7C, 0x73, 0x7C, 0x73, 0x84,
    0x53, 0x7C, 0x94, 0x84, 0xDF, 0xFF, 0xFF, 0xFF, 0xBB, 0xD6, 0xFF, 0xFF, 0xFF, 0xFF, 0xD8, 0xB5,
    0xF1, 0x73, 0xD8, 0xB5, 0x1C, 0xDF, 0xFC, 0xDE, 0x1C, 0xDF, 0x1C, 0xDF, 0x1C, 0xDF, 0x1C, 0xDF,
    0x1C, 0xDF, 0x1C, 0xDF, 0x15, 0x95, 0x73, 0x84, 0xBF, 0xF7, 0xFF, 0xFF, 0x56, 0x9D, 0x32, 0x7C,
    0x73, 0x84, 0x73, 0x7C, 0x73, 0x7C, 0x73, 0x7C, 0x73, 0x7C, 0x94, 0x84, 0x53, 0x7C, 0x00, 0x00,
    0x00, 0x00, 0x73, 0x7C, 0x53, 0x7C, 0x73, 0x84, 0x53, 0x7C, 0x53, 0x7C, 0x53, 0x7C, 0x73, 0x7C,
    0x52, 0x7C, 0x94, 0x84, 0xDF, 0xFF, 0xFF, 0xFF, 0xBB, 0xD6, 0xFF, 0xFF, 0xFF, 0xFF, 0xD8, 0xB5,
    0xD1, 0x6B, 0x7A, 0xC6, 0xFF, 0xFF, 0xFF, 0xFF, 0xFF, 0xFF, 0xFF, 0xFF, 0xFF, 0xFF, 0xFF, 0xFF,
    0xFF, 0xFF, 0xFF, 0xFF, 0x56, 0xA5, 0x53, 0x7C, 0xDF, 0xF7, 0xFF, 0xFF, 0x56, 0x9D, 0x32, 0x74,
    0x73, 0x84, 0x53, 0x7C, 0x53, 0x7C, 0x53, 0x7C, 0x53, 0x7C, 0x94, 0x84, 0x53, 0x7C, 0x00, 0x00,
    0x00, 0x00, 0x73, 0x7C, 0x53, 0x7C, 0x73, 0x7C, 0x53, 0x7C, 0x53, 0x7C, 0x53, 0x7C, 0x53, 0x7C,
    0x52, 0x7C, 0x94, 0x84, 0xBE, 0xF7, 0xFF, 0xFF, 0x36, 0x9D, 0x97, 0xAD, 0xD8, 0xB5, 0x53, 0x7C,
    0x32, 0x7C, 0xD4, 0x8C, 0x36, 0x9D, 0x36, 0x9D, 0x36, 0x9D, 0x36, 0x9D, 0x36, 0x9D, 0x36, 0x9D,
    0x36, 0x9D, 0x36, 0x9D, 0x73, 0x84, 0x93, 0x84, 0xBF, 0xF7, 0xFF, 0xFF, 0x36, 0x9D, 0x32, 0x74,
    0x53, 0x7C, 0x53, 0x7C, 0x53, 0x7C, 0x53, 0x7C, 0x53, 0x7C, 0x94, 0x84, 0x53, 0x7C, 0x00, 0x00,
    0x00, 0x00, 0x73, 0x7C, 0x52, 0x7C, 0x53, 0x7C, 0x52, 0x7C, 0x53, 0x7C, 0x53, 0x7C, 0x53, 0x7C,
    0x32, 0x7C, 0x93, 0x84, 0xBE, 0xF7, 0xFF, 0xFF, 0x36, 0x9D, 0xB0, 0x63, 0xD1, 0x6B, 0x53, 0x7C,
    0x53, 0x7C, 0x32, 0x7C, 0x32, 0x74, 0x32, 0x74, 0x32, 0x74, 0x32, 0x74, 0x32, 0x74, 0x32, 0x74,
    0x32, 0x74, 0x32, 0x74, 0x32, 0x7C, 0x93, 0x84, 0xBE, 0xF7, 0xFF, 0xFF, 0x36, 0x9D, 0x12, 0x74,
    0x53, 0x7C, 0x53, 0x7C, 0x53, 0x7C, 0x53, 0x7C, 0x53, 0x7C, 0x93, 0x84, 0x52, 0x7C, 0x00, 0x00,
    0x00, 0x00, 0x73, 0x7C, 0x52, 0x7C, 0x53, 0x7C, 0x32, 0x7C, 0x52, 0x7C, 0x52, 0x7C, 0x52, 0x7C,
    0x32, 0x7C, 0x93, 0x84, 0xBE, 0xF7, 0xFF, 0xFF, 0x35, 0x9D, 0x97, 0xAD, 0xD8, 0xB5, 0x32, 0x7C,
    0x52, 0x7C, 0x32, 0x7C, 0x32, 0x74, 0x32, 0x74, 0x32, 0x74, 0x32, 0x74, 0x32, 0x74, 0x32, 0x74,
    0x32, 0x74, 0x32, 0x7C, 0x32, 0x7C, 0x93, 0x84, 0xBE, 0xF7, 0xFF, 0xFF, 0x36, 0x9D, 0x12, 0x74,
    0x53, 0x7C, 0x52, 0x7C, 0x52, 0x7C, 0x52, 0x7C, 0x52, 0x7C, 0x73, 0x84, 0x32, 0x7C, 0x00, 0x00,
    0x00, 0x00, 0x73, 0x7C, 0x32, 0x7C, 0x53, 0x7C, 0x32, 0x7C, 0x32, 0x7C, 0x32, 0x7C, 0x52, 0x7C,
    0x32, 0x7C, 0x73, 0x84, 0xDF, 0xF7, 0xFF, 0xFF, 0xBB, 0xCE, 0xFF, 0xFF, 0xFF, 0xFF, 0xB8, 0xAD,
    0xD1, 0x6B, 0xB7, 0xAD, 0xFC, 0xDE, 0xFC, 0xDE, 0xFC, 0xDE, 0xFC, 0xDE, 0xFC, 0xDE, 0xFC, 0xDE,
    0xFC, 0xDE, 0xFC, 0xDE, 0xF5, 0x94, 0x53, 0x7C, 0xBF, 0xF7, 0xFF, 0xFF, 0x36, 0x9D, 0x12, 0x74,
    0x52, 0x7C, 0x32, 0x7C, 0x32, 0x7C, 0x32, 0x7C, 0x32, 0x7C, 0x73, 0x84, 0x32, 0x7C, 0x00, 0x00,
    0x00, 0x00, 0x71, 0x7C, 0x32, 0x7C, 0x53, 0x7C, 0x32, 0x7C, 0x32, 0x7C, 0x32, 0x7C, 0x32, 0x7C,
    0x32, 0x74, 0x73, 0x84, 0xBF, 0xF7, 0xFF, 0xFF, 0x9B, 0xCE, 0xFF, 0xFF, 0xFF, 0xFF, 0xB8, 0xAD,
    0xB0, 0x63, 0x5A, 0xC6, 0xFF, 0xFF, 0xFF, 0xFF, 0xFF, 0xFF, 0xFF, 0xFF, 0xFF, 0xFF, 0xFF, 0xFF,
    0xFF, 0xFF, 0xFF, 0xFF, 0x36, 0x9D, 0x32, 0x7C, 0xBF, 0xF7, 0xFF, 0xFF, 0x36, 0x9D, 0xF1, 0x73,
    0x32, 0x7C, 0x32, 0x7C, 0x32, 0x7C, 0x32, 0x7C, 0x32, 0x7C, 0x73, 0x7C, 0x32, 0x74, 0x00, 0x00,
    0x00, 0x00, 0xF1, 0x7B, 0x32, 0x7C, 0x32, 0x7C, 0x32, 0x74, 0x32, 0x7C, 0x32, 0x7C, 0x32, 0x7C,
    0x12, 0x74, 0x73, 0x84, 0xBE, 0xF7, 0xFF, 0xFF, 0x15, 0x9D, 0x77, 0xA5, 0xB8, 0xB5, 0x12, 0x74,
    0x12, 0x74, 0xB4, 0x8C, 0x15, 0x9D, 0x15, 0x9D, 0x15, 0x9D, 0x15, 0x9D, 0x15, 0x9D, 0x15, 0x9D,
    0x15, 0x9D, 0x35, 0x9D, 0x53, 0x7C, 0x53, 0x7C, 0xBE, 0xF7, 0xFF, 0xFF, 0x35, 0x9D, 0xF1, 0x73,
    0x32, 0x7C, 0x32, 0x7C, 0x32, 0x7C, 0x32, 0x7C, 0x32, 0x74, 0x73, 0x7C, 0x32, 0x74, 0x00, 0x00,
    0x00, 0x00, 0xF1, 0x7B, 0x12, 0x74, 0x32, 0x7C, 0x12, 0x74, 0x32, 0x74, 0x32, 0x74, 0x32, 0x7C,
    0x12, 0x74, 0x73, 0x84, 0xBE, 0xF7, 0xFF, 0xFF, 0x15, 0x9D, 0x6F, 0x5B, 0xB0, 0x6B, 0x32, 0x74,
    0x32, 0x7C, 0x12, 0x74, 0xF1, 0x73, 0xF1, 0x73, 0xF1, 0x73, 0xF1, 0x73, 0xF1, 0x73, 0xF1, 0x73,
    0xF1, 0x73, 0x11, 0x74, 0x12, 0x74, 0x73, 0x84, 0xBE, 0xF7, 0xFF, 0xFF, 0x15, 0x9D, 0xF1, 0x73,
    0x32, 0x7C, 0x32, 0x74, 0x32, 0x74, 0x32, 0x74, 0x32, 0x74, 0x53, 0x7C, 0x12, 0x74, 0x00, 0x00,
    0x00, 0x00, 0xF1, 0x7B, 0x12, 0x74, 0x32, 0x7C, 0x12, 0x74, 0x12, 0x74, 0x12, 0x74, 0x32, 0x74,
    0x12, 0x74, 0x53, 0x7C, 0xBE, 0xF7, 0xFF, 0xFF, 0x15, 0x95, 0x77, 0xA5, 0xB7, 0xAD, 0x12, 0x74,
    0x12, 0x74, 0x12, 0x74, 0xF1, 0x73, 0xF1, 0x73, 0xF1, 0x73, 0xF1, 0x73, 0xF1, 0x73, 0xF1, 0x73,
    0xF1, 0x73, 0x11, 0x74, 0x11, 0x74, 0x73, 0x7C, 0xBE, 0xF7, 0xFF, 0xFF, 0x15, 0x9D, 0xF1, 0x6B,
    0x32, 0x7C, 0x12, 0x74, 0x12, 0x74, 0x12, 0x74, 0x12, 0x74, 0x53, 0x7C, 0x12, 0x74, 0x00, 0x00,
    0x00, 0x00, 0xF1, 0x6B, 0x12, 0x74, 0x32, 0x74, 0x12, 0x74, 0x12, 0x74, 0x12, 0x74, 0x12, 0x74,
    0x12, 0x74, 0x53, 0x7C, 0xDF, 0xF7, 0xFF, 0xFF, 0x9B, 0xCE, 0xFF, 0xFF, 0xFF, 0xFF, 0xB7, 0xAD,
    0x90, 0x63, 0x97, 0xAD, 0xFC, 0xDE, 0xFC, 0xDE, 0xFC, 0xDE, 0xFC, 0xDE, 0xFC, 0xDE, 0xFC, 0xDE,
    0xFC, 0xDE, 0xFC, 0xDE, 0xD4, 0x8C, 0x32, 0x7C, 0xBF, 0xF7, 0xFF, 0xFF, 0x15, 0x9D, 0xD1, 0x6B,
    0x12, 0x74, 0x12, 0x74, 0x12, 0x74, 0x12, 0x74, 0x12, 0x74, 0x53, 0x7C, 0x12, 0x74, 0x00, 0x00,
    0x00, 0x00, 0xF1, 0x6B, 0x11, 0x74, 0x12, 0x74, 0x11, 0x74, 0x12, 0x74, 0x12, 0x74, 0x12, 0x74,
    0xF1, 0x73, 0x52, 0x7C, 0xDF, 0xF7, 0xFF, 0xFF, 0x9A, 0xCE, 0xFF, 0xFF, 0xFF, 0xFF, 0xB7, 0xAD,
    0x70, 0x5B, 0x59, 0xC6, 0xFF, 0xFF, 0xFF, 0xFF, 0xFF, 0xFF, 0xFF, 0xFF, 0xFF, 0xFF, 0xFF, 0xFF,
    0xFF, 0xFF, 0xFF, 0xFF, 0x15, 0x9D, 0x12, 0x74, 0xBF, 0xF7, 0xFF, 0xFF, 0x15, 0x95, 0xD1, 0x6B,
    0x12, 0x74, 0x12, 0x74, 0x12, 0x74, 0x12, 0x74, 0x12, 0x74, 0x32, 0x7C, 0x12, 0x74, 0x00, 0x00,
    0x00, 0x00, 0xF1, 0x6B, 0xF1, 0x73, 0x12, 0x74, 0xF1, 0x73, 0x12, 0x74, 0x12, 0x74, 0x12, 0x74,
    0xF1, 0x73, 0x52, 0x7C, 0xBE, 0xF7, 0xFF, 0xFF, 0xF5, 0x94, 0x56, 0xA5, 0x97, 0xAD, 0xF1, 0x73,
    0xF1, 0x73, 0x93, 0x84, 0x15, 0x95, 0xF5, 0x94, 0x15, 0x95, 0x15, 0x95, 0x15, 0x95, 0x15, 0x95,
    0xF5, 0x94, 0x15, 0x95, 0x32, 0x7C, 0x32, 0x7C, 0xBE, 0xF7, 0xFF, 0xFF, 0x15, 0x95, 0xD1, 0x6B,
    0x12, 0x74, 0x12, 0x74, 0x12, 0x74, 0x12, 0x74, 0x12, 0x74, 0x32, 0x7C, 0xF1, 0x73, 0x00, 0x00,
    0x00, 0x00, 0xF1, 0x6B, 0xF1, 0x73, 0x12, 0x74, 0xF1, 0x73, 0xF1, 0x73, 0xF1, 0x73, 0x11, 0x74,
    0xF1, 0x73, 0x32, 0x7C, 0xBE, 0xF7, 0xFF, 0xFF, 0xF5, 0x94, 0x70, 0x5B, 0xB0, 0x6B, 0xF1, 0x6B,
    0xF1, 0x73, 0xD1, 0x6B, 0xB0, 0x6B, 0xB0, 0x6B, 0xB0, 0x6B, 0xB0, 0x6B, 0xB0, 0x6B, 0xB0, 0x6B,
    0xB0, 0x6B, 0xB0, 0x6B, 0xD1, 0x6B, 0x32, 0x7C, 0xBE, 0xF7, 0xFF, 0xFF, 0xF5, 0x94, 0xD1, 0x6B,
    0x12, 0x74, 0xF1, 0x73, 0xF1, 0x73, 0xF1, 0x73, 0xF1, 0x73, 0x32, 0x7C, 0x12, 0x74, 0x00, 0x00,
    0x00, 0x00, 0xD0, 0x6B, 0xF1, 0x73, 0x11, 0x74, 0xF1, 0x73, 0xF1, 0x73, 0xF1, 0x73, 0xF1, 0x73,
    0xF1, 0x6B, 0x52, 0x7C, 0xBF, 0xF7, 0xFF, 0xFF, 0x36, 0x9D, 0x12, 0x74, 0x53, 0x7C, 0x32, 0x7C,
    0x32, 0x7C, 0x32, 0x7C, 0x52, 0x7C, 0x52, 0x7C, 0x52, 0x7C, 0x52, 0x7C, 0x52, 0x7C, 0x52, 0x7C,
    0x52, 0x7C, 0x52, 0x7C, 0x32, 0x7C, 0x73, 0x84, 0xBE, 0xF7, 0xFF, 0xFF, 0x15, 0x9D, 0xB0, 0x6B,
    0x11, 0x74, 0xF1, 0x73, 0xF1, 0x73, 0xF1, 0x73, 0xF1, 0x73, 0x32, 0x74, 0xF1, 0x73, 0x00, 0x00,
    0x00, 0x00, 0xF2, 0x6B, 0xF1, 0x73, 0x12, 0x74, 0xF1, 0x73, 0xF1, 0x73, 0xF1, 0x73, 0xF1, 0x73,
    0xF1, 0x73, 0xF1, 0x73, 0x7D, 0xEF, 0xFF, 0xFF, 0xBF, 0xF7, 0xBE, 0xF7, 0xBE, 0xF7, 0xBE, 0xF7,
    0xBE, 0xF7, 0xBE, 0xF7, 0xBE, 0xF7, 0xBE, 0xF7, 0xBE, 0xF7, 0xBE, 0xF7, 0xBE, 0xF7, 0xBE, 0xF7,
    0xBE, 0xF7, 0xBE, 0xF7, 0xBE, 0xF7, 0xBE, 0xF7, 0xFF, 0xFF, 0xFF, 0xFF, 0x93, 0x84, 0xD1, 0x6B,
    0xF1, 0x73, 0xF1, 0x73, 0xF1, 0x73, 0xF1, 0x73, 0xF1, 0x73, 0x12, 0x74, 0xF2, 0x6B, 0x00, 0x00,
    0xEF, 0x39, 0x00, 0x00, 0xF1, 0x6B, 0x32, 0x74, 0xF1, 0x6B, 0xF1, 0x6B, 0xF1, 0x6B, 0xF1, 0x6B,
    0xF1, 0x73, 0xB0, 0x6B, 0xB4, 0x8C, 0x9E, 0xF7, 0xFF, 0xFF, 0xFF, 0xFF, 0xFF, 0xFF, 0xFF, 0xFF,
    0xFF, 0xFF, 0xFF, 0xFF, 0xFF, 0xFF, 0xFF, 0xFF, 0xFF, 0xFF, 0xFF, 0xFF, 0xFF, 0xFF, 0xFF, 0xFF,
    0xFF, 0xFF, 0xFF, 0xFF, 0xFF, 0xFF, 0xFF, 0xFF, 0xFF, 0xFF, 0x77, 0xA5, 0xB0, 0x6B, 0xF1, 0x73,
    0xF1, 0x6B, 0xF1, 0x6B, 0xF1, 0x6B, 0xF1, 0x6B, 0x11, 0x74, 0xF1, 0x6B, 0xEF, 0x63, 0x00, 0x00,
    0xF7, 0x7B, 0x00, 0x00, 0xD1, 0x6B, 0x32, 0x74, 0xD1, 0x6B, 0xF1, 0x6B, 0xD1, 0x6B, 0xF1, 0x6B,
    0xD1, 0x6B, 0xF1, 0x6B, 0xB0, 0x63, 0x32, 0x7C, 0xF5, 0x94, 0xF5, 0x94, 0xF5, 0x94, 0xF5, 0x94,
    0xF5, 0x94, 0xF5, 0x94, 0xF5, 0x94, 0xF5, 0x94, 0xF5, 0x94, 0xF5, 0x94, 0xF5, 0x94, 0xF5, 0x94,
    0xF5, 0x94, 0xF5, 0x94, 0xF5, 0x94, 0xF5, 0x94, 0x93, 0x84, 0xB0, 0x63, 0xF1, 0x6B, 0xF1, 0x6B,
    0xF1, 0x6B, 0xD1, 0x6B, 0xF1, 0x6B, 0xD1, 0x6B, 0x32, 0x74, 0xF1, 0x6B, 0x00, 0x00, 0xEF, 0x7B,
    0xFF, 0xFF, 0x00, 0x00, 0xD0, 0x6B, 0xF1, 0x6B, 0xF1, 0x6B, 0xD1, 0x6B, 0xD1, 0x6B, 0xD1, 0x6B,
    0xD1, 0x6B, 0xD1, 0x6B, 0xF1, 0x6B, 0xD1, 0x6B, 0x90, 0x63, 0xB0, 0x63, 0x90, 0x63, 0x90, 0x63,
    0x90, 0x63, 0x90, 0x63, 0x90, 0x63, 0x90, 0x63, 0x90, 0x63, 0x90, 0x63, 0x90, 0x63, 0x90, 0x63,
    0x90, 0x63, 0x90, 0x63, 0xB0, 0x63, 0x90, 0x63, 0xB0, 0x6B, 0xF1, 0x6B, 0xD1, 0x6B, 0xD1, 0x6B,
    0xD1, 0x6B, 0xD1, 0x6B, 0xD1, 0x6B, 0xD1, 0x6B, 0x12, 0x74, 0xD1, 0x6B, 0x00, 0x00, 0x55, 0x55,
    0x00, 0x00, 0xB5, 0x52, 0x00, 0x00, 0xD1, 0x6B, 0x12, 0x74, 0xD1, 0x6B, 0xD1, 0x6B, 0xD1, 0x6B,
    0xD1, 0x6B, 0xD1, 0x6B, 0xD1, 0x6B, 0xD1, 0x6B, 0xD1, 0x6B, 0xD1, 0x6B, 0xD1, 0x6B, 0xD1, 0x6B,
    0xD1, 0x6B, 0xD1, 0x6B, 0xD1, 0x6B, 0xD1, 0x6B, 0xD1, 0x6B, 0xD1, 0x6B, 0xD1, 0x6B, 0xD1, 0x6B,
    0xD1, 0x6B, 0xD1, 0x6B, 0xD1, 0x6B, 0xD1, 0x6B, 0xD1, 0x6B, 0xD1, 0x6B, 0xD1, 0x6B, 0xD1, 0x6B,
    0xD1, 0x6B, 0xD1, 0x6B, 0xD1, 0x6B, 0x12, 0x74, 0xD1, 0x6B, 0x00, 0x00, 0xAA, 0x52, 0x00, 0x00,
    0x00, 0x00, 0x00, 0x00, 0x55, 0xAD, 0x00, 0x00, 0xD1, 0x6B, 0x32, 0x74, 0xD1, 0x6B, 0xD1, 0x6B,
    0xD1, 0x6B, 0xD1, 0x6B, 0xD1, 0x6B, 0xD1, 0x6B, 0xD1, 0x6B, 0xD1, 0x6B, 0xD1, 0x6B, 0xD1, 0x6B,
    0xD1, 0x6B, 0xD1, 0x6B, 0xD1, 0x6B, 0xD1, 0x6B, 0xD1, 0x6B, 0xD1, 0x6B, 0xD1, 0x6B, 0xD1, 0x6B,
    0xD1, 0x6B, 0xD1, 0x6B, 0xD1, 0x6B, 0xD1, 0x6B, 0xD1, 0x6B, 0xD1, 0x6B, 0xD1, 0x6B, 0xD1, 0x6B,
    0xD1, 0x6B, 0xD0, 0x6B, 0x12, 0x74, 0xD1, 0x6B, 0x8F, 0x63, 0xEF, 0x7B, 0xFF, 0x07, 0x00, 0x00,
    0x00, 0x00, 0x00, 0x00, 0xFF, 0x07, 0xFF, 0x07, 0xD0, 0x6B, 0xD1, 0x6B, 0x12, 0x74, 0xD1, 0x6B,
    0xB0, 0x6B, 0xB1, 0x6B, 0xD0, 0x6B, 0xD0, 0x6B, 0xD0, 0x6B, 0xD0, 0x6B, 0xD0, 0x6B, 0xD0, 0x6B,
    0xD0, 0x6B, 0xD0, 0x6B, 0xD0, 0x6B, 0xD0, 0x6B, 0xD0, 0x6B, 0xD0, 0x6B, 0xD0, 0x6B, 0xD0, 0x6B,
    0xD0, 0x6B, 0xD0, 0x6B, 0xD0, 0x6B, 0xD0, 0x6B, 0xD0, 0x6B, 0xD0, 0x6B, 0xB1, 0x6B, 0xB0, 0x6B,
    0xB0, 0x6B, 0x12, 0x74, 0xD1, 0x6B, 0xB0, 0x63, 0x00, 0x00, 0xEF, 0x7B, 0x00, 0x00, 0x00, 0x00,
    0x00, 0x00, 0x00, 0x00, 0x00, 0x00, 0xFF, 0x07, 0x00, 0x00, 0x00, 0x00, 0xB0, 0x6B, 0xD1, 0x6B,
    0xF2, 0x73, 0xD1, 0x6B, 0xB0, 0x6B, 0xB0, 0x6B, 0xB0, 0x6B, 0xB0, 0x6B, 0xB0, 0x6B, 0xB0, 0x6B,
    0xB0, 0x6B, 0xB0, 0x6B, 0xB0, 0x6B, 0xB0, 0x6B, 0xB0, 0x6B, 0xB0, 0x6B, 0xB0, 0x6B, 0xB0, 0x6B,
    0xB0, 0x6B, 0xB0, 0x6B, 0xB0, 0x6B, 0xB0, 0x6B, 0xB0, 0x6B, 0xB0, 0x6B, 0xD1, 0x6B, 0xF1, 0x73,
    0xF1, 0x6B, 0xD1, 0x6B, 0x4F, 0x5B, 0x00, 0x00, 0xEF, 0x7B, 0x00, 0x00, 0x00, 0x00, 0x00, 0x00,
    0x00, 0x00, 0x00, 0x00, 0x00, 0x00, 0x00, 0x00, 0xFF, 0x07, 0xFF, 0xFF, 0x00, 0x00, 0x90, 0x6B,
    0xD1, 0x6B, 0xD0, 0x6B, 0xB0, 0x6B, 0xF1, 0x6B, 0xD1, 0x6B, 0xF1, 0x6B, 0xF1, 0x6B, 0xF1, 0x6B,
    0xF1, 0x6B, 0xF1, 0x6B, 0xF1, 0x6B, 0xF1, 0x6B, 0xF1, 0x6B, 0xF1, 0x6B, 0xF1, 0x6B, 0xF1, 0x6B,
    0xF1, 0x6B, 0xF1, 0x6B, 0xF1, 0x6B, 0xD1, 0x6B, 0xF1, 0x6B, 0xD1, 0x6B, 0xD1, 0x6B, 0xD1, 0x6B,
    0xD0, 0x6B, 0x00, 0x00, 0x00, 0x00, 0xEF, 0x7B, 0x00, 0x00, 0x00, 0x00, 0x00, 0x00, 0x00, 0x00,
    0x00, 0x00, 0x00, 0x00, 0x00, 0x00, 0x00, 0x00, 0x00, 0x00, 0x00, 0x00, 0xB5, 0x52, 0x00, 0x00,
    0x00, 0x00, 0xB5, 0x52, 0xD1, 0x6B, 0xD1, 0x6B, 0x90, 0x63, 0x90, 0x63, 0x90, 0x63, 0x90, 0x63,
    0x90, 0x63, 0x90, 0x63, 0x90, 0x63, 0x90, 0x63, 0x90, 0x63, 0x90, 0x63, 0x90, 0x63, 0x90, 0x63,
    0x90, 0x63, 0x90, 0x63, 0x90, 0x63, 0x90, 0x63, 0xB1, 0x6B, 0xB1, 0x6B, 0x71, 0x74, 0x00, 0x00,
    0x00, 0x00, 0xEF, 0x7B, 0x1F, 0x00, 0x00, 0x00, 0x00, 0x00, 0x00, 0x00, 0x00, 0x00, 0x00, 0x00,
    0x00, 0x00, 0x00, 0x00, 0x00, 0x00, 0x00, 0x00, 0x00, 0x00, 0x00, 0x00, 0x00, 0x00, 0xEF, 0x7B,
    0xEF, 0x7B, 0x00, 0x00, 0x00, 0x00, 0x00, 0x00, 0x00, 0x00, 0x00, 0x00, 0x00, 0x00, 0x00, 0x00,
    0x00, 0x00, 0x00, 0x00, 0x00, 0x00, 0x00, 0x00, 0x00, 0x00, 0x00, 0x00, 0x00, 0x00, 0x00, 0x00,
    0x00, 0x00, 0x00, 0x00, 0x00, 0x00, 0x00, 0x00, 0x00, 0x00, 0x00, 0x00, 0x00, 0x00, 0xEF, 0x7B,
    0xB5, 0x52, 0x00, 0x00, 0x00, 0x00, 0x00, 0x00, 0x00, 0x00, 0x00, 0x00, 0x00, 0x00, 0x00, 0x00,
    0x00, 0x00, 0x00, 0x00, 0x00, 0x00, 0x00, 0x01, 0x03, 0x04, 0x00, 0x00, 0x00, 0x00, 0x00, 0x00,
    0x00, 0x00, 0x00, 0x00, 0x00, 0x00, 0x00, 0x00, 0x00, 0x00, 0x00, 0x00, 0x00, 0x00, 0x03, 0x04,
    0x01, 0x00, 0x00, 0x00, 0x00, 0x00, 0x00, 0x00, 0x00, 0x00, 0x00, 0x00, 0x00, 0x00, 0x03, 0x00,
    0x00, 0x00, 0x03, 0x10, 0x10, 0x10, 0x10, 0x10, 0x10, 0x10, 0x10, 0x10, 0x10, 0x10, 0x10, 0x10,
    0x10, 0x10, 0x10, 0x10, 0x10, 0x09, 0x00, 0x00, 0x00, 0x03, 0x00, 0x00, 0x00, 0x00, 0x00, 0x00,
    0x00, 0x00, 0x00, 0x00, 0x00, 0x04, 0x00, 0x06, 0x4F, 0x9F, 0xD6, 0xEF, 0xEF, 0xF0, 0xF0, 0xF0,
    0xF0, 0xF0, 0xF0, 0xF0, 0xF0, 0xF0, 0xF0, 0xF0, 0xF0, 0xF0, 0xF0, 0xEF, 0xEF, 0xE2, 0xAE, 0x61,
    0x16, 0x00, 0x02, 0x01, 0x00, 0x00, 0x00, 0x00, 0x00, 0x00, 0x00, 0x00, 0x01, 0x00, 0x47, 0xD4,
    0xFF, 0xFF, 0xFF, 0xFF, 0xFF, 0xFF, 0xFF, 0xFF, 0xFF, 0xFF, 0xFF, 0xFF, 0xFF, 0xFF, 0xFF, 0xFF,
    0xFF, 0xFF, 0xFF, 0xFF, 0xFF, 0xFF, 0xFF, 0xFF, 0xE9, 0x6D, 0x00, 0x00, 0x01, 0x00, 0x00, 0x00,
    0x00, 0x00, 0x00, 0x03, 0x01, 0x7F, 0xFF, 0xFF, 0xFC, 0xFB, 0xFD, 0xFE, 0xFE, 0xFE, 0xFE, 0xFE,
    0xFE, 0xFE, 0xFE, 0xFE, 0xFE, 0xFE, 0xFE, 0xFE, 0xFE, 0xFE, 0xFE, 0xFE, 0xFE, 0xFD, 0xFC, 0xFB,
    0xFF, 0xFF, 0xA9, 0x13, 0x01, 0x01, 0x00, 0x00, 0x00, 0x00, 0x04, 0x00, 0x80, 0xFF, 0xFC, 0xFD,
    0xFF, 0xFF, 0xFF, 0xFF, 0xFF, 0xFF, 0xFF, 0xFF, 0xFF, 0xFF, 0xFF, 0xFF, 0xFF, 0xFF, 0xFF, 0xFF,
    0xFF, 0xFF, 0xFF, 0xFF, 0xFF, 0xFF, 0xFF, 0xFF, 0xFE, 0xFA, 0xFF, 0xBB, 0x01, 0x03, 0x00, 0x00,
    0x00, 0x03, 0x00, 0x44, 0xFE, 0xFA, 0xFE, 0xFF, 0xFF, 0xFF, 0xFF, 0xFF, 0xFF, 0xFF, 0xFF, 0xFF,
    0xFF, 0xFF, 0xFF, 0xFF, 0xFF, 0xFF, 0xFF, 0xFF, 0xFF, 0xFF, 0xFF, 0xFF, 0xFF, 0xFF, 0xFF, 0xFF,
    0xFF, 0xFF, 0xF9, 0xFF, 0x7F, 0x00, 0x03, 0x00, 0x00, 0x01, 0x09, 0xD9, 0xFF, 0xFD, 0xFF, 0xFF,
    0xFF, 0xFF, 0xFF, 0xFF, 0xFF, 0xFF, 0xFF, 0xFF, 0xFF, 0xFF, 0xFF, 0xFF, 0xFF, 0xFF, 0xFF, 0xFF,
    0xFF, 0xFF, 0xFF, 0xFF, 0xFF, 0xFF, 0xFF, 0xFF, 0xFF, 0xFF, 0xFE, 0xFD, 0xFA, 0x2A, 0x00, 0x02,
    0x04, 0x00, 0x4C, 0xFF, 0xFC, 0xFF, 0xFF, 0xFF, 0xFF, 0xFF, 0xFF, 0xFF, 0xFF, 0xFF, 0xFF, 0xFF,
    0xFF, 0xFF, 0xFF, 0xFF, 0xFF, 0xFF, 0xFF, 0xFF, 0xFF, 0xFF, 0xFF, 0xFF, 0xFF, 0xFF, 0xFF, 0xFF,
    0xFF, 0xFF, 0xFF, 0xFB, 0xFF, 0x8C, 0x00, 0x05, 0x04, 0x00, 0x9F, 0xFE, 0xFB, 0xFF, 0xFF, 0xFF,
    0xFF, 0xFF, 0xFF, 0xFF, 0xFF, 0xFF, 0xFF, 0xFF, 0xFF, 0xFF, 0xFF, 0xFF, 0xFF, 0xFF, 0xFF, 0xFF,
    0xFF, 0xFF, 0xFF, 0xFF, 0xFF, 0xFF, 0xFF, 0xFF, 0xFF, 0xFF, 0xFF, 0xFD, 0xFF, 0xD9, 0x04, 0x01,
    0x01, 0x08, 0xDB, 0xFF, 0xFD, 0xFF, 0xFF, 0xFF, 0xFF, 0xFF, 0xFF, 0xFF, 0xFF, 0xFF, 0xFF, 0xFF,
    0xFF, 0xFF, 0xFF, 0xFF, 0xFF, 0xFF, 0xFF, 0xFF, 0xFF, 0xFF, 0xFF, 0xFF, 0xFF, 0xFF, 0xFF, 0xFF,
    0xFF, 0xFF, 0xFF, 0xFF, 0xFE, 0xFA, 0x29, 0x00, 0x00, 0x11, 0xF3, 0xFF, 0xFE, 0xFF, 0xFF, 0xFF,
    0xFF, 0xFF, 0xFF, 0xFF, 0xFF, 0xFF, 0xFF, 0xFF, 0xFF, 0xFF, 0xFF, 0xFF, 0xFF, 0xFF, 0xFF, 0xFF,
    0xFF, 0xFF, 0xFF, 0xFF, 0xFF, 0xFF, 0xFF, 0xFF, 0xFF, 0xFF, 0xFF, 0xFF, 0xFD, 0xFF, 0x43, 0x00,
    0x00, 0x10, 0xEF, 0xFF, 0xFE, 0xFF, 0xFF, 0xFF, 0xFF, 0xFF, 0xFF, 0xFF, 0xFF, 0xFF, 0xFF, 0xFF,
    0xFF, 0xFF, 0xFF, 0xFF, 0xFF, 0xFF, 0xFF, 0xFF, 0xFF, 0xFF, 0xFF, 0xFF, 0xFF, 0xFF, 0xFF, 0xFF,
    0xFF, 0xFF, 0xFF, 0xFF, 0xFD, 0xFF, 0x3F, 0x00, 0x00, 0x10, 0xF0, 0xFF, 0xFE, 0xFF, 0xFF, 0xFF,
    0xFF, 0xFF, 0xFF, 0xFF, 0xFF, 0xFF, 0xFF, 0xFF, 0xFF, 0xFF, 0xFF, 0xFF, 0xFF, 0xFF, 0xFF, 0xFF,
    0xFF, 0xFF, 0xFF, 0xFF, 0xFF, 0xFF, 0xFF, 0xFF, 0xFF, 0xFF, 0xFF, 0xFF, 0xFD, 0xFF, 0x40, 0x00,
    0x00, 0x10, 0xF0, 0xFF, 0xFE, 0xFF, 0xFF, 0xFF, 0xFF, 0xFF, 0xFF, 0xFF, 0xFF, 0xFF, 0xFF, 0xFF,
    0xFF, 0xFF, 0xFF, 0xFF, 0xFF, 0xFF, 0xFF, 0xFF, 0xFF, 0xFF, 0xFF, 0xFF, 0xFF, 0xFF, 0xFF, 0xFF,
    0xFF, 0xFF, 0xFF, 0xFF, 0xFD, 0xFF, 0x40, 0x00, 0x00, 0x10, 0xF0, 0xFF, 0xFE, 0xFF, 0xFF, 0xFF,
    0xFF, 0xFF, 0xFF, 0xFF, 0xFF, 0xFF, 0xFF, 0xFF, 0xFF, 0xFF, 0xFF, 0xFF, 0xFF, 0xFF, 0xFF, 0xFF,
    0xFF, 0xFF, 0xFF, 0xFF, 0xFF, 0xFF, 0xFF, 0xFF, 0xFF, 0xFF, 0xFF, 0xFF, 0xFD, 0xFF, 0x40, 0x00,
    0x00, 0x10, 0xF0, 0xFF, 0xFE, 0xFF, 0xFF, 0xFF, 0xFF, 0xFF, 0xFF, 0xFF, 0xFF, 0xFF, 0xFF, 0xFF,
    0xFF, 0xFF, 0xFF, 0xFF, 0xFF, 0xFF, 0xFF, 0xFF, 0xFF, 0xFF, 0xFF, 0xFF, 0xFF, 0xFF, 0xFF, 0xFF,
    0xFF, 0xFF, 0xFF, 0xFF, 0xFD, 0xFF, 0x40, 0x00, 0x00, 0x10, 0xF0, 0xFF, 0xFE, 0xFF, 0xFF, 0xFF,
    0xFF, 0xFF, 0xFF, 0xFF, 0xFF, 0xFF, 0xFF, 0xFF, 0xFF, 0xFF, 0xFF, 0xFF, 0xFF, 0xFF, 0xFF, 0xFF,
    0xFF, 0xFF, 0xFF, 0xFF, 0xFF, 0xFF, 0xFF, 0xFF, 0xFF, 0xFF, 0xFF, 0xFF, 0xFD, 0xFF, 0x40, 0x00,
    0x00, 0x10, 0xF0, 0xFF, 0xFE, 0xFF, 0xFF, 0xFF, 0xFF, 0xFF, 0xFF, 0xFF, 0xFF, 0xFF, 0xFF, 0xFF,
    0xFF, 0xFF, 0xFF, 0xFF, 0xFF, 0xFF, 0xFF, 0xFF, 0xFF, 0xFF, 0xFF, 0xFF, 0xFF, 0xFF, 0xFF, 0xFF,
    0xFF, 0xFF, 0xFF, 0xFF, 0xFD, 0xFF, 0x40, 0x00, 0x00, 0x10, 0xF0, 0xFF, 0xFE, 0xFF, 0xFF, 0xFF,
    0xFF, 0xFF, 0xFF, 0xFF, 0xFF, 0xFF, 0xFF, 0xFF, 0xFF, 0xFF, 0xFF, 0xFF, 0xFF, 0xFF, 0xFF, 0xFF,
    0xFF, 0xFF, 0xFF, 0xFF, 0xFF, 0xFF, 0xFF, 0xFF, 0xFF, 0xFF, 0xFF, 0xFF, 0xFD, 0xFF, 0x40, 0x00,
    0x00, 0x10, 0xF0, 0xFF, 0xFE, 0xFF, 0xFF, 0xFF, 0xFF, 0xFF, 0xFF, 0xFF, 0xFF, 0xFF, 0xFF, 0xFF,
    0xFF, 0xFF, 0xFF, 0xFF, 0xFF, 0xFF, 0xFF, 0xFF, 0xFF, 0xFF, 0xFF, 0xFF, 0xFF, 0xFF, 0xFF, 0xFF,
    0xFF, 0xFF, 0xFF, 0xFF, 0xFD, 0xFF, 0x40, 0x00, 0x00, 0x10, 0xF0, 0xFF, 0xFE, 0xFF, 0xFF, 0xFF,
    0xFF, 0xFF, 0xFF, 0xFF, 0xFF, 0xFF, 0xFF, 0xFF, 0xFF, 0xFF, 0xFF, 0xFF, 0xFF, 0xFF, 0xFF, 0xFF,
    0xFF, 0xFF, 0xFF, 0xFF, 0xFF, 0xFF, 0xFF, 0xFF, 0xFF, 0xFF, 0xFF, 0xFF, 0xFD, 0xFF, 0x40, 0x00,
    0x00, 0x10, 0xF0, 0xFF, 0xFE, 0xFF, 0xFF, 0xFF, 0xFF, 0xFF, 0xFF, 0xFF, 0xFF, 0xFF, 0xFF, 0xFF,
    0xFF, 0xFF, 0xFF, 0xFF, 0xFF, 0xFF, 0xFF, 0xFF, 0xFF, 0xFF, 0xFF, 0xFF, 0xFF, 0xFF, 0xFF, 0xFF,
    0xFF, 0xFF, 0xFF, 0xFF, 0xFD, 0xFF, 0x40, 0x00, 0x00, 0x10, 0xF0, 0xFF, 0xFE, 0xFF, 0xFF, 0xFF,
    0xFF, 0xFF, 0xFF, 0xFF, 0xFF, 0xFF, 0xFF, 0xFF, 0xFF, 0xFF, 0xFF, 0xFF, 0xFF, 0xFF, 0xFF, 0xFF,
    0xFF, 0xFF, 0xFF, 0xFF, 0xFF, 0xFF, 0xFF, 0xFF, 0xFF, 0xFF, 0xFF, 0xFF, 0xFD, 0xFF, 0x40, 0x00,
    0x00, 0x10, 0xF0, 0xFF, 0xFE, 0xFF, 0xFF, 0xFF, 0xFF, 0xFF, 0xFF, 0xFF, 0xFF, 0xFF, 0xFF, 0xFF,
    0xFF, 0xFF, 0xFF, 0xFF, 0xFF, 0xFF, 0xFF, 0xFF, 0xFF, 0xFF, 0xFF, 0xFF, 0xFF, 0xFF, 0xFF, 0xFF,
    0xFF, 0xFF, 0xFF, 0xFF, 0xFD, 0xFF, 0x40, 0x00, 0x00, 0x10, 0xF0, 0xFF, 0xFE, 0xFF, 0xFF, 0xFF,
    0xFF, 0xFF, 0xFF, 0xFF, 0xFF, 0xFF, 0xFF, 0xFF, 0xFF, 0xFF, 0xFF, 0xFF, 0xFF, 0xFF, 0xFF, 0xFF,
    0xFF, 0xFF, 0xFF, 0xFF, 0xFF, 0xFF, 0xFF, 0xFF, 0xFF, 0xFF, 0xFF, 0xFF, 0xFD, 0xFF, 0x40, 0x00,
    0x00, 0x10, 0xF0, 0xFF, 0xFE, 0xFF, 0xFF, 0xFF, 0xFF, 0xFF, 0xFF, 0xFF, 0xFF, 0xFF, 0xFF, 0xFF,
    0xFF, 0xFF, 0xFF, 0xFF, 0xFF, 0xFF, 0xFF, 0xFF, 0xFF, 0xFF, 0xFF, 0xFF, 0xFF, 0xFF, 0xFF, 0xFF,
    0xFF, 0xFF, 0xFF, 0xFF, 0xFD, 0xFF, 0x40, 0x00, 0x00, 0x10, 0xEF, 0xFF, 0xFE, 0xFF, 0xFF, 0xFF,
    0xFF, 0xFF, 0xFF, 0xFF, 0xFF, 0xFF, 0xFF, 0xFF, 0xFF, 0xFF, 0xFF, 0xFF, 0xFF, 0xFF, 0xFF, 0xFF,
    0xFF, 0xFF, 0xFF, 0xFF, 0xFF, 0xFF, 0xFF, 0xFF, 0xFF, 0xFF, 0xFF, 0xFF, 0xFD, 0xFF, 0x3F, 0x00,
    0x00, 0x11, 0xF2, 0xFF, 0xFE, 0xFF, 0xFF, 0xFF, 0xFF, 0xFF, 0xFF, 0xFF, 0xFF, 0xFF, 0xFF, 0xFF,
    0xFF, 0xFF, 0xFF, 0xFF, 0xFF, 0xFF, 0xFF, 0xFF, 0xFF, 0xFF, 0xFF, 0xFF, 0xFF, 0xFF, 0xFF, 0xFF,
    0xFF, 0xFF, 0xFF, 0xFF, 0xFD, 0xFF, 0x42, 0x00, 0x01, 0x0C, 0xE5, 0xFF, 0xFE, 0xFF, 0xFF, 0xFF,
    0xFF, 0xFF, 0xFF, 0xFF, 0xFF, 0xFF, 0xFF, 0xFF, 0xFF, 0xFF, 0xFF, 0xFF, 0xFF, 0xFF, 0xFF, 0xFF,
    0xFF, 0xFF, 0xFF, 0xFF, 0xFF, 0xFF, 0xFF, 0xFF, 0xFF, 0xFF, 0xFF, 0xFF, 0xFE, 0xFD, 0x35, 0x00,
    0x04, 0x00, 0xB0, 0xFE, 0xFC, 0xFF, 0xFF, 0xFF, 0xFF, 0xFF, 0xFF, 0xFF, 0xFF, 0xFF, 0xFF, 0xFF,
    0xFF, 0xFF, 0xFF, 0xFF, 0xFF, 0xFF, 0xFF, 0xFF, 0xFF, 0xFF, 0xFF, 0xFF, 0xFF, 0xFF, 0xFF, 0xFF,
    0xFF, 0xFF, 0xFF, 0xFE, 0xFF, 0xE6, 0x0A, 0x01, 0x04, 0x00, 0x62, 0xFF, 0xFC, 0xFF, 0xFF, 0xFF,
    0xFF, 0xFF, 0xFF, 0xFF, 0xFF, 0xFF, 0xFF, 0xFF, 0xFF, 0xFF, 0xFF, 0xFF, 0xFF, 0xFF, 0xFF, 0xFF,
    0xFF, 0xFF, 0xFF, 0xFF, 0xFF, 0xFF, 0xFF, 0xFF, 0xFF, 0xFF, 0xFF, 0xFB, 0xFE, 0xA2, 0x00, 0x04,
    0x01, 0x01, 0x15, 0xEE, 0xFD, 0xFE, 0xFF, 0xFF, 0xFF, 0xFF, 0xFF, 0xFF, 0xFF, 0xFF, 0xFF, 0xFF,
    0xFF, 0xFF, 0xFF, 0xFF, 0xFF, 0xFF, 0xFF, 0xFF, 0xFF, 0xFF, 0xFF, 0xFF, 0xFF, 0xFF, 0xFF, 0xFF,
    0xFF, 0xFF, 0xFF, 0xFC, 0xFF, 0x42, 0x00, 0x03, 0x00, 0x03, 0x00, 0x6B, 0xFF, 0xFA, 0xFF, 0xFF,
    0xFF, 0xFF, 0xFF, 0xFF, 0xFF, 0xFF, 0xFF, 0xFF, 0xFF, 0xFF, 0xFF, 0xFF, 0xFF, 0xFF, 0xFF, 0xFF,
    0xFF, 0xFF, 0xFF, 0xFF, 0xFF, 0xFF, 0xFF, 0xFF, 0xFF, 0xFF, 0xFA, 0xFF, 0xAA, 0x00, 0x03, 0x00,
    0x00, 0x00, 0x03, 0x00, 0xAC, 0xFF, 0xF9, 0xFE, 0xFF, 0xFF, 0xFF, 0xFF, 0xFF, 0xFF, 0xFF, 0xFF,
    0xFF, 0xFF, 0xFF, 0xFF, 0xFF, 0xFF, 0xFF, 0xFF, 0xFF, 0xFF, 0xFF, 0xFF, 0xFF, 0xFF, 0xFF, 0xFF,
    0xFF, 0xFA, 0xFF, 0xDE, 0x12, 0x02, 0x01, 0x00, 0x00, 0x00, 0x01, 0x01, 0x11, 0xB8, 0xFF, 0xFF,
    0xFB, 0xFD, 0xFE, 0xFF, 0xFF, 0xFF, 0xFF, 0xFF, 0xFF, 0xFF, 0xFF, 0xFF, 0xFF, 0xFF, 0xFF, 0xFF,
    0xFF, 0xFF, 0xFF, 0xFF, 0xFF, 0xFF, 0xFD, 0xFB, 0xFD, 0xFF, 0xDA, 0x34, 0x00, 0x02, 0x00, 0x00,
    0x00, 0x00, 0x00, 0x01, 0x00, 0x00, 0x80, 0xF9, 0xFF, 0xFF, 0xFF, 0xFD, 0xFD, 0xFD, 0xFD, 0xFD,
    0xFD, 0xFD, 0xFD, 0xFD, 0xFD, 0xFD, 0xFD, 0xFD, 0xFD, 0xFD, 0xFD, 0xFD, 0xFD, 0xFE, 0xFF, 0xFF,
    0xFF, 0xA7, 0x13, 0x00, 0x02, 0x00, 0x00, 0x00, 0x00, 0x00, 0x00, 0x00, 0x01, 0x01, 0x00, 0x2C,
    0x8C, 0xD6, 0xFD, 0xFF, 0xFF, 0xFF, 0xFF, 0xFF, 0xFF, 0xFF, 0xFF, 0xFF, 0xFF, 0xFF, 0xFF, 0xFF,
    0xFF, 0xFF, 0xFF, 0xFF, 0xFF, 0xFF, 0xE2, 0x9F, 0x46, 0x00, 0x00, 0x02, 0x00, 0x00, 0x00, 0x00,
    0x00, 0x00, 0x00, 0x00, 0x00, 0x00, 0x03, 0x00, 0x00, 0x03, 0x28, 0x40, 0x40, 0x40, 0x40, 0x40,
    0x40, 0x40, 0x40, 0x40, 0x40, 0x40, 0x40, 0x40, 0x40, 0x40, 0x40, 0x40, 0x40, 0x34, 0x09, 0x00,
    0x00, 0x02, 0x01, 0x00, 0x00, 0x00, 0x00, 0x00, 0x00, 0x00, 0x00, 0x00, 0x00, 0x00, 0x00, 0x02,
    0x04, 0x00, 0x00, 0x00, 0x00, 0x00, 0x00, 0x00, 0x00, 0x00, 0x00, 0x00, 0x00, 0x00, 0x00, 0x00,
    0x00, 0x00, 0x00, 0x00, 0x00, 0x00, 0x00, 0x04, 0x03, 0x00, 0x00, 0x00, 0x00, 0x00, 0x00, 0x00,
};

const lv_image_dsc_t icon_home_log = {
    .header.magic = LV_IMAGE_HEADER_MAGIC,
    .header.cf = LV_COLOR_FORMAT_RGB565A8,
    .header.w = 40,
    .header.h = 40,
    .data_size = 4800,
    .data = icon_home_log_map,
};

const LV_ATTRIBUTE_MEM_ALIGN uint8_t icon_home_about_map[] = {
    0x00, 0x00, 0x00, 0x00, 0x00, 0x00, 0x00, 0x00, 0x00, 0x00, 0x00, 0x00, 0x00, 0x00, 0x1F, 0x00,
    0x5F, 0x55, 0xFF, 0x3B, 0x00, 0x00, 0x00, 0x00, 0x00, 0x00, 0x00, 0x00, 0x00, 0x00, 0x00, 0x00,
    0x00, 0x00, 0x00, 0x00, 0x00, 0x00, 0x00, 0x00, 0x00, 0x00, 0x00, 0x00, 0x00, 0x00, 0x00, 0x00,
    0x00, 0x00, 0x00, 0x00, 0x00, 0x00, 0x00, 0x00, 0x00, 0x00, 0x00, 0x00, 0x5F, 0x55, 0xFF, 0x3B,
    0xFF, 0x07, 0x00, 0x00, 0x00, 0x00, 0x00, 0x00, 0x00, 0x00, 0x00, 0x00, 0x00, 0x00, 0x00, 0x00,
    0x00, 0x00, 0x00, 0x00, 0x00, 0x00, 0x00, 0x00, 0x00, 0x00, 0x00, 0x00, 0x5F, 0x55, 0x00, 0x00,
    0x00, 0x00, 0x00, 0x00, 0x5F, 0x55, 0x7F, 0x5D, 0xFF, 0x4C, 0xFF, 0x4C, 0xFF, 0x4C, 0xFF, 0x4C,
    0xFF, 0x4C, 0xFF, 0x4C, 0xFF, 0x4C, 0xFF, 0x4C, 0xFF, 0x4C, 0xFF, 0x4C, 0xFF, 0x4C, 0xFF, 0x4C,
    0xFF, 0x4C, 0xFF, 0x4C, 0xFF, 0x4C, 0xFF, 0x4C, 0x7F, 0x4D, 0x5F, 0x55, 0x00, 0x00, 0x00, 0x00,
    0x00, 0x00, 0x5F, 0x55, 0x00, 0x00, 0x00, 0x00, 0x00, 0x00, 0x00, 0x00, 0x00, 0x00, 0x00, 0x00,
    0x00, 0x00, 0x00, 0x00, 0x00, 0x00, 0x00, 0x00, 0x00, 0x00, 0xFF, 0x3B, 0x00, 0x00, 0xFF, 0x53,
    0xFF, 0x4C, 0xFF, 0x4C, 0xFF, 0x4C, 0xFF, 0x4C, 0xDF, 0x4C, 0xDF, 0x4C, 0xDF, 0x4C, 0xDF, 0x4C,
    0xDF, 0x4C, 0xDF, 0x4C, 0xDF, 0x4C, 0xDF, 0x4C, 0xDF, 0x4C, 0xDF, 0x4C, 0xDF, 0x4C, 0xDF, 0x4C,
    0xDF, 0x4C, 0xDF, 0x4C, 0xDF, 0x4C, 0xDF, 0x4C, 0xDF, 0x4C, 0xFF, 0x4C, 0xFF, 0x4C, 0x1F, 0x4D,
    0xBF, 0x54, 0x00, 0x00, 0xFF, 0x7B, 0xFF, 0x07, 0x00, 0x00, 0x00, 0x00, 0x00, 0x00, 0x00, 0x00,
    0x00, 0x00, 0x00, 0x00, 0x00, 0x00, 0x00, 0x00, 0xFF, 0x07, 0x00, 0x00, 0xDF, 0x4C, 0xFF, 0x4C,
    0x1F, 0x55, 0x1F, 0x55, 0xFF, 0x4C, 0xDF, 0x4C, 0xFF, 0x4C, 0xFF, 0x4C, 0xFF, 0x4C, 0xFF, 0x4C,
    0xFF, 0x4C, 0xFF, 0x4C, 0xFF, 0x4C, 0xFF, 0x4C, 0xFF, 0x4C, 0xFF, 0x4C, 0xFF, 0x4C, 0xFF, 0x4C,
    0xFF, 0x4C, 0xFF, 0x4C, 0xFF, 0x4C, 0xFF, 0x4C, 0xFF, 0x4C, 0xFF, 0x4C, 0x1F, 0x55, 0x3F, 0x55,
    0xFF, 0x4C, 0xFF, 0x4C, 0x00, 0x00, 0x00, 0x00, 0xFF, 0x07, 0x00, 0x00, 0x00, 0x00, 0x00, 0x00,
    0x00, 0x00, 0x00, 0x00, 0x00, 0x00, 0x5F, 0x55, 0xFF, 0x07, 0xDF, 0x4C, 0xFF, 0x4C, 0xFF, 0x4C,
    0xBF, 0x4C, 0xDF, 0x4C, 0xDF, 0x4C, 0xBF, 0x4C, 0xBF, 0x4C, 0xBF, 0x4C, 0xBF, 0x4C, 0xBF, 0x4C,
    0xBF, 0x4C, 0xBF, 0x4C, 0xBF, 0x4C, 0xBF, 0x4C, 0xBF, 0x4C, 0xBF, 0x4C, 0xBF, 0x4C, 0xBF, 0x4C,
    0xBF, 0x4C, 0xBF, 0x4C, 0xBF, 0x4C, 0xBF, 0x4C, 0xBF, 0x4C, 0xDF, 0x4C, 0xBF, 0x4C, 0xBF, 0x4C,
    0xDF, 0x4C, 0x3F, 0x55, 0xDF, 0x4C, 0x9F, 0x54, 0xFF, 0x07, 0xFF, 0x07, 0x00, 0x00, 0x00, 0x00,
    0x00, 0x00, 0x00, 0x00, 0xF7, 0x3B, 0x00, 0x00, 0xBE, 0x4C, 0x5F, 0x55, 0xBF, 0x4C, 0xBF, 0x4C,
    0xBF, 0x4C, 0xBF, 0x4C, 0xBF, 0x4C, 0xBF, 0x4C, 0xBF, 0x4C, 0xBF, 0x4C, 0xBF, 0x4C, 0xBF, 0x4C,
    0xBF, 0x4C, 0xBF, 0x4C, 0xBF, 0x4C, 0xBF, 0x4C, 0xBF, 0x4C, 0xBF, 0x4C, 0xBF, 0x4C, 0xBF, 0x4C,
    0xBF, 0x4C, 0xBF, 0x4C, 0xBF, 0x4C, 0xBF, 0x4C, 0xBF, 0x4C, 0xBF, 0x4C, 0xBF, 0x4C, 0xBF, 0x4C,
    0xBF, 0x4C, 0xBF, 0x4C, 0x3F, 0x55, 0xBF, 0x4C, 0x1F, 0x00, 0x5F, 0x55, 0x00, 0x00, 0x00, 0x00,
    0x00, 0x00, 0x5F, 0x55, 0x00, 0x00, 0xBE, 0x4C, 0xFF, 0x4C, 0xBF, 0x4C, 0xBE, 0x4C, 0xBF, 0x4C,
    0xBF, 0x4C, 0xBF, 0x4C, 0xBF, 0x4C, 0xBF, 0x4C, 0xBF, 0x4C, 0xBF, 0x4C, 0xBF, 0x4C, 0xBF, 0x4C,
    0xBF, 0x4C, 0xBF, 0x4C, 0xBF, 0x4C, 0xBF, 0x4C, 0xBF, 0x4C, 0xBF, 0x4C, 0xBF, 0x4C, 0xBF, 0x4C,
    0xBF, 0x4C, 0xBF, 0x4C, 0xBF, 0x4C, 0xBF, 0x4C, 0xBF, 0x4C, 0xBF, 0x4C, 0xBF, 0x4C, 0xBF, 0x4C,
    0xBF, 0x4C, 0xBF, 0x4C, 0xBE, 0x4C, 0x1F, 0x4D, 0xBE, 0x4C, 0x00, 0x00, 0x5F, 0x55, 0x00, 0x00,
    0x00, 0x00, 0xFF, 0xFF, 0x5F, 0x55, 0xBE, 0x44, 0xDF, 0x4C, 0x9E, 0x4C, 0xBE, 0x4C, 0xBE, 0x4C,
    0xBE, 0x4C, 0xBE, 0x4C, 0xBE, 0x4C, 0xBE, 0x4C, 0xBE, 0x4C, 0xBE, 0x4C, 0xBE, 0x4C, 0xBE, 0x4C,
    0xBE, 0x4C, 0xBE, 0x4C, 0xBE, 0x4C, 0x9E, 0x44, 0x9E, 0x44, 0x9E, 0x44, 0xBE, 0x4C, 0xBE, 0x4C,
    0xBE, 0x4C, 0xBE, 0x4C, 0xBE, 0x4C, 0xBE, 0x4C, 0xBE, 0x4C, 0xBE, 0x4C, 0xBE, 0x4C, 0xBE, 0x4C,
    0xBE, 0x4C, 0xBE, 0x4C, 0xBE, 0x4C, 0xBF, 0x4C, 0xBF, 0x4C, 0x9E, 0x4C, 0x00, 0x00, 0xFF, 0x07,
    0xF7, 0x3B, 0x00, 0x00, 0x9E, 0x44, 0xFF, 0x4C, 0x9E, 0x44, 0x9E, 0x44, 0x9E, 0x44, 0x9E, 0x44,
    0x9E, 0x44, 0x9E, 0x44, 0x9E, 0x44, 0x9E, 0x44, 0x9E, 0x44, 0x9E, 0x4C, 0xBE, 0x4C, 0x9E, 0x44,
    0x7E, 0x3C, 0x7E, 0x3C, 0xBE, 0x4C, 0xDE, 0x54, 0xDE, 0x54, 0xBE, 0x4C, 0x7E, 0x3C, 0x7E, 0x3C,
    0x7E, 0x44, 0xBE, 0x4C, 0xBE, 0x4C, 0x9E, 0x44, 0x9E, 0x44, 0x9E, 0x44, 0x9E, 0x44, 0x9E, 0x44,
    0x9E, 0x44, 0x9E, 0x44, 0x9E, 0x44, 0x9E, 0x44, 0xFF, 0x4C, 0x9E, 0x4C, 0x00, 0x00, 0xD9, 0x34,
    0xF7, 0x3B, 0x00, 0x00, 0x9E, 0x44, 0xFF, 0x4C, 0x9E, 0x44, 0x9E, 0x44, 0x9E, 0x44, 0x9E, 0x44,
    0x9E, 0x44, 0x9E, 0x44, 0x9E, 0x44, 0x9E, 0x44, 0x9E, 0x4C, 0x9E, 0x44, 0x5E, 0x3C, 0xDE, 0x54,
    0xDF, 0x8D, 0xDF, 0xBE, 0x7F, 0xDF, 0xBF, 0xF7, 0xBF, 0xF7, 0x9F, 0xE7, 0xFF, 0xCE, 0x1F, 0x9E,
    0x1E, 0x65, 0x5E, 0x3C, 0x7E, 0x44, 0xBE, 0x4C, 0x9E, 0x44, 0x9E, 0x44, 0x9E, 0x44, 0x9E, 0x44,
    0x9E, 0x44, 0x9E, 0x44, 0x9E, 0x44, 0x9E, 0x44, 0xBF, 0x4C, 0x9E, 0x44, 0xFF, 0x3B, 0x1F, 0x00,
    0x1F, 0x00, 0xFF, 0x3C, 0x9E, 0x44, 0xBF, 0x4C, 0x9E, 0x44, 0x9E, 0x44, 0x9E, 0x44, 0x9E, 0x44,
    0x9E, 0x44, 0x9E, 0x44, 0x9E, 0x44, 0x9E, 0x4C, 0x5E, 0x3C, 0xBE, 0x4C, 0x3F, 0x9E, 0x9F, 0xEF,
    0xFF, 0xFF, 0xFF, 0xFF, 0xFF, 0xFF, 0xFF, 0xFF, 0xFF, 0xFF, 0xFF, 0xFF, 0xFF, 0xFF, 0xFF, 0xFF,
    0xDF, 0xFF, 0x9F, 0xB6, 0xFE, 0x5C, 0x5E, 0x3C, 0x9E, 0x4C, 0x9E, 0x44, 0x9E, 0x44, 0x9E, 0x44,
    0x9E, 0x44, 0x9E, 0x44, 0x9E, 0x44, 0x9E, 0x44, 0x9E, 0x44, 0x9F, 0x44, 0x7F, 0x44, 0x00, 0x00,
    0x00, 0x00, 0xBE, 0x3C, 0x7E, 0x44, 0x9E, 0x44, 0x7E, 0x44, 0x7E, 0x44, 0x7E, 0x44, 0x7E, 0x44,
    0x7E, 0x44, 0x7E, 0x44, 0x9E, 0x4C, 0x5E, 0x3C, 0x1E, 0x65, 0x5F, 0xDF, 0xFF, 0xFF, 0xFF, 0xFF,
    0x9F, 0xEF, 0x9F, 0xB6, 0x9E, 0x7D, 0x7E, 0x7D, 0x7E, 0x7D, 0x7E, 0x75, 0x7F, 0xAE, 0x5F, 0xDF,
    0xFF, 0xFF, 0xFF, 0xFF, 0xBF, 0xEF, 0x9E, 0x85, 0x5E, 0x3C, 0x9E, 0x44, 0x7E, 0x44, 0x7E, 0x44,
    0x7E, 0x44, 0x7E, 0x44, 0x7E, 0x44, 0x7E, 0x44, 0x7E, 0x44, 0xBF, 0x4C, 0x9E, 0x44, 0x00, 0x00,
    0x00, 0x00, 0x7D, 0x3C, 0x7E, 0x44, 0x9E, 0x44, 0x7E, 0x44, 0x7E, 0x44, 0x7E, 0x44, 0x7E, 0x44,
    0x7E, 0x44, 0x7E, 0x44, 0x5E, 0x3C, 0x3E, 0x6D, 0xDF, 0xF7, 0xFF, 0xFF, 0xDF, 0xF7, 0x1F, 0x9E,
    0xBE, 0x54, 0x1E, 0x2C, 0x3E, 0x6D, 0x7F, 0xE7, 0x7F, 0xE7, 0x3E, 0x6D, 0x1E, 0x2C, 0x7E, 0x44,
    0xBE, 0x85, 0x7F, 0xE7, 0xFF, 0xFF, 0xFF, 0xFF, 0xDE, 0x8D, 0x3E, 0x3C, 0x7E, 0x44, 0x7E, 0x44,
    0x7E, 0x44, 0x7E, 0x44, 0x7E, 0x44, 0x7E, 0x44, 0x7E, 0x44, 0xBF, 0x44, 0x9E, 0x44, 0x00, 0x00,
    0x00, 0x00, 0x7D, 0x3C, 0x7E, 0x44, 0x7E, 0x44, 0x7E, 0x44, 0x7E, 0x44, 0x7E, 0x44, 0x7E, 0x44,
    0x7E, 0x44, 0x5E, 0x3C, 0xBE, 0x54, 0xBF, 0xEF, 0xFF, 0xFF, 0x5F, 0xDF, 0xFE, 0x64, 0x1E, 0x34,
    0x5E, 0x3C, 0x9E, 0x4C, 0xBF, 0xF7, 0xFF, 0xFF, 0xFF, 0xFF, 0xBF, 0xF7, 0x9E, 0x4C, 0x7E, 0x44,
    0x3E, 0x34, 0x9E, 0x4C, 0xDF, 0xBE, 0xFF, 0xFF, 0xFF, 0xFF, 0x5E, 0x75, 0x3E, 0x3C, 0x7E, 0x44,
    0x7E, 0x44, 0x7E, 0x44, 0x7E, 0x44, 0x7E, 0x44, 0x7E, 0x44, 0xBF, 0x44, 0x7E, 0x44, 0x00, 0x00,
    0x00, 0x00, 0x7D, 0x3C, 0x7D, 0x44, 0x7E, 0x44, 0x5D, 0x44, 0x7E, 0x44, 0x7E, 0x44, 0x7E, 0x44,
    0x7E, 0x44, 0x3E, 0x3C, 0xFF, 0xCE, 0xFF, 0xFF, 0x9F, 0xEF, 0x9E, 0x4C, 0x3E, 0x34, 0x7E, 0x4C,
    0x5E, 0x44, 0x9E, 0x4C, 0xBF, 0xEF, 0xFF, 0xFF, 0xFF, 0xFF, 0xBF, 0xEF, 0x9E, 0x4C, 0x5E, 0x44,
    0x7E, 0x44, 0x5E, 0x3C, 0x3E, 0x34, 0x1F, 0xCF, 0xFF, 0xFF, 0xBF, 0xEF, 0x9E, 0x4C, 0x5E, 0x3C,
    0x7E, 0x44, 0x7E, 0x44, 0x7E, 0x44, 0x7E, 0x44, 0x7D, 0x44, 0x9F, 0x44, 0x5E, 0x44, 0x00, 0x00,
    0x00, 0x00, 0x7D, 0x3C, 0x5D, 0x44, 0x7E, 0x44, 0x5D, 0x44, 0x5E, 0x44, 0x5E, 0x44, 0x7D, 0x44,
    0x3D, 0x3C, 0x5E, 0x75, 0xFF, 0xFF, 0xFF, 0xFF, 0x5E, 0x75, 0x1D, 0x34, 0x7E, 0x44, 0x5D, 0x44,
    0x7E, 0x44, 0x3D, 0x3C, 0x5E, 0x75, 0x9F, 0xEF, 0x9F, 0xEF, 0x5E, 0x75, 0x3D, 0x3C, 0x7E, 0x44,
    0x5D, 0x44, 0x7E, 0x44, 0x5D, 0x3C, 0xBE, 0x54, 0xBF, 0xEF, 0xFF, 0xFF, 0x3E, 0xA6, 0x1D, 0x34,
    0x7E, 0x44, 0x5E, 0x44, 0x5E, 0x44, 0x5E, 0x44, 0x5D, 0x44, 0x9F, 0x44, 0x5D, 0x3C, 0x00, 0x00,
    0x00, 0x00, 0x7D, 0x3C, 0x5D, 0x44, 0x5E, 0x44, 0x5D, 0x44, 0x5D, 0x44, 0x5D, 0x44, 0x5D, 0x44,
    0x1D, 0x34, 0xDF, 0xC6, 0xFF, 0xFF, 0xFF, 0xCE, 0x1D, 0x34, 0x5D, 0x44, 0x5D, 0x44, 0x5D, 0x44,
    0x5D, 0x44, 0x5D, 0x44, 0x3D, 0x3C, 0x3D, 0x3C, 0x3D, 0x3C, 0x1D, 0x3C, 0x5D, 0x44, 0x5D, 0x44,
    0x5D, 0x44, 0x5D, 0x44, 0x5D, 0x44, 0x1D, 0x34, 0x1E, 0x9E, 0xFF, 0xFF, 0x9F, 0xEF, 0x7D, 0x44,
    0x5D, 0x3C, 0x5D, 0x44, 0x5D, 0x44, 0x5D, 0x44, 0x5D, 0x44, 0x9F, 0x44, 0x5D, 0x3C, 0x00, 0x00,
    0x00, 0x00, 0x7D, 0x3C, 0x5D, 0x3C, 0x5E, 0x44, 0x3D, 0x44, 0x5D, 0x44, 0x5D, 0x44, 0x3D, 0x3C,
    0xBD, 0x54, 0xBF, 0xF7, 0xFF, 0xFF, 0x5E, 0x75, 0x1D, 0x34, 0x5D, 0x44, 0x3D, 0x44, 0x5D, 0x44,
    0x5D, 0x44, 0x5D, 0x44, 0x3D, 0x3C, 0x7E, 0x7D, 0xFE, 0x95, 0x5D, 0x44, 0x3D, 0x3C, 0x5D, 0x44,
    0x5D, 0x44, 0x5D, 0x44, 0x5D, 0x44, 0x3D, 0x3C, 0x9D, 0x54, 0xBF, 0xF7, 0xFF, 0xFF, 0x7E, 0x7D,
    0x1D, 0x34, 0x5D, 0x44, 0x5D, 0x44, 0x5D, 0x44, 0x5D, 0x3C, 0x7F, 0x44, 0x3D, 0x3C, 0x00, 0x00,
    0x00, 0x00, 0x7D, 0x3C, 0x3D, 0x3C, 0x5E, 0x44, 0x3D, 0x3C, 0x3D, 0x3C, 0x5D, 0x44, 0x1D, 0x34,
    0x5E, 0x75, 0xFF, 0xFF, 0xBF, 0xEF, 0x7D, 0x4C, 0x3D, 0x3C, 0x3D, 0x44, 0x3D, 0x3C, 0x3D, 0x3C,
    0x3D, 0x44, 0x1D, 0x34, 0xFE, 0x64, 0xFF, 0xFF, 0xFF, 0xFF, 0xDE, 0x95, 0xFD, 0x33, 0x5D, 0x44,
    0x3D, 0x3C, 0x3D, 0x3C, 0x3D, 0x3C, 0x5D, 0x44, 0x1D, 0x34, 0xFF, 0xCE, 0xFF, 0xFF, 0x3E, 0xA6,
    0xFD, 0x33, 0x5D, 0x44, 0x3D, 0x3C, 0x3D, 0x3C, 0x3D, 0x3C, 0x7F, 0x44, 0x3D, 0x3C, 0x00, 0x00,
    0x00, 0x00, 0xFD, 0x3B, 0x3D, 0x3C, 0x3E, 0x3C, 0x3D, 0x3C, 0x3D, 0x3C, 0x3D, 0x44, 0xFD, 0x2B,
    0xFE, 0x9D, 0xFF, 0xFF, 0xFF, 0xCE, 0x1D, 0x34, 0x3D, 0x44, 0x3D, 0x3C, 0x3D, 0x3C, 0x3D, 0x3C,
    0x3D, 0x44, 0xFD, 0x33, 0x3E, 0x75, 0xFF, 0xFF, 0xFF, 0xFF, 0x3E, 0xA6, 0xFD, 0x2B, 0x3D, 0x44,
    0x3D, 0x3C, 0x3D, 0x3C, 0x3D, 0x3C, 0x3D, 0x44, 0xFD, 0x2B, 0x1E, 0x9E, 0xFF, 0xFF, 0xFF, 0xC6,
    0x1D, 0x34, 0x3D, 0x44, 0x3D, 0x3C, 0x3D, 0x3C, 0x3D, 0x3C, 0x7F, 0x44, 0x3D, 0x3C, 0x00, 0x00,
    0x00, 0x00, 0xFD, 0x3B, 0x1D, 0x3C, 0x3D, 0x3C, 0x1D, 0x3C, 0x3D, 0x3C, 0x3D, 0x44, 0xDD, 0x2B,
    0x1E, 0x9E, 0xFF, 0xFF, 0xFF, 0xCE, 0xFD, 0x33, 0x3D, 0x3C, 0x3D, 0x3C, 0x3D, 0x3C, 0x3D, 0x3C,
    0x3D, 0x3C, 0xFD, 0x33, 0x1D, 0x6D, 0xFF, 0xFF, 0xFF, 0xFF, 0x1E, 0x9E, 0xDD, 0x2B, 0x3D, 0x44,
    0x3D, 0x3C, 0x3D, 0x3C, 0x3D, 0x3C, 0x3D, 0x44, 0xDD, 0x2B, 0x1E, 0x9E, 0xFF, 0xFF, 0xFF, 0xCE,
    0xFD, 0x33, 0x3D, 0x3C, 0x3D, 0x3C, 0x3D, 0x3C, 0x3D, 0x3C, 0x5E, 0x44, 0x1D, 0x3C, 0x00, 0x00,
    0x00, 0x00, 0xFD, 0x3B, 0x1D, 0x3C, 0x3D, 0x3C, 0x1D, 0x3C, 0x1D, 0x3C, 0x3D, 0x3C, 0xDC, 0x2B,
    0x1E, 0x9E, 0xFF, 0xFF, 0xFF, 0xCE, 0xFD, 0x33, 0x3D, 0x3C, 0x1D, 0x3C, 0x1D, 0x3C, 0x1D, 0x3C,
    0x1D, 0x3C, 0xFD, 0x33, 0x1D, 0x6D, 0xFF, 0xFF, 0xFF, 0xFF, 0x1E, 0x9E, 0xDD, 0x2B, 0x3D, 0x3C,
    0x1D, 0x3C, 0x1D, 0x3C, 0x1D, 0x3C, 0x3D, 0x3C, 0xDD, 0x2B, 0xFE, 0x9D, 0xFF, 0xFF, 0xFF, 0xCE,
    0xFD, 0x33, 0x1D, 0x3C, 0x1D, 0x3C, 0x1D, 0x3C, 0x1D, 0x3C, 0x5E, 0x3C, 0x1D, 0x3C, 0x00, 0x00,
    0x00, 0x00, 0xFD, 0x3B, 0x1D, 0x3C, 0x1D, 0x3C, 0x1D, 0x3C, 0x1D, 0x3C, 0x1D, 0x3C, 0xDC, 0x2B,
    0x5E, 0x7D, 0xFF, 0xFF, 0x7F, 0xE7, 0x3D, 0x44, 0x1D, 0x3C, 0x1D, 0x3C, 0x1D, 0x3C, 0x1D, 0x3C,
    0x1D, 0x3C, 0xDD, 0x33, 0x1D, 0x6D, 0xFF, 0xFF, 0xFF, 0xFF, 0x1E, 0x9E, 0xDC, 0x2B, 0x1D, 0x3C,
    0x1D, 0x3C, 0x1D, 0x3C, 0x1D, 0x3C, 0x1D, 0x3C, 0xDC, 0x33, 0xBF, 0xBE, 0xFF, 0xFF, 0x5E, 0xAE,
    0xDC, 0x2B, 0x1D, 0x3C, 0x1D, 0x3C, 0x1D, 0x3C, 0x1D, 0x3C, 0x3E, 0x3C, 0x1D, 0x3C, 0x00, 0x00,
    0x00, 0x00, 0xFD, 0x3B, 0xFC, 0x3B, 0x1D, 0x3C, 0xFC, 0x3B, 0x1D, 0x3C, 0x1D, 0x3C, 0xFC, 0x33,
    0x9D, 0x5C, 0xDF, 0xFF, 0xFF, 0xFF, 0xDD, 0x64, 0xDC, 0x33, 0x1C, 0x3C, 0x1D, 0x3C, 0x1D, 0x3C,
    0x1D, 0x3C, 0xDC, 0x33, 0x1D, 0x6D, 0xFF, 0xFF, 0xFF, 0xFF, 0xFE, 0x9D, 0xBC, 0x2B, 0x1D, 0x3C,
    0x1D, 0x3C, 0x1D, 0x3C, 0x1C, 0x3C, 0xFD, 0x3B, 0x3D, 0x44, 0x9F, 0xEF, 0xFF, 0xFF, 0x7E, 0x85,
    0xDC, 0x2B, 0x1D, 0x3C, 0x1D, 0x3C, 0x1D, 0x3C, 0x1C, 0x3C, 0x3E, 0x3C, 0xFC, 0x3B, 0x00, 0x00,
    0x00, 0x00, 0xFD, 0x3B, 0xFC, 0x3B, 0x1D, 0x3C, 0xFC, 0x3B, 0xFC, 0x3B, 0xFC, 0x3B, 0xFC, 0x3B,
    0xDC, 0x33, 0x1F, 0xD7, 0xFF, 0xFF, 0x7E, 0xB6, 0xBC, 0x2B, 0x1C, 0x3C, 0xFC, 0x3B, 0xFC, 0x3B,
    0x1C, 0x3C, 0xDC, 0x2B, 0x1D, 0x6D, 0xFF, 0xFF, 0xFF, 0xFF, 0xFE, 0x9D, 0xBC, 0x2B, 0x1C, 0x3C,
    0xFC, 0x3B, 0xFC, 0x3B, 0x1C, 0x3C, 0xBC, 0x2B, 0x7D, 0x85, 0xFF, 0xFF, 0xDF, 0xF7, 0x5D, 0x4C,
    0xFC, 0x33, 0x1C, 0x3C, 0xFC, 0x3B, 0xFC, 0x3B, 0xFC, 0x3B, 0x3E, 0x3C, 0xFC, 0x3B, 0x00, 0x00,
    0x00, 0x00, 0xFD, 0x3B, 0xFC, 0x3B, 0xFD, 0x3B, 0xFC, 0x3B, 0xFC, 0x3B, 0xFC, 0x3B, 0x1C, 0x3C,
    0xBC, 0x2B, 0x7D, 0x85, 0xFF, 0xFF, 0xDF, 0xFF, 0x9D, 0x54, 0xDC, 0x33, 0x1C, 0x3C, 0xFC, 0x3B,
    0xFC, 0x3B, 0xBC, 0x2B, 0xFD, 0x6C, 0xFF, 0xFF, 0xFF, 0xFF, 0xFE, 0x9D, 0x9C, 0x2B, 0x1C, 0x3C,
    0xFC, 0x3B, 0xFC, 0x3B, 0xFC, 0x3B, 0xDC, 0x33, 0x5F, 0xDF, 0xFF, 0xFF, 0x7E, 0xB6, 0xBC, 0x2B,
    0xFC, 0x3B, 0xFC, 0x3B, 0xFC, 0x3B, 0xFC, 0x3B, 0xFC, 0x3B, 0x1E, 0x3C, 0xFC, 0x33, 0x00, 0x00,
    0x00, 0x00, 0xFD, 0x3B, 0xDC, 0x3B, 0xFD, 0x3B, 0xDC, 0x3B, 0xFC, 0x3B, 0xFC, 0x3B, 0xFC, 0x3B,
    0xFC, 0x3B, 0xDC, 0x33, 0x5F, 0xE7, 0xFF, 0xFF, 0x1F, 0xD7, 0xDC, 0x33, 0xDC, 0x33, 0xFC, 0x3B,
    0xFC, 0x3B, 0xFC, 0x3B, 0xFC, 0x33, 0x3E, 0xAE, 0xBE, 0xC6, 0x3C, 0x4C, 0xDC, 0x33, 0xFC, 0x3B,
    0xFC, 0x3B, 0xFC, 0x3B, 0x7C, 0x23, 0x3E, 0xAE, 0xFF, 0xFF, 0xFF, 0xFF, 0x7D, 0x54, 0xBC, 0x33,
    0xFC, 0x3B, 0xFC, 0x3B, 0xFC, 0x3B, 0xFC, 0x3B, 0xDC, 0x33, 0x1E, 0x3C, 0xDC, 0x33, 0x00, 0x00,
    0x00, 0x00, 0xFD, 0x3B, 0xDC, 0x33, 0xFD, 0x3B, 0xDC, 0x33, 0xDC, 0x33, 0xDC, 0x33, 0xDC, 0x33,
    0xFC, 0x3B, 0xBC, 0x2B, 0xBD, 0x64, 0xFF, 0xFF, 0xFF, 0xFF, 0x7E, 0xB6, 0xFC, 0x3B, 0x9C, 0x2B,
    0xFC, 0x3B, 0xFC, 0x3B, 0xDC, 0x33, 0xBC, 0x2B, 0xBC, 0x2B, 0xDC, 0x33, 0xFC, 0x3B, 0xFC, 0x3B,
    0xBC, 0x2B, 0xBC, 0x2B, 0xBE, 0x8D, 0xFF, 0xFF, 0xFF, 0xFF, 0xBE, 0x8D, 0x9C, 0x2B, 0xFC, 0x3B,
    0xDC, 0x33, 0xDC, 0x33, 0xDC, 0x33, 0xDC, 0x33, 0xDC, 0x33, 0x1D, 0x3C, 0xFC, 0x3B, 0x00, 0x00,
    0x00, 0x00, 0xDC, 0x2B, 0xDC, 0x33, 0xFC, 0x33, 0xDC, 0x33, 0xDC, 0x33, 0xDC, 0x33, 0xDC, 0x33,
    0xDC, 0x33, 0xFC, 0x3B, 0x9C, 0x2B, 0x7D, 0x85, 0xFF, 0xFF, 0xFF, 0xFF, 0x3F, 0xD7, 0xDD, 0x64,
    0xBC, 0x2B, 0x9C, 0x2B, 0xBC, 0x33, 0xDC, 0x33, 0xDC, 0x33, 0xBC, 0x33, 0x9C, 0x2B, 0x9C, 0x2B,
    0x7C, 0x54, 0x9E, 0xBE, 0xFF, 0xFF, 0xFF, 0xFF, 0x5E, 0xAE, 0xBC, 0x2B, 0xDC, 0x33, 0xDC, 0x33,
    0xDC, 0x33, 0xDC, 0x33, 0xDC, 0x33, 0xDC, 0x33, 0xDC, 0x33, 0x1D, 0x3C, 0xDC, 0x3B, 0x00, 0x00,
    0x00, 0x00, 0xFA, 0x2B, 0xDC, 0x33, 0xDC, 0x33, 0xDC, 0x33, 0xDC, 0x33, 0xDC, 0x33, 0xDC, 0x33,
    0xDC, 0x33, 0xDC, 0x33, 0xDC, 0x3B, 0x7C, 0x23, 0x5D, 0x7D, 0xBF, 0xF7, 0xFF, 0xFF, 0xFF, 0xFF,
    0xBE, 0xC6, 0x5D, 0x7D, 0x7C, 0x54, 0x1C, 0x44, 0x1C, 0x44, 0x3C, 0x4C, 0x1D, 0x75, 0x5E, 0xB6,
    0xDF, 0xFF, 0xFF, 0xFF, 0xFF, 0xFF, 0x1E, 0xA6, 0x9C, 0x2B, 0xDC, 0x33, 0xDC, 0x33, 0xDC, 0x33,
    0xDC, 0x33, 0xDC, 0x33, 0xDC, 0x33, 0xDC, 0x33, 0xDC, 0x33, 0xFD, 0x33, 0xDC, 0x33, 0x00, 0x00,
    0xF7, 0x39, 0x00, 0x00, 0xDC, 0x33, 0xFD, 0x3B, 0xBB, 0x33, 0xBC, 0x33, 0xBC, 0x33, 0xBC, 0x33,
    0xBC, 0x33, 0xBC, 0x33, 0xBC, 0x33, 0xDC, 0x3B, 0x7B, 0x23, 0x7C, 0x5C, 0xDE, 0xC6, 0xFF, 0xFF,
    0xFF, 0xFF, 0xFF, 0xFF, 0xFF, 0xFF, 0xBF, 0xEF, 0xBF, 0xEF, 0xDF, 0xF7, 0xFF, 0xFF, 0xFF, 0xFF,
    0xFF, 0xFF, 0x3F, 0xDF, 0x1D, 0x75, 0x7B, 0x23, 0xDC, 0x33, 0xDC, 0x33, 0xBC, 0x33, 0xBC, 0x33,
    0xBC, 0x33, 0xBC, 0x33, 0xBC, 0x33, 0xBB, 0x33, 0xDC, 0x33, 0xBB, 0x33, 0xF9, 0x33, 0x00, 0x00,
    0xFF, 0x3B, 0x00, 0x00, 0xBB, 0x33, 0xFD, 0x33, 0xBB, 0x33, 0xBC, 0x33, 0xBC, 0x33, 0xBC, 0x33,
    0xBC, 0x33, 0xBC, 0x33, 0xBC, 0x33, 0xBC, 0x33, 0xDC, 0x33, 0x9B, 0x2B, 0x9B, 0x2B, 0xDD, 0x64,
    0x5E, 0xAE, 0x7F, 0xE7, 0xFF, 0xFF, 0xFF, 0xFF, 0xFF, 0xFF, 0xFF, 0xFF, 0x9F, 0xEF, 0x9E, 0xBE,
    0x3D, 0x7D, 0xBC, 0x33, 0x7B, 0x2B, 0xDC, 0x33, 0xBC, 0x33, 0xBC, 0x33, 0xBC, 0x33, 0xBC, 0x33,
    0xBC, 0x33, 0xBC, 0x33, 0xBC, 0x33, 0xBB, 0x33, 0xFD, 0x33, 0xBB, 0x33, 0x00, 0x00, 0xF7, 0x3B,
    0xFF, 0x07, 0x1F, 0x00, 0xDB, 0x33, 0xBC, 0x33, 0xBC, 0x33, 0xBB, 0x33, 0xBB, 0x33, 0xBB, 0x33,
    0xBB, 0x33, 0xBB, 0x33, 0xBB, 0x33, 0xBB, 0x33, 0xBB, 0x33, 0xBB, 0x33, 0xBB, 0x33, 0x7B, 0x2B,
    0x7B, 0x23, 0xDC, 0x33, 0x5C, 0x54, 0xBC, 0x64, 0xBC, 0x64, 0x9C, 0x5C, 0xFC, 0x3B, 0x7B, 0x2B,
    0x7B, 0x23, 0xBB, 0x33, 0xBB, 0x33, 0xBB, 0x33, 0xBB, 0x33, 0xBB, 0x33, 0xBB, 0x33, 0xBB, 0x33,
    0xBB, 0x33, 0xBB, 0x33, 0xBB, 0x33, 0xBB, 0x33, 0xDD, 0x33, 0x9B, 0x33, 0x00, 0x00, 0xBF, 0x52,
    0x00, 0x00, 0xBF, 0x52, 0x00, 0x00, 0x9B, 0x33, 0xFD, 0x33, 0x9B, 0x33, 0xBB, 0x33, 0xBB, 0x33,
    0xBB, 0x33, 0xBB, 0x33, 0xBB, 0x33, 0xBB, 0x33, 0xBB, 0x33, 0x9B, 0x33, 0xBB, 0x33, 0xBB, 0x33,
    0xBB, 0x33, 0x9B, 0x33, 0x7B, 0x2B, 0x7B, 0x23, 0x7B, 0x23, 0x7B, 0x2B, 0x9B, 0x2B, 0xBB, 0x33,
    0xBB, 0x33, 0xBB, 0x33, 0x9B, 0x33, 0xBB, 0x33, 0xBB, 0x33, 0xBB, 0x33, 0xBB, 0x33, 0xBB, 0x33,
    0x9B, 0x33, 0xBB, 0x33, 0x9B, 0x33, 0xFD, 0x33, 0x9B, 0x33, 0x00, 0x00, 0xBF, 0x52, 0x00, 0x00,
    0x00, 0x00, 0x00, 0x00, 0x5F, 0x55, 0x00, 0x00, 0x9B, 0x33, 0xFE, 0x33, 0x9B, 0x33, 0x9B, 0x33,
    0x9B, 0x33, 0x9B, 0x33, 0x9B, 0x33, 0x9B, 0x33, 0x9B, 0x33, 0x9B, 0x33, 0x9B, 0x33, 0x9B, 0x33,
    0x9B, 0x33, 0x9B, 0x33, 0x9B, 0x33, 0xBB, 0x33, 0xBB, 0x33, 0xBB, 0x33, 0x9B, 0x33, 0x9B, 0x33,
    0x9B, 0x33, 0x9B, 0x33, 0x9B, 0x33, 0x9B, 0x33, 0x9B, 0x33, 0x9B, 0x33, 0x9B, 0x33, 0x9B, 0x33,
    0x9B, 0x33, 0x9B, 0x33, 0xDD, 0x33, 0xBC, 0x33, 0x9A, 0x2B, 0xFF, 0x03, 0x1F, 0x00, 0x00, 0x00,
    0x00, 0x00, 0x00, 0x00, 0x1F, 0x00, 0xFF, 0x07, 0x5C, 0x2B, 0xBC, 0x33, 0xDD, 0x33, 0x9B, 0x33,
    0x9B, 0x2B, 0x9B, 0x33, 0x9B, 0x33, 0x9B, 0x33, 0x9B, 0x33, 0x9B, 0x33, 0x9B, 0x33, 0x9B, 0x33,
    0x9B, 0x33, 0x9B, 0x33, 0x9B, 0x33, 0x9B, 0x33, 0x9B, 0x33, 0x9B, 0x33, 0x9B, 0x33, 0x9B, 0x33,
    0x9B, 0x33, 0x9B, 0x33, 0x9B, 0x33, 0x9B, 0x33, 0x9B, 0x33, 0x9B, 0x33, 0x9B, 0x33, 0x9B, 0x33,
    0x9B, 0x33, 0xDD, 0x33, 0xBC, 0x33, 0x9A, 0x33, 0x00, 0x00, 0xFF, 0x03, 0x00, 0x00, 0x00, 0x00,
    0x00, 0x00, 0x00, 0x00, 0x00, 0x00, 0x1F, 0x00, 0x00, 0x00, 0x00, 0x00, 0x9B, 0x2B, 0x9C, 0x33,
    0xDD, 0x33, 0xBC, 0x33, 0x9B, 0x2B, 0x7B, 0x2B, 0x7B, 0x2B, 0x7B, 0x2B, 0x7B, 0x2B, 0x7B, 0x2B,
    0x7B, 0x2B, 0x7B, 0x2B, 0x7B, 0x2B, 0x7B, 0x2B, 0x7B, 0x2B, 0x7B, 0x2B, 0x7B, 0x2B, 0x7B, 0x2B,
    0x7B, 0x2B, 0x7B, 0x2B, 0x7B, 0x2B, 0x7B, 0x2B, 0x7B, 0x2B, 0x7B, 0x2B, 0x9C, 0x33, 0xBD, 0x33,
    0xBC, 0x33, 0x9C, 0x33, 0x59, 0x2B, 0x00, 0x00, 0xFF, 0x7B, 0x00, 0x00, 0x00, 0x00, 0x00, 0x00,
    0x00, 0x00, 0x00, 0x00, 0x00, 0x00, 0x00, 0x00, 0xFF, 0x07, 0xFF, 0x07, 0x00, 0x00, 0x7B, 0x2B,
    0x9C, 0x33, 0x9B, 0x2B, 0x7B, 0x2B, 0xBC, 0x33, 0xBC, 0x33, 0xBC, 0x33, 0xBC, 0x33, 0xBC, 0x33,
    0xBC, 0x33, 0xBC, 0x33, 0xBC, 0x33, 0xBC, 0x33, 0xBC, 0x33, 0xBC, 0x33, 0xBC, 0x33, 0xBC, 0x33,
    0xBC, 0x33, 0xBC, 0x33, 0xBC, 0x33, 0xBC, 0x33, 0xBC, 0x33, 0x9C, 0x33, 0x9B, 0x2B, 0x9C, 0x33,
    0x9B, 0x2B, 0x00, 0x00, 0x00, 0x00, 0xFF, 0x7B, 0x00, 0x00, 0x00, 0x00, 0x00, 0x00, 0x00, 0x00,
    0x00, 0x00, 0x00, 0x00, 0x00, 0x00, 0x00, 0x00, 0x00, 0x00, 0x00, 0x00, 0xBF, 0x52, 0x00, 0x00,
    0x00, 0x00, 0xBF, 0x02, 0x9C, 0x33, 0x9C, 0x2B, 0x5A, 0x2B, 0x7B, 0x2B, 0x7B, 0x2B, 0x7B, 0x2B,
    0x7B, 0x2B, 0x7B, 0x2B, 0x7B, 0x2B, 0x7B, 0x2B, 0x7B, 0x2B, 0x7B, 0x2B, 0x7B, 0x2B, 0x7B, 0x2B,
    0x7B, 0x2B, 0x7B, 0x2B, 0x7B, 0x2B, 0x5A, 0x2B, 0x9C, 0x2B, 0x9B, 0x2B, 0x9C, 0x3B, 0x00, 0x00,
    0x00, 0x00, 0xFF, 0x03, 0x1F, 0x00, 0x00, 0x00, 0x00, 0x00, 0x00, 0x00, 0x00, 0x00, 0x00, 0x00,
    0x00, 0x00, 0x00, 0x00, 0x00, 0x00, 0x00, 0x00, 0x00, 0x00, 0x00, 0x00, 0x00, 0x00, 0xFF, 0x03,
    0xF7, 0x3B, 0x00, 0x00, 0x00, 0x00, 0x00, 0x00, 0x00, 0x00, 0x00, 0x00, 0x00, 0x00, 0x00, 0x00,
    0x00, 0x00, 0x00, 0x00, 0x00, 0x00, 0x00, 0x00, 0x00, 0x00, 0x00, 0x00, 0x00, 0x00, 0x00, 0x00,
    0x00, 0x00, 0x00, 0x00, 0x00, 0x00, 0x00, 0x00, 0x00, 0x00, 0x00, 0x00, 0x00, 0x00, 0xF7, 0x3B,
    0xBF, 0x52, 0x00, 0x00, 0x00, 0x00, 0x00, 0x00, 0x00, 0x00, 0x00, 0x00, 0x00, 0x00, 0x00, 0x00,
    0x00, 0x00, 0x00, 0x00, 0x00, 0x00, 0x00, 0x01, 0x03, 0x04, 0x00, 0x00, 0x00, 0x00, 0x00, 0x00,
    0x00, 0x00, 0x00, 0x00, 0x00, 0x00, 0x00, 0x00, 0x00, 0x00, 0x00, 0x00, 0x00, 0x00, 0x03, 0x04,
    0x01, 0x00, 0x00, 0x00, 0x00, 0x00, 0x00, 0x00, 0x00, 0x00, 0x00, 0x00, 0x00, 0x00, 0x03, 0x00,
    0x00, 0x00, 0x03, 0x10, 0x10, 0x10, 0x10, 0x10, 0x10, 0x10, 0x10, 0x10, 0x10, 0x10, 0x10, 0x10,
    0x10, 0x10, 0x10, 0x10, 0x10, 0x09, 0x00, 0x00, 0x00, 0x03, 0x00, 0x00, 0x00, 0x00, 0x00, 0x00,
    0x00, 0x00, 0x00, 0x00, 0x00, 0x04, 0x00, 0x06, 0x4F, 0x9F, 0xD6, 0xEF, 0xEF, 0xF0, 0xF0, 0xF0,
    0xF0, 0xF0, 0xF0, 0xF0, 0xF0, 0xF0, 0xF0, 0xF0, 0xF0, 0xF0, 0xF0, 0xEF, 0xEF, 0xE2, 0xAE, 0x61,
    0x16, 0x00, 0x02, 0x01, 0x00, 0x00, 0x00, 0x00, 0x00, 0x00, 0x00, 0x00, 0x01, 0x00, 0x47, 0xD4,
    0xFF, 0xFF, 0xFF, 0xFF, 0xFF, 0xFF, 0xFF, 0xFF, 0xFF, 0xFF, 0xFF, 0xFF, 0xFF, 0xFF, 0xFF, 0xFF,
    0xFF, 0xFF, 0xFF, 0xFF, 0xFF, 0xFF, 0xFF, 0xFF, 0xE9, 0x6D, 0x00, 0x00, 0x01, 0x00, 0x00, 0x00,
    0x00, 0x00, 0x00, 0x03, 0x01, 0x7F, 0xFF, 0xFF, 0xFC, 0xFB, 0xFD, 0xFE, 0xFE, 0xFE, 0xFE, 0xFE,
    0xFE, 0xFE, 0xFE, 0xFE, 0xFE, 0xFE, 0xFE, 0xFE, 0xFE, 0xFE, 0xFE, 0xFE, 0xFE, 0xFD, 0xFC, 0xFB,
    0xFF, 0xFF, 0xA9, 0x13, 0x01, 0x01, 0x00, 0x00, 0x00, 0x00, 0x04, 0x00, 0x80, 0xFF, 0xFC, 0xFD,
    0xFF, 0xFF, 0xFF, 0xFF, 0xFF, 0xFF, 0xFF, 0xFF, 0xFF, 0xFF, 0xFF, 0xFF, 0xFF, 0xFF, 0xFF, 0xFF,
    0xFF, 0xFF, 0xFF, 0xFF, 0xFF, 0xFF, 0xFF, 0xFF, 0xFE, 0xFA, 0xFF, 0xBB, 0x01, 0x03, 0x00, 0x00,
    0x00, 0x03, 0x00, 0x44, 0xFE, 0xFA, 0xFE, 0xFF, 0xFF, 0xFF, 0xFF, 0xFF, 0xFF, 0xFF, 0xFF, 0xFF,
    0xFF, 0xFF, 0xFF, 0xFF, 0xFF, 0xFF, 0xFF, 0xFF, 0xFF, 0xFF, 0xFF, 0xFF, 0xFF, 0xFF, 0xFF, 0xFF,
    0xFF, 0xFF, 0xF9, 0xFF, 0x7F, 0x00, 0x03, 0x00, 0x00, 0x01, 0x09, 0xD9, 0xFF, 0xFD, 0xFF, 0xFF,
    0xFF, 0xFF, 0xFF, 0xFF, 0xFF, 0xFF, 0xFF, 0xFF, 0xFF, 0xFF, 0xFF, 0xFF, 0xFF, 0xFF, 0xFF, 0xFF,
    0xFF, 0xFF, 0xFF, 0xFF, 0xFF, 0xFF, 0xFF, 0xFF, 0xFF, 0xFF, 0xFE, 0xFD, 0xFA, 0x2A, 0x00, 0x02,
    0x04, 0x00, 0x4C, 0xFF, 0xFC, 0xFF, 0xFF, 0xFF, 0xFF, 0xFF, 0xFF, 0xFF, 0xFF, 0xFF, 0xFF, 0xFF,
    0xFF, 0xFF, 0xFF, 0xFF, 0xFF, 0xFF, 0xFF, 0xFF, 0xFF, 0xFF, 0xFF, 0xFF, 0xFF, 0xFF, 0xFF, 0xFF,
    0xFF, 0xFF, 0xFF, 0xFB, 0xFF, 0x8C, 0x00, 0x05, 0x04, 0x00, 0x9F, 0xFE, 0xFB, 0xFF, 0xFF, 0xFF,
    0xFF, 0xFF, 0xFF, 0xFF, 0xFF, 0xFF, 0xFF, 0xFF, 0xFF, 0xFF, 0xFF, 0xFF, 0xFF, 0xFF, 0xFF, 0xFF,
    0xFF, 0xFF, 0xFF, 0xFF, 0xFF, 0xFF, 0xFF, 0xFF, 0xFF, 0xFF, 0xFF, 0xFD, 0xFF, 0xD9, 0x04, 0x01,
    0x01, 0x08, 0xDB, 0xFF, 0xFD, 0xFF, 0xFF, 0xFF, 0xFF, 0xFF, 0xFF, 0xFF, 0xFF, 0xFF, 0xFF, 0xFF,
    0xFF, 0xFF, 0xFF, 0xFF, 0xFF, 0xFF, 0xFF, 0xFF, 0xFF, 0xFF, 0xFF, 0xFF, 0xFF, 0xFF, 0xFF, 0xFF,
    0xFF, 0xFF, 0xFF, 0xFF, 0xFE, 0xFA, 0x29, 0x00, 0x00, 0x11, 0xF3, 0xFF, 0xFE, 0xFF, 0xFF, 0xFF,
    0xFF, 0xFF, 0xFF, 0xFF, 0xFF, 0xFF, 0xFF, 0xFF, 0xFF, 0xFF, 0xFF, 0xFF, 0xFF, 0xFF, 0xFF, 0xFF,
    0xFF, 0xFF, 0xFF, 0xFF, 0xFF, 0xFF, 0xFF, 0xFF, 0xFF, 0xFF, 0xFF, 0xFF, 0xFD, 0xFF, 0x43, 0x00,
    0x00, 0x10, 0xEF, 0xFF, 0xFE, 0xFF, 0xFF, 0xFF, 0xFF, 0xFF, 0xFF, 0xFF, 0xFF, 0xFF, 0xFF, 0xFF,
    0xFF, 0xFF, 0xFF, 0xFF, 0xFF, 0xFF, 0xFF, 0xFF, 0xFF, 0xFF, 0xFF, 0xFF, 0xFF, 0xFF, 0xFF, 0xFF,
    0xFF, 0xFF, 0xFF, 0xFF, 0xFD, 0xFF, 0x3F, 0x00, 0x00, 0x10, 0xF0, 0xFF, 0xFE, 0xFF, 0xFF, 0xFF,
    0xFF, 0xFF, 0xFF, 0xFF, 0xFF, 0xFF, 0xFF, 0xFF, 0xFF, 0xFF, 0xFF, 0xFF, 0xFF, 0xFF, 0xFF, 0xFF,
    0xFF, 0xFF, 0xFF, 0xFF, 0xFF, 0xFF, 0xFF, 0xFF, 0xFF, 0xFF, 0xFF, 0xFF, 0xFD, 0xFF, 0x40, 0x00,
    0x00, 0x10, 0xF0, 0xFF, 0xFE, 0xFF, 0xFF, 0xFF, 0xFF, 0xFF, 0xFF, 0xFF, 0xFF, 0xFF, 0xFF, 0xFF,
    0xFF, 0xFF, 0xFF, 0xFF, 0xFF, 0xFF, 0xFF, 0xFF, 0xFF, 0xFF, 0xFF, 0xFF, 0xFF, 0xFF, 0xFF, 0xFF,
    0xFF, 0xFF, 0xFF, 0xFF, 0xFD, 0xFF, 0x40, 0x00, 0x00, 0x10, 0xF0, 0xFF, 0xFE, 0xFF, 0xFF, 0xFF,
    0xFF, 0xFF, 0xFF, 0xFF, 0xFF, 0xFF, 0xFF, 0xFF, 0xFF, 0xFF, 0xFF, 0xFF, 0xFF, 0xFF, 0xFF, 0xFF,
    0xFF, 0xFF, 0xFF, 0xFF, 0xFF, 0xFF, 0xFF, 0xFF, 0xFF, 0xFF, 0xFF, 0xFF, 0xFD, 0xFF, 0x40, 0x00,
    0x00, 0x10, 0xF0, 0xFF, 0xFE, 0xFF, 0xFF, 0xFF, 0xFF, 0xFF, 0xFF, 0xFF, 0xFF, 0xFF, 0xFF, 0xFF,
    0xFF, 0xFF, 0xFF, 0xFF, 0xFF, 0xFF, 0xFF, 0xFF, 0xFF, 0xFF, 0xFF, 0xFF, 0xFF, 0xFF, 0xFF, 0xFF,
    0xFF, 0xFF, 0xFF, 0xFF, 0xFD, 0xFF, 0x40, 0x00, 0x00, 0x10, 0xF0, 0xFF, 0xFE, 0xFF, 0xFF, 0xFF,
    0xFF, 0xFF, 0xFF, 0xFF, 0xFF, 0xFF, 0xFF, 0xFF, 0xFF, 0xFF, 0xFF, 0xFF, 0xFF, 0xFF, 0xFF, 0xFF,
    0xFF, 0xFF, 0xFF, 0xFF, 0xFF, 0xFF, 0xFF, 0xFF, 0xFF, 0xFF, 0xFF, 0xFF, 0xFD, 0xFF, 0x40, 0x00,
    0x00, 0x10, 0xF0, 0xFF, 0xFE, 0xFF, 0xFF, 0xFF, 0xFF, 0xFF, 0xFF, 0xFF, 0xFF, 0xFF, 0xFF, 0xFF,
    0xFF, 0xFF, 0xFF, 0xFF, 0xFF, 0xFF, 0xFF, 0xFF, 0xFF, 0xFF, 0xFF, 0xFF, 0xFF, 0xFF, 0xFF, 0xFF,
    0xFF, 0xFF, 0xFF, 0xFF, 0xFD, 0xFF, 0x40, 0x00, 0x00, 0x10, 0xF0, 0xFF, 0xFE, 0xFF, 0xFF, 0xFF,
    0xFF, 0xFF, 0xFF, 0xFF, 0xFF, 0xFF, 0xFF, 0xFF, 0xFF, 0xFF, 0xFF, 0xFF, 0xFF, 0xFF, 0xFF, 0xFF,
    0xFF, 0xFF, 0xFF, 0xFF, 0xFF, 0xFF, 0xFF, 0xFF, 0xFF, 0xFF, 0xFF, 0xFF, 0xFD, 0xFF, 0x40, 0x00,
    0x00, 0x10, 0xF0, 0xFF, 0xFE, 0xFF, 0xFF, 0xFF, 0xFF, 0xFF, 0xFF, 0xFF, 0xFF, 0xFF, 0xFF, 0xFF,
    0xFF, 0xFF, 0xFF, 0xFF, 0xFF, 0xFF, 0xFF, 0xFF, 0xFF, 0xFF, 0xFF, 0xFF, 0xFF, 0xFF, 0xFF, 0xFF,
    0xFF, 0xFF, 0xFF, 0xFF, 0xFD, 0xFF, 0x40, 0x00, 0x00, 0x10, 0xF0, 0xFF, 0xFE, 0xFF, 0xFF, 0xFF,
    0xFF, 0xFF, 0xFF, 0xFF, 0xFF, 0xFF, 0xFF, 0xFF, 0xFF, 0xFF, 0xFF, 0xFF, 0xFF, 0xFF, 0xFF, 0xFF,
    0xFF, 0xFF, 0xFF, 0xFF, 0xFF, 0xFF, 0xFF, 0xFF, 0xFF, 0xFF, 0xFF, 0xFF, 0xFD, 0xFF, 0x40, 0x00,
    0x00, 0x10, 0xF0, 0xFF, 0xFE, 0xFF, 0xFF, 0xFF, 0xFF, 0xFF, 0xFF, 0xFF, 0xFF, 0xFF, 0xFF, 0xFF,
    0xFF, 0xFF, 0xFF, 0xFF, 0xFF, 0xFF, 0xFF, 0xFF, 0xFF, 0xFF, 0xFF, 0xFF, 0xFF, 0xFF, 0xFF, 0xFF,
    0xFF, 0xFF, 0xFF, 0xFF, 0xFD, 0xFF, 0x40, 0x00, 0x00, 0x10, 0xF0, 0xFF, 0xFE, 0xFF, 0xFF, 0xFF,
    0xFF, 0xFF, 0xFF, 0xFF, 0xFF, 0xFF, 0xFF, 0xFF, 0xFF, 0xFF, 0xFF, 0xFF, 0xFF, 0xFF, 0xFF, 0xFF,
    0xFF, 0xFF, 0xFF, 0xFF, 0xFF, 0xFF, 0xFF, 0xFF, 0xFF, 0xFF, 0xFF, 0xFF, 0xFD, 0xFF, 0x40, 0x00,
    0x00, 0x10, 0xF0, 0xFF, 0xFE, 0xFF, 0xFF, 0xFF, 0xFF, 0xFF, 0xFF, 0xFF, 0xFF, 0xFF, 0xFF, 0xFF,
    0xFF, 0xFF, 0xFF, 0xFF, 0xFF, 0xFF, 0xFF, 0xFF, 0xFF, 0xFF, 0xFF, 0xFF, 0xFF, 0xFF, 0xFF, 0xFF,
    0xFF, 0xFF, 0xFF, 0xFF, 0xFD, 0xFF, 0x40, 0x00, 0x00, 0x10, 0xF0, 0xFF, 0xFE, 0xFF, 0xFF, 0xFF,
    0xFF, 0xFF, 0xFF, 0xFF, 0xFF, 0xFF, 0xFF, 0xFF, 0xFF, 0xFF, 0xFF, 0xFF, 0xFF, 0xFF, 0xFF, 0xFF,
    0xFF, 0xFF, 0xFF, 0xFF, 0xFF, 0xFF, 0xFF, 0xFF, 0xFF, 0xFF, 0xFF, 0xFF, 0xFD, 0xFF, 0x40, 0x00,
    0x00, 0x10, 0xF0, 0xFF, 0xFE, 0xFF, 0xFF, 0xFF, 0xFF, 0xFF, 0xFF, 0xFF, 0xFF, 0xFF, 0xFF, 0xFF,
    0xFF, 0xFF, 0xFF, 0xFF, 0xFF, 0xFF, 0xFF, 0xFF, 0xFF, 0xFF, 0xFF, 0xFF, 0xFF, 0xFF, 0xFF, 0xFF,
    0xFF, 0xFF, 0xFF, 0xFF, 0xFD, 0xFF, 0x40, 0x00, 0x00, 0x10, 0xEF, 0xFF, 0xFE, 0xFF, 0xFF, 0xFF,
    0xFF, 0xFF, 0xFF, 0xFF, 0xFF, 0xFF, 0xFF, 0xFF, 0xFF, 0xFF, 0xFF, 0xFF, 0xFF, 0xFF, 0xFF, 0xFF,
    0xFF, 0xFF, 0xFF, 0xFF, 0xFF, 0xFF, 0xFF, 0xFF, 0xFF, 0xFF, 0xFF, 0xFF, 0xFD, 0xFF, 0x3F, 0x00,
    0x00, 0x11, 0xF2, 0xFF, 0xFE, 0xFF, 0xFF, 0xFF, 0xFF, 0xFF, 0xFF, 0xFF, 0xFF, 0xFF, 0xFF, 0xFF,
    0xFF, 0xFF, 0xFF, 0xFF, 0xFF, 0xFF, 0xFF, 0xFF, 0xFF, 0xFF, 0xFF, 0xFF, 0xFF, 0xFF, 0xFF, 0xFF,
    0xFF, 0xFF, 0xFF, 0xFF, 0xFD, 0xFF, 0x42, 0x00, 0x01, 0x0C, 0xE5, 0xFF, 0xFE, 0xFF, 0xFF, 0xFF,
    0xFF, 0xFF, 0xFF, 0xFF, 0xFF, 0xFF, 0xFF, 0xFF, 0xFF, 0xFF, 0xFF, 0xFF, 0xFF, 0xFF, 0xFF, 0xFF,
    0xFF, 0xFF, 0xFF, 0xFF, 0xFF, 0xFF, 0xFF, 0xFF, 0xFF, 0xFF, 0xFF, 0xFF, 0xFE, 0xFD, 0x35, 0x00,
    0x04, 0x00, 0xB0, 0xFE, 0xFC, 0xFF, 0xFF, 0xFF, 0xFF, 0xFF, 0xFF, 0xFF, 0xFF, 0xFF, 0xFF, 0xFF,
    0xFF, 0xFF, 0xFF, 0xFF, 0xFF, 0xFF, 0xFF, 0xFF, 0xFF, 0xFF, 0xFF, 0xFF, 0xFF, 0xFF, 0xFF, 0xFF,
    0xFF, 0xFF, 0xFF, 0xFE, 0xFF, 0xE6, 0x0A, 0x01, 0x04, 0x00, 0x62, 0xFF, 0xFC, 0xFF, 0xFF, 0xFF,
    0xFF, 0xFF, 0xFF, 0xFF, 0xFF, 0xFF, 0xFF, 0xFF, 0xFF, 0xFF, 0xFF, 0xFF, 0xFF, 0xFF, 0xFF, 0xFF,
    0xFF, 0xFF, 0xFF, 0xFF, 0xFF, 0xFF, 0xFF, 0xFF, 0xFF, 0xFF, 0xFF, 0xFB, 0xFE, 0xA2, 0x00, 0x04,
    0x01, 0x01, 0x15, 0xEE, 0xFD, 0xFE, 0xFF, 0xFF, 0xFF, 0xFF, 0xFF, 0xFF, 0xFF, 0xFF, 0xFF, 0xFF,
    0xFF, 0xFF, 0xFF, 0xFF, 0xFF, 0xFF, 0xFF, 0xFF, 0xFF, 0xFF, 0xFF, 0xFF, 0xFF, 0xFF, 0xFF, 0xFF,
    0xFF, 0xFF, 0xFF, 0xFC, 0xFF, 0x42, 0x00, 0x03, 0x00, 0x03, 0x00, 0x6B, 0xFF, 0xFA, 0xFF, 0xFF,
    0xFF, 0xFF, 0xFF, 0xFF, 0xFF, 0xFF, 0xFF, 0xFF, 0xFF, 0xFF, 0xFF, 0xFF, 0xFF, 0xFF, 0xFF, 0xFF,
    0xFF, 0xFF, 0xFF, 0xFF, 0xFF, 0xFF, 0xFF, 0xFF, 0xFF, 0xFF, 0xFA, 0xFF, 0xAA, 0x00, 0x03, 0x00,
    0x00, 0x00, 0x03, 0x00, 0xAC, 0xFF, 0xF9, 0xFE, 0xFF, 0xFF, 0xFF, 0xFF, 0xFF, 0xFF, 0xFF, 0xFF,
    0xFF, 0xFF, 0xFF, 0xFF, 0xFF, 0xFF, 0xFF, 0xFF, 0xFF, 0xFF, 0xFF, 0xFF, 0xFF, 0xFF, 0xFF, 0xFF,
    0xFF, 0xFA, 0xFF, 0xDE, 0x12, 0x02, 0x01, 0x00, 0x00, 0x00, 0x01, 0x01, 0x11, 0xB8, 0xFF, 0xFF,
    0xFB, 0xFD, 0xFE, 0xFF, 0xFF, 0xFF, 0xFF, 0xFF, 0xFF, 0xFF, 0xFF, 0xFF, 0xFF, 0xFF, 0xFF, 0xFF,
    0xFF, 0xFF, 0xFF, 0xFF, 0xFF, 0xFF, 0xFD, 0xFB, 0xFD, 0xFF, 0xDA, 0x34, 0x00, 0x02, 0x00, 0x00,
    0x00, 0x00, 0x00, 0x01, 0x00, 0x00, 0x80, 0xF9, 0xFF, 0xFF, 0xFF, 0xFD, 0xFD, 0xFD, 0xFD, 0xFD,
    0xFD, 0xFD, 0xFD, 0xFD, 0xFD, 0xFD, 0xFD, 0xFD, 0xFD, 0xFD, 0xFD, 0xFD, 0xFD, 0xFE, 0xFF, 0xFF,
    0xFF, 0xA7, 0x13, 0x00, 0x02, 0x00, 0x00, 0x00, 0x00, 0x00, 0x00, 0x00, 0x01, 0x01, 0x00, 0x2C,
    0x8C, 0xD6, 0xFD, 0xFF, 0xFF, 0xFF, 0xFF, 0xFF, 0xFF, 0xFF, 0xFF, 0xFF, 0xFF, 0xFF, 0xFF, 0xFF,
    0xFF, 0xFF, 0xFF, 0xFF, 0xFF, 0xFF, 0xE2, 0x9F, 0x46, 0x00, 0x00, 0x02, 0x00, 0x00, 0x00, 0x00,
    0x00, 0x00, 0x00, 0x00, 0x00, 0x00, 0x03, 0x00, 0x00, 0x03, 0x28, 0x40, 0x40, 0x40, 0x40, 0x40,
    0x40, 0x40, 0x40, 0x40, 0x40, 0x40, 0x40, 0x40, 0x40, 0x40, 0x40, 0x40, 0x40, 0x34, 0x09, 0x00,
    0x00, 0x02, 0x01, 0x00, 0x00, 0x00, 0x00, 0x00, 0x00, 0x00, 0x00, 0x00, 0x00, 0x00, 0x00, 0x02,
    0x04, 0x00, 0x00, 0x00, 0x00, 0x00, 0x00, 0x00, 0x00, 0x00, 0x00, 0x00, 0x00, 0x00, 0x00, 0x00,
    0x00, 0x00, 0x00, 0x00, 0x00, 0x00, 0x00, 0x04, 0x03, 0x00, 0x00, 0x00, 0x00, 0x00, 0x00, 0x00,
};

const lv_image_dsc_t icon_home_about = {
    .header.magic = LV_IMAGE_HEADER_MAGIC,
    .header.cf = LV_COLOR_FORMAT_RGB565A8,
    .header.w = 40,
    .header.h = 40,
    .data_size = 4800,
    .data = icon_home_about_map,
};

