/*******************************************************************************
 * 由 NotoSansSC-VF.ttf 栅格化生成（16 px / 4 bpp），工具：tools/gen_cn_font.py
 * Glyphs: 356   Bitmap: 32434 bytes
 ******************************************************************************/

#include "lvgl.h"

LV_FONT_DECLARE(font_cn_extra);

static LV_ATTRIBUTE_LARGE_CONST const uint8_t glyph_bitmap[] = {
    0x08, 0x00, 0x80, 0x08, 0x00, 0x80, 0x08, 0x00, 0x80, 0x08, 0x00, 0x80, 0x06, 0x00, 0x00, 0x05,
    0x02, 0xd0, 0x90, 0x99, 0x09, 0x90, 0x97, 0x06, 0x00, 0x07, 0x00, 0x80, 0x00, 0x25, 0x00, 0x80,
    0x00, 0x43, 0x01, 0x70, 0x08, 0xb9, 0x89, 0xa6, 0x00, 0x70, 0x04, 0x30, 0x00, 0x80, 0x06, 0x20,
    0x00, 0x80, 0x07, 0x00, 0x38, 0xc8, 0x8c, 0x84, 0x00, 0x80, 0x08, 0x00, 0x01, 0x60, 0x08, 0x00,
    0x03, 0x50, 0x08, 0x00, 0x05, 0x30, 0x17, 0x00, 0x00, 0x08, 0x00, 0x00, 0x00, 0x80, 0x00, 0x00,
    0x8b, 0x87, 0x00, 0x73, 0x00, 0x33, 0x09, 0x00, 0x00, 0x00, 0x90, 0x00, 0x00, 0x03, 0x90, 0x00,
    0x00, 0x03, 0xa4, 0x00, 0x00, 0x00, 0x69, 0x00, 0x00, 0x00, 0x56, 0x00, 0x00, 0x00, 0x90, 0x00,
    0x00, 0x09, 0x17, 0x00, 0x04, 0x70, 0x38, 0x99, 0x70, 0x00, 0x08, 0x00, 0x00, 0x00, 0x80, 0x00,
    0x19, 0x89, 0x10, 0x00, 0x08, 0x00, 0x07, 0x20, 0x27, 0x00, 0x03, 0x50, 0x00, 0x80, 0x00, 0x80,
    0x00, 0x80, 0x00, 0x08, 0x00, 0x08, 0x00, 0x53, 0x00, 0x00, 0x80, 0x00, 0x80, 0x17, 0x06, 0x85,
    0x05, 0x50, 0x55, 0x07, 0x14, 0x60, 0x64, 0x06, 0x76, 0x02, 0x60, 0x80, 0x00, 0x80, 0x00, 0x00,
    0x80, 0x08, 0x00, 0x08, 0x00, 0x00, 0x35, 0x00, 0x80, 0x00, 0x80, 0x00, 0x08, 0x00, 0x08, 0x00,
    0x08, 0x00, 0x05, 0x30, 0x00, 0x64, 0x04, 0x50, 0x01, 0x70, 0x00, 0x00, 0x88, 0x80, 0x00, 0x19,
    0x94, 0x00, 0x00, 0x00, 0x71, 0x09, 0x00, 0x00, 0x00, 0x80, 0x08, 0x00, 0x00, 0x00, 0x80, 0x54,
    0x00, 0x00, 0x00, 0x67, 0x50, 0x00, 0x00, 0x00, 0x8c, 0x00, 0x00, 0x20, 0x08, 0x27, 0x20, 0x01,
    0x80, 0x63, 0x00, 0x90, 0x05, 0x30, 0x90, 0x00, 0x37, 0x09, 0x00, 0x90, 0x00, 0x05, 0xd3, 0x00,
    0x56, 0x00, 0x06, 0xc7, 0x00, 0x06, 0x98, 0x95, 0x04, 0x90, 0x99, 0x97, 0x00, 0x20, 0x06, 0x05,
    0x10, 0x70, 0x25, 0x06, 0x20, 0x80, 0x08, 0x00, 0x80, 0x08, 0x00, 0x80, 0x08, 0x00, 0x53, 0x01,
    0x60, 0x07, 0x00, 0x42, 0x00, 0x70, 0x01, 0x20, 0x07, 0x00, 0x16, 0x00, 0x70, 0x06, 0x20, 0x26,
    0x00, 0x80, 0x08, 0x00, 0x80, 0x08, 0x00, 0x80, 0x08, 0x03, 0x50, 0x61, 0x07, 0x03, 0x40, 0x70,
    0x01, 0x00, 0x00, 0x90, 0x04, 0x5a, 0x64, 0x06, 0xf6, 0x00, 0x93, 0x90, 0x02, 0x02, 0x00, 0x00,
    0x00, 0x70, 0x00, 0x00, 0x00, 0x09, 0x00, 0x00, 0x00, 0x00, 0x90, 0x00, 0x00, 0x00, 0x09, 0x00,
    0x00, 0x18, 0x88, 0xc8, 0x88, 0x10, 0x00, 0x09, 0x00, 0x00, 0x00, 0x00, 0x90, 0x00, 0x00, 0x00,
    0x09, 0x00, 0x00, 0x00, 0x00, 0x20, 0x00, 0x00, 0x02, 0x20, 0x8e, 0x00, 0x80, 0x64, 0x05, 0x00,
    0x39, 0x99, 0x50, 0x05, 0x02, 0xd0, 0x00, 0x00, 0x06, 0x20, 0x00, 0x00, 0x80, 0x00, 0x00, 0x26,
    0x00, 0x00, 0x07, 0x10, 0x00, 0x00, 0x80, 0x00, 0x00, 0x35, 0x00, 0x00, 0x07, 0x10, 0x00, 0x00,
    0x80, 0x00, 0x00, 0x35, 0x00, 0x00, 0x08, 0x00, 0x00, 0x00, 0x80, 0x00, 0x00, 0x44, 0x00, 0x00,
    0x08, 0x00, 0x00, 0x01, 0x80, 0x00, 0x00, 0x53, 0x00, 0x00, 0x08, 0x00, 0x00, 0x00, 0x02, 0x98,
    0x92, 0x00, 0xa0, 0x00, 0xa0, 0x55, 0x00, 0x05, 0x59, 0x10, 0x00, 0x18, 0x90, 0x00, 0x00, 0x99,
    0x00, 0x00, 0x09, 0x90, 0x00, 0x00, 0x99, 0x00, 0x00, 0x09, 0x81, 0x00, 0x01, 0x85, 0x50, 0x00,
    0x55, 0x0a, 0x10, 0x1a, 0x00, 0x29, 0x89, 0x20, 0x05, 0xab, 0x00, 0x00, 0x12, 0x90, 0x00, 0x00,
    0x08, 0x00, 0x00, 0x00, 0x80, 0x00, 0x00, 0x08, 0x00, 0x00, 0x00, 0x80, 0x00, 0x00, 0x08, 0x00,
    0x00, 0x00, 0x80, 0x00, 0x00, 0x08, 0x00, 0x00, 0x00, 0x80, 0x00, 0x00, 0x08, 0x00, 0x04, 0x88,
    0xc8, 0x82, 0x02, 0x98, 0x97, 0x00, 0x17, 0x00, 0x05, 0x50, 0x00, 0x00, 0x00, 0x90, 0x00, 0x00,
    0x00, 0x90, 0x00, 0x00, 0x00, 0x90, 0x00, 0x00, 0x04, 0x50, 0x00, 0x00, 0x09, 0x00, 0x00, 0x00,
    0x63, 0x00, 0x00, 0x04, 0x60, 0x00, 0x00, 0x38, 0x00, 0x00, 0x03, 0x80, 0x00, 0x00, 0x2d, 0x88,
    0x88, 0x83, 0x03, 0x98, 0x98, 0x00, 0x70, 0x00, 0x38, 0x00, 0x00, 0x00, 0xa0, 0x00, 0x00, 0x19,
    0x00, 0x00, 0x29, 0x20, 0x04, 0xbe, 0x30, 0x00, 0x00, 0x2a, 0x10, 0x00, 0x00, 0x19, 0x00, 0x00,
    0x00, 0x90, 0x00, 0x00, 0x09, 0x65, 0x00, 0x06, 0x40, 0x58, 0x89, 0x60, 0x00, 0x00, 0x1a, 0x00,
    0x00, 0x00, 0x89, 0x00, 0x00, 0x02, 0x88, 0x00, 0x00, 0x0a, 0x18, 0x00, 0x00, 0x55, 0x08, 0x00,
    0x01, 0x90, 0x08, 0x00, 0x08, 0x20, 0x08, 0x00, 0x36, 0x00, 0x08, 0x00, 0x88, 0x88, 0x8f, 0x84,
    0x00, 0x00, 0x08, 0x00, 0x00, 0x00, 0x08, 0x00, 0x00, 0x00, 0x08, 0x00, 0x00, 0xb8, 0x88, 0x82,
    0x00, 0x80, 0x00, 0x00, 0x01, 0x80, 0x00, 0x00, 0x02, 0x60, 0x00, 0x00, 0x03, 0x89, 0x99, 0x20,
    0x01, 0x60, 0x01, 0xb2, 0x00, 0x00, 0x00, 0x29, 0x00, 0x00, 0x00, 0x0a, 0x00, 0x00, 0x00, 0x09,
    0x00, 0x00, 0x00, 0x18, 0x19, 0x10, 0x00, 0x92, 0x02, 0x88, 0x89, 0x20, 0x00, 0x79, 0x99, 0x20,
    0x83, 0x00, 0x12, 0x27, 0x00, 0x00, 0x07, 0x20, 0x00, 0x00, 0x90, 0x67, 0x83, 0x0a, 0x82, 0x00,
    0x82, 0xb1, 0x00, 0x01, 0x89, 0x00, 0x00, 0x0a, 0x90, 0x00, 0x00, 0x95, 0x50, 0x00, 0x18, 0x0a,
    0x10, 0x08, 0x20, 0x19, 0x99, 0x40, 0x48, 0x88, 0x88, 0xc1, 0x00, 0x00, 0x02, 0x60, 0x00, 0x00,
    0x08, 0x00, 0x00, 0x00, 0x36, 0x00, 0x00, 0x00, 0x81, 0x00, 0x00, 0x00, 0x90, 0x00, 0x00, 0x03,
    0x60, 0x00, 0x00, 0x06, 0x30, 0x00, 0x00, 0x09, 0x10, 0x00, 0x00, 0x0a, 0x00, 0x00, 0x00, 0x0a,
    0x00, 0x00, 0x00, 0x0a, 0x00, 0x00, 0x00, 0x88, 0x87, 0x00, 0x74, 0x00, 0x56, 0x09, 0x00, 0x00,
    0x90, 0x80, 0x00, 0x08, 0x03, 0x50, 0x02, 0x50, 0x08, 0x82, 0x60, 0x07, 0x31, 0x7a, 0x06, 0x30,
    0x00, 0x56, 0x90, 0x00, 0x00, 0xa9, 0x00, 0x00, 0x09, 0x57, 0x00, 0x05, 0x60, 0x59, 0x88, 0x60,
    0x05, 0x88, 0x92, 0x04, 0x70, 0x01, 0xa0, 0x90, 0x00, 0x04, 0x59, 0x00, 0x00, 0x09, 0x90, 0x00,
    0x00, 0xa4, 0x80, 0x01, 0x8a, 0x04, 0x87, 0x61, 0x90, 0x00, 0x00, 0x09, 0x00, 0x00, 0x03, 0x60,
    0x00, 0x00, 0x82, 0x31, 0x00, 0x37, 0x01, 0x99, 0x87, 0x00, 0x2d, 0x00, 0x50, 0x00, 0x00, 0x00,
    0x00, 0x00, 0x00, 0x00, 0x00, 0x50, 0x2d, 0x00, 0x2d, 0x00, 0x50, 0x00, 0x00, 0x00, 0x00, 0x00,
    0x00, 0x00, 0x00, 0x30, 0x1f, 0x00, 0x90, 0x36, 0x04, 0x00, 0x00, 0x00, 0x00, 0x30, 0x00, 0x05,
    0x96, 0x01, 0x78, 0x40, 0x09, 0x72, 0x00, 0x00, 0x78, 0x40, 0x00, 0x00, 0x05, 0x96, 0x10, 0x00,
    0x00, 0x38, 0x80, 0x00, 0x00, 0x01, 0x38, 0x88, 0x88, 0x86, 0x00, 0x00, 0x00, 0x00, 0x00, 0x00,
    0x00, 0x00, 0x00, 0x00, 0x00, 0x00, 0x38, 0x88, 0x88, 0x86, 0x30, 0x00, 0x00, 0x06, 0x95, 0x00,
    0x00, 0x00, 0x49, 0x71, 0x00, 0x00, 0x02, 0x79, 0x00, 0x00, 0x48, 0x70, 0x16, 0x95, 0x00, 0x88,
    0x30, 0x00, 0x01, 0x00, 0x00, 0x00, 0x04, 0x88, 0x91, 0x05, 0x00, 0x28, 0x00, 0x00, 0x09, 0x00,
    0x00, 0x09, 0x00, 0x00, 0x63, 0x00, 0x01, 0x80, 0x00, 0x08, 0x10, 0x00, 0x08, 0x00, 0x00, 0x06,
    0x00, 0x00, 0x00, 0x00, 0x00, 0x05, 0x00, 0x00, 0x2d, 0x00, 0x00, 0x00, 0x27, 0x88, 0x85, 0x00,
    0x00, 0x00, 0x77, 0x10, 0x00, 0x49, 0x10, 0x00, 0x83, 0x00, 0x00, 0x00, 0x19, 0x00, 0x64, 0x00,
    0x00, 0x00, 0x00, 0x54, 0x18, 0x00, 0x07, 0x87, 0x50, 0x00, 0x85, 0x30, 0x09, 0x20, 0x2b, 0x00,
    0x08, 0x80, 0x05, 0x40, 0x01, 0x90, 0x00, 0x88, 0x00, 0x80, 0x00, 0x36, 0x00, 0x08, 0x80, 0x08,
    0x00, 0x06, 0x40, 0x05, 0x48, 0x00, 0x72, 0x03, 0xa6, 0x02, 0x80, 0x72, 0x01, 0x78, 0x60, 0x88,
    0x60, 0x02, 0x70, 0x00, 0x00, 0x00, 0x00, 0x00, 0x08, 0x30, 0x00, 0x00, 0x00, 0x00, 0x00, 0x08,
    0x61, 0x00, 0x17, 0x20, 0x00, 0x00, 0x03, 0x88, 0x88, 0x20, 0x00, 0x00, 0x00, 0x00, 0xb1, 0x00,
    0x00, 0x00, 0x36, 0x50, 0x00, 0x00, 0x08, 0x08, 0x00, 0x00, 0x00, 0x80, 0x71, 0x00, 0x00, 0x45,
    0x02, 0x60, 0x00, 0x08, 0x00, 0x09, 0x00, 0x00, 0x80, 0x00, 0x72, 0x00, 0x4c, 0x88, 0x8a, 0x80,
    0x08, 0x00, 0x00, 0x09, 0x00, 0x80, 0x00, 0x00, 0x72, 0x54, 0x00, 0x00, 0x02, 0x79, 0x00, 0x00,
    0x00, 0x0a, 0xb8, 0x88, 0x97, 0x00, 0x90, 0x00, 0x04, 0x70, 0x90, 0x00, 0x00, 0x90, 0x90, 0x00,
    0x00, 0x90, 0x90, 0x00, 0x08, 0x40, 0xb8, 0x89, 0xd8, 0x10, 0x90, 0x00, 0x03, 0x92, 0x90, 0x00,
    0x00, 0x18, 0x90, 0x00, 0x00, 0x09, 0x90, 0x00, 0x00, 0x09, 0x90, 0x00, 0x01, 0x93, 0xb8, 0x89,
    0x99, 0x30, 0x00, 0x49, 0x99, 0x92, 0x00, 0x58, 0x00, 0x01, 0x70, 0x19, 0x00, 0x00, 0x00, 0x06,
    0x30, 0x00, 0x00, 0x00, 0x90, 0x00, 0x00, 0x00, 0x09, 0x00, 0x00, 0x00, 0x00, 0xa0, 0x00, 0x00,
    0x00, 0x09, 0x00, 0x00, 0x00, 0x00, 0x63, 0x00, 0x00, 0x00, 0x01, 0xa0, 0x00, 0x00, 0x00, 0x05,
    0x80, 0x00, 0x08, 0x20, 0x04, 0x99, 0x99, 0x30, 0xb8, 0x88, 0x94, 0x00, 0x90, 0x00, 0x07, 0x60,
    0x90, 0x00, 0x00, 0x92, 0x90, 0x00, 0x00, 0x37, 0x90, 0x00, 0x00, 0x09, 0x90, 0x00, 0x00, 0x09,
    0x90, 0x00, 0x00, 0x09, 0x90, 0x00, 0x00, 0x09, 0x90, 0x00, 0x00, 0x37, 0x90, 0x00, 0x00, 0x92,
    0x90, 0x00, 0x07, 0x60, 0xb8, 0x88, 0x94, 0x00, 0xb8, 0x88, 0x88, 0x49, 0x00, 0x00, 0x00, 0x90,
    0x00, 0x00, 0x09, 0x00, 0x00, 0x00, 0x90, 0x00, 0x00, 0x0b, 0x88, 0x88, 0x40, 0x90, 0x00, 0x00,
    0x09, 0x00, 0x00, 0x00, 0x90, 0x00, 0x00, 0x09, 0x00, 0x00, 0x00, 0x90, 0x00, 0x00, 0x0b, 0x88,
    0x88, 0x85, 0xb8, 0x88, 0x88, 0x39, 0x00, 0x00, 0x00, 0x90, 0x00, 0x00, 0x09, 0x00, 0x00, 0x00,
    0x90, 0x00, 0x00, 0x0b, 0x88, 0x88, 0x40, 0x90, 0x00, 0x00, 0x09, 0x00, 0x00, 0x00, 0x90, 0x00,
    0x00, 0x09, 0x00, 0x00, 0x00, 0x90, 0x00, 0x00, 0x09, 0x00, 0x00, 0x00, 0x00, 0x29, 0x99, 0x97,
    0x00, 0x49, 0x10, 0x00, 0x35, 0x1a, 0x00, 0x00, 0x00, 0x06, 0x40, 0x00, 0x00, 0x00, 0x90, 0x00,
    0x00, 0x00, 0x0a, 0x00, 0x00, 0x00, 0x00, 0x90, 0x00, 0x06, 0x88, 0x99, 0x00, 0x00, 0x00, 0x09,
    0x64, 0x00, 0x00, 0x00, 0x91, 0xa0, 0x00, 0x00, 0x09, 0x04, 0x91, 0x00, 0x01, 0xa0, 0x03, 0x99,
    0x99, 0x81, 0x90, 0x00, 0x00, 0x09, 0x90, 0x00, 0x00, 0x09, 0x90, 0x00, 0x00, 0x09, 0x90, 0x00,
    0x00, 0x09, 0x90, 0x00, 0x00, 0x09, 0xb8, 0x88, 0x88, 0x8b, 0x90, 0x00, 0x00, 0x09, 0x90, 0x00,
    0x00, 0x09, 0x90, 0x00, 0x00, 0x09, 0x90, 0x00, 0x00, 0x09, 0x90, 0x00, 0x00, 0x09, 0x90, 0x00,
    0x00, 0x09, 0x99, 0x99, 0x99, 0x99, 0x99, 0x99, 0x00, 0x00, 0x09, 0x00, 0x00, 0x09, 0x00, 0x00,
    0x09, 0x00, 0x00, 0x09, 0x00, 0x00, 0x09, 0x00, 0x00, 0x09, 0x00, 0x00, 0x09, 0x00, 0x00, 0x09,
    0x00, 0x00, 0x09, 0x00, 0x00, 0x09, 0x72, 0x00, 0x46, 0x18, 0x99, 0x80, 0x90, 0x00, 0x00, 0x92,
    0x90, 0x00, 0x08, 0x30, 0x90, 0x00, 0x75, 0x00, 0x90, 0x05, 0x70, 0x00, 0x90, 0x3c, 0x00, 0x00,
    0x92, 0x96, 0x50, 0x00, 0xa9, 0x10, 0xa0, 0x00, 0xb2, 0x00, 0x47, 0x00, 0x90, 0x00, 0x0a, 0x10,
    0x90, 0x00, 0x03, 0x80, 0x90, 0x00, 0x00, 0x92, 0x90, 0x00, 0x00, 0x19, 0x90, 0x00, 0x00, 0x09,
    0x00, 0x00, 0x00, 0x90, 0x00, 0x00, 0x09, 0x00, 0x00, 0x00, 0x90, 0x00, 0x00, 0x09, 0x00, 0x00,
    0x00, 0x90, 0x00, 0x00, 0x09, 0x00, 0x00, 0x00, 0x90, 0x00, 0x00, 0x09, 0x00, 0x00, 0x00, 0x90,
    0x00, 0x00, 0x0b, 0x88, 0x88, 0x82, 0xb5, 0x00, 0x00, 0x05, 0xb8, 0x90, 0x00, 0x00, 0x88, 0x88,
    0x10, 0x00, 0x17, 0x88, 0x45, 0x00, 0x05, 0x38, 0x80, 0x80, 0x00, 0x80, 0x88, 0x08, 0x10, 0x07,
    0x08, 0x80, 0x45, 0x05, 0x30, 0x88, 0x00, 0x80, 0x80, 0x08, 0x80, 0x08, 0x17, 0x00, 0x88, 0x00,
    0x3a, 0x30, 0x08, 0x80, 0x00, 0x80, 0x00, 0x88, 0x00, 0x00, 0x00, 0x08, 0xb2, 0x00, 0x00, 0x08,
    0x89, 0x00, 0x00, 0x08, 0x85, 0x50, 0x00, 0x08, 0x80, 0xa0, 0x00, 0x08, 0x80, 0x37, 0x00, 0x08,
    0x80, 0x09, 0x10, 0x08, 0x80, 0x02, 0x90, 0x08, 0x80, 0x00, 0x73, 0x08, 0x80, 0x00, 0x0a, 0x08,
    0x80, 0x00, 0x05, 0x58, 0x80, 0x00, 0x00, 0x98, 0x80, 0x00, 0x00, 0x3b, 0x00, 0x39, 0x99, 0x93,
    0x00, 0x05, 0x80, 0x00, 0x08, 0x50, 0x19, 0x00, 0x00, 0x00, 0x91, 0x63, 0x00, 0x00, 0x00, 0x36,
    0x90, 0x00, 0x00, 0x00, 0x09, 0x90, 0x00, 0x00, 0x00, 0x09, 0x90, 0x00, 0x00, 0x00, 0x09, 0x90,
    0x00, 0x00, 0x00, 0x09, 0x63, 0x00, 0x00, 0x00, 0x46, 0x19, 0x00, 0x00, 0x00, 0x91, 0x04, 0x80,
    0x00, 0x08, 0x40, 0x00, 0x39, 0x99, 0x93, 0x00, 0xb8, 0x89, 0x96, 0x09, 0x00, 0x00, 0x66, 0x90,
    0x00, 0x00, 0xa9, 0x00, 0x00, 0x0a, 0x90, 0x00, 0x01, 0x99, 0x00, 0x01, 0xa3, 0xb8, 0x89, 0x82,
    0x09, 0x00, 0x00, 0x00, 0x90, 0x00, 0x00, 0x09, 0x00, 0x00, 0x00, 0x90, 0x00, 0x00, 0x09, 0x00,
    0x00, 0x00, 0x00, 0x39, 0x99, 0x93, 0x00, 0x05, 0x80, 0x00, 0x08, 0x50, 0x19, 0x00, 0x00, 0x00,
    0x91, 0x63, 0x00, 0x00, 0x00, 0x36, 0x90, 0x00, 0x00, 0x00, 0x09, 0x90, 0x00, 0x00, 0x00, 0x09,
    0x90, 0x00, 0x00, 0x00, 0x09, 0x90, 0x00, 0x00, 0x00, 0x09, 0x63, 0x00, 0x00, 0x00, 0x46, 0x19,
    0x00, 0x00, 0x00, 0x91, 0x04, 0x80, 0x00, 0x08, 0x40, 0x00, 0x39, 0xa9, 0x93, 0x00, 0x00, 0x00,
    0x29, 0x00, 0x00, 0x00, 0x00, 0x07, 0x70, 0x00, 0x00, 0x00, 0x00, 0x49, 0x97, 0xb8, 0x89, 0x97,
    0x09, 0x00, 0x00, 0x66, 0x90, 0x00, 0x00, 0xa9, 0x00, 0x00, 0x0a, 0x90, 0x00, 0x01, 0x99, 0x00,
    0x01, 0xa3, 0xb8, 0x8d, 0x82, 0x09, 0x00, 0x55, 0x00, 0x90, 0x00, 0xa1, 0x09, 0x00, 0x03, 0x70,
    0x90, 0x00, 0x08, 0x29, 0x00, 0x00, 0x19, 0x00, 0x79, 0x99, 0x50, 0x07, 0x40, 0x00, 0x62, 0x09,
    0x00, 0x00, 0x00, 0x09, 0x00, 0x00, 0x00, 0x03, 0xa1, 0x00, 0x00, 0x00, 0x29, 0x82, 0x00, 0x00,
    0x00, 0x29, 0x70, 0x00, 0x00, 0x00, 0x56, 0x00, 0x00, 0x00, 0x09, 0x00, 0x00, 0x00, 0x09, 0x29,
    0x10, 0x00, 0x75, 0x02, 0x99, 0x99, 0x50, 0x48, 0x88, 0xc8, 0x88, 0x50, 0x00, 0x09, 0x00, 0x00,
    0x00, 0x00, 0x90, 0x00, 0x00, 0x00, 0x09, 0x00, 0x00, 0x00, 0x00, 0x90, 0x00, 0x00, 0x00, 0x09,
    0x00, 0x00, 0x00, 0x00, 0x90, 0x00, 0x00, 0x00, 0x09, 0x00, 0x00, 0x00, 0x00, 0x90, 0x00, 0x00,
    0x00, 0x09, 0x00, 0x00, 0x00, 0x00, 0x90, 0x00, 0x00, 0x00, 0x09, 0x00, 0x00, 0x90, 0x00, 0x00,
    0x08, 0x90, 0x00, 0x00, 0x08, 0x90, 0x00, 0x00, 0x08, 0x90, 0x00, 0x00, 0x08, 0x90, 0x00, 0x00,
    0x08, 0x90, 0x00, 0x00, 0x08, 0x90, 0x00, 0x00, 0x08, 0x90, 0x00, 0x00, 0x09, 0x90, 0x00, 0x00,
    0x09, 0x73, 0x00, 0x00, 0x27, 0x1a, 0x10, 0x01, 0xa1, 0x03, 0xa9, 0x89, 0x20, 0x90, 0x00, 0x00,
    0x05, 0x46, 0x30, 0x00, 0x00, 0x90, 0x18, 0x00, 0x00, 0x08, 0x00, 0x90, 0x00, 0x04, 0x40, 0x07,
    0x20, 0x00, 0x80, 0x00, 0x27, 0x00, 0x08, 0x00, 0x00, 0x80, 0x03, 0x50, 0x00, 0x07, 0x10, 0x71,
    0x00, 0x00, 0x26, 0x08, 0x00, 0x00, 0x00, 0x82, 0x60, 0x00, 0x00, 0x07, 0x71, 0x00, 0x00, 0x00,
    0x3b, 0x00, 0x00, 0x54, 0x00, 0x00, 0xa3, 0x00, 0x00, 0x92, 0x70, 0x00, 0x08, 0x70, 0x00, 0x08,
    0x09, 0x00, 0x04, 0x48, 0x00, 0x03, 0x50, 0x90, 0x00, 0x71, 0x80, 0x00, 0x72, 0x07, 0x20, 0x08,
    0x05, 0x40, 0x08, 0x00, 0x45, 0x01, 0x70, 0x17, 0x00, 0x80, 0x01, 0x80, 0x44, 0x00, 0x90, 0x17,
    0x00, 0x08, 0x08, 0x00, 0x08, 0x14, 0x40, 0x00, 0x80, 0x80, 0x00, 0x44, 0x71, 0x00, 0x05, 0x37,
    0x00, 0x01, 0x77, 0x00, 0x00, 0x2a, 0x30, 0x00, 0x08, 0x70, 0x00, 0x00, 0xc0, 0x00, 0x00, 0x75,
    0x00, 0x37, 0x00, 0x00, 0x27, 0x08, 0x10, 0x00, 0x81, 0x01, 0x80, 0x03, 0x50, 0x00, 0x62, 0x08,
    0x00, 0x00, 0x08, 0x53, 0x00, 0x00, 0x05, 0x90, 0x00, 0x00, 0x07, 0x90, 0x00, 0x00, 0x26, 0x36,
    0x00, 0x00, 0x80, 0x08, 0x10, 0x04, 0x50, 0x01, 0x80, 0x09, 0x00, 0x00, 0x72, 0x63, 0x00, 0x00,
    0x19, 0x18, 0x00, 0x00, 0x07, 0x10, 0x81, 0x00, 0x01, 0x70, 0x01, 0x80, 0x00, 0x71, 0x00, 0x08,
    0x10, 0x17, 0x00, 0x00, 0x17, 0x07, 0x10, 0x00, 0x00, 0x71, 0x70, 0x00, 0x00, 0x02, 0xc2, 0x00,
    0x00, 0x00, 0x09, 0x00, 0x00, 0x00, 0x00, 0x90, 0x00, 0x00, 0x00, 0x09, 0x00, 0x00, 0x00, 0x00,
    0x90, 0x00, 0x00, 0x00, 0x09, 0x00, 0x00, 0x38, 0x88, 0x88, 0xb6, 0x00, 0x00, 0x00, 0x90, 0x00,
    0x00, 0x06, 0x30, 0x00, 0x00, 0x18, 0x00, 0x00, 0x00, 0x81, 0x00, 0x00, 0x04, 0x50, 0x00, 0x00,
    0x09, 0x00, 0x00, 0x00, 0x72, 0x00, 0x00, 0x02, 0x70, 0x00, 0x00, 0x09, 0x10, 0x00, 0x00, 0x55,
    0x00, 0x00, 0x00, 0xc8, 0x88, 0x88, 0x85, 0x87, 0x67, 0x00, 0x70, 0x07, 0x00, 0x70, 0x07, 0x00,
    0x70, 0x07, 0x00, 0x70, 0x07, 0x00, 0x70, 0x07, 0x00, 0x70, 0x07, 0x00, 0x70, 0x06, 0x66, 0x80,
    0x00, 0x00, 0x06, 0x20, 0x00, 0x00, 0x17, 0x00, 0x00, 0x00, 0x80, 0x00, 0x00, 0x06, 0x20, 0x00,
    0x00, 0x17, 0x00, 0x00, 0x00, 0x80, 0x00, 0x00, 0x05, 0x30, 0x00, 0x00, 0x18, 0x00, 0x00, 0x00,
    0x80, 0x00, 0x00, 0x04, 0x40, 0x00, 0x00, 0x08, 0x00, 0x00, 0x00, 0x80, 0x00, 0x00, 0x04, 0x50,
    0x00, 0x00, 0x08, 0x00, 0x00, 0x00, 0x81, 0x67, 0x90, 0x07, 0x00, 0x70, 0x07, 0x00, 0x70, 0x07,
    0x00, 0x70, 0x07, 0x00, 0x70, 0x07, 0x00, 0x70, 0x07, 0x00, 0x70, 0x07, 0x00, 0x76, 0x66, 0x00,
    0x59, 0x00, 0x00, 0x08, 0x71, 0x00, 0x02, 0x62, 0x60, 0x00, 0x71, 0x08, 0x00, 0x08, 0x00, 0x53,
    0x03, 0x50, 0x01, 0x80, 0x80, 0x00, 0x08, 0x00, 0x79, 0x99, 0x99, 0x99, 0x50, 0x05, 0x00, 0x07,
    0x40, 0x00, 0x82, 0x00, 0x03, 0x05, 0x88, 0x88, 0x02, 0x40, 0x00, 0x46, 0x00, 0x00, 0x00, 0x90,
    0x00, 0x25, 0x7a, 0x06, 0x86, 0x31, 0x86, 0x40, 0x00, 0x08, 0x90, 0x00, 0x00, 0x89, 0x10, 0x00,
    0x6a, 0x19, 0x88, 0x82, 0x80, 0x40, 0x00, 0x00, 0x08, 0x00, 0x00, 0x00, 0x80, 0x00, 0x00, 0x08,
    0x00, 0x00, 0x00, 0x80, 0x00, 0x00, 0x08, 0x38, 0x89, 0x50, 0xa6, 0x00, 0x08, 0x38, 0x00, 0x00,
    0x18, 0x80, 0x00, 0x00, 0x98, 0x00, 0x00, 0x09, 0x80, 0x00, 0x00, 0x98, 0x00, 0x00, 0x36, 0xa3,
    0x00, 0x1a, 0x18, 0x59, 0x89, 0x20, 0x01, 0x88, 0x88, 0x11, 0xa1, 0x00, 0x22, 0x64, 0x00, 0x00,
    0x09, 0x00, 0x00, 0x00, 0x90, 0x00, 0x00, 0x09, 0x00, 0x00, 0x00, 0x73, 0x00, 0x00, 0x01, 0xa1,
    0x00, 0x14, 0x02, 0x98, 0x88, 0x10, 0x00, 0x00, 0x00, 0x40, 0x00, 0x00, 0x08, 0x00, 0x00, 0x00,
    0x80, 0x00, 0x00, 0x08, 0x00, 0x00, 0x00, 0x80, 0x29, 0x88, 0x69, 0x1a, 0x10, 0x03, 0xa7, 0x40,
    0x00, 0x08, 0x90, 0x00, 0x00, 0x89, 0x00, 0x00, 0x08, 0x90, 0x00, 0x00, 0x88, 0x20, 0x00, 0x08,
    0x2a, 0x00, 0x05, 0xa0, 0x49, 0x88, 0x38, 0x02, 0x98, 0x95, 0x01, 0xa1, 0x00, 0x83, 0x73, 0x00,
    0x01, 0x89, 0x00, 0x00, 0x09, 0xb8, 0x88, 0x88, 0x89, 0x00, 0x00, 0x00, 0x73, 0x00, 0x00, 0x01,
    0xa1, 0x00, 0x01, 0x02, 0x98, 0x98, 0x20, 0x01, 0x88, 0x20, 0x82, 0x00, 0x08, 0x00, 0x00, 0x80,
    0x00, 0x08, 0x00, 0x07, 0xf8, 0x60, 0x08, 0x00, 0x00, 0x80, 0x00, 0x08, 0x00, 0x00, 0x80, 0x00,
    0x08, 0x00, 0x00, 0x80, 0x00, 0x08, 0x00, 0x00, 0x80, 0x00, 0x05, 0x88, 0xbf, 0x85, 0x56, 0x00,
    0x05, 0x70, 0x90, 0x00, 0x00, 0x90, 0x80, 0x00, 0x00, 0x90, 0x14, 0x00, 0x09, 0x40, 0x03, 0x87,
    0x94, 0x00, 0x09, 0x00, 0x00, 0x00, 0x09, 0x00, 0x00, 0x00, 0x04, 0xb9, 0x99, 0x61, 0x39, 0x00,
    0x00, 0x48, 0xb4, 0x00, 0x00, 0x08, 0x98, 0x00, 0x00, 0x64, 0x08, 0xa8, 0x88, 0x40, 0x80, 0x00,
    0x00, 0x80, 0x00, 0x00, 0x80, 0x00, 0x00, 0x80, 0x00, 0x00, 0x82, 0x88, 0x91, 0xa7, 0x00, 0x27,
    0x90, 0x00, 0x08, 0x80, 0x00, 0x08, 0x80, 0x00, 0x08, 0x80, 0x00, 0x08, 0x80, 0x00, 0x08, 0x80,
    0x00, 0x08, 0x80, 0x00, 0x08, 0x77, 0x21, 0x00, 0x80, 0x80, 0x80, 0x80, 0x80, 0x80, 0x80, 0x80,
    0x80, 0x00, 0x86, 0x00, 0x21, 0x00, 0x00, 0x00, 0x80, 0x00, 0x80, 0x00, 0x80, 0x00, 0x80, 0x00,
    0x80, 0x00, 0x80, 0x00, 0x80, 0x00, 0x80, 0x00, 0x80, 0x00, 0x80, 0x00, 0x90, 0x00, 0x90, 0x78,
    0x40, 0x80, 0x00, 0x00, 0x08, 0x00, 0x00, 0x00, 0x80, 0x00, 0x00, 0x08, 0x00, 0x00, 0x00, 0x80,
    0x00, 0x46, 0x08, 0x00, 0x19, 0x00, 0x80, 0x09, 0x10, 0x08, 0x08, 0x40, 0x00, 0x84, 0x69, 0x00,
    0x0a, 0x80, 0x54, 0x00, 0xa0, 0x00, 0x90, 0x08, 0x00, 0x03, 0x60, 0x80, 0x00, 0x08, 0x10, 0x40,
    0x80, 0x80, 0x80, 0x80, 0x80, 0x80, 0x80, 0x80, 0x80, 0x80, 0x80, 0x80, 0x84, 0x72, 0x88, 0x91,
    0x28, 0x89, 0x1a, 0x60, 0x03, 0x97, 0x00, 0x37, 0x90, 0x00, 0x0a, 0x00, 0x00, 0x88, 0x00, 0x00,
    0x90, 0x00, 0x08, 0x80, 0x00, 0x08, 0x00, 0x00, 0x88, 0x00, 0x00, 0x80, 0x00, 0x08, 0x80, 0x00,
    0x08, 0x00, 0x00, 0x88, 0x00, 0x00, 0x80, 0x00, 0x08, 0x80, 0x00, 0x08, 0x00, 0x00, 0x80, 0x72,
    0x88, 0x91, 0xa6, 0x00, 0x27, 0x90, 0x00, 0x08, 0x80, 0x00, 0x08, 0x80, 0x00, 0x08, 0x80, 0x00,
    0x08, 0x80, 0x00, 0x08, 0x80, 0x00, 0x08, 0x80, 0x00, 0x08, 0x01, 0x98, 0x89, 0x10, 0x1a, 0x10,
    0x01, 0xa1, 0x64, 0x00, 0x00, 0x47, 0x90, 0x00, 0x00, 0x09, 0x90, 0x00, 0x00, 0x09, 0x90, 0x00,
    0x00, 0x09, 0x73, 0x00, 0x00, 0x36, 0x1a, 0x10, 0x01, 0xa1, 0x01, 0x98, 0x89, 0x10, 0x83, 0x98,
    0x95, 0x0b, 0x60, 0x00, 0x82, 0x80, 0x00, 0x01, 0x88, 0x00, 0x00, 0x09, 0x80, 0x00, 0x00, 0x98,
    0x00, 0x00, 0x09, 0x80, 0x00, 0x03, 0x6a, 0x30, 0x01, 0xa1, 0x85, 0x98, 0x92, 0x08, 0x00, 0x00,
    0x00, 0x80, 0x00, 0x00, 0x08, 0x00, 0x00, 0x00, 0x80, 0x00, 0x00, 0x00, 0x01, 0x98, 0x86, 0x81,
    0xa1, 0x00, 0x3a, 0x64, 0x00, 0x00, 0x89, 0x00, 0x00, 0x08, 0x90, 0x00, 0x00, 0x89, 0x00, 0x00,
    0x08, 0x82, 0x00, 0x00, 0x82, 0xa0, 0x00, 0x5a, 0x04, 0x98, 0x83, 0x80, 0x00, 0x00, 0x08, 0x00,
    0x00, 0x00, 0x80, 0x00, 0x00, 0x08, 0x00, 0x00, 0x00, 0x80, 0x83, 0x99, 0x09, 0x70, 0x00, 0xa1,
    0x00, 0x08, 0x00, 0x00, 0x80, 0x00, 0x08, 0x00, 0x00, 0x80, 0x00, 0x08, 0x00, 0x00, 0x80, 0x00,
    0x00, 0x01, 0x98, 0x88, 0x10, 0x81, 0x00, 0x11, 0x09, 0x00, 0x00, 0x00, 0x49, 0x20, 0x00, 0x00,
    0x17, 0x94, 0x00, 0x00, 0x00, 0x76, 0x00, 0x00, 0x00, 0x91, 0x60, 0x00, 0x28, 0x04, 0x98, 0x88,
    0x10, 0x00, 0x40, 0x00, 0x00, 0x80, 0x00, 0x00, 0x80, 0x00, 0x18, 0xc8, 0x82, 0x00, 0x80, 0x00,
    0x00, 0x80, 0x00, 0x00, 0x80, 0x00, 0x00, 0x80, 0x00, 0x00, 0x80, 0x00, 0x00, 0x80, 0x00, 0x00,
    0x80, 0x00, 0x00, 0x39, 0x83, 0x90, 0x00, 0x08, 0x90, 0x00, 0x08, 0x90, 0x00, 0x08, 0x90, 0x00,
    0x08, 0x90, 0x00, 0x08, 0x90, 0x00, 0x08, 0x90, 0x00, 0x09, 0x72, 0x00, 0x7a, 0x19, 0x88, 0x28,
    0x91, 0x00, 0x00, 0x81, 0x45, 0x00, 0x00, 0x90, 0x09, 0x00, 0x03, 0x60, 0x08, 0x10, 0x08, 0x10,
    0x03, 0x60, 0x08, 0x00, 0x00, 0x80, 0x45, 0x00, 0x00, 0x71, 0x80, 0x00, 0x00, 0x26, 0x80, 0x00,
    0x00, 0x0b, 0x40, 0x00, 0x73, 0x00, 0x08, 0x70, 0x00, 0x45, 0x27, 0x00, 0x08, 0x80, 0x00, 0x81,
    0x09, 0x00, 0x26, 0x81, 0x00, 0x90, 0x08, 0x00, 0x62, 0x44, 0x01, 0x70, 0x05, 0x40, 0x70, 0x18,
    0x05, 0x30, 0x01, 0x80, 0x70, 0x08, 0x08, 0x00, 0x00, 0x83, 0x50, 0x07, 0x18, 0x00, 0x00, 0x77,
    0x10, 0x03, 0x76, 0x00, 0x00, 0x3b, 0x00, 0x00, 0xd2, 0x00, 0x36, 0x00, 0x06, 0x20, 0x81, 0x01,
    0x70, 0x01, 0x80, 0x81, 0x00, 0x05, 0x75, 0x00, 0x00, 0x1d, 0x10, 0x00, 0x08, 0x27, 0x00, 0x03,
    0x50, 0x73, 0x00, 0x90, 0x00, 0x90, 0x73, 0x00, 0x04, 0x60, 0x91, 0x00, 0x00, 0x72, 0x36, 0x00,
    0x00, 0x90, 0x09, 0x00, 0x02, 0x70, 0x07, 0x20, 0x07, 0x20, 0x01, 0x70, 0x09, 0x00, 0x00, 0x80,
    0x27, 0x00, 0x00, 0x43, 0x62, 0x00, 0x00, 0x08, 0x80, 0x00, 0x00, 0x07, 0x70, 0x00, 0x00, 0x06,
    0x20, 0x00, 0x00, 0x08, 0x00, 0x00, 0x00, 0x54, 0x00, 0x00, 0x59, 0x60, 0x00, 0x00, 0x48, 0x88,
    0x8c, 0x00, 0x00, 0x06, 0x40, 0x00, 0x01, 0x80, 0x00, 0x00, 0x81, 0x00, 0x00, 0x55, 0x00, 0x00,
    0x18, 0x00, 0x00, 0x08, 0x10, 0x00, 0x04, 0x60, 0x00, 0x00, 0xc8, 0x88, 0x88, 0x10, 0x00, 0x47,
    0x40, 0x08, 0x00, 0x00, 0x70, 0x00, 0x07, 0x00, 0x00, 0x70, 0x00, 0x07, 0x00, 0x00, 0x80, 0x01,
    0xb4, 0x00, 0x01, 0x80, 0x00, 0x07, 0x00, 0x00, 0x70, 0x00, 0x07, 0x00, 0x00, 0x70, 0x00, 0x07,
    0x00, 0x00, 0x80, 0x00, 0x02, 0x74, 0x47, 0x77, 0x77, 0x77, 0x77, 0x77, 0x77, 0x77, 0x77, 0x70,
    0x47, 0x40, 0x00, 0x08, 0x00, 0x00, 0x70, 0x00, 0x07, 0x00, 0x00, 0x70, 0x00, 0x07, 0x00, 0x00,
    0x80, 0x00, 0x04, 0xc1, 0x00, 0x81, 0x00, 0x07, 0x00, 0x00, 0x70, 0x00, 0x07, 0x00, 0x00, 0x70,
    0x00, 0x07, 0x00, 0x00, 0x70, 0x04, 0x71, 0x00, 0x04, 0x96, 0x00, 0x01, 0x17, 0x05, 0x80, 0x35,
    0x01, 0x00, 0x38, 0x60, 0x6b, 0x3e, 0xfa, 0x8e, 0x50, 0x28, 0x88, 0x88, 0x88, 0x88, 0x88, 0x83,
    0x01, 0x27, 0x80, 0xda, 0xac, 0xa8, 0xce, 0x09, 0x63, 0x20, 0x01, 0x00, 0x12, 0x80, 0x27, 0x90,
    0x08, 0x0d, 0xb0, 0xda, 0xad, 0x0a, 0xc0, 0xa8, 0x0b, 0x8c, 0xe0, 0xde, 0x09, 0x00, 0x96, 0x30,
    0x73, 0x20, 0x02, 0x00, 0x73, 0x00, 0x03, 0x70, 0x00, 0x08, 0x2c, 0x60, 0x00, 0x6c, 0x00, 0x01,
    0xd4, 0x10, 0x00, 0x07, 0x50, 0x00, 0x06, 0x60, 0x00, 0x06, 0x60, 0x00, 0x06, 0x00, 0x1b, 0xca,
    0x0b, 0x30, 0x59, 0xc0, 0x00, 0xcb, 0x20, 0x49, 0x2b, 0xca, 0x10, 0x00, 0x00, 0x30, 0x21, 0x00,
    0x00, 0x70, 0x70, 0x00, 0x06, 0x13, 0x50, 0x00, 0x16, 0x07, 0x00, 0x00, 0x71, 0x44, 0x00, 0x02,
    0x60, 0x70, 0x00, 0x07, 0x05, 0x30, 0x00, 0x25, 0x07, 0x00, 0x00, 0x16, 0x07, 0x00, 0x00, 0x06,
    0x14, 0x40, 0x00, 0x01, 0x60, 0x70, 0x00, 0x00, 0x61, 0x35, 0x00, 0x00, 0x07, 0x07, 0x00, 0x00,
    0x05, 0x22, 0x50, 0x00, 0x00, 0x70, 0x71, 0x00, 0x00, 0x10, 0x11, 0x12, 0x03, 0x00, 0x00, 0x07,
    0x07, 0x00, 0x00, 0x05, 0x31, 0x60, 0x00, 0x00, 0x70, 0x61, 0x00, 0x00, 0x43, 0x16, 0x00, 0x00,
    0x07, 0x06, 0x10, 0x00, 0x03, 0x40, 0x70, 0x00, 0x00, 0x70, 0x52, 0x00, 0x00, 0x70, 0x61, 0x00,
    0x04, 0x31, 0x60, 0x00, 0x07, 0x06, 0x10, 0x00, 0x52, 0x16, 0x00, 0x00, 0x70, 0x70, 0x00, 0x06,
    0x22, 0x50, 0x00, 0x17, 0x07, 0x00, 0x00, 0x11, 0x01, 0x00, 0x00, 0x2b, 0xbb, 0xbb, 0xbb, 0xbb,
    0xbb, 0xbb, 0xb3, 0x0a, 0xbb, 0xbb, 0xbb, 0xbb, 0xbb, 0xb1, 0x00, 0x00, 0x00, 0x00, 0x00, 0x00,
    0x00, 0x00, 0x00, 0x00, 0x00, 0x00, 0x00, 0x00, 0x00, 0x00, 0x00, 0x00, 0x00, 0x00, 0x00, 0x00,
    0x00, 0x00, 0x00, 0x00, 0x00, 0x00, 0x00, 0xbb, 0xbb, 0xbb, 0xbb, 0xba, 0x00, 0x00, 0x00, 0x00,
    0x00, 0x00, 0x00, 0x00, 0x00, 0x00, 0x00, 0x00, 0x00, 0x00, 0x00, 0x00, 0x00, 0x00, 0x00, 0x00,
    0x00, 0x00, 0x00, 0x00, 0x00, 0x00, 0x00, 0x00, 0x00, 0x00, 0x00, 0x00, 0x00, 0x00, 0x00, 0x00,
    0x9b, 0xbb, 0xbb, 0xbb, 0xbb, 0xbb, 0xbb, 0x00, 0x00, 0x00, 0x02, 0x00, 0x00, 0x00, 0x00, 0x00,
    0x00, 0x00, 0x1f, 0x00, 0x00, 0x00, 0x00, 0x00, 0x00, 0x00, 0x1f, 0x00, 0x00, 0x00, 0x00, 0x00,
    0x00, 0x00, 0x1f, 0x00, 0x00, 0x00, 0x00, 0x00, 0x00, 0x00, 0x1f, 0x00, 0x00, 0x00, 0x00, 0x00,
    0x00, 0x00, 0x1f, 0x00, 0x00, 0x00, 0x00, 0x00, 0x00, 0x00, 0x1f, 0xbb, 0xbb, 0xbb, 0x30, 0x00,
    0x00, 0x00, 0x1f, 0x00, 0x00, 0x00, 0x00, 0x00, 0x00, 0x00, 0x1f, 0x00, 0x00, 0x00, 0x00, 0x00,
    0x00, 0x00, 0x1f, 0x00, 0x00, 0x00, 0x00, 0x00, 0x00, 0x00, 0x1f, 0x00, 0x00, 0x00, 0x00, 0x00,
    0x00, 0x00, 0x1f, 0x00, 0x00, 0x00, 0x00, 0x00, 0x00, 0x00, 0x1f, 0x00, 0x00, 0x00, 0x00, 0x00,
    0x00, 0x00, 0x1f, 0x00, 0x00, 0x00, 0x00, 0x5f, 0xff, 0xff, 0xff, 0xff, 0xff, 0xff, 0xf5, 0x00,
    0x00, 0x00, 0x00, 0x00, 0x00, 0x00, 0x00, 0x12, 0x22, 0x22, 0x22, 0x22, 0x22, 0x22, 0x20, 0x3b,
    0xbb, 0xbb, 0xbf, 0xbb, 0xbb, 0xbb, 0xb2, 0x00, 0x00, 0x00, 0x0b, 0x00, 0x00, 0x00, 0x00, 0x00,
    0x00, 0x00, 0x0b, 0x00, 0x00, 0x00, 0x00, 0x00, 0x00, 0x00, 0x0c, 0x30, 0x00, 0x00, 0x00, 0x00,
    0x00, 0x00, 0x0b, 0x47, 0x30, 0x00, 0x00, 0x00, 0x00, 0x00, 0x0b, 0x00, 0x57, 0x10, 0x00, 0x00,
    0x00, 0x00, 0x0b, 0x00, 0x01, 0x75, 0x00, 0x00, 0x00, 0x00, 0x0b, 0x00, 0x00, 0x03, 0x00, 0x00,
    0x00, 0x00, 0x0b, 0x00, 0x00, 0x00, 0x00, 0x00, 0x00, 0x00, 0x0b, 0x00, 0x00, 0x00, 0x00, 0x00,
    0x00, 0x00, 0x0b, 0x00, 0x00, 0x00, 0x00, 0x00, 0x00, 0x00, 0x0b, 0x00, 0x00, 0x00, 0x00, 0x00,
    0x00, 0x00, 0x0b, 0x00, 0x00, 0x00, 0x00, 0x0b, 0xbb, 0xbb, 0xbb, 0xef, 0xbb, 0xbb, 0x70, 0x00,
    0x00, 0x00, 0x09, 0x00, 0x00, 0x00, 0x00, 0x00, 0x00, 0x09, 0x30, 0x00, 0x00, 0x00, 0x00, 0x00,
    0x05, 0xc0, 0x20, 0x00, 0x00, 0x00, 0x00, 0x04, 0x57, 0x04, 0x71, 0x00, 0x00, 0x00, 0x06, 0x50,
    0x70, 0x01, 0x73, 0x00, 0x00, 0x17, 0x30, 0x07, 0x00, 0x00, 0x56, 0x00, 0x58, 0x10, 0x00, 0x70,
    0x00, 0x00, 0x37, 0x03, 0x00, 0x00, 0x07, 0x00, 0x00, 0x00, 0x00, 0x00, 0x00, 0x00, 0x70, 0x00,
    0x00, 0x00, 0x00, 0x00, 0x00, 0x07, 0x00, 0x00, 0x00, 0x00, 0x00, 0x00, 0x00, 0x70, 0x00, 0x00,
    0x00, 0x00, 0x00, 0x00, 0x07, 0x00, 0x00, 0x00, 0x00, 0x00, 0x00, 0x00, 0x10, 0x00, 0x00, 0x00,
    0x00, 0x00, 0x00, 0x70, 0x00, 0x00, 0x00, 0x00, 0x00, 0x04, 0x20, 0x00, 0x00, 0x00, 0x08, 0xbb,
    0xbf, 0xbb, 0xbb, 0xbb, 0x50, 0x00, 0x00, 0x16, 0x00, 0x00, 0x00, 0x00, 0xbb, 0xbb, 0xfd, 0xbb,
    0xbb, 0xbb, 0xb7, 0x00, 0x00, 0x70, 0x00, 0x00, 0x00, 0x00, 0x00, 0x02, 0x50, 0x00, 0x00, 0x00,
    0x00, 0x00, 0x0b, 0xcb, 0xbb, 0xbb, 0xbc, 0x00, 0x00, 0x00, 0x00, 0x00, 0x00, 0x73, 0x00, 0x00,
    0x00, 0x00, 0x00, 0x07, 0x30, 0x00, 0x00, 0x01, 0x00, 0x00, 0x73, 0x00, 0x00, 0x00, 0x02, 0x67,
    0x27, 0x30, 0x00, 0x00, 0x00, 0x00, 0x00, 0x6a, 0x40, 0x00, 0x00, 0x00, 0x00, 0x00, 0x00, 0x58,
    0x10, 0x00, 0x00, 0x00, 0x00, 0x00, 0x00, 0x00, 0x00, 0x00, 0x00, 0x00, 0x08, 0x00, 0x00, 0x00,
    0x00, 0x00, 0x00, 0x0b, 0x00, 0x00, 0x00, 0x00, 0x00, 0x00, 0x0b, 0x00, 0x00, 0x00, 0x3b, 0xbb,
    0xbb, 0xbf, 0xbb, 0xbb, 0xba, 0x4b, 0x00, 0x00, 0x0b, 0x00, 0x00, 0x0d, 0x4b, 0x00, 0x00, 0x0b,
    0x00, 0x00, 0x0d, 0x4b, 0x00, 0x00, 0x0b, 0x00, 0x00, 0x0d, 0x4b, 0x00, 0x00, 0x0b, 0x00, 0x00,
    0x0d, 0x4b, 0x00, 0x00, 0x0b, 0x00, 0x00, 0x0d, 0x4f, 0xbb, 0xbb, 0xbf, 0xbb, 0xbb, 0xbf, 0x4a,
    0x00, 0x00, 0x0b, 0x00, 0x00, 0x0b, 0x00, 0x00, 0x00, 0x0b, 0x00, 0x00, 0x00, 0x00, 0x00, 0x00,
    0x0b, 0x00, 0x00, 0x00, 0x00, 0x00, 0x00, 0x0b, 0x00, 0x00, 0x00, 0x00, 0x00, 0x00, 0x0b, 0x00,
    0x00, 0x00, 0x00, 0x00, 0x00, 0x30, 0x00, 0x00, 0x00, 0x00, 0x00, 0x00, 0x02, 0x70, 0x00, 0x00,
    0x00, 0x00, 0x00, 0x00, 0x01, 0x80, 0x00, 0x00, 0x00, 0x23, 0x33, 0x33, 0x35, 0x53, 0x33, 0x30,
    0x09, 0xcc, 0xcc, 0xcf, 0xcc, 0xcc, 0xcc, 0x10, 0x00, 0x00, 0x00, 0xb0, 0x00, 0x00, 0x00, 0x00,
    0x00, 0x00, 0x0b, 0x00, 0x00, 0x00, 0x00, 0x00, 0x00, 0x00, 0xb0, 0x00, 0x00, 0x00, 0x00, 0x00,
    0x00, 0x0b, 0x00, 0x00, 0x00, 0x00, 0x1b, 0xbb, 0xbb, 0xfb, 0xbb, 0xbb, 0x60, 0x00, 0x00, 0x00,
    0x0b, 0x00, 0x00, 0x00, 0x00, 0x00, 0x00, 0x00, 0xb0, 0x00, 0x00, 0x00, 0x00, 0x00, 0x00, 0x0b,
    0x00, 0x00, 0x00, 0x00, 0x00, 0x00, 0x00, 0xb0, 0x00, 0x00, 0x00, 0x8f, 0xff, 0xff, 0xff, 0xff,
    0xff, 0xff, 0xd0, 0x00, 0x00, 0x00, 0x00, 0x00, 0x00, 0x00, 0x00, 0x00, 0x00, 0x12, 0x34, 0x68,
    0x87, 0x00, 0x00, 0x0f, 0xbb, 0xa9, 0x86, 0x31, 0x00, 0x00, 0x00, 0x19, 0x00, 0x00, 0x50, 0x00,
    0x00, 0x00, 0x00, 0x37, 0x00, 0x00, 0xb0, 0x00, 0x00, 0x00, 0x00, 0x63, 0x00, 0x00, 0xb0, 0x00,
    0x00, 0x00, 0x00, 0x80, 0x00, 0x00, 0xb0, 0x00, 0x00, 0x00, 0x00, 0xfb, 0xbb, 0xbb, 0xfb, 0xbb,
    0xbb, 0xb0, 0x00, 0x10, 0x00, 0x00, 0xb0, 0x00, 0x00, 0x00, 0x00, 0x00, 0x30, 0x00, 0xb0, 0x01,
    0x10, 0x00, 0x00, 0x05, 0x30, 0x00, 0xb0, 0x00, 0x71, 0x00, 0x00, 0x45, 0x00, 0x00, 0xb0, 0x00,
    0x08, 0x10, 0x04, 0x60, 0x00, 0x00, 0xb0, 0x00, 0x00, 0x81, 0x15, 0x00, 0x00, 0x00, 0xb0, 0x00,
    0x00, 0x13, 0x00, 0x00, 0x04, 0xbb, 0xa0, 0x00, 0x00, 0x00, 0x00, 0x00, 0x00, 0x00, 0x00, 0x00,
    0x00, 0x00, 0x00, 0x8b, 0xbb, 0xbb, 0xbb, 0xbb, 0xb8, 0x00, 0x00, 0x00, 0x00, 0x00, 0x00, 0x00,
    0x00, 0x00, 0x00, 0x00, 0x00, 0x00, 0x00, 0x00, 0x00, 0x00, 0x00, 0x00, 0x00, 0x00, 0x00, 0x00,
    0x00, 0x00, 0x00, 0x00, 0x00, 0x00, 0x00, 0x00, 0x00, 0x00, 0x00, 0x00, 0x00, 0x00, 0x00, 0x00,
    0x00, 0x00, 0x00, 0x00, 0x00, 0x00, 0x00, 0x00, 0x00, 0x00, 0x00, 0x00, 0x00, 0x00, 0x00, 0x00,
    0x00, 0x00, 0x00, 0x00, 0x00, 0x00, 0x00, 0x00, 0x00, 0x00, 0x00, 0x00, 0x00, 0x00, 0x00, 0x00,
    0x00, 0x00, 0x1b, 0xbb, 0xbb, 0xbb, 0xbb, 0xbb, 0xbb, 0xb1, 0x01, 0x22, 0x22, 0x22, 0x22, 0x22,
    0x20, 0x00, 0x9b, 0xbb, 0xbb, 0xfb, 0xbb, 0xbb, 0x40, 0x00, 0x00, 0x00, 0x0b, 0x00, 0x00, 0x00,
    0x00, 0x00, 0x00, 0x00, 0xb0, 0x00, 0x00, 0x00, 0x00, 0x00, 0x00, 0x0b, 0x00, 0x00, 0x00, 0x00,
    0x00, 0x00, 0x00, 0xb0, 0x00, 0x00, 0x00, 0xbb, 0xbb, 0xbb, 0xbf, 0xbb, 0xbb, 0xbb, 0x50, 0x00,
    0x00, 0x00, 0xb0, 0x00, 0x00, 0x00, 0x00, 0x00, 0x00, 0x0b, 0x00, 0x00, 0x00, 0x00, 0x00, 0x00,
    0x00, 0xb0, 0x00, 0x00, 0x00, 0x00, 0x00, 0x00, 0x0b, 0x00, 0x00, 0x00, 0x00, 0x00, 0x00, 0x00,
    0xb0, 0x00, 0x00, 0x00, 0x00, 0x00, 0x00, 0x0b, 0x00, 0x00, 0x00, 0x00, 0x00, 0x4b, 0xbb, 0x80,
    0x00, 0x00, 0x00, 0x00, 0xde, 0xee, 0xff, 0xee, 0xee, 0xeb, 0x00, 0x00, 0x00, 0x00, 0x34, 0x00,
    0x00, 0x00, 0x00, 0x00, 0x00, 0x00, 0x52, 0x00, 0x00, 0x00, 0x00, 0x00, 0x00, 0x00, 0x70, 0x00,
    0x00, 0x00, 0x00, 0x00, 0x00, 0x00, 0x70, 0x00, 0x00, 0x00, 0x00, 0x00, 0x1b, 0xbb, 0xfb, 0xbb,
    0xbf, 0x40, 0x00, 0x00, 0x00, 0x00, 0x70, 0x00, 0x05, 0x20, 0x00, 0x00, 0x00, 0x02, 0x50, 0x00,
    0x06, 0x10, 0x00, 0x00, 0x00, 0x05, 0x20, 0x00, 0x07, 0x00, 0x00, 0x00, 0x00, 0x07, 0x00, 0x00,
    0x07, 0x00, 0x00, 0x00, 0x00, 0x07, 0x00, 0x00, 0x07, 0x00, 0x00, 0x1b, 0xbb, 0xbf, 0xbb, 0xbb,
    0xbf, 0xbb, 0xb1, 0x04, 0x44, 0x44, 0x44, 0x44, 0x44, 0x44, 0x40, 0x00, 0x00, 0x00, 0x40, 0x00,
    0x00, 0x00, 0x00, 0x00, 0x00, 0x26, 0x00, 0x00, 0x00, 0xbb, 0xbb, 0xbb, 0xbe, 0xbb, 0xbb, 0xb7,
    0x00, 0x00, 0x00, 0x00, 0x00, 0x00, 0x00, 0x00, 0x9b, 0xbb, 0xbb, 0xbb, 0xb9, 0x00, 0x00, 0x70,
    0x00, 0x00, 0x00, 0x07, 0x00, 0x00, 0x9b, 0xbb, 0xbb, 0xbb, 0xb9, 0x00, 0x00, 0x00, 0x00, 0x00,
    0x00, 0x00, 0x00, 0x8b, 0xbb, 0xbb, 0xbb, 0xbb, 0xbb, 0xc3, 0x80, 0x00, 0x00, 0x00, 0x00, 0x00,
    0x34, 0x50, 0x00, 0xcb, 0xbb, 0xbd, 0x00, 0x22, 0x00, 0x00, 0x70, 0x00, 0x07, 0x00, 0x00, 0x00,
    0x03, 0x40, 0x00, 0x07, 0x00, 0x02, 0x00, 0x28, 0x00, 0x00, 0x07, 0x00, 0x06, 0x46, 0x50, 0x00,
    0x00, 0x09, 0xbb, 0xc4, 0x00, 0x00, 0x00, 0x00, 0x00, 0x81, 0x00, 0x0a, 0x00, 0x43, 0x00, 0x00,
    0xb0, 0x00, 0x0b, 0x00, 0x07, 0x00, 0x00, 0xb0, 0x00, 0x0b, 0x00, 0x01, 0x60, 0x00, 0xa0, 0x00,
    0x0b, 0x00, 0x00, 0x61, 0x02, 0x80, 0x00, 0x0b, 0x00, 0x00, 0x00, 0x04, 0x50, 0x00, 0x0b, 0x00,
    0x00, 0x00, 0x07, 0x10, 0x00, 0x0b, 0x00, 0x00, 0x00, 0x08, 0x00, 0x00, 0x0b, 0x00, 0x00, 0x00,
    0x26, 0x00, 0x00, 0x0b, 0x00, 0x26, 0x00, 0x94, 0x00, 0x00, 0x0b, 0x47, 0x50, 0x03, 0x56, 0x40,
    0x00, 0x8e, 0x40, 0x00, 0x27, 0x00, 0x54, 0x00, 0x10, 0x00, 0x05, 0x70, 0x00, 0x06, 0x40, 0x00,
    0x04, 0x84, 0x00, 0x00, 0x00, 0x72, 0x00, 0x01, 0x00, 0x00, 0x00, 0x00, 0x00, 0x00, 0x00, 0x21,
    0x00, 0x00, 0x30, 0x00, 0x00, 0x00, 0x00, 0x80, 0x05, 0x00, 0xb0, 0x00, 0x00, 0x00, 0x01, 0x70,
    0x16, 0x00, 0xb0, 0x00, 0x00, 0x00, 0x07, 0x10, 0x43, 0x00, 0xb0, 0x00, 0x00, 0x00, 0x2e, 0x00,
    0x9b, 0xbb, 0xfb, 0xbb, 0x80, 0x00, 0x9c, 0x00, 0x70, 0x00, 0xb0, 0x00, 0x00, 0x06, 0x3c, 0x06,
    0x20, 0x00, 0xb0, 0x00, 0x00, 0x26, 0x0c, 0x03, 0x00, 0x00, 0xb0, 0x00, 0x00, 0x00, 0x0c, 0x00,
    0x00, 0x00, 0xb0, 0x00, 0x00, 0x00, 0x0c, 0x0a, 0xbb, 0xbb, 0xfb, 0xbb, 0xb4, 0x00, 0x0c, 0x00,
    0x00, 0x00, 0xb0, 0x00, 0x00, 0x00, 0x0c, 0x00, 0x00, 0x00, 0xb0, 0x00, 0x00, 0x00, 0x0c, 0x00,
    0x00, 0x00, 0xb0, 0x00, 0x00, 0x00, 0x0c, 0x00, 0x00, 0x00, 0xb0, 0x00, 0x00, 0x00, 0x0b, 0x00,
    0x00, 0x00, 0xb0, 0x00, 0x00, 0x00, 0x00, 0x12, 0x00, 0x00, 0x40, 0x00, 0x00, 0x00, 0x00, 0x06,
    0x20, 0x00, 0x0b, 0x00, 0x00, 0x00, 0x00, 0x00, 0x80, 0x00, 0x00, 0xb0, 0x00, 0x00, 0x00, 0x00,
    0x53, 0x00, 0x00, 0x0b, 0x00, 0x00, 0x00, 0x00, 0x1f, 0x0b, 0xbb, 0xbe, 0xfd, 0xbb, 0xba, 0x00,
    0x08, 0xd0, 0x00, 0x00, 0x7b, 0x70, 0x00, 0x00, 0x04, 0x5c, 0x00, 0x00, 0x34, 0xb6, 0x10, 0x00,
    0x00, 0x70, 0xc0, 0x00, 0x07, 0x0b, 0x17, 0x00, 0x00, 0x00, 0x0c, 0x00, 0x05, 0x30, 0xb0, 0x72,
    0x00, 0x00, 0x00, 0xc0, 0x01, 0x70, 0x0b, 0x00, 0x90, 0x00, 0x00, 0x0c, 0x00, 0x80, 0x00, 0xb0,
    0x03, 0x70, 0x00, 0x00, 0xc1, 0x83, 0xbb, 0xbf, 0xbb, 0x94, 0x70, 0x00, 0x0c, 0x11, 0x00, 0x00,
    0xb0, 0x00, 0x02, 0x00, 0x00, 0xc0, 0x00, 0x00, 0x0b, 0x00, 0x00, 0x00, 0x00, 0x0c, 0x00, 0x00,
    0x00, 0xb0, 0x00, 0x00, 0x00, 0x00, 0x00, 0x00, 0x00, 0x20, 0x00, 0x00, 0x00, 0x00, 0x00, 0x00,
    0x03, 0xc0, 0x00, 0x00, 0x00, 0x00, 0x00, 0x00, 0x37, 0x26, 0x00, 0x00, 0x00, 0x00, 0x00, 0x04,
    0x60, 0x03, 0x70, 0x00, 0x00, 0x00, 0x00, 0x65, 0x00, 0x00, 0x17, 0x20, 0x00, 0x00, 0x28, 0x74,
    0x44, 0x44, 0x44, 0x96, 0x00, 0x17, 0x71, 0xbb, 0xbb, 0xfb, 0xbb, 0x72, 0x75, 0x01, 0x00, 0x00,
    0x00, 0xb0, 0x00, 0x00, 0x00, 0x06, 0xbb, 0xbb, 0xbb, 0xfb, 0xbb, 0xbb, 0xb1, 0x00, 0x00, 0x00,
    0x00, 0xb0, 0x00, 0x00, 0x00, 0x00, 0x00, 0x32, 0x00, 0xb0, 0x06, 0x10, 0x00, 0x00, 0x02, 0x70,
    0x00, 0xb0, 0x01, 0x81, 0x00, 0x00, 0x37, 0x00, 0x00, 0xb0, 0x00, 0x08, 0x20, 0x05, 0x60, 0x00,
    0x00, 0xb0, 0x00, 0x00, 0x70, 0x00, 0x00, 0x06, 0xbb, 0x90, 0x00, 0x00, 0x00, 0x00, 0x00, 0x03,
    0x00, 0x20, 0x00, 0x00, 0x00, 0x00, 0x00, 0x62, 0x01, 0x60, 0x00, 0x00, 0x00, 0x00, 0x00, 0x80,
    0x05, 0x10, 0x00, 0x00, 0x00, 0x00, 0x05, 0x30, 0x0f, 0xdf, 0xdd, 0xdd, 0xd5, 0x00, 0x1e, 0x00,
    0x34, 0x0f, 0x00, 0x00, 0x00, 0x00, 0x7d, 0x00, 0x70, 0x0f, 0x00, 0x00, 0x00, 0x04, 0x6c, 0x05,
    0x30, 0x0f, 0x00, 0x00, 0x00, 0x28, 0x0c, 0x07, 0x00, 0x0f, 0xbb, 0xbb, 0xb0, 0x00, 0x0c, 0x00,
    0x00, 0x0f, 0x00, 0x00, 0x00, 0x00, 0x0c, 0x00, 0x00, 0x0f, 0x00, 0x00, 0x00, 0x00, 0x0c, 0x00,
    0x00, 0x0f, 0xbb, 0xbb, 0xb3, 0x00, 0x0c, 0x00, 0x00, 0x0f, 0x00, 0x00, 0x00, 0x00, 0x0c, 0x00,
    0x00, 0x0f, 0x00, 0x00, 0x00, 0x00, 0x0c, 0x00, 0x00, 0x0f, 0x00, 0x00, 0x00, 0x00, 0x0b, 0x00,
    0x00, 0x0f, 0x00, 0x00, 0x00, 0x00, 0x00, 0x22, 0x00, 0x00, 0x00, 0x00, 0x00, 0x00, 0x00, 0x80,
    0xbb, 0xbb, 0xbb, 0xbb, 0x80, 0x00, 0x02, 0x60, 0xb0, 0x00, 0x00, 0x00, 0xb0, 0x00, 0x08, 0x10,
    0xb0, 0x00, 0x00, 0x00, 0xb0, 0x00, 0x4c, 0x00, 0xb0, 0x00, 0x00, 0x00, 0xb0, 0x01, 0x8c, 0x00,
    0xc5, 0x55, 0x55, 0x55, 0xb0, 0x19, 0x1c, 0x00, 0xbb, 0xbb, 0xfb, 0xbb, 0x80, 0x41, 0x0c, 0x00,
    0x00, 0x00, 0xb0, 0x00, 0x00, 0x00, 0x0c, 0x2b, 0xbb, 0xbd, 0xfc, 0xbb, 0xb7, 0x00, 0x0c, 0x00,
    0x00, 0x07, 0xc7, 0x00, 0x00, 0x00, 0x0c, 0x00, 0x00, 0x71, 0xb3, 0x40, 0x00, 0x00, 0x0c, 0x00,
    0x06, 0x30, 0xb0, 0x54, 0x00, 0x00, 0x0c, 0x00, 0x73, 0x00, 0xb0, 0x06, 0x40, 0x00, 0x0c, 0x28,
    0x20, 0x00, 0xb0, 0x00, 0x46, 0x00, 0x0b, 0x00, 0x00, 0x00, 0xb0, 0x00, 0x00, 0x00, 0x00, 0x30,
    0x00, 0x12, 0x00, 0x00, 0x00, 0x00, 0x00, 0x70, 0x00, 0x09, 0x00, 0x00, 0x00, 0x00, 0x04, 0x40,
    0x00, 0x04, 0x20, 0x00, 0x00, 0x00, 0x08, 0x0b, 0xbb, 0xbb, 0xbb, 0xbb, 0xb0, 0x00, 0x3d, 0x00,
    0x00, 0x00, 0x00, 0x00, 0x00, 0x00, 0x8c, 0x00, 0xab, 0xbb, 0xbb, 0xb7, 0x00, 0x06, 0x3c, 0x00,
    0x00, 0x00, 0x00, 0x00, 0x00, 0x17, 0x0c, 0x00, 0x00, 0x00, 0x00, 0x00, 0x00, 0x00, 0x0c, 0x00,
    0xab, 0xbb, 0xbb, 0xb7, 0x00, 0x00, 0x0c, 0x00, 0x00, 0x00, 0x00, 0x00, 0x00, 0x00, 0x0c, 0x01,
    0xcb, 0xbb, 0xbb, 0xba, 0x00, 0x00, 0x0c, 0x01, 0x60, 0x00, 0x00, 0x07, 0x00, 0x00, 0x0c, 0x01,
    0x60, 0x00, 0x00, 0x07, 0x00, 0x00, 0x0c, 0x01, 0x60, 0x00, 0x00, 0x07, 0x00, 0x00, 0x0c, 0x01,
    0xfb, 0xbb, 0xbb, 0xbd, 0x00, 0x00, 0x01, 0x00, 0x00, 0x00, 0x00, 0x00, 0x00, 0x00, 0x00, 0x11,
    0x00, 0x03, 0x00, 0x00, 0x00, 0x00, 0x00, 0x71, 0x00, 0x02, 0x70, 0x00, 0x00, 0x00, 0x01, 0x77,
    0xbb, 0xbb, 0xfb, 0xbb, 0xb8, 0x00, 0x07, 0x20, 0x00, 0x00, 0x00, 0x00, 0x00, 0x00, 0x2b, 0x00,
    0x3c, 0xbb, 0xbb, 0xbe, 0x00, 0x00, 0x8c, 0x00, 0x34, 0x00, 0x00, 0x0b, 0x00, 0x06, 0x3c, 0x00,
    0x3c, 0xbb, 0xbb, 0xbc, 0x00, 0x16, 0x0c, 0x00, 0x00, 0x00, 0x00, 0x00, 0x00, 0x00, 0x0c, 0x0d,
    0xbb, 0xbb, 0xbb, 0xbb, 0xb8, 0x00, 0x0c, 0x0b, 0x11, 0x11, 0x11, 0x11, 0x07, 0x00, 0x0c, 0x07,
    0x7c, 0xcc, 0xfc, 0xcc, 0x44, 0x00, 0x0c, 0x00, 0x00, 0x00, 0xb0, 0x00, 0x00, 0x00, 0x0c, 0x00,
    0x00, 0x00, 0xb0, 0x00, 0x00, 0x00, 0x0c, 0x00, 0x00, 0x00, 0xb0, 0x00, 0x00, 0x00, 0x0c, 0x00,
    0x05, 0xbb, 0x90, 0x00, 0x00, 0x00, 0x01, 0x00, 0x00, 0x00, 0x00, 0x00, 0x00, 0x00, 0x00, 0x00,
    0x00, 0x00, 0x00, 0x00, 0x00, 0x00, 0x07, 0x10, 0x00, 0x00, 0x42, 0x00, 0x30, 0x00, 0x16, 0x37,
    0x00, 0x00, 0x42, 0x01, 0x60, 0x00, 0x61, 0x04, 0x60, 0xab, 0xfe, 0xba, 0x10, 0x00, 0xb0, 0x00,
    0x30, 0x00, 0x42, 0x44, 0x00, 0x06, 0xd0, 0x00, 0x00, 0x22, 0x67, 0x82, 0x20, 0x26, 0xb7, 0xbf,
    0x21, 0x44, 0x7d, 0x44, 0x41, 0x60, 0xb0, 0x0b, 0x20, 0x03, 0x70, 0x00, 0x00, 0x00, 0xb0, 0x0b,
    0x20, 0x8f, 0xbb, 0xbc, 0x30, 0x00, 0xb0, 0x0b, 0x27, 0x7b, 0x00, 0x0b, 0x40, 0x00, 0xb0, 0x0b,
    0x20, 0x3b, 0x00, 0x0b, 0x40, 0x00, 0xb0, 0x0b, 0x20, 0x3f, 0xbb, 0xbf, 0x40, 0x00, 0xb0, 0x0b,
    0x25, 0x5b, 0x00, 0x0b, 0x40, 0x00, 0xb0, 0x1f, 0xa3, 0x3f, 0xbb, 0xbf, 0x40, 0x00, 0xb0, 0x03,
    0x00, 0x3b, 0x00, 0x0b, 0x40, 0x00, 0x00, 0x00, 0x00, 0x01, 0x00, 0x00, 0x00, 0x00, 0x00, 0x00,
    0x00, 0x10, 0x00, 0x00, 0x00, 0x00, 0x00, 0x53, 0x01, 0x70, 0x00, 0x00, 0x00, 0x00, 0x00, 0x80,
    0x09, 0xcb, 0xbf, 0x00, 0x00, 0x00, 0x03, 0x50, 0x63, 0x00, 0x54, 0x00, 0x00, 0x00, 0x0c, 0x05,
    0xfb, 0xbc, 0xfb, 0xbb, 0xb0, 0x00, 0x5f, 0x34, 0xb0, 0x03, 0x90, 0x00, 0xb0, 0x02, 0x8c, 0x00,
    0xb0, 0x09, 0x40, 0x00, 0xb0, 0x09, 0x0c, 0x00, 0xbb, 0xff, 0xbb, 0xbb, 0x80, 0x01, 0x0c, 0x00,
    0x07, 0xa5, 0x00, 0x00, 0x30, 0x00, 0x0c, 0x06, 0x83, 0x07, 0x60, 0x67, 0x10, 0x00, 0x0c, 0x01,
    0x02, 0x62, 0x97, 0xa0, 0x00, 0x00, 0x0c, 0x04, 0x64, 0x03, 0x85, 0x36, 0x00, 0x00, 0x0c, 0x02,
    0x02, 0x64, 0x07, 0x05, 0x60, 0x00, 0x0c, 0x05, 0x75, 0x00, 0x36, 0x00, 0x46, 0x00, 0x0b, 0x02,
    0x00, 0x6b, 0xb1, 0x00, 0x00, 0x00, 0x00, 0x00, 0x07, 0x00, 0x00, 0x00, 0x00, 0x05, 0x00, 0x00,
    0xb0, 0x00, 0x06, 0x10, 0x00, 0x53, 0x00, 0x0b, 0x00, 0x00, 0x70, 0x00, 0x00, 0x70, 0x00, 0xb0,
    0x00, 0x52, 0x00, 0x00, 0x04, 0x30, 0x0b, 0x00, 0x07, 0x00, 0x00, 0x00, 0x03, 0x00, 0xb0, 0x01,
    0x10, 0x00, 0x24, 0x44, 0x44, 0x4e, 0x44, 0x44, 0x44, 0x37, 0xdd, 0xdd, 0xfd, 0xdd, 0xfd, 0xdd,
    0xdb, 0x00, 0x00, 0x16, 0x00, 0x0b, 0x00, 0x00, 0x00, 0x00, 0x03, 0x40, 0x00, 0xb0, 0x00, 0x00,
    0x00, 0x00, 0x61, 0x00, 0x0b, 0x00, 0x00, 0x00, 0x00, 0x08, 0x00, 0x00, 0xb0, 0x00, 0x02, 0x00,
    0x07, 0x20, 0x00, 0x0b, 0x00, 0x00, 0xc0, 0x18, 0x40, 0x00, 0x00, 0xb0, 0x00, 0x0c, 0x57, 0x10,
    0x00, 0x00, 0x08, 0xcb, 0xbc, 0x80, 0x00, 0x00, 0x06, 0x00, 0x00, 0x00, 0x00, 0x00, 0x00, 0x00,
    0x02, 0x91, 0x00, 0x00, 0x00, 0x00, 0x00, 0x00, 0x00, 0x18, 0x00, 0x00, 0x00, 0x00, 0x00, 0x00,
    0x00, 0x08, 0x60, 0x00, 0x00, 0x00, 0x00, 0x00, 0x00, 0x08, 0x90, 0x00, 0x00, 0x00, 0x00, 0x00,
    0x00, 0x08, 0x36, 0x00, 0x00, 0x00, 0x00, 0x00, 0x00, 0x35, 0x08, 0x00, 0x00, 0x00, 0x00, 0x00,
    0x00, 0x80, 0x03, 0x50, 0x00, 0x00, 0x00, 0x00, 0x02, 0x70, 0x00, 0x90, 0x00, 0x00, 0x00, 0x00,
    0x08, 0x10, 0x00, 0x36, 0x00, 0x00, 0x00, 0x00, 0x54, 0x00, 0x00, 0x08, 0x20, 0x00, 0x00, 0x04,
    0x60, 0x00, 0x00, 0x01, 0x91, 0x00, 0x00, 0x66, 0x00, 0x00, 0x00, 0x00, 0x29, 0x10, 0x09, 0x40,
    0x00, 0x00, 0x00, 0x00, 0x01, 0x91, 0x00, 0x00, 0x00, 0x00, 0x00, 0x00, 0x00, 0x00, 0x00, 0x00,
    0x00, 0x00, 0x20, 0x00, 0x00, 0x00, 0x00, 0x00, 0x00, 0x01, 0xe0, 0x00, 0x00, 0x00, 0x00, 0x00,
    0x00, 0x08, 0x27, 0x00, 0x00, 0x00, 0x00, 0x00, 0x00, 0x81, 0x02, 0x70, 0x00, 0x00, 0x00, 0x00,
    0x18, 0x10, 0x00, 0x27, 0x00, 0x00, 0x00, 0x01, 0x91, 0x00, 0x00, 0x01, 0x81, 0x00, 0x00, 0x59,
    0x32, 0x22, 0x22, 0x22, 0x39, 0x40, 0x08, 0x47, 0xbb, 0xbb, 0xfb, 0xbb, 0xb5, 0x57, 0x00, 0x00,
    0x00, 0x00, 0xb0, 0x00, 0x00, 0x00, 0x00, 0x00, 0x00, 0x00, 0xb0, 0x00, 0x00, 0x00, 0x00, 0x07,
    0xbb, 0xbb, 0xfb, 0xbb, 0xb7, 0x00, 0x00, 0x00, 0x00, 0x00, 0xb0, 0x00, 0x00, 0x00, 0x00, 0x00,
    0x00, 0x00, 0xb0, 0x00, 0x00, 0x00, 0x00, 0x00, 0x00, 0x00, 0xb0, 0x00, 0x00, 0x00, 0x08, 0xff,
    0xff, 0xff, 0xff, 0xff, 0xff, 0xf5, 0x00, 0x00, 0x00, 0x02, 0x00, 0x00, 0x00, 0x00, 0x00, 0x00,
    0x00, 0x07, 0x00, 0x00, 0x00, 0x00, 0x00, 0x00, 0x00, 0x05, 0x30, 0x00, 0x00, 0x00, 0x00, 0x00,
    0x00, 0x00, 0x80, 0x00, 0x00, 0x00, 0x00, 0x00, 0x00, 0x00, 0x10, 0x00, 0x00, 0x00, 0x0a, 0xbb,
    0xbb, 0xbb, 0xbb, 0xbb, 0xbb, 0xb0, 0x00, 0x00, 0x00, 0x00, 0x00, 0x00, 0x00, 0x00, 0x00, 0x00,
    0x00, 0x00, 0x00, 0x00, 0x00, 0x00, 0x00, 0x00, 0x16, 0x00, 0x00, 0x61, 0x00, 0x00, 0x00, 0x00,
    0x72, 0x00, 0x00, 0x08, 0x00, 0x00, 0x00, 0x01, 0x80, 0x00, 0x00, 0x03, 0x60, 0x00, 0x00, 0x08,
    0x10, 0x00, 0x00, 0x00, 0x62, 0x00, 0x00, 0x45, 0x00, 0x00, 0x00, 0x00, 0x08, 0x00, 0x02, 0x80,
    0x00, 0x00, 0x00, 0x00, 0x03, 0x60, 0x09, 0x10, 0x00, 0x00, 0x00, 0x00, 0x00, 0x81, 0x01, 0x00,
    0x00, 0x00, 0x00, 0x00, 0x00, 0x00, 0x00, 0x01, 0x00, 0x00, 0x00, 0x21, 0x00, 0x00, 0x00, 0x70,
    0x00, 0x00, 0x09, 0x00, 0x00, 0x00, 0x01, 0x70, 0x00, 0x05, 0x40, 0x00, 0x00, 0x00, 0x04, 0x00,
    0x01, 0x90, 0x00, 0x00, 0x0d, 0xff, 0xff, 0xff, 0xff, 0xff, 0xe0, 0x00, 0x00, 0x00, 0x04, 0x30,
    0x00, 0x00, 0x00, 0x00, 0x00, 0x00, 0x43, 0x00, 0x00, 0x00, 0x00, 0x00, 0x00, 0x05, 0x20, 0x00,
    0x00, 0x00, 0x7b, 0xbb, 0xbb, 0xff, 0xbb, 0xbb, 0xbb, 0x00, 0x00, 0x00, 0x07, 0x70, 0x00, 0x00,
    0x00, 0x00, 0x00, 0x02, 0x62, 0x60, 0x00, 0x00, 0x00, 0x00, 0x00, 0x80, 0x05, 0x30, 0x00, 0x00,
    0x00, 0x01, 0x81, 0x00, 0x06, 0x30, 0x00, 0x00, 0x04, 0x81, 0x00, 0x00, 0x05, 0x71, 0x00, 0x48,
    0x40, 0x00, 0x00, 0x00, 0x02, 0x87, 0x11, 0x00, 0x00, 0x00, 0x00, 0x00, 0x00, 0x10, 0x00, 0x00,
    0x00, 0x60, 0x00, 0x00, 0x00, 0x00, 0x00, 0x00, 0xa0, 0x00, 0x00, 0x00, 0x00, 0x00, 0x00, 0xa0,
    0x00, 0x00, 0x00, 0x8b, 0xbb, 0xbb, 0xfb, 0xbb, 0xbb, 0xf2, 0xb0, 0x00, 0x00, 0xa0, 0x00, 0x00,
    0xc3, 0xb0, 0x00, 0x00, 0xa0, 0x00, 0x00, 0xc3, 0xb0, 0x00, 0x03, 0xe0, 0x00, 0x00, 0xc3, 0xb0,
    0x00, 0x09, 0x38, 0x10, 0x00, 0xc3, 0xb0, 0x00, 0x38, 0x01, 0x81, 0x00, 0xc3, 0xb0, 0x02, 0x90,
    0x00, 0x08, 0x10, 0xc3, 0xb0, 0x58, 0x00, 0x00, 0x01, 0x81, 0xc3, 0xb0, 0x40, 0x00, 0x00, 0x00,
    0x12, 0xc3, 0xb0, 0x00, 0x00, 0x00, 0x00, 0x00, 0xc3, 0xb0, 0x00, 0x00, 0x00, 0x00, 0x00, 0xc3,
    0xb0, 0x00, 0x00, 0x00, 0x07, 0xaa, 0xc1, 0x00, 0x3f, 0xbb, 0xf3, 0x1f, 0xcb, 0xbf, 0x10, 0x00,
    0x3c, 0x00, 0xb3, 0x1f, 0x10, 0x0f, 0x10, 0x00, 0x3c, 0x00, 0xb3, 0x1f, 0x10, 0x0f, 0x10, 0x00,
    0x3c, 0x00, 0xb3, 0x1f, 0x10, 0x0f, 0x10, 0x00, 0x3c, 0x00, 0xb3, 0x1f, 0x10, 0x0f, 0x10, 0x1b,
    0xff, 0xbb, 0xfe, 0xcf, 0xcb, 0xbf, 0xcb, 0x00, 0x4b, 0x00, 0xb3, 0x2f, 0x00, 0x0f, 0x10, 0x00,
    0x69, 0x00, 0xb3, 0x3d, 0x00, 0x0f, 0x10, 0x00, 0x87, 0x00, 0xb3, 0x4b, 0x00, 0x0f, 0x10, 0x00,
    0xc3, 0x00, 0xb3, 0x77, 0x00, 0x0f, 0x10, 0x01, 0xc0, 0x00, 0xb3, 0xa2, 0x00, 0x0f, 0x10, 0x07,
    0x50, 0x00, 0xb4, 0xa0, 0x00, 0x0f, 0x10, 0x09, 0x00, 0x6b, 0xd7, 0x30, 0x1c, 0xcd, 0x00, 0x00,
    0x00, 0x00, 0x00, 0x00, 0x00, 0x00, 0x00, 0x00, 0x00, 0x00, 0x00, 0x00, 0x00, 0x00, 0x00, 0x12,
    0x00, 0x00, 0x08, 0x02, 0x60, 0x00, 0x00, 0x08, 0x00, 0x00, 0x54, 0x00, 0x62, 0x00, 0x00, 0x02,
    0x60, 0x00, 0xb4, 0x44, 0x56, 0x44, 0x30, 0x00, 0x62, 0x07, 0xfb, 0xbb, 0xfb, 0xbb, 0x80, 0x00,
    0x02, 0x1a, 0xd0, 0x00, 0xb0, 0x00, 0x00, 0x00, 0x00, 0x93, 0xd0, 0x00, 0xb0, 0x00, 0x00, 0x00,
    0x04, 0x23, 0xfb, 0xbb, 0xfb, 0xbb, 0x40, 0x00, 0x00, 0x03, 0xd0, 0x00, 0xb0, 0x00, 0x00, 0x00,
    0x16, 0x03, 0xd0, 0x00, 0xb0, 0x00, 0x00, 0x00, 0x61, 0x03, 0xfb, 0xbb, 0xfb, 0xbb, 0x40, 0x00,
    0x70, 0x03, 0xd0, 0x00, 0xb0, 0x00, 0x00, 0x06, 0x20, 0x03, 0xd0, 0x00, 0xb0, 0x00, 0x00, 0x08,
    0x00, 0x03, 0xfc, 0xcc, 0xfc, 0xcc, 0xc1, 0x12, 0x00, 0x03, 0xf2, 0x22, 0x22, 0x22, 0x20, 0x00,
    0x00, 0x40, 0x00, 0x00, 0x00, 0x13, 0x00, 0x00, 0x01, 0x61, 0x35, 0x6b, 0x67, 0x63, 0x00, 0x00,
    0x08, 0x02, 0x31, 0x0b, 0x00, 0x00, 0x00, 0x00, 0x6b, 0x00, 0x00, 0x0b, 0x00, 0x00, 0x00, 0x06,
    0x4b, 0x5b, 0xbb, 0xbf, 0xbb, 0xbb, 0xb0, 0x43, 0x0b, 0x00, 0x00, 0x0b, 0x00, 0x00, 0x00, 0x00,
    0x0b, 0x00, 0x00, 0x0b, 0x00, 0x00, 0x00, 0x00, 0x0b, 0x1c, 0xcc, 0xcf, 0xcc, 0xcc, 0x90, 0x00,
    0x07, 0x04, 0x44, 0x44, 0x44, 0x44, 0x20, 0x00, 0x00, 0x8b, 0xbb, 0xbb, 0xc6, 0x00, 0x00, 0x00,
    0x00, 0x40, 0x00, 0x00, 0x07, 0x00, 0x00, 0x00, 0x00, 0x50, 0x00, 0x00, 0x07, 0x00, 0x00, 0x00,
    0x00, 0x60, 0x00, 0x00, 0x07, 0x00, 0x09, 0x00, 0x07, 0x10, 0x00, 0x00, 0x07, 0x00, 0x1b, 0x16,
    0x71, 0x00, 0x00, 0x00, 0x0b, 0xbb, 0xc7, 0x02, 0x00, 0x00, 0x00, 0x00, 0x00, 0x00, 0x00, 0x00,
    0x00, 0x00, 0x30, 0x00, 0x00, 0x00, 0x00, 0x00, 0x0b, 0x00, 0x00, 0x00, 0x14, 0x00, 0x00, 0xb0,
    0x00, 0x08, 0x02, 0x50, 0x00, 0x0b, 0x00, 0x00, 0xb0, 0x25, 0x00, 0x00, 0xb0, 0x00, 0x0b, 0x02,
    0x50, 0x00, 0x0b, 0x00, 0x00, 0xb0, 0x25, 0x00, 0x00, 0xb0, 0x00, 0x0b, 0x01, 0xbb, 0xbb, 0xbf,
    0xbb, 0xbb, 0x80, 0x80, 0x00, 0x00, 0xb0, 0x00, 0x02, 0x1b, 0x00, 0x00, 0x0b, 0x00, 0x00, 0x21,
    0xb0, 0x00, 0x00, 0xb0, 0x00, 0x02, 0x1b, 0x00, 0x00, 0x0b, 0x00, 0x00, 0x21, 0xb0, 0x00, 0x00,
    0xb0, 0x00, 0x02, 0x1e, 0xbb, 0xbb, 0xbf, 0xbb, 0xbb, 0xd1, 0x55, 0x55, 0x55, 0x55, 0x55, 0x57,
    0x10, 0x00, 0x00, 0x16, 0x00, 0x00, 0x60, 0x00, 0x00, 0x00, 0x00, 0x72, 0x00, 0x00, 0x44, 0x00,
    0x00, 0x00, 0x01, 0x70, 0x00, 0x00, 0x07, 0x10, 0x00, 0x00, 0x08, 0x10, 0x00, 0x00, 0x01, 0x70,
    0x00, 0x00, 0x54, 0x00, 0x00, 0x00, 0x00, 0x36, 0x00, 0x03, 0x72, 0x22, 0x22, 0x22, 0x22, 0x34,
    0x70, 0x16, 0x4b, 0xbb, 0xfb, 0xbb, 0xbb, 0xf0, 0x20, 0x00, 0x00, 0x00, 0x70, 0x00, 0x00, 0xe0,
    0x00, 0x00, 0x00, 0x03, 0x40, 0x00, 0x01, 0xd0, 0x00, 0x00, 0x00, 0x07, 0x00, 0x00, 0x02, 0xc0,
    0x00, 0x00, 0x00, 0x16, 0x00, 0x00, 0x04, 0xb0, 0x00, 0x00, 0x00, 0x80, 0x00, 0x00, 0x06, 0x90,
    0x00, 0x00, 0x18, 0x20, 0x00, 0x00, 0x0a, 0x60, 0x00, 0x06, 0x61, 0x00, 0x03, 0xbb, 0xbc, 0x10,
    0x00, 0x00, 0x00, 0x00, 0x00, 0x00, 0x00, 0x00, 0x00, 0x00, 0x0a, 0x00, 0x00, 0x00, 0x00, 0x00,
    0x00, 0x00, 0x0b, 0x00, 0x0c, 0xee, 0xfe, 0xee, 0xf2, 0x00, 0x0b, 0x00, 0x00, 0x00, 0xc0, 0x00,
    0x92, 0x00, 0x0b, 0x01, 0x40, 0x00, 0xb0, 0x00, 0xa2, 0x02, 0x6f, 0x66, 0x20, 0x01, 0xb0, 0x00,
    0xb1, 0x14, 0x1b, 0x00, 0x00, 0x03, 0x90, 0x00, 0xb1, 0x00, 0x0b, 0x00, 0x00, 0x04, 0x70, 0x00,
    0xc0, 0x00, 0x0b, 0x00, 0x00, 0x07, 0x50, 0x00, 0xc0, 0x00, 0x0b, 0x00, 0x00, 0x0a, 0x10, 0x00,
    0xc0, 0x00, 0x0b, 0x16, 0x72, 0x1b, 0x00, 0x00, 0xc0, 0x00, 0x5f, 0x71, 0x00, 0x75, 0x00, 0x01,
    0xb0, 0x00, 0x20, 0x00, 0x02, 0xa0, 0x00, 0x02, 0xa0, 0x00, 0x00, 0x00, 0x1a, 0x10, 0x00, 0x05,
    0x70, 0x00, 0x00, 0x04, 0x81, 0x00, 0x0b, 0xbc, 0x20, 0x00, 0x00, 0x00, 0x00, 0x00, 0x00, 0x00,
    0x00, 0x00, 0x00, 0x00, 0x00, 0x00, 0x00, 0x00, 0x00, 0x00, 0x00, 0x00, 0x00, 0x00, 0x0b, 0x67,
    0x7d, 0x77, 0x77, 0x00, 0x00, 0x0b, 0x00, 0x25, 0x00, 0x00, 0x0b, 0x00, 0x0b, 0x00, 0x61, 0x00,
    0x00, 0x0b, 0x00, 0x0b, 0x00, 0xc7, 0x77, 0x83, 0x0b, 0x00, 0x0b, 0x03, 0x40, 0x00, 0x52, 0x0b,
    0x00, 0x0b, 0x08, 0x00, 0x00, 0x70, 0x0b, 0x00, 0x0b, 0x45, 0x10, 0x00, 0x70, 0x0b, 0x00, 0x0b,
    0x50, 0x65, 0x03, 0x40, 0x0b, 0x00, 0x0b, 0x00, 0x03, 0x88, 0x00, 0x0b, 0x00, 0x0b, 0x00, 0x00,
    0x65, 0x00, 0x08, 0x00, 0x0b, 0x00, 0x02, 0x70, 0x00, 0x00, 0x00, 0x0b, 0x00, 0x37, 0x00, 0x00,
    0x00, 0x00, 0x0b, 0x17, 0x60, 0x00, 0x00, 0x00, 0x4b, 0xc8, 0x21, 0x00, 0x00, 0x00, 0x00, 0x00,
    0x00, 0x00, 0x31, 0x20, 0x02, 0x12, 0x00, 0x00, 0x40, 0x2f, 0x6f, 0x32, 0xf6, 0xf0, 0x00, 0x0b,
    0x02, 0xc0, 0xb3, 0x2c, 0x0e, 0x08, 0x00, 0xb0, 0x2c, 0x0b, 0x32, 0xc0, 0xe0, 0xb0, 0x0b, 0x02,
    0xc0, 0xb3, 0x2c, 0x0e, 0x0b, 0x00, 0xb0, 0x2c, 0x0b, 0x32, 0xc0, 0xe0, 0xb0, 0x0b, 0x15, 0xf3,
    0xf6, 0x6f, 0x3f, 0x3b, 0x00, 0xb1, 0x6f, 0x4f, 0x66, 0xf4, 0xf4, 0xb0, 0x0b, 0x02, 0xc0, 0xb3,
    0x2c, 0x0e, 0x0b, 0x00, 0xb0, 0x3c, 0x0b, 0x33, 0xc0, 0xe0, 0xb0, 0x0b, 0x04, 0xb0, 0xb3, 0x3b,
    0x0e, 0x0b, 0x00, 0xb0, 0x69, 0x0b, 0x35, 0x90, 0xe0, 0x00, 0x0b, 0x08, 0x60, 0xb3, 0x85, 0x0e,
    0x00, 0x00, 0xb0, 0xb1, 0x0b, 0x3b, 0x10, 0xe0, 0x00, 0x0b, 0x26, 0x09, 0xd4, 0x60, 0xad, 0x00,
    0xab, 0x90, 0x00, 0x00, 0x00, 0x00, 0x00, 0x00, 0x00, 0x02, 0x22, 0x22, 0x22, 0x20, 0x00, 0x0a,
    0x06, 0x66, 0xe6, 0x66, 0x61, 0xb0, 0x0b, 0x00, 0x03, 0x50, 0x31, 0x00, 0xb0, 0x0b, 0x00, 0x08,
    0x00, 0x06, 0x00, 0xb0, 0x0b, 0x00, 0x62, 0x23, 0x58, 0x60, 0xb0, 0x0b, 0x02, 0xb7, 0x53, 0x20,
    0x40, 0xb0, 0x0b, 0x00, 0x00, 0x06, 0x00, 0x00, 0xb0, 0x0b, 0x00, 0x00, 0x07, 0x00, 0x00, 0xb0,
    0x0b, 0x02, 0x77, 0x7e, 0x77, 0x71, 0xb0, 0x0b, 0x00, 0x00, 0x07, 0x00, 0x00, 0xb0, 0x0b, 0x00,
    0x00, 0x07, 0x00, 0x00, 0x80, 0x0b, 0x00, 0x00, 0x0a, 0x67, 0x72, 0x00, 0x0b, 0x06, 0x88, 0x75,
    0x10, 0x00, 0x00, 0x0b, 0x02, 0x00, 0x00, 0x00, 0x00, 0x09, 0xbc, 0x00, 0x00, 0x00, 0x00, 0x00,
    0x00, 0x00, 0x00, 0x00, 0x30, 0x00, 0x00, 0x00, 0x00, 0x30, 0x07, 0x0b, 0x00, 0x00, 0x00, 0x00,
    0x0b, 0x02, 0x60, 0xb0, 0x00, 0x00, 0x08, 0x00, 0xb0, 0x78, 0x7f, 0x77, 0x74, 0x00, 0xb0, 0x0b,
    0x17, 0x00, 0xb0, 0x00, 0x00, 0x0b, 0x00, 0xb6, 0x43, 0x3e, 0x33, 0x33, 0x10, 0xb0, 0x0b, 0x44,
    0x44, 0xf4, 0x44, 0x41, 0x0b, 0x00, 0xb0, 0x00, 0x0b, 0x00, 0x00, 0x00, 0xb0, 0x0b, 0x07, 0x77,
    0xf7, 0x77, 0xe0, 0x0b, 0x00, 0xb0, 0xb0, 0x0b, 0x00, 0x0f, 0x00, 0xb0, 0x0b, 0x0b, 0x00, 0xb0,
    0x00, 0xf0, 0x0b, 0x00, 0xb0, 0xb0, 0x0b, 0x00, 0x0f, 0x00, 0x00, 0x0b, 0x0b, 0x00, 0xb0, 0x00,
    0xf0, 0x00, 0x00, 0xb0, 0xb0, 0x0b, 0x0a, 0xcc, 0x00, 0x00, 0x0b, 0x00, 0x00, 0xb0, 0x00, 0x00,
    0x06, 0xbb, 0x80, 0x00, 0x00, 0x00, 0x00, 0x00, 0x00, 0x00, 0x00, 0x01, 0x20, 0x00, 0x00, 0x01,
    0x20, 0x00, 0x00, 0x00, 0x71, 0x00, 0x00, 0x07, 0x10, 0x00, 0x00, 0x00, 0x17, 0x00, 0x00, 0x35,
    0x00, 0x00, 0x0b, 0xbb, 0xbc, 0xbb, 0xbb, 0xfb, 0xbb, 0xb0, 0x00, 0x00, 0x00, 0x00, 0x00, 0x00,
    0x00, 0x00, 0x00, 0x22, 0x22, 0x21, 0x00, 0x00, 0x04, 0x00, 0x00, 0x95, 0x55, 0x58, 0x00, 0x70,
    0x07, 0x00, 0x00, 0x70, 0x00, 0x07, 0x00, 0x70, 0x07, 0x00, 0x00, 0xc7, 0x77, 0x89, 0x00, 0x70,
    0x07, 0x00, 0x00, 0x70, 0x00, 0x07, 0x00, 0x70, 0x07, 0x00, 0x00, 0x70, 0x00, 0x07, 0x00, 0x70,
    0x07, 0x00, 0x00, 0xb7, 0x77, 0x78, 0x00, 0x70, 0x07, 0x00, 0x00, 0x70, 0x00, 0x07, 0x00, 0x40,
    0x07, 0x00, 0x00, 0x70, 0x00, 0x07, 0x00, 0x00, 0x07, 0x00, 0x00, 0x70, 0x3b, 0xb5, 0x00, 0x3b,
    0xb9, 0x00, 0x00, 0x00, 0x00, 0x00, 0x00, 0x00, 0x00, 0x00, 0x00, 0x00, 0x00, 0x02, 0x40, 0x00,
    0x04, 0x04, 0x67, 0x7d, 0x75, 0x10, 0x00, 0x0b, 0x00, 0x00, 0x0b, 0x00, 0x00, 0x08, 0x0b, 0x13,
    0x33, 0x3e, 0x33, 0x33, 0x1b, 0x0b, 0x25, 0x56, 0x5f, 0x56, 0x55, 0x2b, 0x0b, 0x00, 0x0b, 0x4b,
    0x0b, 0x00, 0x0b, 0x0b, 0x07, 0x7f, 0x4b, 0x0c, 0x73, 0x0b, 0x0b, 0x00, 0x0b, 0x4b, 0x0e, 0x10,
    0x0b, 0x0b, 0x02, 0x5f, 0x4b, 0x0b, 0x07, 0x0b, 0x0b, 0x16, 0x3b, 0x4f, 0x0c, 0x6b, 0x0b, 0x0b,
    0x00, 0x02, 0x6f, 0x71, 0x10, 0x0b, 0x0b, 0x00, 0x06, 0x4b, 0x17, 0x30, 0x00, 0x0b, 0x00, 0x73,
    0x0b, 0x00, 0x62, 0x00, 0x0b, 0x28, 0x20, 0x0b, 0x00, 0x00, 0x00, 0x0b, 0x10, 0x00, 0x0b, 0x00,
    0x00, 0x09, 0xbc, 0x00, 0x00, 0x00, 0x00, 0x00, 0x00, 0x00, 0x00, 0x00, 0x00, 0x00, 0x04, 0x00,
    0x00, 0x00, 0x00, 0x00, 0x00, 0x00, 0xb1, 0x00, 0x00, 0x12, 0x22, 0x22, 0x10, 0x0b, 0x00, 0x00,
    0x05, 0xbb, 0xfb, 0xb7, 0x00, 0xb0, 0x00, 0x00, 0x00, 0x0b, 0x00, 0xab, 0xbf, 0xbb, 0xbb, 0xf0,
    0x00, 0xb0, 0x00, 0x00, 0xb0, 0x00, 0x0e, 0x00, 0x0b, 0x00, 0x00, 0x0a, 0x00, 0x01, 0xd0, 0x00,
    0xb0, 0x00, 0x02, 0x70, 0x00, 0x2c, 0x00, 0x0b, 0x00, 0x00, 0x53, 0x00, 0x03, 0xb0, 0x00, 0xb0,
    0x33, 0x07, 0x00, 0x00, 0x4a, 0x01, 0x5f, 0x74, 0x01, 0x70, 0x00, 0x05, 0x94, 0x62, 0x00, 0x00,
    0x71, 0x00, 0x00, 0x78, 0x00, 0x00, 0x00, 0x45, 0x00, 0x00, 0x09, 0x60, 0x00, 0x00, 0x56, 0x00,
    0x00, 0x00, 0xd2, 0x00, 0x00, 0x43, 0x00, 0x02, 0xbb, 0xca, 0x00, 0x00, 0x00, 0x00, 0x00, 0x00,
    0x00, 0x00, 0x00, 0x0b, 0x10, 0x00, 0x00, 0x00, 0x00, 0x00, 0x00, 0xb1, 0x00, 0x00, 0x11, 0x11,
    0x10, 0x00, 0x0b, 0x00, 0x00, 0x0f, 0x66, 0x6d, 0x44, 0xbb, 0xfb, 0xbb, 0xf1, 0xf0, 0x00, 0xb4,
    0x00, 0x0c, 0x00, 0x0d, 0x0f, 0x00, 0x0b, 0x40, 0x00, 0xb0, 0x00, 0xd0, 0xf0, 0x00, 0xb4, 0x00,
    0x0b, 0x00, 0x0e, 0x0f, 0x00, 0x0b, 0x40, 0x01, 0x90, 0x00, 0xe0, 0xf0, 0x00, 0xb4, 0x00, 0x46,
    0x00, 0x0e, 0x0f, 0x00, 0x0b, 0x40, 0x07, 0x20, 0x00, 0xe0, 0xf0, 0x00, 0xb4, 0x00, 0x90, 0x00,
    0x1d, 0x0f, 0x00, 0x0b, 0x40, 0x27, 0x00, 0x03, 0xc0, 0xf0, 0x00, 0xb4, 0x07, 0x10, 0x00, 0x5a,
    0x0f, 0xbb, 0xbf, 0x44, 0x50, 0x08, 0xac, 0x40, 0xf0, 0x00, 0xb4, 0x10, 0x00, 0x00, 0x00, 0x00,
    0x00, 0x00, 0x00, 0x00, 0x00, 0x00, 0x00, 0x00, 0x00, 0x00, 0x00, 0x00, 0x00, 0x00, 0x00, 0x0b,
    0x00, 0x00, 0x4b, 0xbb, 0xbb, 0x80, 0x00, 0xb0, 0x00, 0x00, 0x00, 0x00, 0x00, 0x00, 0x0b, 0x00,
    0x00, 0x00, 0x00, 0x00, 0x03, 0x45, 0xf4, 0x47, 0x10, 0x00, 0x00, 0x00, 0x22, 0x4b, 0x22, 0xc4,
    0xbb, 0xfb, 0xbb, 0xb0, 0x03, 0x70, 0x0b, 0x30, 0x07, 0x00, 0x00, 0x00, 0x45, 0x00, 0xb2, 0x01,
    0x70, 0x03, 0x00, 0x07, 0x20, 0x0c, 0x10, 0x52, 0x00, 0x70, 0x00, 0x80, 0x00, 0xd1, 0x08, 0x00,
    0x05, 0x20, 0x08, 0x00, 0x0e, 0x01, 0x61, 0x46, 0x78, 0x03, 0x40, 0x00, 0xd0, 0xa8, 0x74, 0x10,
    0x70, 0x80, 0x00, 0x2c, 0x00, 0x00, 0x00, 0x00, 0x35, 0x00, 0x04, 0x90, 0x00, 0x00, 0x00, 0x28,
    0x04, 0xbb, 0xc3, 0x00, 0x00, 0x00, 0x00, 0x00, 0x00, 0x00, 0x00, 0x00, 0x00, 0x05, 0x00, 0x00,
    0x00, 0x00, 0x00, 0x00, 0xe0, 0x00, 0x00, 0x00, 0x00, 0x00, 0x0e, 0x00, 0x00, 0x00, 0x00, 0x00,
    0x00, 0xe0, 0x00, 0x00, 0x00, 0x00, 0x00, 0x0f, 0xbb, 0xbb, 0xbb, 0x80, 0x00, 0x00, 0xe0, 0x00,
    0x00, 0x00, 0x00, 0x00, 0x0e, 0x00, 0x00, 0x00, 0x00, 0x00, 0x00, 0xe0, 0x00, 0x00, 0x00, 0x4f,
    0xee, 0xef, 0xee, 0xee, 0xef, 0x04, 0xb0, 0x00, 0x00, 0x00, 0x00, 0xf0, 0x4b, 0x00, 0x00, 0x00,
    0x00, 0x0f, 0x04, 0xb0, 0x00, 0x00, 0x00, 0x00, 0xf0, 0x4b, 0x00, 0x00, 0x00, 0x00, 0x0f, 0x04,
    0xfb, 0xbb, 0xbb, 0xbb, 0xbb, 0xf0, 0x4b, 0x00, 0x00, 0x00, 0x00, 0x0f, 0x00, 0x10, 0x00, 0x00,
    0x00, 0x00, 0x00, 0x00, 0x00, 0x00, 0x05, 0x00, 0x00, 0x00, 0x00, 0x00, 0x00, 0x00, 0x0b, 0x00,
    0x00, 0x00, 0x00, 0x00, 0x00, 0x00, 0x0b, 0x00, 0x00, 0x00, 0x00, 0x00, 0x00, 0x00, 0x0f, 0xbb,
    0xbb, 0xb4, 0x00, 0x00, 0x00, 0x00, 0x0b, 0x00, 0x00, 0x00, 0x00, 0x00, 0x00, 0x00, 0x0b, 0x00,
    0x00, 0x00, 0x00, 0x25, 0x55, 0x55, 0x5f, 0x55, 0x55, 0x55, 0x51, 0x4b, 0xbb, 0xbb, 0xbf, 0xbb,
    0xbb, 0xbb, 0xb1, 0x00, 0x00, 0x00, 0x0b, 0x00, 0x00, 0x00, 0x00, 0x00, 0x00, 0x00, 0x0b, 0x13,
    0x00, 0x00, 0x00, 0x00, 0x00, 0x00, 0x0b, 0x04, 0x75, 0x00, 0x00, 0x00, 0x00, 0x00, 0x0b, 0x00,
    0x02, 0x77, 0x10, 0x00, 0x00, 0x00, 0x0b, 0x00, 0x00, 0x01, 0x00, 0x00, 0x00, 0x00, 0x0b, 0x00,
    0x00, 0x00, 0x00, 0x00, 0x00, 0x00, 0x0b, 0x00, 0x00, 0x00, 0x00, 0x00, 0xfc, 0xbb, 0xbb, 0xbb,
    0xbb, 0xbb, 0xb0, 0x0f, 0x10, 0x00, 0x00, 0x00, 0x00, 0x00, 0x00, 0xf1, 0x00, 0x00, 0x00, 0x00,
    0x00, 0x00, 0x0f, 0x10, 0x00, 0x00, 0x00, 0x00, 0x00, 0x00, 0xf1, 0x00, 0x00, 0x00, 0x00, 0x00,
    0x00, 0x0f, 0x10, 0x00, 0x00, 0x00, 0x00, 0x00, 0x00, 0xf0, 0x00, 0x00, 0x00, 0x00, 0x00, 0x00,
    0x1e, 0x00, 0x00, 0x00, 0x00, 0x00, 0x00, 0x03, 0xc0, 0x00, 0x00, 0x00, 0x00, 0x00, 0x00, 0x69,
    0x00, 0x00, 0x00, 0x00, 0x00, 0x00, 0x09, 0x40, 0x00, 0x00, 0x00, 0x00, 0x00, 0x01, 0xc0, 0x00,
    0x00, 0x00, 0x00, 0x00, 0x00, 0x65, 0x00, 0x00, 0x00, 0x00, 0x00, 0x00, 0x01, 0x00, 0x00, 0x00,
    0x00, 0x00, 0x00, 0x00, 0x00, 0x00, 0x00, 0x02, 0x00, 0x01, 0x00, 0x00, 0x00, 0x01, 0x80, 0x08,
    0x00, 0x05, 0x40, 0x00, 0x00, 0x05, 0x30, 0x07, 0x00, 0x00, 0x54, 0x00, 0x00, 0x08, 0x00, 0x16,
    0x00, 0x00, 0x03, 0x00, 0x00, 0x4f, 0xbb, 0xff, 0xbb, 0xbb, 0xbb, 0xb0, 0x00, 0x01, 0x00, 0x80,
    0x00, 0x00, 0x00, 0x00, 0x00, 0x00, 0x00, 0x80, 0x00, 0x00, 0x00, 0x00, 0x00, 0x00, 0x05, 0xdb,
    0xbb, 0xbb, 0xf1, 0x00, 0x00, 0x00, 0x08, 0x60, 0x00, 0x00, 0x80, 0x00, 0x00, 0x00, 0x63, 0x16,
    0x00, 0x05, 0x40, 0x00, 0x00, 0x03, 0x60, 0x04, 0x40, 0x28, 0x00, 0x00, 0x00, 0x28, 0x00, 0x00,
    0x64, 0x90, 0x00, 0x00, 0x03, 0x80, 0x00, 0x00, 0x2e, 0x50, 0x00, 0x00, 0x17, 0x00, 0x00, 0x06,
    0x60, 0x37, 0x20, 0x00, 0x00, 0x00, 0x26, 0x71, 0x00, 0x00, 0x57, 0x51, 0x00, 0x00, 0x20, 0x00,
    0x00, 0x00, 0x00, 0x11, 0x25, 0x84, 0x44, 0x94, 0x10, 0x00, 0x00, 0x00, 0x03, 0xc0, 0x00, 0xe1,
    0xbc, 0xbb, 0xbc, 0xf0, 0x03, 0xc0, 0x00, 0xe0, 0x07, 0x00, 0x03, 0xc0, 0x03, 0xc0, 0x00, 0xe0,
    0x07, 0x00, 0x06, 0x90, 0x03, 0xfb, 0xbb, 0xf0, 0x07, 0x00, 0x09, 0x60, 0x03, 0xc0, 0x00, 0xe0,
    0x04, 0x30, 0x0d, 0x10, 0x03, 0xc0, 0x00, 0xe0, 0x00, 0x70, 0x3b, 0x00, 0x03, 0xfb, 0xbb, 0xf0,
    0x00, 0x70, 0x95, 0x00, 0x03, 0xc0, 0x00, 0xe0, 0x00, 0x54, 0xc0, 0x00, 0x03, 0xc0, 0x00, 0xe0,
    0x00, 0x0f, 0x50, 0x00, 0x03, 0xe4, 0x67, 0xf6, 0x00, 0x3f, 0x30, 0x00, 0x48, 0x83, 0x10, 0xe0,
    0x01, 0xa1, 0x81, 0x00, 0x00, 0x00, 0x00, 0xe0, 0x09, 0x20, 0x19, 0x10, 0x00, 0x00, 0x00, 0xe0,
    0x82, 0x00, 0x01, 0x81, 0x13, 0x33, 0x33, 0x33, 0x33, 0x33, 0x33, 0x30, 0x3b, 0xbb, 0xbb, 0xbb,
    0xbb, 0xbb, 0xfb, 0xb1, 0x00, 0x00, 0x00, 0x00, 0x00, 0x00, 0xb0, 0x00, 0x00, 0x00, 0x00, 0x00,
    0x00, 0x00, 0xb0, 0x00, 0x00, 0x3f, 0xbb, 0xbb, 0xba, 0x00, 0xb0, 0x00, 0x00, 0x3b, 0x00, 0x00,
    0x0b, 0x00, 0xb0, 0x00, 0x00, 0x3b, 0x00, 0x00, 0x0b, 0x00, 0xb0, 0x00, 0x00, 0x3b, 0x00, 0x00,
    0x0b, 0x00, 0xb0, 0x00, 0x00, 0x3b, 0x00, 0x00, 0x0b, 0x00, 0xb0, 0x00, 0x00, 0x3f, 0xbb, 0xbb,
    0xbb, 0x00, 0xb0, 0x00, 0x00, 0x3b, 0x00, 0x00, 0x00, 0x00, 0xb0, 0x00, 0x00, 0x14, 0x00, 0x00,
    0x00, 0x00, 0xb0, 0x00, 0x00, 0x00, 0x00, 0x00, 0x00, 0x00, 0xb0, 0x00, 0x00, 0x00, 0x00, 0x00,
    0x03, 0xbb, 0xc0, 0x00, 0x00, 0x00, 0x00, 0x02, 0x00, 0x00, 0x00, 0x00, 0x00, 0x00, 0x03, 0x50,
    0x00, 0x00, 0x00, 0x00, 0x00, 0x00, 0x71, 0x00, 0x00, 0x00, 0x00, 0x00, 0x00, 0x08, 0x00, 0x00,
    0x00, 0x00, 0x08, 0xbb, 0xbe, 0xfb, 0xbb, 0xbb, 0xbb, 0xb0, 0x00, 0x00, 0x80, 0x00, 0x00, 0x00,
    0x00, 0x00, 0x00, 0x17, 0x00, 0x00, 0x00, 0x00, 0x00, 0x00, 0x08, 0x10, 0x00, 0x00, 0x00, 0x00,
    0x00, 0x04, 0xcb, 0xbb, 0xbb, 0xbb, 0xba, 0x00, 0x03, 0x77, 0x00, 0x00, 0x00, 0x00, 0x70, 0x03,
    0x80, 0x70, 0x00, 0x00, 0x00, 0x07, 0x02, 0x60, 0x07, 0x00, 0x00, 0x00, 0x00, 0x70, 0x00, 0x00,
    0x70, 0x00, 0x00, 0x00, 0x07, 0x00, 0x00, 0x0a, 0xbb, 0xbb, 0xbb, 0xbb, 0xd0, 0x00, 0x00, 0x70,
    0x00, 0x00, 0x00, 0x07, 0x00, 0x00, 0xbb, 0xbb, 0xbb, 0xbb, 0xb7, 0x00, 0x00, 0x70, 0x00, 0x00,
    0x00, 0x07, 0x00, 0x00, 0x70, 0x00, 0x00, 0x00, 0x07, 0x00, 0x00, 0x70, 0x00, 0x00, 0x00, 0x07,
    0x00, 0x00, 0xbb, 0xbb, 0xbb, 0xbb, 0xb7, 0x00, 0x00, 0x00, 0x00, 0x00, 0x00, 0x00, 0x00, 0xbb,
    0xbf, 0xcb, 0xbb, 0xbb, 0xbb, 0xb7, 0x00, 0x08, 0x00, 0x00, 0x00, 0x00, 0x00, 0x00, 0x17, 0x00,
    0x00, 0x00, 0x00, 0x00, 0x00, 0x6d, 0xbb, 0xbb, 0xbb, 0xbb, 0x00, 0x00, 0x00, 0x00, 0x00, 0x00,
    0x25, 0x00, 0x00, 0x00, 0x00, 0x00, 0x00, 0x62, 0x00, 0x00, 0x00, 0x00, 0x00, 0x00, 0x90, 0x00,
    0x00, 0x00, 0x00, 0x7b, 0xbb, 0x50, 0x00, 0x00, 0x00, 0x00, 0x00, 0x00, 0x00, 0x00, 0x8b, 0xbb,
    0xbb, 0xbb, 0xbb, 0xbb, 0xf1, 0xb0, 0x00, 0x00, 0x00, 0x00, 0x00, 0xb1, 0xb0, 0x00, 0x00, 0x00,
    0x00, 0x00, 0xb1, 0xb0, 0x3b, 0xbb, 0xbb, 0xbb, 0xb0, 0xb1, 0xb0, 0x00, 0x00, 0x00, 0x00, 0x00,
    0xb1, 0xb0, 0x00, 0x00, 0x00, 0x00, 0x00, 0xb1, 0xb0, 0x03, 0xfb, 0xbb, 0xbd, 0x00, 0xb1, 0xb0,
    0x03, 0x40, 0x00, 0x07, 0x00, 0xb1, 0xb0, 0x03, 0x40, 0x00, 0x07, 0x00, 0xb1, 0xb0, 0x03, 0x40,
    0x00, 0x07, 0x00, 0xb1, 0xb0, 0x03, 0xfb, 0xbb, 0xbc, 0x00, 0xb1, 0xb0, 0x03, 0x40, 0x00, 0x00,
    0x00, 0xb1, 0xb0, 0x00, 0x00, 0x00, 0x00, 0x00, 0xb1, 0xb0, 0x00, 0x00, 0x00, 0x00, 0xab, 0xc0,
    0x00, 0x00, 0x00, 0x30, 0x00, 0x00, 0x00, 0x00, 0x00, 0x71, 0x00, 0x00, 0x00, 0x00, 0x00, 0x7e,
    0xbb, 0xbb, 0xbf, 0x30, 0x00, 0x73, 0x00, 0x00, 0x01, 0x70, 0x03, 0x92, 0x00, 0x00, 0x01, 0x80,
    0x01, 0x60, 0x08, 0x20, 0x02, 0x81, 0x00, 0x00, 0x00, 0x06, 0x55, 0x70, 0x00, 0x00, 0x00, 0x00,
    0x2d, 0x50, 0x00, 0x00, 0x00, 0x04, 0x85, 0x00, 0x00, 0x00, 0x05, 0x87, 0xdb, 0xbb, 0xbb, 0xbb,
    0xbf, 0x10, 0x0f, 0x00, 0x00, 0x00, 0x00, 0xf0, 0x00, 0xf0, 0x00, 0x00, 0x00, 0x0f, 0x00, 0x0f,
    0x00, 0x00, 0x00, 0x00, 0xf0, 0x00, 0xfb, 0xbb, 0xbb, 0xbb, 0xbf, 0x00, 0x0f, 0x00, 0x00, 0x00,
    0x00, 0xf0, 0x00, 0x00, 0x00, 0x00, 0x00, 0x00, 0x00, 0x00, 0x00, 0x00, 0x00, 0x00, 0x12, 0x00,
    0x00, 0x00, 0x00, 0x24, 0x68, 0x88, 0x73, 0x00, 0x00, 0xf9, 0x88, 0x75, 0x30, 0x00, 0x00, 0x00,
    0x00, 0xf1, 0x00, 0x00, 0x00, 0x00, 0x00, 0x00, 0x00, 0xf1, 0x00, 0x00, 0x00, 0x00, 0x00, 0x00,
    0x00, 0xfc, 0xbb, 0xbb, 0xbb, 0xbb, 0xbb, 0xb1, 0x00, 0xf1, 0x00, 0x00, 0x00, 0x00, 0x00, 0x00,
    0x00, 0xf0, 0x00, 0x00, 0x00, 0x00, 0x00, 0x00, 0x01, 0xe1, 0xbb, 0xbb, 0xbb, 0xbb, 0xbb, 0x00,
    0x03, 0xc1, 0xf0, 0x00, 0x00, 0x00, 0x0e, 0x00, 0x05, 0x91, 0xf0, 0x00, 0x00, 0x00, 0x0e, 0x00,
    0x09, 0x51, 0xf0, 0x00, 0x00, 0x00, 0x0e, 0x00, 0x0c, 0x11, 0xf0, 0x00, 0x00, 0x00, 0x0e, 0x00,
    0x48, 0x01, 0xfb, 0xbb, 0xbb, 0xbb, 0xbf, 0x00, 0x81, 0x01, 0xf0, 0x00, 0x00, 0x00, 0x0e, 0x00,
    0x08, 0xbb, 0xbb, 0xbb, 0xbc, 0xbb, 0xbb, 0xb0, 0x00, 0x00, 0x00, 0x00, 0x63, 0x00, 0x00, 0x00,
    0x00, 0x00, 0x00, 0x09, 0x60, 0x00, 0x00, 0x00, 0x00, 0x00, 0x03, 0x85, 0x43, 0x73, 0x00, 0x00,
    0x00, 0x01, 0x76, 0x04, 0x40, 0x04, 0x82, 0x00, 0x02, 0x87, 0x10, 0x04, 0x40, 0x00, 0x06, 0x70,
    0x06, 0x10, 0x00, 0x04, 0x40, 0x00, 0x00, 0x21, 0x00, 0x00, 0x00, 0x02, 0x30, 0x00, 0x00, 0x00,
    0x00, 0x0b, 0xbb, 0xbb, 0xbb, 0xbb, 0xb1, 0x00, 0x00, 0x07, 0x00, 0x00, 0x00, 0x00, 0x61, 0x00,
    0x00, 0x07, 0x00, 0x00, 0x00, 0x00, 0x61, 0x00, 0x00, 0x07, 0x00, 0x00, 0x00, 0x00, 0x61, 0x00,
    0x00, 0x0f, 0xbb, 0xbb, 0xbb, 0xbb, 0xf1, 0x00, 0x00, 0x07, 0x00, 0x00, 0x00, 0x00, 0x61, 0x00,
    0x00, 0x00, 0x00, 0x00, 0x00, 0x00, 0x00, 0x00, 0x00, 0x00, 0x00, 0x00, 0x00, 0x00, 0x30, 0x00,
    0x00, 0x00, 0x00, 0x02, 0x67, 0x74, 0x00, 0xfb, 0xbd, 0x01, 0xe7, 0x41, 0x00, 0x00, 0x0f, 0x00,
    0xb0, 0x1f, 0x10, 0x00, 0x00, 0x00, 0xf0, 0x0b, 0x01, 0xf1, 0x00, 0x00, 0x00, 0x0f, 0x00, 0xb0,
    0x1f, 0x54, 0x44, 0x44, 0x41, 0xf0, 0x0b, 0x01, 0xfc, 0xbb, 0xbf, 0xbb, 0x3f, 0x00, 0xb0, 0x2f,
    0x00, 0x00, 0xb0, 0x00, 0xf0, 0x0b, 0x02, 0xf0, 0x00, 0x0b, 0x00, 0x0f, 0x00, 0xb0, 0x4c, 0x00,
    0x00, 0xb0, 0x00, 0xf0, 0x0b, 0x06, 0xa0, 0x00, 0x0b, 0x00, 0x0f, 0xbb, 0xb0, 0x96, 0x00, 0x00,
    0xb0, 0x00, 0xe0, 0x00, 0x0c, 0x10, 0x00, 0x0b, 0x00, 0x00, 0x00, 0x03, 0x90, 0x00, 0x00, 0xb0,
    0x00, 0x00, 0x00, 0x61, 0x00, 0x00, 0x0b, 0x00, 0x00, 0x00, 0x00, 0x00, 0x02, 0x00, 0x00, 0x00,
    0x00, 0x00, 0x00, 0x04, 0x40, 0x00, 0x00, 0x00, 0x00, 0x00, 0x00, 0x60, 0x00, 0x00, 0x00, 0xfd,
    0xbb, 0xbb, 0xbb, 0xbb, 0xbc, 0x00, 0xe1, 0x00, 0x00, 0x00, 0x00, 0x0c, 0x00, 0xe1, 0x00, 0x00,
    0x00, 0x00, 0x0c, 0x00, 0xfd, 0xbb, 0xbb, 0xbb, 0xbb, 0xbc, 0x00, 0xf1, 0x00, 0x00, 0x00, 0x00,
    0x00, 0x00, 0xf0, 0x00, 0x00, 0x00, 0x00, 0x00, 0x02, 0xd4, 0xdb, 0xbb, 0xbb, 0xbb, 0xbd, 0x04,
    0xb4, 0xb0, 0x00, 0x00, 0x00, 0x0a, 0x08, 0x74, 0xb0, 0x00, 0x00, 0x00, 0x0a, 0x0b, 0x24, 0xb0,
    0x00, 0x00, 0x00, 0x0a, 0x2a, 0x04, 0xfb, 0xbb, 0xbb, 0xbb, 0xbf, 0x81, 0x04, 0xb0, 0x00, 0x00,
    0x00, 0x0a, 0x00, 0x00, 0x10, 0x00, 0x00, 0x00, 0x00, 0x00, 0x3f, 0xbb, 0xbb, 0xbb, 0xbb, 0xbf,
    0x40, 0x04, 0xc0, 0x00, 0x08, 0x00, 0x00, 0xb5, 0x00, 0x4c, 0x00, 0x00, 0xb0, 0x00, 0x0b, 0x50,
    0x04, 0xc4, 0xbb, 0xbf, 0xbb, 0xb3, 0xb5, 0x00, 0x4c, 0x00, 0x00, 0xb0, 0x00, 0x0b, 0x50, 0x04,
    0xc9, 0xbb, 0xbf, 0xbb, 0xb8, 0xb5, 0x00, 0x4c, 0x12, 0x22, 0x22, 0x22, 0x1b, 0x50, 0x05, 0xb0,
    0x00, 0x00, 0x00, 0x00, 0xb5, 0x00, 0x79, 0x1f, 0xbb, 0xbb, 0xbb, 0x0b, 0x50, 0x09, 0x61, 0xf0,
    0x00, 0x00, 0xb0, 0xb5, 0x00, 0xd2, 0x1f, 0x00, 0x00, 0x0b, 0x0b, 0x50, 0x2c, 0x01, 0xfb, 0xbb,
    0xbb, 0xb0, 0xb5, 0x08, 0x40, 0x1e, 0x00, 0x00, 0x00, 0x0b, 0x51, 0x80, 0x00, 0x00, 0x00, 0x04,
    0xbb, 0xd2, 0x00, 0x00, 0x00, 0x00, 0x00, 0x00, 0x00, 0x00, 0x00, 0x9b, 0xbb, 0x90, 0x0a, 0xbb,
    0xba, 0x00, 0x00, 0x70, 0x00, 0x70, 0x07, 0x00, 0x07, 0x00, 0x00, 0x70, 0x00, 0x70, 0x07, 0x00,
    0x07, 0x00, 0x00, 0x70, 0x00, 0x70, 0x07, 0x00, 0x07, 0x00, 0x00, 0x9b, 0xbb, 0x92, 0x0a, 0xbb,
    0xba, 0x00, 0x00, 0x00, 0x00, 0x27, 0x00, 0x56, 0x20, 0x00, 0x1b, 0xbb, 0xbc, 0xfc, 0xbf, 0xcb,
    0xcb, 0xb1, 0x00, 0x00, 0x18, 0x10, 0x01, 0x71, 0x00, 0x00, 0x00, 0x03, 0x81, 0x00, 0x00, 0x06,
    0x60, 0x00, 0x03, 0xff, 0xbb, 0x90, 0x0b, 0xbb, 0xdf, 0x71, 0x15, 0x70, 0x00, 0x70, 0x07, 0x00,
    0x07, 0x00, 0x00, 0x70, 0x00, 0x70, 0x07, 0x00, 0x07, 0x00, 0x00, 0x70, 0x00, 0x70, 0x07, 0x00,
    0x07, 0x00, 0x00, 0xeb, 0xbb, 0xf0, 0x0f, 0xbb, 0xbe, 0x00, 0x02, 0x22, 0x22, 0x22, 0x22, 0x22,
    0x22, 0x00, 0xfe, 0xee, 0xfe, 0xee, 0xfe, 0xee, 0xf2, 0x0f, 0x00, 0x0b, 0x00, 0x0b, 0x00, 0x0b,
    0x20, 0xf0, 0x00, 0xb0, 0x00, 0xb0, 0x00, 0xb2, 0x0f, 0x00, 0x0b, 0x00, 0x0b, 0x00, 0x0b, 0x20,
    0xf0, 0x00, 0xa0, 0x00, 0xb0, 0x00, 0xb2, 0x0f, 0x00, 0x38, 0x00, 0x0b, 0x00, 0x0b, 0x20, 0xf0,
    0x07, 0x30, 0x00, 0xc0, 0x00, 0xb2, 0x0f, 0x01, 0xa0, 0x00, 0x09, 0xbb, 0x8b, 0x20, 0xf3, 0x91,
    0x00, 0x00, 0x00, 0x00, 0xb2, 0x0f, 0x20, 0x00, 0x00, 0x00, 0x00, 0x0b, 0x20, 0xf0, 0x00, 0x00,
    0x00, 0x00, 0x00, 0xb2, 0x0f, 0xbb, 0xbb, 0xbb, 0xbb, 0xbb, 0xbf, 0x20, 0xf0, 0x00, 0x00, 0x00,
    0x00, 0x00, 0xb2, 0x01, 0x00, 0x00, 0x00, 0x00, 0x00, 0x00, 0x00, 0x0b, 0xbb, 0xbb, 0xbb, 0xbb,
    0xbb, 0xbb, 0x20, 0xf0, 0x00, 0x00, 0x00, 0x00, 0x00, 0xb3, 0x0f, 0x00, 0x00, 0x00, 0x00, 0x00,
    0x0b, 0x30, 0xf0, 0x00, 0x00, 0x00, 0x00, 0x00, 0xb3, 0x0f, 0x00, 0x0e, 0xbb, 0xbb, 0xc0, 0x0b,
    0x30, 0xf0, 0x00, 0xb0, 0x00, 0x0b, 0x00, 0xb3, 0x0f, 0x00, 0x0b, 0x00, 0x00, 0xb0, 0x0b, 0x30,
    0xf0, 0x00, 0xb0, 0x00, 0x0b, 0x00, 0xb3, 0x0f, 0x00, 0x0b, 0x00, 0x00, 0xb0, 0x0b, 0x30, 0xf0,
    0x00, 0xbb, 0xbb, 0xb9, 0x00, 0xb3, 0x0f, 0x00, 0x00, 0x00, 0x00, 0x00, 0x0b, 0x30, 0xf0, 0x00,
    0x00, 0x00, 0x00, 0x00, 0xb3, 0x0f, 0xbb, 0xbb, 0xbb, 0xbb, 0xbb, 0xbf, 0x30, 0xf0, 0x00, 0x00,
    0x00, 0x00, 0x00, 0xb3, 0xbb, 0xbb, 0xbb, 0xbb, 0xbb, 0xbb, 0xb1, 0xf0, 0x00, 0x02, 0x00, 0x00,
    0x00, 0xb2, 0xf0, 0x00, 0x25, 0x00, 0x00, 0x00, 0xb2, 0xf0, 0x02, 0xcb, 0xbb, 0xbf, 0x00, 0xb2,
    0xf0, 0x37, 0x71, 0x00, 0x72, 0x00, 0xb2, 0xf1, 0x50, 0x07, 0x57, 0x20, 0x00, 0xb2, 0xf0, 0x00,
    0x26, 0x97, 0x20, 0x00, 0xb2, 0xf2, 0x67, 0x50, 0x00, 0x57, 0x61, 0xb2, 0xf3, 0x10, 0x06, 0x61,
    0x00, 0x11, 0xb2, 0xf0, 0x00, 0x00, 0x16, 0x40, 0x00, 0xb2, 0xf0, 0x06, 0x77, 0x51, 0x00, 0x00,
    0xb2, 0xf0, 0x00, 0x00, 0x26, 0x74, 0x00, 0xb2, 0xf0, 0x00, 0x00, 0x00, 0x00, 0x00, 0xb2, 0xfb,
    0xbb, 0xbb, 0xbb, 0xbb, 0xbb, 0xf2, 0x00, 0x00, 0x00, 0x20, 0x00, 0x00, 0x00, 0x00, 0x00, 0x00,
    0x08, 0x00, 0x00, 0x00, 0x00, 0x00, 0x00, 0x01, 0x70, 0x00, 0x00, 0x00, 0x00, 0xbb, 0xbb, 0xfd,
    0xbb, 0xbb, 0xbb, 0xb8, 0x00, 0x00, 0x18, 0x00, 0x01, 0x10, 0x00, 0x00, 0x00, 0x07, 0x20, 0x00,
    0x34, 0x00, 0x00, 0x00, 0x03, 0x60, 0x00, 0x03, 0x40, 0x00, 0x00, 0x01, 0xf0, 0x00, 0x00, 0x34,
    0x00, 0x00, 0x01, 0x98, 0x02, 0xbb, 0xbf, 0xfb, 0xbb, 0x30, 0x91, 0x70, 0x00, 0x00, 0x34, 0x00,
    0x00, 0x00, 0x07, 0x00, 0x00, 0x03, 0x40, 0x00, 0x00, 0x00, 0x70, 0x00, 0x00, 0x34, 0x00, 0x00,
    0x00, 0x07, 0x00, 0x00, 0x03, 0x40, 0x00, 0x00, 0x00, 0x70, 0x00, 0x00, 0x34, 0x00, 0x00, 0x00,
    0x07, 0x0c, 0xee, 0xef, 0xfe, 0xee, 0xb0, 0x00, 0x02, 0x00, 0x00, 0x00, 0x00, 0x00, 0x00, 0x00,
    0x0b, 0x00, 0x00, 0x00, 0xb0, 0x00, 0x00, 0x00, 0x0b, 0x00, 0x09, 0x00, 0xb0, 0x00, 0x00, 0x00,
    0x0b, 0x00, 0x0b, 0x00, 0xb0, 0x00, 0x50, 0x13, 0x3e, 0x33, 0x0b, 0x00, 0xb1, 0x67, 0xe0, 0x14,
    0x4f, 0x44, 0x0b, 0x02, 0xf7, 0x10, 0xc0, 0x00, 0x0b, 0x00, 0x0f, 0x85, 0xc0, 0x00, 0xb0, 0x00,
    0x0b, 0x04, 0x7e, 0x00, 0xb0, 0x00, 0xb0, 0x00, 0x0b, 0x00, 0x0b, 0x00, 0xb0, 0x00, 0xb0, 0x00,
    0x0b, 0x00, 0x0b, 0x00, 0xb0, 0x00, 0xb0, 0x00, 0x0c, 0x67, 0x0b, 0x00, 0xb0, 0x36, 0x80, 0x04,
    0x8a, 0x10, 0x0b, 0x00, 0xb0, 0x43, 0x00, 0x24, 0x00, 0x00, 0x0b, 0x00, 0x00, 0x00, 0x07, 0x00,
    0x00, 0x00, 0x0c, 0x00, 0x00, 0x00, 0x26, 0x00, 0x00, 0x00, 0x09, 0xcb, 0xbb, 0xbb, 0xb1, 0x00,
    0x06, 0x00, 0x00, 0x00, 0x15, 0x00, 0x00, 0x00, 0x0b, 0x00, 0x00, 0x00, 0x3b, 0x00, 0x00, 0x00,
    0x0b, 0x00, 0x00, 0x00, 0x3b, 0x00, 0x00, 0x00, 0x0b, 0x00, 0x03, 0x00, 0x3b, 0x00, 0x00, 0x3b,
    0xbf, 0xbb, 0x3b, 0x00, 0x3b, 0x00, 0x00, 0x00, 0x0b, 0x00, 0x0b, 0x00, 0x3b, 0x00, 0x00, 0x00,
    0x0b, 0x00, 0x0b, 0x00, 0x3f, 0xbb, 0xb7, 0x00, 0x0b, 0x00, 0x0b, 0x00, 0x3b, 0x00, 0x00, 0x00,
    0x0b, 0x00, 0x0b, 0x00, 0x3b, 0x00, 0x00, 0x00, 0x0b, 0x03, 0x2b, 0x00, 0x3b, 0x00, 0x00, 0x00,
    0x1e, 0x73, 0x0b, 0x00, 0x3b, 0x00, 0x00, 0x28, 0x61, 0x00, 0x0b, 0x00, 0x3b, 0x00, 0x00, 0x00,
    0x00, 0x00, 0x0b, 0x00, 0x3b, 0x00, 0x00, 0x00, 0x00, 0x00, 0x0b, 0x00, 0x3b, 0x00, 0x00, 0x00,
    0x00, 0x2f, 0xff, 0xff, 0xff, 0xff, 0xfb, 0x00, 0x00, 0x00, 0x00, 0x00, 0x00, 0x00, 0x00, 0x00,
    0x20, 0x00, 0x00, 0x00, 0x50, 0x10, 0x00, 0x0b, 0x00, 0x00, 0x00, 0x0b, 0x07, 0x50, 0x00, 0xb0,
    0x00, 0x00, 0x00, 0xb0, 0x06, 0x10, 0x0b, 0x05, 0xbb, 0xbb, 0xbf, 0xbb, 0xb9, 0x35, 0xf5, 0x30,
    0x00, 0x00, 0xb0, 0x00, 0x00, 0x0b, 0x00, 0x9b, 0xbb, 0x0a, 0x10, 0x02, 0x00, 0xb0, 0x0b, 0x00,
    0xb0, 0x92, 0x02, 0x60, 0x0b, 0x00, 0xb0, 0x0b, 0x08, 0x30, 0x71, 0x00, 0xb0, 0x0b, 0x00, 0xb0,
    0x64, 0x07, 0x00, 0x0b, 0x00, 0xcb, 0xbe, 0x04, 0x66, 0x20, 0x00, 0xb3, 0x40, 0x00, 0x00, 0x29,
    0x70, 0x00, 0x5e, 0x40, 0x00, 0x46, 0x50, 0xf1, 0x00, 0x52, 0x00, 0x37, 0x63, 0x00, 0x7b, 0x10,
    0xb0, 0x00, 0x00, 0x00, 0x00, 0x74, 0x38, 0x1b, 0x00, 0x00, 0x00, 0x00, 0x72, 0x00, 0x7c, 0x60,
    0x00, 0x00, 0x01, 0x20, 0x00, 0x00, 0x00, 0x00, 0x00, 0x00, 0x08, 0x10, 0x00, 0x00, 0x00, 0x00,
    0x00, 0x00, 0x6e, 0xbb, 0xbb, 0xbf, 0x30, 0x00, 0x00, 0x06, 0x67, 0x00, 0x00, 0x46, 0x00, 0x00,
    0x02, 0x82, 0x04, 0x70, 0x17, 0x40, 0x00, 0x00, 0x01, 0x00, 0x00, 0x2e, 0xb1, 0x00, 0x00, 0x00,
    0x00, 0x00, 0x27, 0x82, 0x47, 0x51, 0x00, 0x00, 0x14, 0x79, 0x72, 0x11, 0x11, 0x48, 0x97, 0x51,
    0x14, 0x0f, 0xff, 0xff, 0xff, 0xff, 0xf0, 0x21, 0x00, 0x0b, 0x00, 0x05, 0x30, 0x00, 0x80, 0x00,
    0x00, 0x0b, 0x00, 0x05, 0x30, 0x00, 0x80, 0x00, 0x00, 0x0f, 0xbb, 0xbf, 0xeb, 0xbb, 0xf0, 0x00,
    0x00, 0x0b, 0x00, 0x05, 0x30, 0x00, 0x80, 0x00, 0x00, 0x0b, 0x00, 0x05, 0x30, 0x00, 0x80, 0x00,
    0x00, 0x0f, 0xee, 0xef, 0xfe, 0xee, 0xf0, 0x00, 0x00, 0x01, 0x00, 0x00, 0x00, 0x00, 0x00, 0x00,
    0x00, 0x00, 0x30, 0x00, 0x00, 0x00, 0x00, 0x00, 0x00, 0x03, 0x50, 0x00, 0x00, 0x00, 0x00, 0x00,
    0x00, 0x1f, 0xbb, 0xbb, 0xbb, 0xbb, 0xbb, 0x00, 0x01, 0x91, 0x00, 0x00, 0x00, 0x00, 0x00, 0x00,
    0x29, 0x19, 0xbb, 0xbb, 0xbb, 0xbb, 0xa0, 0x00, 0x11, 0x0b, 0x00, 0x00, 0x00, 0x00, 0xb0, 0x00,
    0x00, 0x0b, 0xbb, 0xbb, 0xbb, 0xbb, 0xc0, 0x00, 0x00, 0x0b, 0x00, 0x00, 0x00, 0x00, 0xb0, 0x00,
    0x00, 0x0a, 0xbe, 0xbb, 0xbb, 0xbb, 0xa0, 0x00, 0x00, 0x00, 0x35, 0x00, 0x00, 0x00, 0x00, 0x00,
    0x00, 0x03, 0xfb, 0xbb, 0xbb, 0xbf, 0x20, 0x00, 0x00, 0x47, 0x74, 0x00, 0x01, 0x95, 0x00, 0x00,
    0x03, 0x50, 0x05, 0x71, 0x5a, 0x20, 0x00, 0x00, 0x00, 0x00, 0x03, 0x8f, 0xc5, 0x10, 0x00, 0x00,
    0x25, 0x78, 0x85, 0x10, 0x02, 0x67, 0x77, 0x50, 0x22, 0x00, 0x00, 0x00, 0x00, 0x00, 0x01, 0x20,
    0x00, 0x00, 0x00, 0x31, 0x00, 0x00, 0x00, 0x00, 0x00, 0x02, 0x70, 0x00, 0x00, 0x00, 0x00, 0x00,
    0x3d, 0xbb, 0xbb, 0xf2, 0x00, 0x00, 0x06, 0x60, 0x00, 0x02, 0x70, 0x00, 0x03, 0x83, 0x42, 0x00,
    0x38, 0x00, 0x00, 0x01, 0x00, 0x05, 0x76, 0x60, 0x00, 0x00, 0x00, 0x00, 0x04, 0x93, 0x36, 0x00,
    0x00, 0x00, 0x16, 0x83, 0x03, 0xfb, 0xbb, 0xbc, 0x28, 0x72, 0x00, 0x56, 0x00, 0x00, 0x26, 0x00,
    0x00, 0x27, 0x30, 0x00, 0x01, 0x80, 0x00, 0x17, 0x60, 0x28, 0x10, 0x28, 0x10, 0x00, 0x00, 0x00,
    0x01, 0x87, 0x70, 0x00, 0x00, 0x00, 0x00, 0x05, 0x94, 0x00, 0x00, 0x00, 0x01, 0x47, 0x72, 0x00,
    0x00, 0x00, 0x27, 0x76, 0x30, 0x00, 0x00, 0x00, 0x00, 0x00, 0x00, 0x00, 0x01, 0x30, 0x00, 0x00,
    0x00, 0x00, 0x00, 0x00, 0x02, 0x50, 0x00, 0x00, 0x00, 0x00, 0x00, 0x00, 0x03, 0x40, 0x00, 0x00,
    0x00, 0x00, 0x00, 0x00, 0x04, 0x30, 0x00, 0x00, 0x00, 0x00, 0x00, 0x00, 0x05, 0x20, 0x00, 0x00,
    0x00, 0x0a, 0xbb, 0xbb, 0xbf, 0xdb, 0xbb, 0xbb, 0xb0, 0x00, 0x00, 0x00, 0x08, 0x70, 0x00, 0x00,
    0x00, 0x00, 0x00, 0x00, 0x07, 0x61, 0x00, 0x00, 0x00, 0x00, 0x00, 0x00, 0x53, 0x17, 0x00, 0x00,
    0x00, 0x00, 0x00, 0x00, 0x80, 0x07, 0x10, 0x00, 0x00, 0x00, 0x00, 0x05, 0x40, 0x01, 0x70, 0x00,
    0x00, 0x00, 0x00, 0x28, 0x00, 0x00, 0x54, 0x00, 0x00, 0x00, 0x01, 0x90, 0x00, 0x00, 0x07, 0x30,
    0x00, 0x00, 0x38, 0x10, 0x00, 0x00, 0x00, 0x75, 0x00, 0x08, 0x50, 0x00, 0x00, 0x00, 0x00, 0x05,
    0x80, 0x00, 0x00, 0x00, 0x00, 0x00, 0x00, 0x00, 0x00, 0x00, 0x00, 0x00, 0x00, 0x00, 0x00, 0x00,
    0x00, 0x00, 0x00, 0x60, 0x05, 0x20, 0x00, 0x00, 0x00, 0x00, 0x03, 0x50, 0x05, 0x20, 0x00, 0x00,
    0x00, 0x00, 0x07, 0x00, 0x05, 0x20, 0x00, 0x00, 0x00, 0x00, 0x2d, 0xbb, 0xbf, 0xeb, 0xbb, 0xb9,
    0x00, 0x00, 0x80, 0x00, 0x05, 0x20, 0x00, 0x00, 0x00, 0x06, 0x40, 0x00, 0x05, 0x20, 0x00, 0x00,
    0x00, 0x01, 0x00, 0x00, 0x06, 0x10, 0x00, 0x00, 0x00, 0x1b, 0xbb, 0xbb, 0xbf, 0xfb, 0xbb, 0xbb,
    0xb1, 0x00, 0x00, 0x00, 0x08, 0x71, 0x00, 0x00, 0x00, 0x00, 0x00, 0x00, 0x44, 0x16, 0x00, 0x00,
    0x00, 0x00, 0x00, 0x01, 0x80, 0x06, 0x30, 0x00, 0x00, 0x00, 0x00, 0x18, 0x10, 0x00, 0x72, 0x00,
    0x00, 0x00, 0x04, 0x81, 0x00, 0x00, 0x06, 0x50, 0x00, 0x04, 0x84, 0x00, 0x00, 0x00, 0x00, 0x27,
    0x61, 0x03, 0x00, 0x00, 0x00, 0x00, 0x00, 0x00, 0x10, 0x00, 0x00, 0x00, 0x01, 0x00, 0x00, 0x00,
    0x00, 0x32, 0x00, 0x04, 0x30, 0x00, 0x00, 0x00, 0x06, 0x82, 0x04, 0x20, 0x00, 0x00, 0x00, 0x00,
    0x07, 0x25, 0x20, 0x00, 0x00, 0x06, 0x20, 0x00, 0x05, 0x20, 0x00, 0x00, 0x00, 0x68, 0x10, 0x06,
    0x10, 0x00, 0x00, 0x00, 0x01, 0x60, 0x07, 0x00, 0x00, 0x00, 0x00, 0x00, 0x00, 0x07, 0x00, 0x00,
    0x00, 0xbb, 0xbb, 0xbb, 0xbf, 0xbb, 0xbb, 0xbb, 0x00, 0x00, 0x00, 0x26, 0x00, 0x00, 0x00, 0x00,
    0x00, 0x00, 0x72, 0x10, 0x00, 0x00, 0x00, 0x00, 0x03, 0x61, 0x65, 0x00, 0x00, 0x00, 0x00, 0x38,
    0x00, 0x02, 0x82, 0x00, 0x00, 0x17, 0x60, 0x00, 0x00, 0x06, 0x60, 0x47, 0x71, 0x00, 0x00, 0x00,
    0x00, 0x36, 0x10, 0x00, 0x00, 0x00, 0x00, 0x00, 0x00, 0x00, 0x00, 0x00, 0x20, 0x00, 0x00, 0x00,
    0x00, 0x00, 0x00, 0x00, 0x80, 0x00, 0x00, 0x00, 0x00, 0x00, 0x00, 0x03, 0x50, 0x00, 0x00, 0x00,
    0x00, 0x0b, 0xbb, 0xbf, 0xcb, 0xbb, 0xbb, 0xbb, 0x80, 0x00, 0x00, 0x26, 0x00, 0x00, 0x00, 0x00,
    0x00, 0x00, 0x00, 0x80, 0x4b, 0xbb, 0xbb, 0xbd, 0x00, 0x00, 0x05, 0x40, 0x00, 0x00, 0x00, 0x83,
    0x00, 0x00, 0x2f, 0x00, 0x00, 0x00, 0x18, 0x20, 0x00, 0x02, 0x97, 0x00, 0x00, 0x01, 0x91, 0x00,
    0x00, 0x18, 0x17, 0x00, 0x00, 0x01, 0x60, 0x00, 0x00, 0x00, 0x07, 0x0a, 0xbb, 0xbc, 0xfb, 0xbb,
    0xb3, 0x00, 0x07, 0x00, 0x00, 0x01, 0x60, 0x00, 0x00, 0x00, 0x07, 0x00, 0x00, 0x01, 0x60, 0x00,
    0x00, 0x00, 0x07, 0x00, 0x00, 0x01, 0x60, 0x00, 0x00, 0x00, 0x07, 0x00, 0x0a, 0xbc, 0x40, 0x00,
    0x00, 0x00, 0x00, 0x00, 0x33, 0x00, 0x00, 0x00, 0x00, 0x00, 0x00, 0x00, 0x08, 0x00, 0x00, 0x00,
    0x00, 0x08, 0xbb, 0xbb, 0xbf, 0xcb, 0xbb, 0xbb, 0x80, 0x0b, 0x00, 0x00, 0x00, 0x00, 0x00, 0x00,
    0xb0, 0x0b, 0x00, 0x00, 0x00, 0x00, 0x00, 0x00, 0xb0, 0x07, 0x0b, 0xbb, 0xbb, 0xbb, 0xbb, 0x10,
    0x70, 0x00, 0x00, 0x00, 0x00, 0x00, 0x00, 0x00, 0x00, 0x00, 0x00, 0x00, 0x00, 0x00, 0x00, 0x00,
    0x00, 0x1f, 0xff, 0xff, 0xff, 0xff, 0xff, 0xff, 0xf0, 0x00, 0x00, 0x07, 0x00, 0x07, 0x00, 0x00,
    0x00, 0x00, 0x00, 0x25, 0x00, 0x07, 0x00, 0x00, 0x00, 0x00, 0x00, 0x71, 0x00, 0x07, 0x00, 0x00,
    0x00, 0x00, 0x03, 0x60, 0x00, 0x07, 0x00, 0x00, 0x22, 0x01, 0x66, 0x00, 0x00, 0x07, 0x00, 0x00,
    0x41, 0x36, 0x10, 0x00, 0x00, 0x0a, 0xbb, 0xbb, 0xa0, 0x00, 0x00, 0x00, 0x42, 0x00, 0x00, 0x00,
    0x00, 0x00, 0x00, 0x00, 0x1b, 0x10, 0x00, 0x00, 0x00, 0x08, 0xbb, 0xbb, 0xbd, 0xcb, 0xbb, 0xbb,
    0x80, 0x0b, 0x00, 0x00, 0x00, 0x00, 0x00, 0x00, 0xb0, 0x0b, 0x00, 0x00, 0x00, 0x00, 0x00, 0x00,
    0xb0, 0x05, 0x7d, 0xdd, 0xdf, 0xdd, 0xdd, 0xb0, 0x50, 0x00, 0x00, 0x00, 0x0f, 0x00, 0x00, 0x00,
    0x00, 0x00, 0x01, 0x00, 0x0f, 0x00, 0x00, 0x00, 0x00, 0x00, 0x06, 0x00, 0x0f, 0x00, 0x00, 0x00,
    0x00, 0x00, 0x06, 0x00, 0x0f, 0xbb, 0xbb, 0xb2, 0x00, 0x00, 0x48, 0x00, 0x0f, 0x00, 0x00, 0x00,
    0x00, 0x00, 0x68, 0x10, 0x0f, 0x00, 0x00, 0x00, 0x00, 0x00, 0x61, 0xa1, 0x0f, 0x00, 0x00, 0x00,
    0x00, 0x05, 0x20, 0x2b, 0x7f, 0x00, 0x00, 0x00, 0x00, 0x27, 0x00, 0x00, 0x4a, 0xbb, 0xbb, 0xbb,
    0xb4, 0x10, 0x00, 0x00, 0x00, 0x00, 0x00, 0x00, 0x00, 0x00, 0x00, 0x00, 0x04, 0x00, 0x00, 0x00,
    0x00, 0x00, 0x00, 0x00, 0x09, 0x00, 0x00, 0x00, 0x00, 0x0a, 0xbb, 0xbb, 0xbf, 0xcb, 0xbb, 0xbb,
    0xb0, 0x0b, 0x00, 0x00, 0x60, 0x00, 0x12, 0x00, 0xb0, 0x0b, 0x00, 0x08, 0x28, 0x11, 0x81, 0x00,
    0xb0, 0x04, 0x03, 0x0b, 0x01, 0x88, 0x10, 0x40, 0x40, 0x00, 0x61, 0x0b, 0x06, 0x60, 0x00, 0x56,
    0x00, 0x04, 0x50, 0x0f, 0x72, 0x00, 0x0b, 0x04, 0x60, 0x15, 0x47, 0x7e, 0x00, 0x00, 0x1c, 0x00,
    0x61, 0x28, 0x30, 0x08, 0xbf, 0xbb, 0xb6, 0x00, 0x00, 0x00, 0x13, 0x00, 0x0b, 0x00, 0x00, 0x13,
    0x00, 0x00, 0x24, 0x00, 0x0b, 0x00, 0x00, 0x25, 0x00, 0x00, 0x24, 0x00, 0x0b, 0x00, 0x00, 0x25,
    0x00, 0x00, 0x2c, 0xbb, 0xbf, 0xbb, 0xbb, 0xd8, 0x00, 0x00, 0x03, 0x33, 0x33, 0x33, 0x33, 0x46,
    0x00, 0x00, 0x00, 0x00, 0x00, 0x00, 0x00, 0x20, 0x00, 0x00, 0x00, 0x00, 0x00, 0x00, 0x00, 0xb0,
    0x00, 0x00, 0x00, 0x00, 0x00, 0x00, 0x00, 0xb0, 0x00, 0x2b, 0xbb, 0xbb, 0xf3, 0x00, 0x00, 0xb0,
    0x00, 0x00, 0x00, 0x00, 0xe0, 0x00, 0x00, 0xb0, 0x00, 0x00, 0x00, 0x02, 0xb8, 0xbb, 0xbb, 0xfb,
    0xb1, 0x02, 0x00, 0x05, 0x70, 0x00, 0x00, 0xb0, 0x00, 0x01, 0x81, 0x09, 0x20, 0x20, 0x00, 0xb0,
    0x00, 0x00, 0x08, 0x2a, 0x00, 0x61, 0x00, 0xb0, 0x00, 0x00, 0x00, 0xd6, 0x00, 0x07, 0x00, 0xb0,
    0x00, 0x00, 0x00, 0x98, 0x20, 0x06, 0x10, 0xb0, 0x00, 0x00, 0x06, 0x30, 0x91, 0x00, 0x00, 0xb0,
    0x00, 0x00, 0x36, 0x00, 0x24, 0x00, 0x00, 0xb0, 0x00, 0x02, 0x80, 0x00, 0x00, 0x00, 0x00, 0xb0,
    0x00, 0x37, 0x00, 0x00, 0x00, 0x04, 0xcc, 0xc0, 0x00, 0x00, 0x00, 0x00, 0x00, 0x00, 0x00, 0x00,
    0x00, 0x00, 0x00, 0x40, 0x00, 0x00, 0x20, 0x00, 0x00, 0x00, 0x00, 0xb0, 0x00, 0x07, 0x20, 0x00,
    0x00, 0x00, 0x00, 0xb0, 0x01, 0x7c, 0xbb, 0xbe, 0x80, 0x07, 0x10, 0xb0, 0x47, 0x20, 0x00, 0x18,
    0x00, 0x00, 0x81, 0xb2, 0x20, 0x46, 0x04, 0x70, 0x00, 0x00, 0x13, 0xb0, 0x00, 0x06, 0xa4, 0x20,
    0x00, 0x00, 0x00, 0xb0, 0x36, 0x74, 0x00, 0xb0, 0x00, 0x00, 0x00, 0xc1, 0x41, 0x00, 0x00, 0xb0,
    0x00, 0x00, 0x08, 0xd7, 0xbb, 0xbb, 0xbb, 0xfb, 0xb2, 0x00, 0x72, 0xb0, 0x00, 0x00, 0x00, 0xb0,
    0x00, 0x08, 0x20, 0xb0, 0x18, 0x10, 0x00, 0xb0, 0x00, 0x13, 0x00, 0xb0, 0x01, 0x80, 0x00, 0xb0,
    0x00, 0x00, 0x00, 0xb0, 0x00, 0x24, 0x00, 0xb0, 0x00, 0x00, 0x00, 0xb0, 0x00, 0x00, 0x00, 0xb0,
    0x00, 0x00, 0x00, 0xb0, 0x00, 0x03, 0xbb, 0xc0, 0x00, 0x00, 0x00, 0x00, 0x00, 0x50, 0x00, 0x00,
    0x00, 0x00, 0x00, 0x00, 0x00, 0xb0, 0x00, 0x00, 0x00, 0x00, 0x00, 0x00, 0x00, 0xb0, 0x00, 0x00,
    0x00, 0x00, 0x00, 0x00, 0x00, 0xb0, 0x00, 0x00, 0x00, 0x00, 0x03, 0x20, 0x00, 0xb0, 0x00, 0x50,
    0x00, 0x00, 0x07, 0x10, 0x00, 0xb0, 0x00, 0x44, 0x00, 0x00, 0x08, 0x00, 0x00, 0xb0, 0x00, 0x08,
    0x00, 0x00, 0x25, 0x00, 0x00, 0xb0, 0x00, 0x03, 0x50, 0x00, 0x70, 0x00, 0x00, 0xb0, 0x00, 0x00,
    0x80, 0x02, 0x60, 0x00, 0x00, 0xb0, 0x00, 0x00, 0x44, 0x08, 0x00, 0x00, 0x00, 0xb0, 0x00, 0x00,
    0x08, 0x01, 0x00, 0x00, 0x00, 0xb0, 0x00, 0x00, 0x04, 0x00, 0x00, 0x00, 0x00, 0xb0, 0x00, 0x00,
    0x00, 0x00, 0x00, 0x00, 0x00, 0xb0, 0x00, 0x00, 0x00, 0x00, 0x00, 0x0b, 0xbc, 0x80, 0x00, 0x00,
    0x00, 0x00, 0x00, 0x00, 0x00, 0x00, 0x00, 0x00, 0x00, 0x00, 0x00, 0x00, 0x0b, 0x00, 0x00, 0x00,
    0x00, 0x00, 0x00, 0x00, 0x0b, 0x00, 0x00, 0x00, 0x00, 0x00, 0x02, 0x00, 0x0b, 0x00, 0x01, 0x10,
    0x00, 0x00, 0x08, 0x00, 0x0b, 0x00, 0x01, 0x70, 0x00, 0x00, 0x43, 0x00, 0x0b, 0x00, 0x00, 0x44,
    0x00, 0x00, 0x80, 0x00, 0x0b, 0x00, 0x00, 0x07, 0x10, 0x06, 0x20, 0x00, 0x0b, 0x00, 0x00, 0x01,
    0x70, 0x15, 0x00, 0x00, 0x0b, 0x00, 0x00, 0x00, 0x40, 0x00, 0x00, 0x00, 0x0b, 0x00, 0x01, 0x50,
    0x00, 0x00, 0x00, 0x00, 0x08, 0x00, 0x08, 0x10, 0x00, 0x00, 0x00, 0x00, 0x00, 0x01, 0x82, 0x00,
    0x00, 0x00, 0x00, 0x00, 0x01, 0x77, 0x00, 0x00, 0x00, 0x00, 0x00, 0x03, 0x77, 0x20, 0x00, 0x00,
    0x00, 0x14, 0x68, 0x85, 0x00, 0x00, 0x00, 0x00, 0x00, 0x34, 0x10, 0x00, 0x00, 0x00, 0x00, 0x00,
    0x00, 0x00, 0x0f, 0xcb, 0xbb, 0xbb, 0xbb, 0xbb, 0x00, 0x00, 0x0f, 0x10, 0x00, 0x00, 0x00, 0x0b,
    0x00, 0x00, 0x0f, 0x10, 0x00, 0x00, 0x00, 0x0b, 0x00, 0x00, 0x0f, 0x10, 0x00, 0x00, 0x00, 0x0b,
    0x00, 0x00, 0x1f, 0xcb, 0xbb, 0xbb, 0xbb, 0xbb, 0x00, 0x00, 0x1f, 0x00, 0x00, 0x00, 0x00, 0x00,
    0x00, 0x00, 0x2f, 0xbb, 0xbb, 0xbb, 0xbb, 0xbb, 0xf5, 0x00, 0x4c, 0x00, 0x00, 0x00, 0x00, 0x00,
    0x54, 0x00, 0x6a, 0x04, 0xfb, 0xbb, 0xbb, 0x00, 0x63, 0x00, 0xa6, 0x04, 0xb0, 0x00, 0x0b, 0x00,
    0x72, 0x00, 0xd1, 0x04, 0xb0, 0x00, 0x0b, 0x00, 0x91, 0x04, 0x80, 0x04, 0xfb, 0xbb, 0xbb, 0x00,
    0xa0, 0x0a, 0x10, 0x04, 0xa0, 0x00, 0x00, 0x00, 0xb0, 0x01, 0x00, 0x00, 0x00, 0x00, 0x3b, 0xbc,
    0x50, 0x00, 0xfc, 0xbb, 0xbb, 0xbb, 0xbb, 0xbb, 0x00, 0x00, 0xf1, 0x00, 0x00, 0x00, 0x00, 0x0b,
    0x00, 0x00, 0xf1, 0x00, 0x00, 0x00, 0x00, 0x0b, 0x00, 0x00, 0xfc, 0xbb, 0xbb, 0xbb, 0xbb, 0xbc,
    0x00, 0x00, 0xf1, 0x05, 0x10, 0x00, 0x02, 0x50, 0x00, 0x00, 0xf1, 0x01, 0x70, 0x00, 0x09, 0x00,
    0x00, 0x00, 0xf9, 0xdd, 0xfd, 0xdd, 0xff, 0xdd, 0x90, 0x01, 0xe0, 0x00, 0xb0, 0x00, 0x0b, 0x00,
    0x00, 0x03, 0xc0, 0x00, 0xb0, 0x00, 0x0b, 0x00, 0x00, 0x05, 0xaa, 0xbb, 0xfb, 0xbb, 0xbf, 0xbb,
    0xb2, 0x08, 0x60, 0x01, 0xb0, 0x00, 0x0b, 0x00, 0x00, 0x0c, 0x10, 0x08, 0x40, 0x00, 0x0b, 0x00,
    0x00, 0x29, 0x00, 0x67, 0x00, 0x00, 0x0b, 0x00, 0x00, 0x71, 0x07, 0x40, 0x00, 0x00, 0x0b, 0x00,
    0x00, 0x0a, 0xee, 0xee, 0xef, 0xee, 0xee, 0xee, 0x20, 0x00, 0x00, 0x00, 0xb0, 0x00, 0x00, 0x00,
    0x00, 0x00, 0x00, 0x0b, 0x00, 0x00, 0x00, 0x00, 0x00, 0x00, 0x00, 0xb0, 0x00, 0x00, 0x00, 0x00,
    0x00, 0x00, 0x0b, 0x00, 0x00, 0x00, 0x00, 0x00, 0x00, 0x00, 0xb0, 0x00, 0x00, 0x00, 0x00, 0x00,
    0x00, 0x0b, 0x00, 0x00, 0x00, 0x00, 0x00, 0x00, 0x00, 0xb0, 0x00, 0x00, 0x00, 0x00, 0x00, 0x00,
    0x0b, 0x00, 0x00, 0x00, 0x00, 0x00, 0x00, 0x00, 0xb0, 0x00, 0x00, 0x00, 0x00, 0x00, 0x00, 0x0b,
    0x00, 0x00, 0x00, 0x08, 0xee, 0xee, 0xee, 0xfe, 0xee, 0xee, 0xec, 0x01, 0x11, 0x11, 0x11, 0x11,
    0x11, 0x11, 0x10, 0x00, 0x00, 0x00, 0x20, 0x00, 0x00, 0x00, 0x00, 0x00, 0x00, 0x00, 0x70, 0x00,
    0x00, 0x00, 0x00, 0x00, 0x00, 0x02, 0x50, 0x00, 0x00, 0x00, 0x00, 0x00, 0x00, 0x05, 0x20, 0x00,
    0x00, 0x00, 0x00, 0x0b, 0xbb, 0xbf, 0xbb, 0xbb, 0xbb, 0xbb, 0x50, 0x00, 0x00, 0x07, 0x00, 0x00,
    0x00, 0x00, 0x00, 0x00, 0x00, 0x34, 0x00, 0x00, 0x00, 0x00, 0x00, 0x00, 0x00, 0x72, 0x22, 0x22,
    0x22, 0x22, 0x00, 0x00, 0x00, 0x7a, 0xbb, 0xbf, 0xbb, 0xbb, 0x20, 0x00, 0x06, 0x20, 0x00, 0x07,
    0x00, 0x00, 0x00, 0x00, 0x17, 0x00, 0x00, 0x07, 0x00, 0x00, 0x00, 0x00, 0x71, 0x00, 0x00, 0x07,
    0x00, 0x00, 0x00, 0x05, 0x40, 0x00, 0x00, 0x07, 0x00, 0x00, 0x00, 0x26, 0x00, 0x00, 0x00, 0x07,
    0x00, 0x00, 0x00, 0x00, 0x07, 0xdd, 0xdd, 0xdf, 0xdd, 0xdd, 0xd0, 0xbb, 0xbb, 0xbb, 0xbb, 0xbb,
    0xbf, 0x00, 0x00, 0x00, 0x00, 0x00, 0x00, 0x0f, 0x00, 0x0d, 0x00, 0x00, 0x00, 0x00, 0x0f, 0x00,
    0x0e, 0x00, 0x00, 0x00, 0x00, 0x0f, 0x00, 0x0e, 0x00, 0x00, 0x00, 0x00, 0x0f, 0x00, 0x0f, 0xbb,
    0xbb, 0xbb, 0xbb, 0xbf, 0x00, 0x0e, 0x00, 0x00, 0x00, 0x00, 0x0b, 0x00, 0x0e, 0x00, 0x00, 0x00,
    0x00, 0x00, 0x00, 0x0e, 0x00, 0x00, 0x00, 0x00, 0x00, 0x00, 0x0e, 0x00, 0x00, 0x00, 0x00, 0x00,
    0x07, 0x0e, 0x00, 0x00, 0x00, 0x00, 0x00, 0x08, 0x0d, 0x20, 0x00, 0x00, 0x00, 0x00, 0x38, 0x06,
    0xcc, 0xbb, 0xbb, 0xbb, 0xbb, 0xa1, 0x02, 0x00, 0x00, 0x07, 0x00, 0x11, 0x00, 0x01, 0x80, 0x00,
    0x0b, 0x00, 0x61, 0x00, 0x00, 0x44, 0x00, 0x0b, 0x01, 0x40, 0x00, 0xad, 0xdd, 0xdd, 0xdf, 0xdd,
    0xdd, 0xda, 0xb4, 0x44, 0x44, 0x44, 0x44, 0x44, 0x4b, 0xb0, 0x8b, 0xbb, 0xbb, 0xbb, 0xb0, 0x0b,
    0x90, 0xb0, 0x00, 0x00, 0x00, 0xb0, 0x09, 0x00, 0xb4, 0x44, 0x44, 0x44, 0xc0, 0x00, 0x00, 0x9c,
    0xcc, 0xcf, 0xcc, 0xc0, 0x00, 0x00, 0x00, 0x00, 0x0b, 0x00, 0x00, 0x00, 0x08, 0xbb, 0xbb, 0xbf,
    0xbb, 0xbf, 0x30, 0x05, 0x00, 0x00, 0x0b, 0x00, 0x0b, 0x30, 0x05, 0x00, 0x00, 0x0b, 0x00, 0x0b,
    0x30, 0x05, 0x00, 0x00, 0x0b, 0x00, 0x0b, 0x30, 0x04, 0x00, 0x00, 0x0b, 0x08, 0xba, 0x10, 0x00,
    0x00, 0x21, 0x00, 0x00, 0x00, 0x00, 0x00, 0x00, 0x00, 0x80, 0x00, 0x00, 0x00, 0x00, 0x00, 0x00,
    0x04, 0x84, 0x44, 0x44, 0x44, 0x44, 0x20, 0x00, 0x0b, 0xbb, 0xbb, 0xfb, 0xbb, 0xbb, 0x50, 0x00,
    0x72, 0x00, 0x00, 0xb0, 0x00, 0x00, 0x00, 0x06, 0x50, 0x00, 0x00, 0xb0, 0x00, 0x00, 0x00, 0x25,
    0x0a, 0xbb, 0xbb, 0xfb, 0xbb, 0xbb, 0x10, 0x00, 0x0b, 0x00, 0x00, 0xb0, 0x00, 0x00, 0x00, 0x00,
    0x0b, 0x00, 0x00, 0xb0, 0x00, 0x00, 0x00, 0x00, 0x0b, 0x00, 0x00, 0xb0, 0x00, 0x00, 0x00, 0x6b,
    0xbf, 0xbb, 0xbb, 0xfb, 0xbb, 0xbb, 0xb1, 0x23, 0x33, 0x33, 0x33, 0xf3, 0x33, 0x33, 0x30, 0x00,
    0x00, 0x00, 0x00, 0xb0, 0x00, 0x00, 0x00, 0x00, 0x00, 0x00, 0x00, 0xb0, 0x00, 0x00, 0x00, 0x00,
    0x00, 0x00, 0x00, 0xb0, 0x00, 0x00, 0x00, 0x00, 0x02, 0x00, 0x00, 0x00, 0x04, 0x00, 0x00, 0x00,
    0x72, 0x00, 0x00, 0x05, 0x50, 0x00, 0x00, 0x00, 0x80, 0x00, 0x00, 0x90, 0x00, 0x00, 0x11, 0x14,
    0x31, 0x11, 0x84, 0x11, 0x10, 0x3c, 0xcc, 0xfc, 0xcc, 0xce, 0xfc, 0xcc, 0x10, 0x00, 0x0b, 0x00,
    0x00, 0x0b, 0x00, 0x00, 0x00, 0x00, 0xb0, 0x00, 0x00, 0xb0, 0x00, 0x00, 0x00, 0x0b, 0x00, 0x00,
    0x0b, 0x00, 0x00, 0xbb, 0xbc, 0xfb, 0xbb, 0xbb, 0xfb, 0xbb, 0x70, 0x00, 0x2a, 0x00, 0x00, 0x0b,
    0x00, 0x00, 0x00, 0x04, 0x70, 0x00, 0x00, 0xb0, 0x00, 0x00, 0x00, 0x92, 0x00, 0x00, 0x0b, 0x00,
    0x00, 0x00, 0x39, 0x00, 0x00, 0x00, 0xb0, 0x00, 0x00, 0x39, 0x00, 0x00, 0x00, 0x0b, 0x00, 0x00,
    0x66, 0x00, 0x00, 0x00, 0x00, 0xb0, 0x00, 0x00, 0x00, 0x00, 0x00, 0x00, 0x00, 0x00, 0x00, 0x00,
    0x00, 0x00, 0x00, 0x20, 0x00, 0x00, 0x00, 0x00, 0x00, 0x00, 0x00, 0x80, 0x00, 0x00, 0x00, 0x00,
    0x00, 0x00, 0x00, 0x32, 0x00, 0x00, 0x00, 0x00, 0xfc, 0xbb, 0xbb, 0xbb, 0xbb, 0xbb, 0xb2, 0x00,
    0xf1, 0x00, 0x00, 0x00, 0x00, 0x00, 0x00, 0x00, 0xf1, 0x00, 0x00, 0x00, 0x00, 0x00, 0x00, 0x00,
    0xf1, 0x00, 0x00, 0x00, 0x00, 0x00, 0x00, 0x00, 0xf1, 0x00, 0x00, 0x00, 0x00, 0x00, 0x00, 0x00,
    0xf0, 0x00, 0x00, 0x00, 0x00, 0x00, 0x00, 0x01, 0xf0, 0x00, 0x00, 0x00, 0x00, 0x00, 0x00, 0x03,
    0xd0, 0x00, 0x00, 0x00, 0x00, 0x00, 0x00, 0x05, 0xa0, 0x00, 0x00, 0x00, 0x00, 0x00, 0x00, 0x08,
    0x50, 0x00, 0x00, 0x00, 0x00, 0x00, 0x00, 0x0c, 0x10, 0x00, 0x00, 0x00, 0x00, 0x00, 0x00, 0x56,
    0x00, 0x00, 0x00, 0x00, 0x00, 0x00, 0x00, 0x20, 0x00, 0x00, 0x00, 0x00, 0x00, 0x00, 0x00, 0x00,
    0x00, 0x00, 0x01, 0x30, 0x00, 0x00, 0x00, 0x00, 0x00, 0x00, 0x00, 0x80, 0x00, 0x00, 0x00, 0x00,
    0xfb, 0xbb, 0xbb, 0xfc, 0xbb, 0xbb, 0xb4, 0x00, 0xf0, 0x00, 0x80, 0x00, 0x08, 0x00, 0x00, 0x00,
    0xf0, 0x00, 0xb0, 0x00, 0x0b, 0x00, 0x00, 0x00, 0xfb, 0xbb, 0xfb, 0xbb, 0xbf, 0xbb, 0xa0, 0x00,
    0xf0, 0x00, 0xb0, 0x00, 0x0b, 0x00, 0x00, 0x01, 0xf0, 0x00, 0xb0, 0x00, 0x0b, 0x00, 0x00, 0x01,
    0xf0, 0x00, 0xbb, 0xbb, 0xbb, 0x00, 0x00, 0x02, 0xd0, 0x00, 0x00, 0x00, 0x00, 0x00, 0x00, 0x03,
    0xb7, 0xbc, 0xbb, 0xbb, 0xbb, 0xf4, 0x00, 0x05, 0x90, 0x03, 0x60, 0x00, 0x03, 0x80, 0x00, 0x08,
    0x50, 0x00, 0x47, 0x00, 0x57, 0x00, 0x00, 0x0b, 0x10, 0x00, 0x02, 0xcd, 0x40, 0x00, 0x00, 0x38,
    0x01, 0x46, 0x77, 0x22, 0x66, 0x52, 0x00, 0x31, 0x05, 0x31, 0x00, 0x00, 0x00, 0x25, 0x60, 0x01,
    0x22, 0x22, 0x22, 0x22, 0x22, 0x22, 0x20, 0x05, 0xbb, 0xbf, 0xbb, 0xbb, 0xbf, 0xbb, 0xb1, 0x00,
    0x00, 0x0b, 0x00, 0x00, 0x0b, 0x00, 0x00, 0x00, 0x00, 0x0b, 0x00, 0x00, 0x0b, 0x00, 0x00, 0x00,
    0x00, 0x0b, 0x00, 0x00, 0x0b, 0x00, 0x00, 0x00, 0x00, 0x0b, 0x00, 0x00, 0x0b, 0x00, 0x00, 0x1b,
    0xbb, 0xcf, 0xbb, 0xbb, 0xbf, 0xbb, 0xb7, 0x00, 0x00, 0x29, 0x00, 0x00, 0x0b, 0x00, 0x00, 0x00,
    0x00, 0x47, 0x00, 0x00, 0x0b, 0x00, 0x00, 0x00, 0x00, 0x84, 0x00, 0x00, 0x0b, 0x00, 0x00, 0x00,
    0x00, 0xb0, 0x00, 0x00, 0x0b, 0x00, 0x00, 0x00, 0x08, 0x40, 0x00, 0x00, 0x0b, 0x00, 0x00, 0x00,
    0x66, 0x00, 0x00, 0x00, 0x0b, 0x00, 0x00, 0x07, 0x40, 0x00, 0x00, 0x00, 0x0b, 0x00, 0x00, 0xbb,
    0xbb, 0xb2, 0x5b, 0xbb, 0xbb, 0xb0, 0x00, 0x00, 0x02, 0x37, 0x00, 0x00, 0x0b, 0x00, 0x00, 0x00,
    0x23, 0x70, 0x00, 0x00, 0xb0, 0x00, 0x00, 0x02, 0x37, 0x44, 0x44, 0x4c, 0x00, 0x9b, 0xbb, 0xb3,
    0x11, 0x1d, 0x11, 0x10, 0x07, 0x00, 0x00, 0x00, 0x00, 0xb0, 0x00, 0x00, 0x70, 0x00, 0x00, 0xeb,
    0xbf, 0xbb, 0xc6, 0x09, 0x22, 0x24, 0x0b, 0x00, 0xb0, 0x01, 0x60, 0x44, 0x44, 0xf1, 0xb0, 0x0b,
    0x00, 0x16, 0x00, 0x00, 0x1f, 0x0e, 0xbb, 0xfb, 0xbc, 0x60, 0x00, 0x02, 0xd0, 0x00, 0x0b, 0x02,
    0x00, 0x00, 0x00, 0x4b, 0x00, 0x00, 0xb0, 0x27, 0x00, 0x00, 0x08, 0x80, 0x00, 0x0c, 0x23, 0x88,
    0x01, 0xbb, 0xd3, 0x24, 0x55, 0x84, 0x32, 0x82, 0x00, 0x00, 0x00, 0x00, 0x00, 0x00, 0x00, 0x10,
    0x05, 0xbb, 0xbb, 0xbb, 0xbb, 0xbf, 0x30, 0x00, 0x00, 0x00, 0x00, 0x00, 0x00, 0xa4, 0x00, 0x00,
    0x00, 0x00, 0x00, 0x00, 0x0a, 0x30, 0x00, 0x0b, 0xbb, 0xbb, 0xbb, 0xbb, 0xf2, 0x00, 0x00, 0x00,
    0x00, 0x00, 0x00, 0x0c, 0x20, 0x01, 0x22, 0x22, 0x22, 0x22, 0x22, 0xf3, 0x21, 0x7b, 0xbb, 0xbb,
    0xbf, 0xbb, 0xbf, 0xbb, 0x50, 0x15, 0x00, 0x00, 0xf0, 0x00, 0x05, 0x00, 0x00, 0x38, 0x10, 0x0f,
    0x40, 0x18, 0x30, 0x00, 0x00, 0x16, 0x01, 0xd6, 0x76, 0x00, 0x00, 0x00, 0x00, 0x27, 0x6c, 0x07,
    0x30, 0x00, 0x00, 0x04, 0x75, 0x00, 0xb0, 0x04, 0x72, 0x00, 0x27, 0x30, 0x00, 0x0b, 0x00, 0x00,
    0x67, 0x40, 0x00, 0x05, 0xbb, 0x90, 0x00, 0x00, 0x00, 0x00, 0x00, 0x00, 0x00, 0x00, 0x00, 0x00,
    0x00, 0x00, 0x00, 0x20, 0x00, 0x00, 0x00, 0x00, 0x00, 0x00, 0x08, 0x20, 0x00, 0x13, 0xa8, 0x98,
    0x40, 0x00, 0x64, 0x04, 0xf9, 0x86, 0xf1, 0x00, 0x00, 0x06, 0x50, 0x13, 0xc0, 0x00, 0xb0, 0x00,
    0x00, 0x01, 0x01, 0x73, 0xfb, 0xbb, 0xfb, 0xbb, 0xb9, 0x00, 0x08, 0x13, 0xc0, 0x00, 0x90, 0x00,
    0x00, 0x00, 0x5e, 0x03, 0xc0, 0x00, 0x80, 0x00, 0x00, 0x04, 0x6c, 0x03, 0xc9, 0xff, 0xff, 0xff,
    0xe0, 0x16, 0x0c, 0x03, 0xb7, 0x00, 0x00, 0x00, 0xe0, 0x00, 0x0c, 0x04, 0xbb, 0xbb, 0xbb, 0xbb,
    0xf0, 0x00, 0x0c, 0x05, 0x97, 0x00, 0x00, 0x00, 0xe0, 0x00, 0x0c, 0x06, 0x7b, 0xbb, 0xbb, 0xbb,
    0xf0, 0x00, 0x0c, 0x08, 0x47, 0x00, 0x00, 0x00, 0xe0, 0x00, 0x0c, 0x0a, 0x07, 0x00, 0x00, 0x00,
    0xe0, 0x00, 0x0c, 0x07, 0x0b, 0xbb, 0xbb, 0xbb, 0xf0, 0x00, 0x00, 0x00, 0x00, 0x00, 0x00, 0x00,
    0x00, 0x00, 0x00, 0x04, 0x00, 0x00, 0x00, 0x00, 0x00, 0x00, 0x00, 0x18, 0x20, 0x00, 0x00, 0x00,
    0x00, 0x00, 0x00, 0x07, 0x30, 0x00, 0x00, 0x00, 0x00, 0x01, 0x00, 0x07, 0x30, 0x00, 0x00, 0x00,
    0x00, 0xb0, 0x00, 0x03, 0x00, 0x00, 0x00, 0x03, 0x0b, 0x00, 0x00, 0x00, 0x06, 0x00, 0x03, 0x40,
    0xb0, 0x00, 0x00, 0x00, 0x26, 0x00, 0x61, 0x0b, 0x00, 0x00, 0x00, 0x00, 0x70, 0x07, 0x00, 0xb0,
    0x00, 0x00, 0x00, 0x05, 0x30, 0x70, 0x0b, 0x00, 0x00, 0x00, 0x30, 0x07, 0x53, 0x00, 0xb0, 0x00,
    0x00, 0x0b, 0x00, 0x73, 0x00, 0x0b, 0x00, 0x00, 0x00, 0xc0, 0x02, 0x00, 0x00, 0xb1, 0x00, 0x00,
    0x1b, 0x00, 0x00, 0x00, 0x06, 0xcb, 0xbb, 0xbc, 0x50, 0x00, 0x00, 0x00, 0x00, 0x05, 0x20, 0x00,
    0x00, 0x00, 0x00, 0x00, 0x00, 0x01, 0x80, 0x00, 0x00, 0x00, 0x0e, 0xff, 0xff, 0xff, 0xff, 0xff,
    0xff, 0xc0, 0x00, 0x0b, 0x00, 0x00, 0x00, 0x00, 0x00, 0x00, 0x00, 0x0b, 0x00, 0x00, 0x00, 0x00,
    0x00, 0x00, 0x00, 0x0b, 0x00, 0x00, 0x00, 0x00, 0x00, 0x00, 0x00, 0x0b, 0x00, 0x00, 0x00, 0x00,
    0x00, 0x00, 0x00, 0x09, 0xbb, 0xbb, 0xbb, 0xbb, 0xbb, 0x10, 0x00, 0x00, 0x00, 0x01, 0x00, 0x00,
    0x00, 0x00, 0x00, 0x00, 0x00, 0x06, 0x30, 0x00, 0x00, 0x00, 0x00, 0x40, 0x33, 0x00, 0x72, 0x00,
    0x06, 0x00, 0x00, 0x60, 0x44, 0x00, 0x06, 0x00, 0x05, 0x30, 0x05, 0x20, 0x44, 0x00, 0x00, 0x00,
    0x70, 0x80, 0x16, 0x00, 0x34, 0x00, 0x00, 0x02, 0xa0, 0x62, 0x00, 0x00, 0x1b, 0xbb, 0xbb, 0xbd,
    0x50, 0x00, 0x00, 0x00, 0x00, 0x01, 0x20, 0x00, 0x00, 0x00, 0x00, 0x00, 0x00, 0x53, 0x00, 0x00,
    0x00, 0x00, 0x00, 0x00, 0x07, 0x00, 0x00, 0x00, 0x00, 0xbb, 0xbb, 0xbb, 0xff, 0xbb, 0xbb, 0xbb,
    0x00, 0x00, 0x00, 0x26, 0x80, 0x00, 0x00, 0x00, 0x00, 0x00, 0x08, 0x12, 0x60, 0x00, 0x00, 0x00,
    0x00, 0x05, 0x50, 0x06, 0x50, 0x00, 0x00, 0x00, 0x06, 0x55, 0x50, 0x06, 0x60, 0x00, 0x01, 0x58,
    0x30, 0x03, 0x70, 0x04, 0x84, 0x00, 0x73, 0x00, 0x02, 0x31, 0x00, 0x00, 0x46, 0x00, 0x31, 0x50,
    0x06, 0x40, 0x00, 0x70, 0x00, 0x07, 0x07, 0x00, 0x06, 0x40, 0x02, 0x60, 0x01, 0x70, 0x70, 0x00,
    0x03, 0x02, 0x18, 0x00, 0x72, 0x07, 0x00, 0x00, 0x00, 0x62, 0x35, 0x03, 0x00, 0x6c, 0xbb, 0xbb,
    0xbb, 0x00, 0x20, 0x00, 0x00, 0x10, 0x00, 0x00, 0x02, 0x00, 0x00, 0x00, 0x02, 0x60, 0x00, 0x05,
    0x20, 0x00, 0x00, 0x00, 0x05, 0x20, 0x01, 0x70, 0x00, 0x00, 0x00, 0x00, 0x04, 0x00, 0x81, 0x00,
    0x00, 0x00, 0x0d, 0xbb, 0xbb, 0xbe, 0xbb, 0xa0, 0x00, 0x00, 0xb0, 0x00, 0x00, 0x00, 0x07, 0x00,
    0x00, 0x0b, 0x00, 0x00, 0x00, 0x00, 0x70, 0x00, 0x00, 0xb0, 0x00, 0x00, 0x00, 0x07, 0x00, 0x00,
    0x0b, 0xbb, 0xbb, 0xbb, 0xbb, 0x90, 0x00, 0x00, 0x00, 0x05, 0x40, 0x00, 0x00, 0x00, 0x00, 0x30,
    0x23, 0x05, 0x50, 0x00, 0x40, 0x00, 0x07, 0x03, 0x40, 0x04, 0x50, 0x01, 0x70, 0x06, 0x20, 0x34,
    0x00, 0x00, 0x04, 0x03, 0x51, 0x60, 0x03, 0x40, 0x00, 0x00, 0xc0, 0x05, 0x00, 0x00, 0x1c, 0xbb,
    0xbb, 0xca, 0x00, 0x00, 0x00, 0x40, 0x00, 0x02, 0x00, 0x00, 0x00, 0x00, 0x0b, 0x00, 0x00, 0x70,
    0x00, 0x00, 0x00, 0x00, 0xb0, 0x00, 0x07, 0x00, 0x00, 0x00, 0x00, 0x1b, 0x57, 0xbb, 0xfb, 0xbb,
    0xbb, 0xb0, 0x33, 0xb6, 0x00, 0x26, 0x00, 0x20, 0x00, 0x06, 0x1b, 0x33, 0x04, 0x30, 0x07, 0x00,
    0x00, 0x70, 0xb0, 0x20, 0x70, 0x30, 0x70, 0x04, 0x07, 0x0b, 0x00, 0x08, 0x07, 0x07, 0x04, 0x40,
    0x00, 0xb0, 0x02, 0x60, 0x70, 0x70, 0x70, 0x00, 0x0b, 0x00, 0x71, 0x53, 0x2c, 0x27, 0x00, 0x00,
    0xb0, 0x17, 0x02, 0x06, 0x90, 0x00, 0x00, 0x0b, 0x08, 0x10, 0x00, 0x83, 0x40, 0x00, 0x00, 0xb4,
    0x30, 0x00, 0x54, 0x08, 0x00, 0x00, 0x0b, 0x00, 0x00, 0x47, 0x00, 0x28, 0x00, 0x00, 0xb0, 0x00,
    0x85, 0x00, 0x00, 0x28, 0x00, 0x00, 0x00, 0x00, 0x00, 0x09, 0x13, 0x00, 0x00, 0x00, 0x00, 0x00,
    0x00, 0x0b, 0x04, 0x70, 0x00, 0x00, 0x00, 0x00, 0x00, 0x0b, 0x00, 0x15, 0x00, 0x00, 0xfc, 0xbb,
    0xbb, 0xbf, 0xbb, 0xbb, 0xb0, 0x00, 0xf1, 0x00, 0x00, 0x0b, 0x00, 0x00, 0x00, 0x00, 0xf1, 0x00,
    0x00, 0x0b, 0x00, 0x00, 0x00, 0x00, 0xfc, 0xbb, 0xf3, 0x09, 0x20, 0x08, 0x00, 0x00, 0xf1, 0x00,
    0xb3, 0x07, 0x40, 0x35, 0x00, 0x01, 0xf0, 0x00, 0xb3, 0x04, 0x60, 0x70, 0x00, 0x02, 0xf0, 0x00,
    0xc2, 0x01, 0x93, 0x50, 0x00, 0x03, 0xd0, 0x00, 0xd1, 0x00, 0xa8, 0x00, 0x00, 0x06, 0xa0, 0x00,
    0xe0, 0x00, 0xf4, 0x00, 0x71, 0x09, 0x52, 0xbc, 0xa0, 0x08, 0x38, 0x00, 0xc1, 0x0c, 0x10, 0x00,
    0x02, 0x82, 0x07, 0x40, 0xd0, 0x65, 0x00, 0x00, 0x47, 0x00, 0x00, 0x8c, 0x80, 0x00, 0x00, 0x00,
    0x00, 0x00, 0x00, 0x00, 0x00, 0x00, 0x00, 0x00, 0x03, 0x00, 0x00, 0x00, 0x00, 0x00, 0x00, 0x05,
    0x20, 0x00, 0x00, 0x00, 0x00, 0x00, 0x00, 0x70, 0x00, 0x00, 0x00, 0x2f, 0xbb, 0xbb, 0xcb, 0xbb,
    0xd2, 0x00, 0x3d, 0x00, 0x00, 0x00, 0x00, 0xb2, 0x00, 0x3d, 0x00, 0x00, 0x00, 0x00, 0xb2, 0x00,
    0x3d, 0x00, 0x00, 0x00, 0x00, 0xb2, 0x00, 0x4f, 0xbb, 0xbb, 0xbb, 0xbb, 0xf2, 0x00, 0x4b, 0x00,
    0x00, 0x00, 0x00, 0xb2, 0x00, 0x68, 0x00, 0x00, 0x00, 0x00, 0x30, 0x00, 0x96, 0x00, 0x00, 0x00,
    0x00, 0x00, 0x00, 0xc1, 0x00, 0x00, 0x00, 0x00, 0x00, 0x03, 0xa0, 0x00, 0x00, 0x00, 0x00, 0x00,
    0x0a, 0x20, 0x00, 0x00, 0x00, 0x00, 0x00, 0x55, 0x00, 0x00, 0x00, 0x00, 0x00, 0x00, 0x00, 0x00,
    0x00, 0x00, 0x00, 0x00, 0x00, 0x00, 0x00, 0x00, 0x00, 0x00, 0x01, 0x30, 0x00, 0x00, 0x12, 0x34,
    0x87, 0x77, 0x62, 0x00, 0x04, 0x76, 0x54, 0x2c, 0x00, 0x00, 0x00, 0x00, 0x00, 0x00, 0x00, 0xb0,
    0x00, 0x00, 0x00, 0x00, 0x00, 0x00, 0x0b, 0x00, 0x00, 0x00, 0x00, 0x9b, 0xbb, 0xbb, 0xfb, 0xbb,
    0xbb, 0x80, 0x00, 0x00, 0x00, 0x0b, 0x00, 0x00, 0x00, 0x00, 0x00, 0x00, 0x00, 0xb0, 0x00, 0x00,
    0x00, 0x00, 0x00, 0x00, 0x0b, 0x00, 0x00, 0x00, 0x0a, 0xbb, 0xbb, 0xbb, 0xfb, 0xbb, 0xbb, 0xb7,
    0x00, 0x00, 0x00, 0x0b, 0x00, 0x00, 0x00, 0x00, 0x00, 0x00, 0x00, 0xb0, 0x00, 0x00, 0x00, 0x00,
    0x00, 0x00, 0x0b, 0x00, 0x00, 0x00, 0x00, 0x00, 0x00, 0x00, 0xb0, 0x00, 0x00, 0x00, 0x00, 0x05,
    0xcb, 0xc8, 0x00, 0x00, 0x00, 0x00, 0x00, 0x00, 0x00, 0x00, 0x00, 0x00, 0x00, 0x00, 0x04, 0x00,
    0x00, 0x00, 0x00, 0x00, 0x00, 0x00, 0xb0, 0x00, 0x00, 0x00, 0x00, 0x00, 0x00, 0x0b, 0x00, 0x9b,
    0xbb, 0xbb, 0xbd, 0x30, 0x00, 0xb0, 0x00, 0x00, 0x00, 0x00, 0xb3, 0x4b, 0xbf, 0xbb, 0x40, 0x00,
    0x00, 0x0b, 0x30, 0x00, 0xb0, 0x00, 0x00, 0x00, 0x00, 0xb3, 0x00, 0x0b, 0x00, 0x00, 0x00, 0x00,
    0x0b, 0x30, 0x00, 0xb0, 0x05, 0xbb, 0xbb, 0xbb, 0xf4, 0x00, 0x0f, 0x67, 0x30, 0x00, 0x00, 0x0b,
    0x33, 0x87, 0xf0, 0x00, 0x00, 0x00, 0x00, 0xb3, 0x00, 0x0b, 0x00, 0x00, 0x00, 0x00, 0x0b, 0x30,
    0x00, 0xb0, 0x00, 0x00, 0x00, 0x00, 0xb3, 0x00, 0x0b, 0x00, 0x00, 0x00, 0x00, 0x0b, 0x30, 0x00,
    0xb0, 0x0a, 0xbb, 0xbb, 0xbb, 0xf3, 0x09, 0xbc, 0x00, 0x00, 0x00, 0x00, 0x0b, 0x30, 0x00, 0x00,
    0x00, 0x00, 0x00, 0x00, 0x00, 0x00, 0x05, 0x00, 0x00, 0x00, 0x20, 0x00, 0x00, 0x00, 0xb0, 0x00,
    0x00, 0x06, 0x00, 0x00, 0x00, 0x0b, 0x00, 0x00, 0x01, 0x50, 0x00, 0x00, 0x00, 0xb0, 0x02, 0x77,
    0xa8, 0x77, 0x72, 0x3b, 0xbf, 0xbb, 0x4b, 0x00, 0x00, 0x0b, 0x40, 0x00, 0xb0, 0x04, 0xb0, 0x00,
    0x00, 0xb4, 0x00, 0x0b, 0x00, 0x4b, 0x00, 0x00, 0x0b, 0x40, 0x00, 0xb0, 0x35, 0xb0, 0x00, 0x00,
    0xb4, 0x00, 0x4f, 0x74, 0x4f, 0xbb, 0xbb, 0xbf, 0x43, 0x84, 0xb0, 0x04, 0xb0, 0x00, 0x00, 0xb4,
    0x00, 0x0b, 0x00, 0x4b, 0x00, 0x00, 0x0b, 0x40, 0x00, 0xb0, 0x04, 0xb0, 0x00, 0x00, 0xb4, 0x00,
    0x0b, 0x00, 0x4b, 0x00, 0x00, 0x0b, 0x40, 0x00, 0xb0, 0x04, 0xfb, 0xbb, 0xbb, 0xf4, 0x0b, 0xbb,
    0x00, 0x4b, 0x00, 0x00, 0x0b, 0x40, 0x00, 0x05, 0x00, 0x00, 0x00, 0x00, 0x00, 0x00, 0x00, 0x0b,
    0x00, 0x00, 0x00, 0x00, 0x00, 0x00, 0x00, 0x0b, 0x00, 0x8f, 0xbb, 0xbb, 0xbf, 0x20, 0x00, 0x0b,
    0x00, 0x02, 0x60, 0x00, 0x36, 0x00, 0x4b, 0xbf, 0xbb, 0x00, 0x45, 0x05, 0x60, 0x00, 0x00, 0x0b,
    0x00, 0x00, 0x06, 0xd4, 0x00, 0x00, 0x00, 0x0b, 0x00, 0x04, 0x76, 0x28, 0x40, 0x00, 0x00, 0x0b,
    0x03, 0x74, 0x00, 0x40, 0x37, 0x71, 0x00, 0x3f, 0x84, 0x00, 0x00, 0x70, 0x00, 0x00, 0x39, 0x6c,
    0x00, 0x3b, 0xbb, 0xfb, 0xbb, 0x00, 0x00, 0x0b, 0x00, 0x00, 0x00, 0x70, 0x00, 0x00, 0x00, 0x0b,
    0x01, 0xbb, 0xbb, 0xfb, 0xbb, 0xb3, 0x00, 0x0b, 0x00, 0x00, 0x00, 0x70, 0x00, 0x00, 0x00, 0x0b,
    0x00, 0x00, 0x00, 0x70, 0x00, 0x00, 0x09, 0xba, 0x00, 0x00, 0x00, 0x70, 0x00, 0x00, 0x00, 0x00,
    0x00, 0x00, 0x00, 0x00, 0x00, 0x00, 0x00, 0x05, 0x00, 0x00, 0x01, 0x20, 0x00, 0x00, 0x00, 0x0b,
    0x00, 0x00, 0x00, 0x70, 0x00, 0x00, 0x00, 0x0b, 0x00, 0x23, 0x33, 0xa3, 0x33, 0x30, 0x00, 0x0b,
    0x00, 0x94, 0x44, 0x54, 0x44, 0x90, 0x4b, 0xbf, 0xb8, 0x70, 0x05, 0x10, 0x00, 0x70, 0x00, 0x0b,
    0x00, 0x60, 0x07, 0x00, 0x00, 0x50, 0x00, 0x0b, 0x00, 0x00, 0x35, 0x00, 0x00, 0x00, 0x00, 0x0b,
    0x02, 0xbb, 0xfc, 0xbb, 0xed, 0xb3, 0x00, 0x0b, 0x36, 0x02, 0x60, 0x00, 0x80, 0x00, 0x15, 0x7f,
    0x30, 0x09, 0x00, 0x00, 0x80, 0x00, 0x22, 0x0b, 0x00, 0x09, 0x71, 0x04, 0x40, 0x00, 0x00, 0x0b,
    0x00, 0x00, 0x06, 0x88, 0x00, 0x00, 0x00, 0x0b, 0x00, 0x00, 0x02, 0xa8, 0x40, 0x00, 0x00, 0x0b,
    0x00, 0x01, 0x67, 0x00, 0x48, 0x10, 0x0a, 0xb9, 0x00, 0x77, 0x10, 0x00, 0x01, 0x70, 0x00, 0x03,
    0x00, 0x00, 0x03, 0x00, 0x00, 0x00, 0x00, 0x0b, 0x00, 0x00, 0x63, 0x00, 0x00, 0x00, 0x00, 0x0b,
    0x00, 0x02, 0xeb, 0xbb, 0xf2, 0x00, 0x00, 0x0b, 0x00, 0x0a, 0x10, 0x03, 0x70, 0x00, 0x07, 0x7f,
    0x73, 0xc7, 0x44, 0x6b, 0x44, 0x00, 0x00, 0x0b, 0x07, 0xfb, 0xbb, 0xfb, 0xbb, 0x00, 0x00, 0x0b,
    0x00, 0xb0, 0x00, 0x70, 0x06, 0x00, 0x00, 0x0b, 0x00, 0xb0, 0x00, 0x70, 0x06, 0x00, 0x00, 0x1f,
    0x60, 0xb0, 0x00, 0x70, 0x06, 0x00, 0x18, 0x7d, 0x1b, 0xfb, 0xbc, 0xfb, 0xbf, 0xb0, 0x01, 0x0b,
    0x02, 0x22, 0x28, 0xa3, 0x22, 0x20, 0x00, 0x0b, 0x00, 0x00, 0x27, 0x07, 0x00, 0x00, 0x00, 0x0b,
    0x00, 0x02, 0x80, 0x03, 0x60, 0x00, 0x00, 0x0b, 0x00, 0x56, 0x00, 0x00, 0x46, 0x00, 0x06, 0xc9,
    0x28, 0x30, 0x00, 0x00, 0x02, 0x81, 0x00, 0x00, 0x00, 0x00, 0x00, 0x00, 0x00, 0x00, 0x00, 0x03,
    0x00, 0x00, 0x00, 0x00, 0x00, 0x00, 0x00, 0x0b, 0x01, 0xfc, 0xbb, 0xbb, 0xbb, 0x90, 0x00, 0x0b,
    0x02, 0xf1, 0x00, 0x00, 0x00, 0xb0, 0x00, 0x0b, 0x02, 0xf1, 0x00, 0x00, 0x00, 0xb0, 0x27, 0x7f,
    0x77, 0xf7, 0x66, 0x66, 0x66, 0xc0, 0x00, 0x0b, 0x02, 0xfc, 0xbb, 0xbf, 0xbb, 0x90, 0x00, 0x0b,
    0x02, 0xf1, 0x00, 0x0b, 0x00, 0x00, 0x00, 0x0b, 0x02, 0xfc, 0xbb, 0xbf, 0xbb, 0xb7, 0x00, 0x1f,
    0x78, 0xf0, 0x00, 0x0b, 0x00, 0x00, 0x37, 0x6d, 0x04, 0xd0, 0x00, 0x0b, 0x00, 0x00, 0x00, 0x0b,
    0x05, 0xb4, 0xff, 0xff, 0xff, 0xc0, 0x00, 0x0b, 0x06, 0x84, 0x40, 0x00, 0x00, 0xb0, 0x00, 0x0b,
    0x08, 0x54, 0x30, 0x00, 0x00, 0xb0, 0x00, 0x0b, 0x09, 0x04, 0x30, 0x00, 0x00, 0xb0, 0x0a, 0xb9,
    0x16, 0x04, 0xfb, 0xbb, 0xbb, 0xe0, 0x00, 0x05, 0x00, 0x00, 0x00, 0x20, 0x00, 0x00, 0x00, 0x0b,
    0x00, 0x00, 0x00, 0x80, 0x00, 0x00, 0x00, 0x0b, 0x00, 0x17, 0x77, 0xaa, 0x77, 0x72, 0x00, 0x0b,
    0x00, 0x00, 0x30, 0x00, 0x04, 0x00, 0x2b, 0xbf, 0xb7, 0x00, 0x52, 0x00, 0x35, 0x00, 0x00, 0x0b,
    0x00, 0x00, 0x06, 0x00, 0x80, 0x00, 0x00, 0x0b, 0x00, 0x9b, 0xbb, 0xbd, 0xdb, 0xb9, 0x00, 0x0b,
    0x00, 0x00, 0x01, 0x40, 0x00, 0x00, 0x00, 0x0e, 0x74, 0x00, 0x07, 0x00, 0x00, 0x00, 0x17, 0x8f,
    0x00, 0xbb, 0xdf, 0xbb, 0xbf, 0xbb, 0x12, 0x0b, 0x00, 0x00, 0x70, 0x00, 0x27, 0x00, 0x00, 0x0b,
    0x00, 0x08, 0xa6, 0x10, 0x91, 0x00, 0x00, 0x0b, 0x00, 0x00, 0x01, 0x9f, 0x50, 0x00, 0x00, 0x0b,
    0x00, 0x02, 0x67, 0x50, 0x59, 0x30, 0x07, 0xc9, 0x02, 0x75, 0x10, 0x00, 0x00, 0x63, 0x00, 0x05,
    0x00, 0x00, 0x01, 0x10, 0x00, 0x00, 0x00, 0x0b, 0x00, 0x00, 0x00, 0x80, 0x00, 0x00, 0x00, 0x0b,
    0x00, 0x55, 0x55, 0xa8, 0x55, 0x54, 0x00, 0x0b, 0x00, 0xc2, 0x22, 0x22, 0x22, 0x2b, 0x3b, 0xbf,
    0xb8, 0xb0, 0x02, 0x01, 0x30, 0x0b, 0x00, 0x0b, 0x00, 0x50, 0x53, 0x00, 0x63, 0x02, 0x00, 0x0b,
    0x00, 0x04, 0x50, 0x00, 0x07, 0x20, 0x00, 0x0b, 0x00, 0x45, 0x00, 0x00, 0x00, 0x70, 0x00, 0x0f,
    0x82, 0x14, 0x44, 0x44, 0x44, 0x20, 0x16, 0x9f, 0x00, 0x2b, 0xbb, 0xfb, 0xbb, 0x50, 0x23, 0x0b,
    0x00, 0x00, 0x00, 0xb0, 0x00, 0x00, 0x00, 0x0b, 0x00, 0x00, 0x00, 0xb0, 0x00, 0x00, 0x00, 0x0b,
    0x00, 0x00, 0x00, 0xb0, 0x00, 0x00, 0x00, 0x0b, 0x00, 0x00, 0x00, 0xb0, 0x00, 0x00, 0x0a, 0xc9,
    0x08, 0xee, 0xee, 0xfe, 0xee, 0xe7, 0x00, 0x03, 0x00, 0x00, 0x10, 0x00, 0x30, 0x00, 0x00, 0x0b,
    0x00, 0x00, 0x42, 0x00, 0xb0, 0x00, 0x00, 0x0b, 0x00, 0x00, 0x42, 0x00, 0xb0, 0x00, 0x00, 0x0b,
    0x02, 0x77, 0xa8, 0x77, 0xf7, 0x72, 0x2b, 0xbf, 0xb8, 0x00, 0x42, 0x00, 0xb0, 0x00, 0x00, 0x0b,
    0x00, 0x00, 0x42, 0x00, 0xb0, 0x00, 0x00, 0x0b, 0x00, 0x02, 0x22, 0x22, 0x32, 0x10, 0x00, 0x0b,
    0x00, 0x3e, 0xbb, 0xfb, 0xbb, 0x70, 0x00, 0x0f, 0x64, 0x3b, 0x00, 0xb0, 0x00, 0x60, 0x27, 0x7e,
    0x00, 0x3b, 0x00, 0xb0, 0x00, 0x60, 0x00, 0x0b, 0x00, 0x3f, 0xbb, 0xfb, 0xbb, 0x90, 0x00, 0x0b,
    0x00, 0x3b, 0x00, 0xb0, 0x00, 0x60, 0x00, 0x0b, 0x00, 0x3b, 0x00, 0xb0, 0x00, 0x60, 0x00, 0x0b,
    0x00, 0x3f, 0xbb, 0xfb, 0xbb, 0x90, 0x0a, 0xc9, 0x00, 0x3f, 0x33, 0x33, 0x33, 0x70, 0x00, 0x00,
    0x00, 0x00, 0x00, 0x00, 0x00, 0x00, 0x00, 0x07, 0x00, 0x00, 0x00, 0x00, 0x00, 0x00, 0x00, 0x0b,
    0x0d, 0xff, 0xff, 0xff, 0xff, 0xf9, 0x00, 0x0b, 0x00, 0x71, 0x00, 0x00, 0x0f, 0x00, 0x0b, 0xbf,
    0xb4, 0x89, 0x88, 0x88, 0x8f, 0x00, 0x00, 0x0b, 0x00, 0x71, 0x00, 0x00, 0x0f, 0x00, 0x00, 0x0b,
    0x00, 0x8c, 0xbb, 0xbb, 0xbf, 0x00, 0x00, 0x0b, 0x00, 0x71, 0x00, 0x00, 0x0f, 0x22, 0x00, 0x0b,
    0x38, 0xfc, 0xcb, 0xbb, 0xaf, 0x97, 0x03, 0x8f, 0x71, 0x00, 0x00, 0x00, 0x08, 0x00, 0x27, 0x2b,
    0x0b, 0xbb, 0xcb, 0xfb, 0xbb, 0xf2, 0x00, 0x0b, 0x05, 0x40, 0x61, 0x53, 0x00, 0x80, 0x00, 0x0b,
    0x00, 0x57, 0x60, 0x08, 0x07, 0x20, 0x00, 0x0b, 0x00, 0x1b, 0x70, 0x02, 0xd4, 0x00, 0x00, 0x0b,
    0x02, 0x81, 0x32, 0x18, 0x68, 0x10, 0x07, 0xb9, 0x47, 0x00, 0x17, 0x60, 0x01, 0x75, 0x00, 0x03,
    0x00, 0x00, 0x00, 0x00, 0x01, 0x00, 0x00, 0x0b, 0x00, 0x34, 0x67, 0xc7, 0x76, 0x10, 0x00, 0x0b,
    0x00, 0x24, 0x10, 0xb0, 0x31, 0x00, 0x00, 0x0b, 0x00, 0x01, 0x50, 0xb0, 0x60, 0x00, 0x27, 0x7f,
    0x76, 0x00, 0x40, 0xb1, 0x50, 0x00, 0x00, 0x0b, 0x05, 0xbb, 0xbf, 0xff, 0xcb, 0xb4, 0x00, 0x0b,
    0x00, 0x00, 0x54, 0xb7, 0x30, 0x00, 0x00, 0x0b, 0x22, 0x07, 0x40, 0xb0, 0x65, 0x00, 0x00, 0x5f,
    0x65, 0x82, 0x00, 0xb0, 0x04, 0x82, 0x48, 0x3b, 0x03, 0x3e, 0xdd, 0xfd, 0xde, 0x43, 0x00, 0x0b,
    0x00, 0x4b, 0x00, 0xb0, 0x0b, 0x40, 0x00, 0x0b, 0x00, 0x4f, 0xbb, 0xfb, 0xbf, 0x40, 0x00, 0x0b,
    0x00, 0x4b, 0x00, 0xb0, 0x0b, 0x40, 0x00, 0x0b, 0x00, 0x4f, 0xbb, 0xfb, 0xbf, 0x40, 0x0a, 0xc9,
    0x00, 0x4d, 0x22, 0x22, 0x2d, 0x40, 0x00, 0x03, 0x00, 0x00, 0x00, 0x00, 0x00, 0x00, 0x00, 0x0b,
    0x00, 0x02, 0xbb, 0xbb, 0xb0, 0x00, 0x00, 0x0b, 0x00, 0x03, 0x30, 0x00, 0xb0, 0x00, 0x00, 0x0c,
    0x00, 0x03, 0x30, 0x00, 0xb0, 0x00, 0x06, 0x6f, 0x62, 0x01, 0x66, 0x66, 0x70, 0x00, 0x00, 0x0b,
    0x00, 0xbb, 0xba, 0x1b, 0xbb, 0xb0, 0x00, 0x0b, 0x00, 0xb0, 0x0b, 0x24, 0x00, 0xb0, 0x00, 0x0b,
    0x12, 0xb0, 0x0b, 0x24, 0x00, 0xb0, 0x00, 0x4f, 0x61, 0xeb, 0xbd, 0x3c, 0xbb, 0xe0, 0x08, 0x3b,
    0x00, 0x00, 0x00, 0x60, 0x00, 0x00, 0x00, 0x0b, 0x07, 0xbb, 0xbe, 0xfc, 0xbb, 0xb1, 0x00, 0x0b,
    0x00, 0x00, 0x36, 0x67, 0x10, 0x00, 0x00, 0x0b, 0x00, 0x06, 0x50, 0x60, 0x73, 0x00, 0x00, 0x0b,
    0x06, 0x72, 0x00, 0x60, 0x05, 0x81, 0x05, 0xc9, 0x01, 0x00, 0x00, 0x60, 0x00, 0x00, 0x00, 0x00,
    0x00, 0x00, 0x00, 0x00, 0x00, 0x00, 0x00, 0x01, 0x10, 0x00, 0x00, 0x10, 0x00, 0x00, 0x00, 0x01,
    0x60, 0x00, 0x03, 0x30, 0x00, 0x00, 0x00, 0x00, 0x60, 0x00, 0x06, 0x00, 0x00, 0x00, 0x48, 0x9b,
    0x88, 0x88, 0x26, 0x00, 0x00, 0x00, 0x24, 0x8f, 0x44, 0x44, 0x1f, 0xbb, 0xbf, 0xc0, 0x00, 0x4b,
    0x00, 0x00, 0x49, 0x00, 0x07, 0x00, 0x00, 0x4f, 0xbb, 0xf2, 0x86, 0x00, 0x07, 0x00, 0x00, 0x4b,
    0x00, 0xb5, 0x53, 0x40, 0x34, 0x00, 0x00, 0x5a, 0x00, 0xb2, 0x00, 0x70, 0x70, 0x00, 0x00, 0x69,
    0x00, 0xc2, 0x00, 0x71, 0x70, 0x00, 0x00, 0x87, 0x00, 0xd1, 0x00, 0x2d, 0x10, 0x00, 0x00, 0xb3,
    0x00, 0xd1, 0x00, 0x3d, 0x10, 0x00, 0x01, 0xc0, 0x00, 0xe0, 0x02, 0x81, 0x80, 0x00, 0x08, 0x40,
    0x01, 0xd0, 0x38, 0x00, 0x38, 0x00, 0x56, 0x01, 0xcc, 0x98, 0x50, 0x00, 0x02, 0x91, 0x10, 0x00,
    0x00, 0x00, 0x00, 0x00, 0x00, 0x00, 0x00, 0x04, 0x10, 0x00, 0x00, 0x60, 0x00, 0x00, 0x00, 0x01,
    0x80, 0x00, 0x00, 0x70, 0x00, 0x00, 0x05, 0x55, 0x85, 0x55, 0x01, 0x70, 0x00, 0x00, 0x02, 0x22,
    0x22, 0x22, 0x06, 0xeb, 0xbc, 0xb2, 0x00, 0x33, 0x02, 0x30, 0x07, 0x00, 0x06, 0x10, 0x00, 0x80,
    0x00, 0x81, 0x0b, 0x00, 0x07, 0x00, 0x06, 0x30, 0x00, 0x16, 0x68, 0x00, 0x07, 0x00, 0x16, 0x30,
    0x03, 0x50, 0x73, 0x40, 0x25, 0x00, 0x00, 0x18, 0x07, 0x00, 0x00, 0x70, 0x61, 0x00, 0x00, 0x01,
    0x96, 0x00, 0x00, 0x71, 0x80, 0x00, 0x00, 0x00, 0xa7, 0x00, 0x00, 0x2b, 0x30, 0x00, 0x00, 0x06,
    0x35, 0x40, 0x00, 0x1e, 0x10, 0x00, 0x00, 0x45, 0x00, 0x80, 0x01, 0x81, 0x80, 0x00, 0x06, 0x50,
    0x00, 0x10, 0x18, 0x10, 0x28, 0x00, 0x03, 0x00, 0x00, 0x05, 0x70, 0x00, 0x02, 0x91, 0x00, 0x00,
    0x00, 0x00, 0x00, 0x00, 0x00, 0x00, 0x00, 0x00, 0x00, 0x05, 0x00, 0x00, 0x00, 0x00, 0x00, 0x00,
    0x00, 0x06, 0x30, 0x00, 0x00, 0x00, 0x00, 0x00, 0x00, 0x00, 0x70, 0x00, 0x00, 0x00, 0x1b, 0xbc,
    0xbb, 0xbb, 0xbb, 0xbb, 0xcb, 0xb2, 0x00, 0x06, 0x10, 0x00, 0x00, 0x02, 0x60, 0x00, 0x00, 0x01,
    0x70, 0x00, 0x00, 0x08, 0x00, 0x00, 0x00, 0x00, 0x71, 0x00, 0x00, 0x27, 0x00, 0x00, 0x00, 0x00,
    0x18, 0x00, 0x00, 0x81, 0x00, 0x00, 0x00, 0x00, 0x04, 0x50, 0x05, 0x40, 0x00, 0x00, 0x00, 0x00,
    0x00, 0x73, 0x37, 0x00, 0x00, 0x00, 0x00, 0x00, 0x00, 0x0b, 0xa0, 0x00, 0x00, 0x00, 0x00, 0x00,
    0x00, 0x57, 0x84, 0x00, 0x00, 0x00, 0x00, 0x00, 0x18, 0x50, 0x06, 0x71, 0x00, 0x00, 0x00, 0x17,
    0x71, 0x00, 0x00, 0x18, 0x61, 0x00, 0x18, 0x71, 0x00, 0x00, 0x00, 0x00, 0x27, 0x81, 0x00, 0x00,
    0x00, 0x00, 0x00, 0x00, 0x00, 0x00, 0x00, 0x00, 0x03, 0x00, 0x00, 0x00, 0x00, 0x10, 0x81, 0x10,
    0xb0, 0x20, 0x35, 0x66, 0x64, 0x0f, 0x16, 0x0b, 0x07, 0x2f, 0x20, 0x00, 0x00, 0xf0, 0x70, 0xb4,
    0x32, 0xb0, 0x00, 0x00, 0x0f, 0x03, 0x0b, 0x30, 0x2b, 0x00, 0x00, 0x00, 0xf5, 0x77, 0xf7, 0x74,
    0xd1, 0x11, 0x11, 0x0f, 0x00, 0x4f, 0x00, 0x2f, 0xee, 0xfe, 0xe0, 0xf0, 0x07, 0xf4, 0x02, 0xb0,
    0x0b, 0x00, 0x0f, 0x04, 0x4b, 0x63, 0x2b, 0x00, 0xb0, 0x00, 0xf1, 0x80, 0xb0, 0x73, 0xa0, 0x0b,
    0x00, 0x0f, 0x81, 0x0b, 0x00, 0x48, 0x00, 0xb0, 0x00, 0xf0, 0x00, 0xb0, 0x06, 0x60, 0x0b, 0x00,
    0x0f, 0x00, 0x02, 0x00, 0x83, 0x00, 0xb0, 0x00, 0xfb, 0xbb, 0xbb, 0xaa, 0x00, 0x0b, 0x00, 0x00,
    0x00, 0x00, 0x02, 0x50, 0x00, 0xb0, 0x00, 0x00, 0x01, 0x30, 0x00, 0x00, 0x00, 0x00, 0x00, 0x00,
    0x00, 0x80, 0x00, 0x01, 0x47, 0x87, 0x10, 0x0a, 0xbb, 0xfd, 0xbb, 0x6f, 0x41, 0x00, 0x00, 0x00,
    0x50, 0x00, 0x60, 0x5c, 0x00, 0x00, 0x00, 0x00, 0x43, 0x01, 0x70, 0x5c, 0x00, 0x00, 0x00, 0x00,
    0x05, 0x06, 0x20, 0x5c, 0x00, 0x00, 0x00, 0x2e, 0xee, 0xff, 0xee, 0x9f, 0xee, 0xfe, 0xe0, 0x00,
    0x00, 0x70, 0x00, 0x5c, 0x00, 0xb0, 0x00, 0x00, 0x00, 0x70, 0x00, 0x5c, 0x00, 0xb0, 0x00, 0x1b,
    0xbb, 0xfb, 0xbb, 0x8b, 0x00, 0xb0, 0x00, 0x00, 0x40, 0x71, 0x30, 0x89, 0x00, 0xb0, 0x00, 0x01,
    0x70, 0x70, 0x70, 0xa6, 0x00, 0xb0, 0x00, 0x08, 0x10, 0x70, 0x25, 0xc1, 0x00, 0xb0, 0x00, 0x02,
    0x00, 0x70, 0x03, 0x90, 0x00, 0xb0, 0x00, 0x00, 0x0b, 0x90, 0x07, 0x10, 0x00, 0xb0, 0x00, 0x00,
    0x00, 0x00, 0x00, 0x00, 0x00, 0x00, 0x00, 0x01, 0x22, 0x22, 0x22, 0x22, 0x22, 0x22, 0x00, 0x03,
    0xbb, 0xbb, 0xbf, 0xcb, 0xbb, 0xbb, 0x20, 0x00, 0x00, 0x00, 0x0b, 0x00, 0x00, 0x00, 0x00, 0x00,
    0x00, 0x00, 0x0b, 0x00, 0x00, 0x00, 0x00, 0x00, 0x00, 0x00, 0x0b, 0x00, 0x00, 0x00, 0x00, 0x05,
    0x55, 0x55, 0x5f, 0x55, 0x55, 0x55, 0x50, 0x1b, 0xbb, 0xbb, 0xff, 0xfb, 0xbb, 0xbb, 0xb1, 0x00,
    0x00, 0x00, 0x74, 0x70, 0x00, 0x00, 0x00, 0x00, 0x00, 0x00, 0xb0, 0x70, 0x00, 0x00, 0x00, 0x00,
    0x00, 0x03, 0x80, 0x70, 0x00, 0x00, 0x00, 0x00, 0x00, 0x0a, 0x10, 0x70, 0x00, 0x00, 0x10, 0x00,
    0x00, 0x84, 0x00, 0x70, 0x00, 0x00, 0xb0, 0x00, 0x08, 0x50, 0x00, 0x70, 0x00, 0x00, 0xc0, 0x05,
    0x82, 0x00, 0x00, 0x5b, 0xbb, 0xbc, 0x80, 0x03, 0x00, 0x00, 0x00, 0x00, 0x00, 0x00, 0x00, 0x1f,
    0xbb, 0xbb, 0xbb, 0xbb, 0xe4, 0x1e, 0x00, 0x00, 0x00, 0x00, 0xc4, 0x1e, 0x00, 0x00, 0x00, 0x00,
    0xc4, 0x1e, 0x00, 0x00, 0x00, 0x00, 0xc4, 0x1e, 0x00, 0x00, 0x00, 0x00, 0xc4, 0x1f, 0xbb, 0xbb,
    0xbb, 0xbb, 0xf4, 0x1e, 0x00, 0x00, 0x00, 0x00, 0xc4, 0x1e, 0x00, 0x00, 0x00, 0x00, 0xc4, 0x1e,
    0x00, 0x00, 0x00, 0x00, 0xc4, 0x1e, 0x00, 0x00, 0x00, 0x00, 0xc4, 0x1e, 0x00, 0x00, 0x00, 0x00,
    0xc4, 0x1f, 0xbb, 0xbb, 0xbb, 0xbb, 0xf4, 0x1e, 0x00, 0x00, 0x00, 0x00, 0xc4, 0x00, 0x00, 0x00,
    0x00, 0x00, 0x00, 0x40, 0x00, 0x00, 0x00, 0x00, 0x00, 0x00, 0x00, 0xb0, 0x00, 0x0f, 0xbb, 0xbe,
    0x00, 0x00, 0x00, 0xb0, 0x00, 0x0f, 0x00, 0x0d, 0x00, 0x00, 0x00, 0xb0, 0x00, 0x0f, 0x00, 0x0d,
    0x6b, 0xbb, 0xbb, 0xfb, 0xb1, 0x0f, 0x00, 0x0d, 0x00, 0x00, 0x00, 0xb0, 0x00, 0x0f, 0x00, 0x0d,
    0x04, 0x10, 0x00, 0xb0, 0x00, 0x0f, 0xbb, 0xbf, 0x01, 0x70, 0x00, 0xb0, 0x00, 0x0f, 0x00, 0x0d,
    0x00, 0x35, 0x00, 0xb0, 0x00, 0x0f, 0x00, 0x0d, 0x00, 0x07, 0x10, 0xb0, 0x00, 0x0f, 0x00, 0x0d,
    0x00, 0x00, 0x10, 0xb0, 0x00, 0x0f, 0xbb, 0xbe, 0x00, 0x00, 0x00, 0xb0, 0x00, 0x0f, 0x00, 0x00,
    0x00, 0x00, 0x00, 0xb0, 0x00, 0x04, 0x00, 0x00, 0x00, 0x00, 0x00, 0xb0, 0x00, 0x00, 0x00, 0x00,
    0x00, 0x2b, 0xbb, 0x90, 0x00, 0x00, 0xbb, 0xbb, 0xbb, 0xbb, 0xbb, 0x80, 0x00, 0x0b, 0x00, 0x00,
    0x00, 0x00, 0x0b, 0x00, 0x00, 0xb0, 0x00, 0x00, 0x00, 0x00, 0xb0, 0x00, 0x0e, 0xbb, 0xbb, 0xbb,
    0xbb, 0xbb, 0x00, 0x00, 0xb0, 0x00, 0x00, 0x00, 0x00, 0xb0, 0x00, 0x0e, 0xbb, 0xbb, 0xbb, 0xbb,
    0xbb, 0x00, 0x00, 0x06, 0x00, 0x07, 0x00, 0x00, 0x00, 0x00, 0x05, 0x30, 0x00, 0xb0, 0x00, 0x00,
    0x00, 0x04, 0xcb, 0xbb, 0xbf, 0xbb, 0xbb, 0xb5, 0x04, 0x60, 0x00, 0x00, 0xb0, 0x00, 0x00, 0x00,
    0x10, 0xbb, 0xbb, 0xbf, 0xbb, 0xbb, 0x80, 0x00, 0x00, 0x00, 0x00, 0xb0, 0x00, 0x00, 0x00, 0x00,
    0x00, 0x00, 0x0b, 0x00, 0x00, 0x00, 0x09, 0xff, 0xff, 0xff, 0xff, 0xff, 0xff, 0xf6, 0x00, 0x0b,
    0xbb, 0xbb, 0xbb, 0xbb, 0xb8, 0x00, 0x00, 0x0b, 0x00, 0x00, 0x00, 0x00, 0x0b, 0x00, 0x00, 0x0e,
    0xbb, 0xbb, 0xbb, 0xbb, 0xbb, 0x00, 0x00, 0x0b, 0x00, 0x00, 0x00, 0x00, 0x0b, 0x00, 0x00, 0x0b,
    0x00, 0x00, 0x00, 0x00, 0x0b, 0x00, 0x00, 0x0b, 0xbb, 0xbb, 0xbb, 0xbb, 0xb8, 0x00, 0x01, 0x11,
    0x11, 0x11, 0x11, 0x11, 0x11, 0x11, 0x0b, 0xbb, 0xbb, 0xbc, 0xfb, 0xbb, 0xbb, 0xb7, 0x00, 0x00,
    0x40, 0x00, 0xd0, 0x00, 0x00, 0x00, 0x00, 0x00, 0x80, 0x00, 0xd0, 0x00, 0x00, 0x00, 0x00, 0x04,
    0xc0, 0x00, 0xfb, 0xbb, 0xbb, 0x60, 0x00, 0x08, 0x47, 0x00, 0xd0, 0x00, 0x00, 0x00, 0x00, 0x63,
    0x06, 0x93, 0xd0, 0x00, 0x00, 0x00, 0x06, 0x50, 0x00, 0x39, 0xfc, 0xcb, 0xbb, 0xb8, 0x03, 0x00,
    0x00, 0x00, 0x00, 0x00, 0x00, 0x00, 0x00, 0x0b, 0xbb, 0xbb, 0xbb, 0xbb, 0xb8, 0x00, 0x00, 0x0b,
    0x00, 0x00, 0x00, 0x00, 0x0b, 0x00, 0x00, 0x0b, 0x00, 0x00, 0x00, 0x00, 0x0b, 0x00, 0x00, 0x0e,
    0xbb, 0xbb, 0xbb, 0xbb, 0xbb, 0x00, 0x00, 0x0b, 0x00, 0x00, 0x00, 0x00, 0x0b, 0x00, 0x00, 0x0b,
    0x00, 0x00, 0x00, 0x00, 0x0b, 0x00, 0x00, 0x0b, 0xbb, 0xbb, 0xbb, 0xbb, 0xb8, 0x00, 0x00, 0x00,
    0x00, 0x70, 0x07, 0x00, 0x00, 0x00, 0x00, 0x42, 0x00, 0xb0, 0x0b, 0x00, 0x07, 0x10, 0x00, 0x08,
    0x10, 0xb0, 0x0b, 0x00, 0x63, 0x00, 0x00, 0x01, 0x70, 0xb0, 0x0b, 0x06, 0x30, 0x00, 0x00, 0x00,
    0x10, 0xb0, 0x0b, 0x01, 0x00, 0x00, 0x1b, 0xbb, 0xbb, 0xfb, 0xbf, 0xbb, 0xbb, 0xb4, 0x04, 0x44,
    0x44, 0x44, 0x44, 0x44, 0x44, 0x41, 0x00, 0x00, 0x20, 0x00, 0x00, 0x00, 0x00, 0x00, 0x00, 0x05,
    0x40, 0x00, 0x03, 0x46, 0x88, 0x20, 0x1b, 0xcf, 0xbb, 0xbb, 0x3f, 0x53, 0x00, 0x00, 0x00, 0x72,
    0x25, 0x00, 0x1b, 0x00, 0x00, 0x00, 0x09, 0xfb, 0xdf, 0xbb, 0x3f, 0xaa, 0xfa, 0xa2, 0x02, 0x00,
    0x25, 0x00, 0x2a, 0x00, 0xb0, 0x00, 0x00, 0x01, 0x5a, 0x67, 0x67, 0x00, 0xb0, 0x00, 0x07, 0x76,
    0x68, 0x10, 0x73, 0x00, 0xb0, 0x00, 0x00, 0x00, 0x25, 0x00, 0x70, 0x00, 0xb0, 0x00, 0x00, 0x0b,
    0xbc, 0xbb, 0xbb, 0xbb, 0xb1, 0x00, 0x00, 0x07, 0x00, 0x00, 0x00, 0x00, 0x91, 0x00, 0x00, 0x0f,
    0xbb, 0xbb, 0xbb, 0xbb, 0xf1, 0x00, 0x00, 0x07, 0x00, 0x00, 0x00, 0x00, 0x91, 0x00, 0x00, 0x07,
    0x00, 0x00, 0x00, 0x00, 0x91, 0x00, 0x00, 0x0f, 0xbb, 0xbb, 0xbb, 0xbb, 0xf1, 0x00, 0x00, 0x00,
    0x00, 0x00, 0x00, 0x00, 0x00, 0x00, 0x00, 0x00, 0x01, 0x00, 0x01, 0x00, 0x00, 0x00, 0x00, 0x0b,
    0x00, 0x0b, 0x00, 0x00, 0x00, 0x00, 0x0b, 0x00, 0x0b, 0x00, 0x00, 0x00, 0x00, 0x0b, 0x00, 0x0b,
    0x00, 0x00, 0x4e, 0xbb, 0xbf, 0xbb, 0xbf, 0xbb, 0xbf, 0x4b, 0x00, 0x0b, 0x00, 0x0b, 0x00, 0x0f,
    0x4b, 0x00, 0x0b, 0x00, 0x0b, 0x00, 0x0f, 0x4b, 0x00, 0x0b, 0x00, 0x0b, 0x00, 0x0f, 0x4f, 0xbb,
    0xbf, 0xbb, 0xbf, 0xbb, 0xbf, 0x4b, 0x00, 0x0b, 0x00, 0x0b, 0x00, 0x0f, 0x4b, 0x00, 0x0b, 0x00,
    0x0b, 0x00, 0x0f, 0x4b, 0x00, 0x0b, 0x00, 0x0b, 0x00, 0x0f, 0x4b, 0x00, 0x0b, 0x00, 0x0b, 0x00,
    0x0f, 0x4f, 0xbb, 0xbf, 0xbb, 0xbf, 0xbb, 0xbf, 0x4f, 0x33, 0x33, 0x33, 0x33, 0x33, 0x3f, 0x13,
    0x33, 0x33, 0x33, 0x33, 0x33, 0x33, 0x25, 0xbb, 0xbb, 0xbb, 0xfb, 0xbb, 0xbb, 0xb6, 0x00, 0x00,
    0x00, 0x0b, 0x00, 0x00, 0x00, 0x00, 0x0b, 0xbb, 0xbb, 0xfb, 0xbb, 0xbb, 0xb0, 0x00, 0xb0, 0x00,
    0x0b, 0x00, 0x00, 0x0b, 0x00, 0x0b, 0xbb, 0xbb, 0xfb, 0xbb, 0xbb, 0xb0, 0x00, 0xb0, 0x00, 0x0b,
    0x00, 0x00, 0x0b, 0x00, 0x0b, 0x00, 0x00, 0xb0, 0x00, 0x00, 0xb0, 0x00, 0xab, 0xbb, 0xbf, 0xbb,
    0xbb, 0xba, 0x00, 0x00, 0x51, 0x02, 0x90, 0x00, 0x00, 0x00, 0x00, 0x01, 0x81, 0x72, 0x00, 0x00,
    0x00, 0x00, 0x00, 0x02, 0xe9, 0x00, 0x00, 0x00, 0x00, 0x00, 0x02, 0x74, 0x6a, 0x84, 0x20, 0x00,
    0x03, 0x77, 0x50, 0x00, 0x03, 0x69, 0xbb, 0xba, 0x20, 0x00, 0x00, 0x00, 0x00, 0x00, 0x00, 0x00,
    0x00, 0x0f, 0xbb, 0xbb, 0xbb, 0xbb, 0xf1, 0x00, 0x0e, 0x00, 0x00, 0x00, 0x00, 0xf1, 0x00, 0x0e,
    0x00, 0x00, 0x00, 0x00, 0xf1, 0x00, 0x0e, 0x00, 0x00, 0x00, 0x00, 0xf1, 0x00, 0x0f, 0xbb, 0xbb,
    0xbb, 0xbb, 0xf1, 0x00, 0x0e, 0x00, 0x00, 0x00, 0x00, 0xf1, 0x00, 0x0e, 0x00, 0x00, 0x00, 0x00,
    0xf1, 0x00, 0x1c, 0x00, 0x00, 0x00, 0x00, 0xf1, 0x00, 0x4f, 0xbb, 0xbb, 0xbb, 0xbb, 0xf1, 0x00,
    0x76, 0x00, 0x00, 0x00, 0x00, 0xf1, 0x00, 0xb1, 0x00, 0x00, 0x00, 0x00, 0xf1, 0x04, 0x90, 0x00,
    0x00, 0x00, 0x00, 0xf1, 0x0a, 0x10, 0x00, 0x00, 0x00, 0x00, 0xf1, 0x82, 0x00, 0x00, 0x00, 0x5b,
    0xbc, 0xc0, 0x00, 0x00, 0x00, 0x00, 0x00, 0x00, 0x00, 0x00, 0x00, 0x00, 0x10, 0x00, 0x00, 0x00,
    0x00, 0x00, 0x00, 0x07, 0x00, 0x00, 0x00, 0x00, 0x00, 0x00, 0x01, 0x70, 0x00, 0x00, 0x00, 0x00,
    0x8b, 0xbb, 0xfd, 0xbb, 0xbb, 0xbb, 0xbb, 0x00, 0x00, 0x17, 0x00, 0x00, 0x00, 0x00, 0x00, 0x00,
    0x06, 0x10, 0x00, 0x00, 0x00, 0x00, 0x00, 0x04, 0xeb, 0xbb, 0xbb, 0xbb, 0xe0, 0x00, 0x02, 0x77,
    0x00, 0x00, 0x00, 0x07, 0x00, 0x03, 0x80, 0xbb, 0xbb, 0xbb, 0xbb, 0xf0, 0x00, 0x70, 0x07, 0x00,
    0x00, 0x00, 0x07, 0x00, 0x00, 0x00, 0x70, 0x00, 0x00, 0x00, 0x70, 0x00, 0x00, 0x0b, 0xbb, 0xbb,
    0xbb, 0xbf, 0x00, 0x00, 0x00, 0x70, 0x00, 0x00, 0x00, 0x70, 0x00, 0x00, 0x07, 0x00, 0x00, 0x00,
    0x07, 0x00, 0x00, 0x00, 0x70, 0x00, 0x05, 0xbb, 0xa0, 0x00, 0x00, 0x30, 0x00, 0x21, 0x00, 0x00,
    0x00, 0x00, 0x0e, 0x00, 0x0b, 0x40, 0xd8, 0x77, 0x7d, 0x00, 0xe0, 0x00, 0xb4, 0x0f, 0x10, 0x00,
    0xf5, 0xbf, 0xbb, 0xbf, 0xf6, 0xf1, 0x00, 0x0f, 0x00, 0xe0, 0x00, 0xb4, 0x0f, 0x10, 0x00, 0xf0,
    0x0f, 0xbb, 0xbf, 0x40, 0xfa, 0x99, 0x9f, 0x00, 0xe0, 0x00, 0xb4, 0x0f, 0x10, 0x00, 0xf0, 0x0e,
    0x00, 0x0b, 0x40, 0xf1, 0x00, 0x0f, 0x00, 0xfb, 0xbb, 0xf4, 0x0f, 0x00, 0x00, 0xf0, 0x0e, 0x00,
    0x0b, 0x40, 0xf5, 0x55, 0x5f, 0x7b, 0xfb, 0xbb, 0xff, 0x9d, 0x00, 0x00, 0xf2, 0x33, 0x53, 0x43,
    0x35, 0xb0, 0x00, 0x0f, 0x00, 0x63, 0x06, 0x40, 0x57, 0x00, 0x00, 0xf0, 0x37, 0x00, 0x07, 0x28,
    0x30, 0x00, 0x0f, 0x37, 0x00, 0x00, 0x01, 0x80, 0x02, 0xbc, 0xc0, 0x00, 0x00, 0x00, 0x01, 0x00,
    0x00, 0x00, 0x00, 0x00, 0x00, 0x06, 0x00, 0x00, 0x00, 0x00, 0x00, 0x00, 0x00, 0x0b, 0x00, 0x00,
    0x00, 0x00, 0x00, 0x00, 0x00, 0x0b, 0x00, 0x00, 0x00, 0x00, 0x03, 0xbb, 0xbb, 0xbf, 0xbb, 0xbb,
    0xb8, 0x00, 0x00, 0x00, 0x00, 0x0b, 0x00, 0x00, 0x00, 0x00, 0x00, 0x00, 0x00, 0x0b, 0x00, 0x00,
    0x00, 0x00, 0x00, 0x00, 0x00, 0x0b, 0x00, 0x00, 0x00, 0x00, 0x4b, 0xbb, 0xbb, 0xcf, 0xeb, 0xbb,
    0xbb, 0x80, 0x00, 0x00, 0x00, 0x8c, 0x71, 0x00, 0x00, 0x00, 0x00, 0x00, 0x06, 0x3b, 0x08, 0x00,
    0x00, 0x00, 0x00, 0x00, 0x54, 0x0b, 0x01, 0x80, 0x00, 0x00, 0x00, 0x06, 0x40, 0x0b, 0x00, 0x18,
    0x10, 0x00, 0x02, 0x82, 0x00, 0x0b, 0x00, 0x00, 0x75, 0x00, 0x46, 0x00, 0x00, 0x0b, 0x00, 0x00,
    0x03, 0x80, 0x00, 0x00, 0x00, 0x0b, 0x00, 0x00, 0x00, 0x00, 0x00, 0x00, 0x00, 0x05, 0x00, 0x00,
    0x00, 0x00, 0x00, 0x00, 0x00, 0x0b, 0x00, 0x00, 0x00, 0x00, 0x00, 0x00, 0x00, 0x0b, 0x00, 0x00,
    0x00, 0x00, 0x00, 0x00, 0x00, 0x0b, 0x00, 0x00, 0x00, 0x00, 0x4b, 0xbb, 0xbb, 0xef, 0xeb, 0xbb,
    0xbb, 0x80, 0x00, 0x00, 0x00, 0x7b, 0x25, 0x00, 0x00, 0x00, 0x00, 0x00, 0x06, 0x2b, 0x07, 0x00,
    0x00, 0x00, 0x00, 0x00, 0x16, 0x0b, 0x01, 0x60, 0x00, 0x00, 0x00, 0x00, 0x80, 0x0b, 0x00, 0x43,
    0x00, 0x00, 0x00, 0x07, 0x20, 0x0b, 0x00, 0x06, 0x20, 0x00, 0x00, 0x73, 0x00, 0x0b, 0x00, 0x00,
    0x73, 0x00, 0x18, 0x3a, 0xbb, 0xbf, 0xbb, 0xbb, 0x26, 0x70, 0x31, 0x00, 0x00, 0x0b, 0x00, 0x00,
    0x00, 0x21, 0x00, 0x00, 0x00, 0x0b, 0x00, 0x00, 0x00, 0x00, 0x00, 0x00, 0x00, 0x0b, 0x00, 0x00,
    0x00, 0x00, 0x00, 0x00, 0x50, 0x00, 0x00, 0x00, 0x00, 0x00, 0x00, 0x00, 0xb0, 0x00, 0xfb, 0xbb,
    0xbf, 0x00, 0x00, 0x00, 0xb0, 0x00, 0xf0, 0x00, 0x0e, 0x00, 0x00, 0x00, 0xb0, 0x00, 0xf0, 0x00,
    0x0e, 0x00, 0x0b, 0xbc, 0xfb, 0xb5, 0xf0, 0x00, 0x0e, 0x00, 0x00, 0x05, 0xd0, 0x00, 0xf0, 0x00,
    0x0e, 0x00, 0x00, 0x07, 0xe0, 0x01, 0xf0, 0x00, 0x0e, 0x00, 0x00, 0x25, 0xf6, 0x01, 0xe0, 0x00,
    0x0e, 0x00, 0x00, 0x70, 0xb4, 0x72, 0xe0, 0x00, 0x0e, 0x00, 0x02, 0x60, 0xb0, 0x45, 0xb0, 0x00,
    0x0e, 0x00, 0x08, 0x00, 0xb0, 0x05, 0x90, 0x00, 0x0e, 0x00, 0x23, 0x00, 0xb0, 0x08, 0x60, 0x00,
    0x0e, 0x08, 0x00, 0x00, 0xb0, 0x0b, 0x10, 0x00, 0x0e, 0x0a, 0x00, 0x00, 0xb0, 0x38, 0x00, 0x00,
    0x0e, 0x0b, 0x00, 0x00, 0xb0, 0x81, 0x00, 0x00, 0x0d, 0xc9, 0x00, 0x03, 0x00, 0x00, 0x00, 0x00,
    0x00, 0x00, 0x00, 0x0b, 0x00, 0x00, 0x00, 0x24, 0x67, 0x50, 0x00, 0x0b, 0x00, 0x4f, 0x66, 0x53,
    0x00, 0x00, 0x27, 0x7f, 0x77, 0x5c, 0x00, 0x00, 0x00, 0x00, 0x00, 0x0f, 0x00, 0x4c, 0x00, 0x00,
    0x00, 0x00, 0x00, 0x3f, 0x60, 0x4f, 0xbb, 0xbb, 0xbb, 0x90, 0x00, 0x7c, 0x62, 0x4c, 0x60, 0x00,
    0x02, 0x50, 0x00, 0x7b, 0x08, 0x5c, 0x34, 0x00, 0x06, 0x10, 0x04, 0x3b, 0x00, 0x6b, 0x07, 0x00,
    0x07, 0x00, 0x08, 0x0b, 0x00, 0x79, 0x06, 0x10, 0x62, 0x00, 0x53, 0x0b, 0x00, 0x96, 0x00, 0x72,
    0x70, 0x00, 0x10, 0x0b, 0x00, 0xc2, 0x00, 0x6c, 0x00, 0x00, 0x00, 0x0b, 0x01, 0xc0, 0x02, 0x87,
    0x20, 0x00, 0x00, 0x0b, 0x06, 0x50, 0x67, 0x00, 0x74, 0x00, 0x00, 0x0b, 0x08, 0x05, 0x20, 0x00,
    0x05, 0x81, 0x00, 0x00, 0x00, 0x00, 0x00, 0x00, 0x00, 0x00, 0x00, 0x02, 0x00, 0x00, 0x00, 0x10,
    0x00, 0x00, 0x00, 0xb0, 0x00, 0x00, 0x08, 0x00, 0x00, 0x00, 0x0b, 0x00, 0x00, 0x00, 0x53, 0x00,
    0x00, 0x00, 0xb0, 0x05, 0x88, 0xab, 0x88, 0x88, 0x1b, 0xbf, 0xbb, 0x00, 0x08, 0x00, 0x00, 0x00,
    0x02, 0xf1, 0x00, 0x05, 0x40, 0x01, 0x00, 0x00, 0x6d, 0x70, 0x01, 0x80, 0x01, 0x70, 0x00, 0x07,
    0xb3, 0x51, 0xe8, 0x77, 0xb1, 0x00, 0x02, 0x5b, 0x04, 0x02, 0x10, 0x72, 0x03, 0x20, 0x70, 0xb0,
    0x00, 0x00, 0x82, 0x00, 0x80, 0x26, 0x0b, 0x00, 0x03, 0x81, 0x00, 0x81, 0x03, 0x00, 0xb0, 0x04,
    0x50, 0x00, 0xc3, 0x00, 0x00, 0x0b, 0x00, 0x00, 0x02, 0x83, 0x81, 0x00, 0x00, 0xb0, 0x00, 0x06,
    0x70, 0x01, 0x92, 0x00, 0x0b, 0x01, 0x67, 0x20, 0x00, 0x00, 0x70, 0x00, 0x00, 0x12, 0x00, 0x00,
    0x00, 0x00, 0x00, 0x00, 0x00, 0x05, 0x00, 0x00, 0x00, 0x00, 0x05, 0x00, 0x00, 0x07, 0x00, 0x00,
    0x00, 0x00, 0x02, 0x92, 0x00, 0x35, 0x00, 0x00, 0x00, 0x00, 0x00, 0x19, 0x20, 0xbc, 0xbb, 0xbb,
    0xbc, 0xf1, 0x00, 0x00, 0x00, 0x80, 0x00, 0x00, 0x04, 0xb0, 0x00, 0x00, 0x04, 0x40, 0x0b, 0x00,
    0x09, 0x30, 0x00, 0x00, 0x08, 0x00, 0x0b, 0x00, 0x19, 0x00, 0x00, 0x00, 0x02, 0x00, 0x0f, 0x00,
    0x41, 0x00, 0x00, 0x02, 0x40, 0x00, 0x0e, 0x30, 0x00, 0x00, 0x00, 0x08, 0x00, 0x00, 0x46, 0x70,
    0x00, 0x00, 0x00, 0x62, 0x00, 0x00, 0x80, 0x70, 0x00, 0x00, 0x03, 0x60, 0x00, 0x05, 0x40, 0x16,
    0x00, 0x00, 0x18, 0x00, 0x00, 0x46, 0x00, 0x05, 0x30, 0x00, 0x00, 0x00, 0x06, 0x50, 0x00, 0x00,
    0x74, 0x00, 0x00, 0x01, 0x82, 0x00, 0x00, 0x00, 0x05, 0x80, 0x00, 0x00, 0x00, 0x00, 0x04, 0x00,
    0x00, 0x09, 0xbb, 0xbb, 0xbf, 0xb2, 0x50, 0x00, 0x00, 0x00, 0x00, 0x00, 0xb0, 0x05, 0x00, 0x00,
    0x00, 0xcb, 0xba, 0x0b, 0x06, 0xeb, 0xbb, 0xf3, 0x0b, 0x00, 0xa0, 0xb0, 0x50, 0x00, 0x0d, 0x10,
    0xb0, 0x0a, 0x0b, 0x05, 0x0a, 0x02, 0xa0, 0x0b, 0xbb, 0xa0, 0xb1, 0x60, 0xb0, 0x63, 0x03, 0x44,
    0x44, 0x4d, 0x42, 0x0f, 0x02, 0x00, 0xbc, 0xcc, 0xcc, 0xfc, 0x30, 0xf0, 0x00, 0x00, 0x00, 0x00,
    0x0b, 0x00, 0x0f, 0x40, 0x00, 0x3f, 0xbb, 0xb0, 0xb0, 0x03, 0x88, 0x00, 0x03, 0x50, 0x0b, 0x0b,
    0x00, 0x73, 0x81, 0x00, 0x3f, 0xbb, 0xb0, 0xb0, 0x0a, 0x01, 0x90, 0x02, 0x50, 0x00, 0x0b, 0x07,
    0x30, 0x04, 0x70, 0x00, 0x00, 0xbb, 0xa3, 0x60, 0x00, 0x04, 0x60, 0x00, 0x00, 0x00, 0x00, 0x00,
    0x00, 0x00, 0x01, 0x22, 0x22, 0x22, 0x22, 0x22, 0x22, 0x10, 0x07, 0xbb, 0xbb, 0xbe, 0xfb, 0xbb,
    0xbb, 0x80, 0x00, 0x00, 0x00, 0x02, 0xc0, 0x00, 0x00, 0x00, 0x00, 0x00, 0x00, 0x02, 0xc0, 0x00,
    0x00, 0x00, 0x00, 0x02, 0x00, 0x02, 0xc0, 0x00, 0x00, 0x00, 0x00, 0x0b, 0x00, 0x02, 0xc0, 0x00,
    0x00, 0x00, 0x00, 0x0b, 0x00, 0x02, 0xfb, 0xbb, 0xbb, 0x30, 0x00, 0x0b, 0x00, 0x02, 0xc0, 0x00,
    0x00, 0x00, 0x00, 0x0b, 0x00, 0x02, 0xc0, 0x00, 0x00, 0x00, 0x00, 0x0b, 0x00, 0x02, 0xc0, 0x00,
    0x00, 0x00, 0x00, 0x0b, 0x00, 0x02, 0xc0, 0x00, 0x00, 0x00, 0x00, 0x0b, 0x00, 0x02, 0xc0, 0x00,
    0x00, 0x00, 0x2b, 0xbf, 0xbb, 0xbe, 0xfb, 0xbb, 0xbb, 0xb4, 0x13, 0x33, 0x33, 0x33, 0x33, 0x33,
    0x33, 0x31, 0x00, 0x00, 0x02, 0x00, 0x01, 0x00, 0x00, 0x00, 0x00, 0x00, 0x0d, 0x00, 0x0b, 0x00,
    0x00, 0x00, 0x00, 0x00, 0x0d, 0x00, 0x0b, 0x00, 0x00, 0x00, 0x00, 0x00, 0x0d, 0x00, 0x0b, 0x00,
    0x00, 0x00, 0x00, 0xb0, 0x0d, 0x00, 0x0b, 0x00, 0x01, 0x50, 0x00, 0xb0, 0x0d, 0x00, 0x0b, 0x00,
    0x49, 0x10, 0x00, 0xb0, 0x0f, 0xbb, 0x7b, 0x18, 0x50, 0x00, 0x00, 0xb0, 0x0d, 0x00, 0x0f, 0x71,
    0x00, 0x00, 0x00, 0xb0, 0x0d, 0x00, 0x0b, 0x00, 0x00, 0x00, 0x00, 0xb0, 0x0d, 0x00, 0x0b, 0x00,
    0x00, 0x00, 0x00, 0xb0, 0x0d, 0x00, 0x0b, 0x00, 0x00, 0x00, 0x00, 0xb0, 0x0d, 0x00, 0x0b, 0x00,
    0x00, 0x09, 0x00, 0xb0, 0x0d, 0x00, 0x0b, 0x00, 0x00, 0x1b, 0x00, 0xb0, 0x3f, 0x88, 0x5b, 0x20,
    0x00, 0x58, 0x29, 0xb8, 0x52, 0x00, 0x04, 0xbb, 0xbb, 0xa2, 0x00, 0x00, 0x00, 0x00, 0x00, 0x00,
    0x00, 0x00, 0x00, 0x00, 0x00, 0x01, 0x00, 0x00, 0x00, 0x00, 0x00, 0x10, 0x00, 0xb0, 0x00, 0x00,
    0x00, 0x00, 0x0b, 0x00, 0x0b, 0x00, 0x00, 0x00, 0x00, 0x00, 0xb0, 0x00, 0xfb, 0xbb, 0xb9, 0x00,
    0x00, 0x0b, 0x00, 0x0b, 0x00, 0x00, 0x00, 0x01, 0x44, 0xf4, 0x44, 0xe4, 0x44, 0x44, 0x42, 0x4b,
    0xbb, 0xbb, 0xbf, 0xcb, 0xbb, 0xbb, 0x70, 0x00, 0x02, 0x00, 0xb0, 0x00, 0x04, 0x00, 0x00, 0x01,
    0x70, 0x0b, 0x00, 0x06, 0x30, 0x00, 0x00, 0x81, 0x00, 0xb0, 0x02, 0x70, 0x00, 0x01, 0x91, 0x00,
    0x0b, 0x02, 0x80, 0x00, 0x00, 0x41, 0x00, 0x00, 0x95, 0x80, 0x00, 0x00, 0x00, 0x00, 0x00, 0x38,
    0x40, 0x00, 0x00, 0x00, 0x00, 0x27, 0x85, 0x00, 0x00, 0x00, 0x00, 0x38, 0x86, 0x20, 0x00, 0x00,
    0x00, 0x00, 0x00, 0x01, 0x00, 0x00, 0x00, 0x00, 0x00, 0x00, 0x00, 0x56, 0x00, 0x00, 0xdb, 0xbb,
    0xe3, 0x00, 0x00, 0x28, 0x10, 0x07, 0x00, 0x04, 0x30, 0x00, 0x00, 0x10, 0x00, 0x70, 0x00, 0x43,
    0x00, 0x00, 0x00, 0x00, 0x07, 0x00, 0x04, 0x30, 0x04, 0x20, 0x00, 0x06, 0x20, 0x00, 0x44, 0x00,
    0x05, 0x70, 0x06, 0x50, 0x00, 0x01, 0xbb, 0x70, 0x01, 0x35, 0x30, 0x00, 0x00, 0x00, 0x00, 0x00,
    0x00, 0x0b, 0xfb, 0xbb, 0xbb, 0xf5, 0x00, 0x00, 0x10, 0x06, 0x10, 0x00, 0x08, 0x00, 0x00, 0x08,
    0x00, 0x08, 0x00, 0x07, 0x20, 0x00, 0x04, 0x40, 0x00, 0x37, 0x06, 0x40, 0x00, 0x00, 0x80, 0x00,
    0x00, 0x5f, 0x30, 0x00, 0x00, 0x53, 0x00, 0x01, 0x67, 0x39, 0x30, 0x00, 0x08, 0x01, 0x57, 0x61,
    0x00, 0x05, 0x86, 0x20, 0x10, 0x02, 0x00, 0x00, 0x00, 0x00, 0x25, 0x01, 0x00, 0x00, 0x00, 0x30,
    0x00, 0x00, 0x00, 0x04, 0x72, 0x00, 0x00, 0x27, 0x00, 0x00, 0x00, 0x00, 0x06, 0x40, 0x00, 0x06,
    0x30, 0x00, 0x00, 0x00, 0x00, 0x14, 0x44, 0x44, 0x74, 0x44, 0x30, 0x00, 0x00, 0x3b, 0xbb, 0xbf,
    0xbb, 0xbb, 0x90, 0x32, 0x00, 0x00, 0x00, 0x0b, 0x00, 0x00, 0x00, 0x04, 0x72, 0x00, 0x00, 0x0b,
    0x00, 0x00, 0x00, 0x00, 0x01, 0x00, 0x00, 0x0b, 0x00, 0x00, 0x00, 0x00, 0x00, 0x08, 0xbb, 0xbf,
    0xbb, 0xbb, 0x20, 0x00, 0x03, 0x20, 0x00, 0x0b, 0x00, 0x00, 0x00, 0x00, 0x08, 0x00, 0x00, 0x0b,
    0x00, 0x00, 0x00, 0x00, 0x35, 0x00, 0x00, 0x0b, 0x00, 0x00, 0x00, 0x00, 0x80, 0x00, 0x00, 0x0b,
    0x00, 0x00, 0x00, 0x05, 0x40, 0x00, 0x00, 0x0b, 0x00, 0x00, 0x00, 0x08, 0x00, 0xbd, 0xdd, 0xdf,
    0xdd, 0xdd, 0xd2, 0x00, 0x00, 0x00, 0x00, 0x00, 0x00, 0x00, 0x00, 0x03, 0x10, 0x00, 0x00, 0x70,
    0x10, 0x00, 0x00, 0x00, 0x75, 0x00, 0x00, 0xb0, 0x46, 0x00, 0x00, 0x00, 0x04, 0x20, 0x00, 0xa0,
    0x02, 0x50, 0x00, 0x00, 0x00, 0x00, 0x00, 0xa4, 0x45, 0x66, 0x10, 0x10, 0x00, 0x17, 0x77, 0xe7,
    0x31, 0x00, 0x00, 0x17, 0x50, 0x00, 0x00, 0x65, 0x00, 0x00, 0x00, 0x00, 0x35, 0x00, 0x00, 0x47,
    0x01, 0x35, 0x60, 0x00, 0x00, 0x15, 0x77, 0x8f, 0x76, 0x42, 0x10, 0x00, 0x00, 0x12, 0x00, 0x0a,
    0x00, 0x04, 0x40, 0x00, 0x07, 0x00, 0x00, 0x09, 0x10, 0x46, 0x00, 0x00, 0x17, 0x00, 0x00, 0x04,
    0x66, 0x60, 0x00, 0x00, 0x71, 0x00, 0x00, 0x02, 0xf3, 0x00, 0x90, 0x01, 0x70, 0x00, 0x02, 0x76,
    0x74, 0x00, 0xc0, 0x07, 0x10, 0x16, 0x86, 0x10, 0x0a, 0x21, 0xc0, 0x04, 0x00, 0x12, 0x00, 0x00,
    0x01, 0xac, 0x70, 0x03, 0x00, 0x00, 0x40, 0x00, 0x00, 0x0a, 0x05, 0x60, 0x00, 0x80, 0x00, 0x00,
    0x0b, 0x00, 0x53, 0x00, 0x33, 0x00, 0x70, 0x0b, 0x00, 0x00, 0x77, 0x7c, 0x95, 0x70, 0x0b, 0x00,
    0x00, 0x00, 0x07, 0x00, 0x70, 0x0b, 0x54, 0x00, 0x31, 0x07, 0x00, 0x70, 0x0b, 0x04, 0x50, 0x08,
    0x17, 0x00, 0x70, 0x0b, 0x00, 0x00, 0x02, 0xb3, 0x00, 0x70, 0x0b, 0x00, 0x00, 0x00, 0xc4, 0x00,
    0x70, 0x0b, 0x00, 0x61, 0x01, 0x68, 0x00, 0x70, 0x0b, 0x01, 0x70, 0x07, 0x12, 0x70, 0x70, 0x0b,
    0x07, 0x10, 0x36, 0x00, 0x70, 0x00, 0x0b, 0x26, 0x01, 0x80, 0x00, 0x00, 0x00, 0x0b, 0x20, 0x06,
    0x10, 0x00, 0x00, 0x08, 0xba, 0x02, 0x00, 0x00, 0x00, 0x00, 0x60, 0x00, 0x00, 0x28, 0x20, 0x34,
    0x00, 0x0b, 0x00, 0x17, 0x00, 0x07, 0x10, 0x73, 0x00, 0xb0, 0x07, 0x10, 0x00, 0x00, 0x00, 0x80,
    0x0b, 0x05, 0x20, 0x00, 0x00, 0x00, 0x01, 0x00, 0xb0, 0x10, 0x03, 0x71, 0x00, 0x2d, 0xdd, 0xdf,
    0xdd, 0xf4, 0x01, 0x81, 0x02, 0xe2, 0x22, 0x22, 0x2d, 0x40, 0x00, 0x20, 0x2d, 0x00, 0x00, 0x00,
    0xb4, 0x00, 0x00, 0x02, 0xfb, 0xbb, 0xbb, 0xbf, 0x40, 0x00, 0x30, 0x2d, 0x00, 0x00, 0x00, 0xb4,
    0x00, 0x08, 0x02, 0xd0, 0x00, 0x00, 0x0b, 0x40, 0x04, 0x40, 0x2f, 0xbb, 0xbb, 0xbb, 0xf4, 0x00,
    0x80, 0x02, 0xd0, 0x00, 0x00, 0x0b, 0x40, 0x53, 0x00, 0x2d, 0x00, 0x00, 0x00, 0xb4, 0x06, 0x00,
    0x02, 0xd0, 0x00, 0x07, 0xbe, 0x20, 0x04, 0x10, 0x00, 0x00, 0x00, 0x00, 0x00, 0x00, 0x17, 0x40,
    0x9b, 0xbb, 0xbb, 0xbb, 0xb8, 0x00, 0x05, 0x1b, 0x00, 0x00, 0x00, 0x00, 0xa0, 0x00, 0x00, 0xb0,
    0x04, 0x01, 0x50, 0x0a, 0x00, 0x00, 0x00, 0x06, 0x20, 0x04, 0x60, 0x03, 0x72, 0x00, 0x05, 0x40,
    0x00, 0x04, 0x60, 0x00, 0x75, 0x05, 0x50, 0x07, 0x00, 0x06, 0x20, 0x00, 0x00, 0x00, 0x00, 0xb0,
    0x00, 0x00, 0x00, 0x00, 0x1b, 0xbb, 0xcf, 0xeb, 0xbb, 0x80, 0x00, 0x30, 0x00, 0x07, 0xc7, 0x00,
    0x00, 0x00, 0x16, 0x00, 0x03, 0x5b, 0x16, 0x00, 0x00, 0x06, 0x10, 0x03, 0x70, 0xb0, 0x44, 0x00,
    0x01, 0x60, 0x03, 0x70, 0x0b, 0x00, 0x64, 0x00, 0x71, 0x06, 0x50, 0x00, 0xb0, 0x00, 0x56, 0x04,
    0x00, 0x00, 0x00, 0x0b, 0x00, 0x00, 0x00, 0x01, 0x00, 0x00, 0x00, 0x05, 0x00, 0x00, 0x00, 0x04,
    0x70, 0x00, 0x00, 0x0b, 0x00, 0x00, 0x00, 0x00, 0x18, 0x2b, 0xbb, 0xbf, 0xbb, 0xbb, 0x60, 0x00,
    0x00, 0x00, 0x00, 0x0b, 0x00, 0x00, 0x00, 0x00, 0x00, 0x0a, 0xbb, 0xbf, 0xbb, 0xbb, 0x20, 0x23,
    0x00, 0x00, 0x00, 0x0b, 0x00, 0x00, 0x00, 0x03, 0x50, 0xcf, 0xff, 0xff, 0xff, 0xff, 0xf1, 0x00,
    0x01, 0x14, 0xdd, 0xdd, 0xdd, 0xdf, 0x10, 0x00, 0x00, 0x04, 0xb0, 0x00, 0x00, 0x0f, 0x00, 0x00,
    0x03, 0x04, 0xb0, 0x00, 0x00, 0x0f, 0x00, 0x00, 0x07, 0x04, 0xfb, 0xbb, 0xbb, 0xbf, 0x00, 0x00,
    0x52, 0x04, 0xb0, 0x00, 0x00, 0x0f, 0x00, 0x00, 0x80, 0x04, 0xfb, 0xbb, 0xbb, 0xbf, 0x00, 0x05,
    0x30, 0x04, 0xb0, 0x00, 0x00, 0x0f, 0x00, 0x07, 0x00, 0x04, 0xb0, 0x00, 0x1b, 0xbd, 0x00, 0x00,
    0x00, 0x00, 0x00, 0x00, 0x00, 0x00, 0x00, 0x01, 0x10, 0x00, 0x00, 0x00, 0x00, 0x00, 0x00, 0x01,
    0x75, 0x00, 0xbb, 0xbb, 0xbb, 0xb8, 0x00, 0x00, 0x03, 0x50, 0x60, 0x00, 0x00, 0x0b, 0x00, 0x00,
    0x00, 0x00, 0x60, 0x00, 0x00, 0x0b, 0x00, 0x00, 0x00, 0x00, 0xcb, 0xbb, 0xbb, 0xbb, 0x00, 0x24,
    0x00, 0x00, 0x60, 0x00, 0x00, 0x0b, 0x00, 0x05, 0x92, 0x00, 0x60, 0x00, 0x00, 0x0b, 0x00, 0x00,
    0x16, 0x00, 0xbb, 0xbb, 0xbb, 0xb8, 0x00, 0x00, 0x00, 0x00, 0x00, 0x00, 0x00, 0x00, 0x00, 0x00,
    0x00, 0x3b, 0xbb, 0xeb, 0xbe, 0xbc, 0x30, 0x00, 0x05, 0x2b, 0x00, 0xb0, 0x0b, 0x03, 0x30, 0x00,
    0x08, 0x0b, 0x00, 0xb0, 0x0b, 0x03, 0x30, 0x00, 0x62, 0x0b, 0x00, 0xb0, 0x0b, 0x03, 0x30, 0x01,
    0x70, 0x0b, 0x00, 0xb0, 0x0b, 0x03, 0x30, 0x08, 0x14, 0xff, 0xff, 0xff, 0xff, 0xff, 0xf4, 0x01,
    0x00, 0x00, 0x00, 0x00, 0x00, 0x00, 0x00, 0x01, 0x00, 0x00, 0x00, 0x00, 0x00, 0x00, 0x00, 0x05,
    0x60, 0x0f, 0xcb, 0xbb, 0xbb, 0xbb, 0xb2, 0x00, 0x37, 0x0f, 0x10, 0x00, 0x40, 0x00, 0x00, 0x00,
    0x00, 0x0f, 0x10, 0x01, 0x70, 0x00, 0x00, 0x00, 0x00, 0x0f, 0x1d, 0xbe, 0xdb, 0xbd, 0x00, 0x44,
    0x00, 0x0f, 0x1b, 0x00, 0x00, 0x0b, 0x00, 0x04, 0x81, 0x0f, 0x1e, 0xbb, 0xbb, 0xbe, 0x00, 0x00,
    0x00, 0x1f, 0x0b, 0x00, 0x00, 0x0b, 0x00, 0x00, 0x00, 0x2d, 0x0c, 0x22, 0x22, 0x2c, 0x00, 0x00,
    0x03, 0x4b, 0x0b, 0xbb, 0xfb, 0xbb, 0x00, 0x00, 0x25, 0x68, 0x00, 0x10, 0xb0, 0x20, 0x00, 0x00,
    0x80, 0xa4, 0x06, 0x20, 0xb0, 0x37, 0x00, 0x03, 0x51, 0xc0, 0x35, 0x00, 0xb0, 0x04, 0x70, 0x08,
    0x06, 0x50, 0x60, 0x00, 0xb0, 0x00, 0x41, 0x12, 0x06, 0x00, 0x00, 0x8b, 0xb0, 0x00, 0x00, 0x00,
    0x00, 0x00, 0x00, 0x00, 0x00, 0x00, 0x01, 0x74, 0x00, 0x4c, 0xbb, 0xbb, 0xba, 0x00, 0x00, 0x47,
    0x05, 0xd0, 0x00, 0x00, 0xb0, 0x00, 0x00, 0x10, 0x5f, 0xbb, 0xc0, 0x0b, 0x00, 0x00, 0x00, 0x05,
    0xd0, 0x0b, 0x00, 0xb0, 0x06, 0x50, 0x0b, 0xff, 0xbb, 0xfb, 0xbf, 0xb7, 0x03, 0x60, 0xc2, 0x22,
    0x22, 0x22, 0x22, 0x80, 0x00, 0x0b, 0x4b, 0xbb, 0xbb, 0xbe, 0x07, 0x00, 0x00, 0x05, 0xb0, 0x00,
    0x00, 0xa0, 0x00, 0x02, 0x40, 0x5f, 0xbb, 0xbb, 0xbf, 0x00, 0x00, 0x70, 0x05, 0xb0, 0x00, 0x00,
    0xa0, 0x00, 0x26, 0x00, 0x5b, 0x00, 0x00, 0x0a, 0x00, 0x07, 0x10, 0x05, 0xfb, 0xbb, 0xbb, 0xf0,
    0x02, 0x60, 0x00, 0x5b, 0x00, 0x00, 0x0a, 0x00, 0x31, 0x00, 0x05, 0xb0, 0x00, 0x9b, 0xc0, 0x00,
    0x00, 0x00, 0x00, 0x00, 0x00, 0x00, 0x00, 0x00, 0x00, 0x00, 0x51, 0x00, 0x00, 0x00, 0x00, 0x00,
    0x00, 0x06, 0x10, 0x00, 0x00, 0x00, 0x00, 0x00, 0x00, 0x8d, 0xbb, 0xbb, 0xbb, 0x10, 0x00, 0x00,
    0x06, 0x10, 0x00, 0x00, 0x00, 0x00, 0x00, 0x00, 0x61, 0x00, 0x00, 0x00, 0x00, 0x0b, 0xbb, 0xbf,
    0xdb, 0xbb, 0xb8, 0x00, 0x00, 0xc2, 0x22, 0x22, 0x22, 0x22, 0xb0, 0x00, 0x0b, 0x00, 0x00, 0x00,
    0x00, 0x0b, 0x00, 0x00, 0xb0, 0x00, 0x00, 0x00, 0x00, 0xb0, 0x00, 0x0b, 0x00, 0x00, 0x00, 0x00,
    0x0b, 0x00, 0x00, 0xbb, 0xbb, 0xbb, 0xbb, 0xbb, 0x80, 0x00, 0x00, 0x00, 0x00, 0x00, 0x00, 0x00,
    0x00, 0x00, 0x70, 0x05, 0x00, 0x50, 0x01, 0x70, 0x00, 0x53, 0x00, 0xa0, 0x04, 0x40, 0x03, 0x60,
    0x36, 0x00, 0x0b, 0x00, 0x08, 0x00, 0x06, 0x34, 0x00, 0x00, 0x30, 0x00, 0x20, 0x00, 0x02, 0x00,
    0x04, 0x00, 0x00, 0x31, 0x00, 0x00, 0x00, 0x00, 0xb0, 0x00, 0x0a, 0x20, 0x00, 0x00, 0x00, 0x0b,
    0x00, 0x00, 0xa1, 0x00, 0x00, 0x08, 0xbb, 0xfb, 0xbb, 0xbf, 0xcb, 0xbf, 0x00, 0x00, 0x0b, 0x00,
    0x00, 0xb0, 0x00, 0xf0, 0x00, 0x00, 0xb0, 0x00, 0x0b, 0x00, 0x0f, 0x00, 0x00, 0x1f, 0x77, 0x45,
    0xb0, 0x00, 0xf0, 0x06, 0x76, 0xd0, 0x00, 0x6f, 0x10, 0x0f, 0x00, 0x00, 0x0b, 0x00, 0x08, 0x37,
    0x40, 0xe1, 0x00, 0x00, 0xb0, 0x03, 0x80, 0x04, 0x0c, 0x28, 0x03, 0x4b, 0x04, 0x70, 0x00, 0x00,
    0x96, 0xb0, 0x34, 0x10, 0x00, 0x00, 0x00, 0x02, 0xa4, 0x01, 0x40, 0x05, 0x00, 0x60, 0x00, 0x70,
    0x00, 0x70, 0x00, 0x90, 0x05, 0x30, 0x02, 0x60, 0x62, 0x00, 0x0b, 0x00, 0x08, 0x00, 0x07, 0x22,
    0x00, 0x00, 0x20, 0x00, 0x10, 0x00, 0x11, 0x02, 0xfb, 0xbb, 0x5b, 0xbb, 0xfb, 0xbb, 0x50, 0x03,
    0xb0, 0x0b, 0x40, 0x01, 0x70, 0x00, 0x30, 0x03, 0xb0, 0x0b, 0x40, 0x07, 0x10, 0x00, 0x30, 0x03,
    0xb0, 0x0b, 0x41, 0x74, 0x01, 0x11, 0x10, 0x03, 0xf6, 0x6f, 0x66, 0x10, 0x02, 0x53, 0x00, 0x03,
    0xb0, 0x0b, 0x48, 0xbb, 0xbb, 0xbb, 0x80, 0x03, 0xb0, 0x0b, 0x4b, 0x00, 0x00, 0x00, 0xb0, 0x03,
    0xb0, 0x0b, 0x4b, 0x00, 0x00, 0x00, 0xb0, 0x03, 0xf4, 0x4c, 0x4b, 0x00, 0x00, 0x00, 0xb0, 0x03,
    0xe3, 0x33, 0x1b, 0xbb, 0xbb, 0xbb, 0xb0, 0x01, 0x22, 0x00, 0x00, 0x01, 0x00, 0x02, 0x00, 0x00,
    0x35, 0x00, 0x50, 0x04, 0x30, 0x07, 0x00, 0x00, 0x80, 0x00, 0x50, 0x00, 0x70, 0x02, 0x60, 0x08,
    0x10, 0x00, 0x50, 0x00, 0x70, 0x00, 0x80, 0x01, 0x00, 0x00, 0x00, 0x00, 0x00, 0x00, 0x10, 0x00,
    0x00, 0x00, 0x00, 0x03, 0x00, 0x00, 0x00, 0x02, 0xb0, 0x00, 0x00, 0xb0, 0x00, 0x00, 0x00, 0x2e,
    0x00, 0x00, 0x0b, 0x00, 0x00, 0x00, 0x02, 0xe0, 0x00, 0x00, 0xb0, 0x00, 0x00, 0x00, 0x2e, 0x00,
    0x00, 0x0b, 0x00, 0x00, 0x00, 0x02, 0xfe, 0xee, 0xee, 0xfe, 0xee, 0xed, 0x00, 0x2e, 0x00, 0x00,
    0x00, 0x00, 0x00, 0x00, 0x03, 0xd0, 0x00, 0x00, 0x00, 0x00, 0x00, 0x00, 0x4f, 0xbb, 0xbb, 0xbb,
    0xb8, 0x00, 0x00, 0x05, 0xb0, 0x00, 0x00, 0x00, 0xb0, 0x00, 0x00, 0x78, 0x00, 0x00, 0x00, 0x0b,
    0x00, 0x00, 0x0b, 0x40, 0x00, 0x00, 0x00, 0xb0, 0x00, 0x02, 0xc0, 0x00, 0x00, 0x00, 0x0b, 0x00,
    0x00, 0x93, 0x00, 0x00, 0x00, 0x00, 0xb0, 0x00, 0x35, 0x00, 0x00, 0x00, 0x00, 0x0b, 0x00, 0x00,
    0x01, 0x50, 0x08, 0x00, 0x00, 0x00, 0x02, 0x51, 0x03, 0xc0, 0x0b, 0x02, 0x96, 0x67, 0x75, 0x20,
    0x03, 0xc0, 0x0b, 0x05, 0xc0, 0x00, 0x00, 0x00, 0x03, 0xc0, 0x0b, 0x05, 0xc0, 0x00, 0x00, 0x00,
    0x03, 0xc0, 0x0c, 0x05, 0xc0, 0x00, 0x00, 0x00, 0x03, 0xfc, 0xcf, 0xcb, 0xfc, 0xbb, 0xbb, 0xe1,
    0x03, 0xc0, 0x00, 0x05, 0xc6, 0x00, 0x00, 0x70, 0x03, 0xc0, 0x00, 0x05, 0xc7, 0x00, 0x00, 0x70,
    0x03, 0xfb, 0xbb, 0x46, 0xc4, 0x30, 0x03, 0x50, 0x04, 0xb0, 0x02, 0x56, 0xb0, 0x70, 0x07, 0x00,
    0x05, 0x90, 0x02, 0x57, 0x90, 0x61, 0x35, 0x00, 0x08, 0x60, 0x02, 0x58, 0x70, 0x18, 0x80, 0x00,
    0x0b, 0x20, 0x02, 0x59, 0x40, 0x1d, 0x50, 0x00, 0x1b, 0x00, 0x02, 0x59, 0x12, 0x81, 0x65, 0x00,
    0x53, 0x00, 0x02, 0x57, 0x26, 0x00, 0x05, 0x81, 0x00, 0x00, 0x00, 0x00, 0x00, 0x00, 0x00, 0x00,
    0x01, 0x22, 0x22, 0x22, 0x22, 0x22, 0x22, 0x00, 0x3b, 0xbb, 0xbb, 0xbb, 0xbf, 0xbb, 0xb2, 0x00,
    0x02, 0x00, 0x00, 0x00, 0xb0, 0x00, 0x00, 0x00, 0x70, 0x00, 0x00, 0x0b, 0x00, 0x00, 0x00, 0x25,
    0x00, 0x00, 0x00, 0xb0, 0x00, 0x00, 0x06, 0x10, 0x00, 0x00, 0x0b, 0x00, 0x00, 0x00, 0xcb, 0xbb,
    0xbb, 0xbf, 0xfb, 0xbb, 0xb0, 0x00, 0x00, 0x00, 0x03, 0x7b, 0x00, 0x00, 0x00, 0x00, 0x00, 0x04,
    0x70, 0xb0, 0x00, 0x00, 0x00, 0x00, 0x06, 0x50, 0x0b, 0x00, 0x00, 0x00, 0x00, 0x28, 0x30, 0x00,
    0xb0, 0x00, 0x00, 0x00, 0x66, 0x00, 0x00, 0x0b, 0x00, 0x00, 0x17, 0x82, 0x00, 0x00, 0x00, 0xb0,
    0x00, 0x00, 0x10, 0x00, 0x00, 0x5c, 0xcc, 0x00, 0x00, 0x00, 0x00, 0x00, 0x00, 0x00, 0x00, 0x00,
    0x00, 0x04, 0x44, 0x43, 0x35, 0x55, 0x55, 0x55, 0x51, 0xbb, 0xfb, 0x75, 0x88, 0x8b, 0xc8, 0x88,
    0x00, 0x0b, 0x00, 0x00, 0x00, 0x60, 0x00, 0x00, 0x00, 0xb0, 0x00, 0x00, 0x1a, 0x00, 0x00, 0x00,
    0x0b, 0x00, 0x00, 0x07, 0x85, 0x00, 0x00, 0xab, 0xfb, 0x40, 0x04, 0x57, 0x45, 0x00, 0x00, 0x0b,
    0x00, 0x01, 0x80, 0x70, 0x54, 0x00, 0x00, 0xb0, 0x01, 0x81, 0x07, 0x00, 0x71, 0x00, 0x0b, 0x00,
    0x81, 0x00, 0x70, 0x00, 0x60, 0x00, 0xb0, 0x00, 0x00, 0x07, 0x00, 0x00, 0x00, 0x0f, 0x74, 0x00,
    0x00, 0x70, 0x00, 0x00, 0x78, 0x60, 0x00, 0x00, 0x07, 0x00, 0x00, 0x01, 0x00, 0x00, 0x00, 0x00,
    0x70, 0x00, 0x00, 0x00, 0x00, 0x00, 0x00, 0x07, 0x00, 0x00, 0x04, 0x44, 0x44, 0x1a, 0x77, 0x77,
    0x78, 0x00, 0x1b, 0xbf, 0xbb, 0x2b, 0x00, 0x00, 0x0b, 0x00, 0x00, 0x0b, 0x00, 0x0b, 0x00, 0x20,
    0x0b, 0x00, 0x00, 0x0b, 0x00, 0x0b, 0x00, 0xb0, 0x0b, 0x00, 0x00, 0x0b, 0x00, 0x0b, 0x00, 0xb0,
    0x0b, 0x00, 0x09, 0xbf, 0xba, 0x0b, 0x00, 0xb0, 0x0b, 0x00, 0x00, 0x0b, 0x00, 0x0b, 0x00, 0xb0,
    0x0b, 0x00, 0x00, 0x0b, 0x00, 0x0b, 0x01, 0xa0, 0x0b, 0x00, 0x00, 0x0b, 0x00, 0x0b, 0x03, 0x92,
    0x0b, 0x00, 0x00, 0x0b, 0x00, 0x01, 0x07, 0x55, 0x01, 0x00, 0x00, 0x0d, 0x67, 0x30, 0x0b, 0x15,
    0x00, 0x32, 0x17, 0x77, 0x10, 0x00, 0x75, 0x05, 0x00, 0x52, 0x01, 0x00, 0x00, 0x06, 0x70, 0x06,
    0x00, 0x80, 0x00, 0x00, 0x01, 0x85, 0x00, 0x09, 0xbb, 0x80, 0x00, 0x00, 0x01, 0x10, 0x00, 0x00,
    0x00, 0x00, 0x00, 0x00, 0x00, 0x04, 0x00, 0x00, 0x00, 0x00, 0x00, 0x70, 0x00, 0xb0, 0x00, 0x00,
    0x00, 0x00, 0x17, 0x00, 0x0b, 0x00, 0x00, 0x00, 0x00, 0x06, 0x20, 0x00, 0xb0, 0x00, 0x00, 0x00,
    0x00, 0xcb, 0xbb, 0xbf, 0xbb, 0xbb, 0xba, 0x00, 0x72, 0x00, 0x00, 0xb0, 0x00, 0x00, 0x00, 0x45,
    0x00, 0x00, 0x0b, 0x00, 0x00, 0x00, 0x01, 0x00, 0x00, 0x00, 0xb0, 0x00, 0x00, 0x00, 0x02, 0xbb,
    0xbb, 0xbf, 0xbb, 0xbb, 0xb4, 0x00, 0x00, 0x00, 0x00, 0xb0, 0x00, 0x00, 0x00, 0x00, 0x00, 0x00,
    0x0b, 0x00, 0x00, 0x00, 0x00, 0x00, 0x00, 0x00, 0xb0, 0x00, 0x00, 0x00, 0x00, 0x00, 0x00, 0x0b,
    0x00, 0x00, 0x00, 0x00, 0x00, 0x00, 0x00, 0xb0, 0x00, 0x00, 0x00, 0xcf, 0xff, 0xff, 0xff, 0xff,
    0xff, 0xff, 0x80, 0x00, 0x14, 0x22, 0x22, 0x22, 0x22, 0x24, 0x10, 0x04, 0xfb, 0xbb, 0xbf, 0xbb,
    0xbb, 0xf5, 0x00, 0x4b, 0x00, 0x00, 0xb0, 0x00, 0x0b, 0x40, 0x04, 0xb0, 0x00, 0x0b, 0x00, 0x00,
    0xb4, 0x00, 0x4f, 0xbb, 0xbb, 0xfb, 0xbb, 0xbf, 0x40, 0x04, 0xb0, 0x00, 0x0b, 0x00, 0x00, 0xb4,
    0x00, 0x4b, 0x00, 0x00, 0xb0, 0x00, 0x0b, 0x40, 0x04, 0xb0, 0x00, 0x0b, 0x00, 0x00, 0xb4, 0x00,
    0x5f, 0xbb, 0xbb, 0xfb, 0xbb, 0xbf, 0x40, 0x07, 0x70, 0x00, 0x0b, 0x00, 0x00, 0xb4, 0x00, 0xa4,
    0x00, 0x00, 0xb0, 0x00, 0x0b, 0x40, 0x0d, 0x00, 0x00, 0x0b, 0x00, 0x00, 0xb4, 0x05, 0x70, 0x00,
    0x00, 0xb0, 0x00, 0x0b, 0x41, 0x90, 0x00, 0x00, 0x0b, 0x04, 0xbb, 0xd2, 0x00, 0x00, 0x00, 0x00,
    0x00, 0x00, 0x00, 0x00, 0x00, 0x00, 0x00, 0x40, 0x00, 0x00, 0x00, 0x00, 0x00, 0x00, 0x0b, 0x00,
    0x00, 0x00, 0x00, 0x00, 0x00, 0x00, 0xb0, 0x00, 0x00, 0x00, 0x01, 0xfb, 0xbb, 0xbf, 0xbb, 0xbb,
    0xbf, 0x10, 0x1f, 0x00, 0x00, 0xb0, 0x00, 0x00, 0xf1, 0x01, 0xf0, 0x00, 0x0b, 0x00, 0x00, 0x0f,
    0x10, 0x1f, 0xbb, 0xbb, 0xfb, 0xbb, 0xbb, 0xf1, 0x01, 0xf0, 0x00, 0x0b, 0x00, 0x00, 0x0f, 0x10,
    0x1f, 0x00, 0x00, 0xb0, 0x00, 0x00, 0xf1, 0x01, 0xf0, 0x00, 0x0b, 0x00, 0x00, 0x0f, 0x10, 0x1f,
    0xbb, 0xbb, 0xfb, 0xbb, 0xbb, 0xc1, 0x01, 0xc0, 0x00, 0x0b, 0x00, 0x00, 0x00, 0x02, 0x00, 0x00,
    0x00, 0xb0, 0x00, 0x00, 0x00, 0x80, 0x00, 0x00, 0x0b, 0x10, 0x00, 0x00, 0x27, 0x00, 0x00, 0x00,
    0x6d, 0xbb, 0xbb, 0xbb, 0x20, 0x00, 0x00, 0x00, 0x00, 0x10, 0x00, 0x20, 0x00, 0x03, 0xbb, 0xbb,
    0xd2, 0x61, 0x05, 0x50, 0x00, 0x00, 0x20, 0x00, 0x80, 0x17, 0x55, 0x00, 0x10, 0x00, 0x56, 0x06,
    0x30, 0x04, 0x80, 0x06, 0x40, 0x00, 0x02, 0xb4, 0x00, 0x00, 0x46, 0x72, 0x00, 0x00, 0x06, 0x5b,
    0xbb, 0xbb, 0xb5, 0x50, 0x00, 0x02, 0x83, 0x00, 0x00, 0x00, 0x00, 0x38, 0x20, 0x26, 0x05, 0xbb,
    0xbb, 0xbb, 0xbb, 0x20, 0x61, 0x00, 0x07, 0x00, 0x00, 0x00, 0x04, 0x30, 0x00, 0x00, 0x07, 0x00,
    0x00, 0x00, 0x04, 0x30, 0x00, 0x00, 0x07, 0xbb, 0xbb, 0xbb, 0xbc, 0x30, 0x00, 0x00, 0x00, 0x13,
    0x00, 0x00, 0x32, 0x00, 0x00, 0x00, 0x00, 0x08, 0x00, 0x00, 0x80, 0x00, 0x00, 0x00, 0x00, 0x06,
    0x10, 0x02, 0x60, 0x00, 0x00, 0x0b, 0xbb, 0xbb, 0xbb, 0xbf, 0xcb, 0xbb, 0xb0, 0x00, 0x00, 0x30,
    0x00, 0x03, 0x00, 0x00, 0x00, 0x00, 0x34, 0x00, 0x01, 0x50, 0x00, 0x00, 0x00, 0x07, 0x00, 0x00,
    0x42, 0x00, 0x00, 0x01, 0xfb, 0xeb, 0xbc, 0x0c, 0xcc, 0xcc, 0xf4, 0x1f, 0x00, 0x00, 0xe0, 0x60,
    0x00, 0x0a, 0x41, 0xf0, 0x00, 0x0e, 0x43, 0x00, 0x00, 0xa3, 0x1f, 0x00, 0x00, 0xe7, 0x00, 0x00,
    0x0b, 0x31, 0xf0, 0x00, 0x0e, 0x04, 0x40, 0x00, 0xc2, 0x1f, 0xbb, 0xbb, 0xf0, 0x07, 0x10, 0x0c,
    0x11, 0xf0, 0x00, 0x0e, 0x00, 0x08, 0x00, 0xd0, 0x1f, 0x00, 0x00, 0xe0, 0x00, 0x33, 0x0e, 0x01,
    0xf0, 0x00, 0x0e, 0x00, 0x00, 0x01, 0xc0, 0x1f, 0x00, 0x00, 0xe0, 0x00, 0x00, 0x3a, 0x01, 0xfb,
    0xbb, 0xba, 0x00, 0x00, 0x07, 0x70, 0x1f, 0x00, 0x00, 0x00, 0x06, 0xaa, 0xb1, 0x00, 0x00, 0x00,
    0x30, 0x00, 0x00, 0x00, 0x00, 0x00, 0x00, 0x00, 0xb0, 0x03, 0xbb, 0xbb, 0xbb, 0xb2, 0x00, 0x00,
    0xb0, 0x04, 0xc0, 0x00, 0x00, 0xc3, 0x00, 0x00, 0xc0, 0x04, 0xc0, 0x00, 0x00, 0xc3, 0x06, 0x78,
    0xf7, 0x76, 0xc0, 0x00, 0x00, 0xc3, 0x00, 0x05, 0xd0, 0x04, 0xfb, 0xbb, 0xbb, 0xf3, 0x00, 0x07,
    0xf0, 0x04, 0xc0, 0x00, 0x00, 0xc3, 0x00, 0x16, 0xe8, 0x04, 0xc0, 0x00, 0x00, 0xc3, 0x00, 0x61,
    0xb3, 0x94, 0xc0, 0x00, 0x00, 0xc3, 0x01, 0x70, 0xb0, 0x45, 0xfb, 0xbb, 0xbb, 0xf3, 0x08, 0x10,
    0xb0, 0x04, 0xc0, 0x00, 0x00, 0xc3, 0x14, 0x00, 0xb0, 0x04, 0xc0, 0x00, 0x00, 0xc3, 0x00, 0x00,
    0xb0, 0x04, 0xc0, 0x00, 0x00, 0xc3, 0x00, 0x00, 0xb0, 0x04, 0xfb, 0xbb, 0xbb, 0xf3, 0x00, 0x00,
    0xb0, 0x04, 0xc0, 0x00, 0x00, 0xc3, 0x00, 0x00, 0x10, 0x00, 0x00, 0x00, 0x00, 0x00, 0x00, 0x31,
    0x00, 0x00, 0x00, 0x00, 0x00, 0x00, 0x08, 0x00, 0x00, 0x00, 0x22, 0x22, 0x20, 0x00, 0xb4, 0x44,
    0x43, 0x2d, 0x55, 0x5d, 0x30, 0x2d, 0xbf, 0xbb, 0xa2, 0xb0, 0x00, 0xb3, 0x07, 0x00, 0xb0, 0x00,
    0x2b, 0x00, 0x0b, 0x33, 0x60, 0x0b, 0x00, 0x02, 0xb0, 0x00, 0xb3, 0x10, 0x00, 0xb0, 0x00, 0x2b,
    0x00, 0x0b, 0x35, 0xbb, 0xbf, 0xbb, 0xb7, 0xb0, 0x00, 0xb3, 0x00, 0x00, 0xb0, 0x00, 0x2b, 0x00,
    0x0b, 0x30, 0x00, 0x1c, 0x00, 0x02, 0xb0, 0x00, 0xb3, 0x00, 0x04, 0x96, 0x00, 0x2b, 0x00, 0x0b,
    0x30, 0x00, 0xa2, 0x36, 0x02, 0xb0, 0x00, 0xb3, 0x00, 0x38, 0x00, 0x55, 0x2b, 0x00, 0x0b, 0x30,
    0x1a, 0x10, 0x00, 0x63, 0xfb, 0xbb, 0xf3, 0x19, 0x10, 0x00, 0x00, 0x2b, 0x00, 0x0b, 0x32, 0x10,
    0x00, 0x00, 0x00, 0x00, 0x00, 0x00, 0x01, 0x11, 0x11, 0x00, 0x00, 0x00, 0x00, 0x01, 0x99, 0xf9,
    0x91, 0xbb, 0xbb, 0xbf, 0x30, 0x00, 0x16, 0x00, 0x00, 0x00, 0x00, 0x61, 0x00, 0x05, 0x20, 0x00,
    0x42, 0x00, 0x07, 0x00, 0x00, 0x70, 0x00, 0x05, 0x10, 0x00, 0x70, 0x00, 0x0a, 0x33, 0x10, 0x70,
    0x00, 0x07, 0x00, 0x05, 0xd4, 0x47, 0x07, 0x00, 0x00, 0x70, 0x00, 0x87, 0x00, 0x70, 0xcc, 0xcc,
    0xcf, 0xce, 0x33, 0x70, 0x07, 0x00, 0x00, 0x00, 0x00, 0x80, 0x07, 0x00, 0x71, 0x11, 0x11, 0x11,
    0x08, 0x00, 0x70, 0x07, 0x34, 0x44, 0x44, 0x31, 0x70, 0x0f, 0xbb, 0x80, 0x00, 0x00, 0x00, 0x44,
    0x00, 0x70, 0x00, 0x00, 0x00, 0x00, 0x09, 0x10, 0x03, 0x00, 0x00, 0x00, 0x05, 0xbb, 0x80, 0x00,
    0x00, 0x00, 0x00, 0x03, 0x00, 0x00, 0x00, 0x55, 0x65, 0x51, 0x04, 0x30, 0x00, 0x00, 0x03, 0x3a,
    0x33, 0x00, 0xbb, 0xbb, 0xd0, 0x00, 0x02, 0x50, 0x00, 0x44, 0x00, 0x63, 0x00, 0x00, 0x62, 0x00,
    0x2f, 0x55, 0x8b, 0x55, 0x90, 0x07, 0x00, 0x0b, 0xfb, 0xbf, 0xbb, 0xbf, 0x01, 0xc5, 0x54, 0x6d,
    0x00, 0xb0, 0x00, 0xf0, 0x69, 0x00, 0x73, 0xfb, 0xbf, 0xbb, 0xbf, 0x17, 0x70, 0x07, 0x3d, 0x00,
    0xb0, 0x00, 0xf1, 0x17, 0x00, 0x73, 0xd0, 0x0b, 0x00, 0x0f, 0x00, 0x70, 0x07, 0x4f, 0xbb, 0xfb,
    0xbb, 0xf0, 0x07, 0x00, 0x76, 0xa0, 0x0b, 0x00, 0x0f, 0x00, 0xfb, 0xb7, 0x96, 0x00, 0xb0, 0x00,
    0xf0, 0x07, 0x00, 0x0c, 0x00, 0x0b, 0x00, 0x0f, 0x00, 0x30, 0x07, 0x40, 0x00, 0xb0, 0xbb, 0xc0,
    0x00, 0x00, 0x00, 0x00, 0x00, 0x00, 0x00, 0x00, 0x2b, 0xbb, 0xbb, 0xbb, 0xbb, 0xbb, 0x00, 0x00,
    0x00, 0x00, 0x00, 0x00, 0x00, 0x00, 0x00, 0x00, 0x00, 0x00, 0x00, 0x00, 0x00, 0x00, 0x33, 0x33,
    0x33, 0x33, 0x33, 0x33, 0x33, 0x0b, 0xbb, 0xbb, 0xbb, 0xfb, 0xbb, 0xbb, 0xb0, 0x00, 0x00, 0x00,
    0x07, 0x00, 0x00, 0x00, 0x00, 0x00, 0x30, 0x00, 0x70, 0x02, 0x00, 0x00, 0x00, 0x08, 0x00, 0x07,
    0x00, 0x16, 0x00, 0x00, 0x07, 0x20, 0x00, 0x70, 0x00, 0x34, 0x00, 0x06, 0x40, 0x00, 0x07, 0x00,
    0x00, 0x60, 0x06, 0x40, 0x00, 0x00, 0x70, 0x00, 0x01, 0x50, 0x20, 0x00, 0x00, 0x07, 0x00, 0x00,
    0x02, 0x00, 0x00, 0x07, 0xbb, 0x60, 0x00, 0x00, 0x00, 0x00, 0x00, 0x46, 0x60, 0x00, 0xb0, 0x00,
    0x00, 0x03, 0x66, 0xf0, 0x00, 0x00, 0xb0, 0x00, 0x00, 0x00, 0x00, 0xb0, 0x00, 0x30, 0xb0, 0x13,
    0x00, 0x00, 0x00, 0xb0, 0x00, 0x60, 0xb0, 0x07, 0x00, 0x07, 0x78, 0xf7, 0x72, 0x60, 0xb0, 0x03,
    0x50, 0x00, 0x05, 0xf0, 0x02, 0x40, 0xb0, 0x00, 0x70, 0x00, 0x07, 0xd6, 0x06, 0x10, 0xb0, 0x00,
    0x52, 0x00, 0x34, 0xb4, 0x46, 0x00, 0xb0, 0x01, 0x10, 0x00, 0x80, 0xb0, 0x50, 0x00, 0xb0, 0x07,
    0x10, 0x04, 0x40, 0xb0, 0x00, 0x00, 0xa0, 0x26, 0x00, 0x17, 0x00, 0xb0, 0x00, 0x00, 0x01, 0x80,
    0x00, 0x00, 0x00, 0xb0, 0x00, 0x00, 0x28, 0x00, 0x00, 0x00, 0x00, 0xb0, 0x00, 0x17, 0x60, 0x00,
    0x00, 0x00, 0x00, 0xb0, 0x47, 0x61, 0x00, 0x00, 0x00, 0x00, 0x00, 0x00, 0x00, 0x00, 0x00, 0x00,
    0x00, 0x00, 0x00, 0x00, 0x10, 0x02, 0x00, 0x00, 0x00, 0x01, 0x46, 0xb7, 0x30, 0x34, 0x00, 0x00,
    0x00, 0x02, 0x20, 0xb0, 0x00, 0x75, 0x44, 0x44, 0x43, 0x00, 0x00, 0xb0, 0x00, 0xbc, 0xcf, 0xcc,
    0xf5, 0x00, 0x00, 0xb0, 0x00, 0x60, 0x0b, 0x00, 0x80, 0x09, 0xbc, 0xfb, 0xb5, 0x30, 0x0b, 0x01,
    0x30, 0x00, 0x06, 0xe0, 0x08, 0x01, 0x0b, 0x02, 0x00, 0x00, 0x07, 0xf4, 0x01, 0x34, 0x0b, 0x07,
    0x00, 0x00, 0x43, 0xb5, 0x40, 0x71, 0x0b, 0x04, 0x40, 0x00, 0x70, 0xb0, 0x30, 0x70, 0x0b, 0x00,
    0x70, 0x06, 0x20, 0xb0, 0x02, 0x40, 0x0b, 0x00, 0x70, 0x05, 0x00, 0xb0, 0x08, 0x00, 0x0b, 0x00,
    0x43, 0x00, 0x00, 0xb0, 0x01, 0x00, 0x0b, 0x00, 0x00, 0x00, 0x00, 0xb0, 0x00, 0x00, 0x0b, 0x00,
    0x00, 0x00, 0x00, 0xb0, 0x00, 0x09, 0xb9, 0x00, 0x00, 0x00, 0x00, 0x00, 0x00, 0x00, 0x00, 0x00,
    0x00, 0x00, 0x00, 0x02, 0x70, 0x00, 0x00, 0x00, 0x00, 0x00, 0x00, 0x08, 0x20, 0x00, 0x00, 0x00,
    0xbb, 0xbb, 0xbb, 0xcf, 0xbb, 0xbb, 0xbb, 0x0b, 0x00, 0x00, 0x00, 0x00, 0x00, 0x00, 0xb0, 0xb0,
    0x01, 0x70, 0x00, 0x26, 0x20, 0x0b, 0x06, 0x02, 0x71, 0x00, 0x00, 0x05, 0x60, 0x10, 0x16, 0x50,
    0x00, 0x00, 0x00, 0x01, 0x72, 0x01, 0x33, 0x33, 0x33, 0x33, 0x33, 0x30, 0x10, 0x09, 0xbb, 0xbb,
    0xfb, 0xbb, 0xbb, 0x10, 0x00, 0x00, 0x00, 0x0b, 0x00, 0x00, 0x00, 0x00, 0x00, 0x00, 0x00, 0xb0,
    0x00, 0x00, 0x00, 0x00, 0x00, 0x00, 0x0b, 0x00, 0x00, 0x00, 0x00, 0x00, 0x00, 0x00, 0xb0, 0x00,
    0x00, 0x00, 0x2e, 0xee, 0xee, 0xef, 0xee, 0xee, 0xee, 0x60, 0x00, 0x03, 0x00, 0x00, 0x03, 0x00,
    0x00, 0x00, 0x00, 0x45, 0x00, 0x00, 0x36, 0x00, 0x00, 0x00, 0x00, 0xdd, 0xeb, 0xbb, 0xcc, 0xfb,
    0xbb, 0xb1, 0x02, 0x60, 0x70, 0x03, 0x60, 0x26, 0x00, 0x00, 0x08, 0x00, 0x32, 0x08, 0x00, 0x05,
    0x00, 0x00, 0x22, 0xdb, 0xbb, 0xbb, 0xbb, 0xbb, 0xbf, 0x40, 0x00, 0xb0, 0x00, 0x00, 0x00, 0x00,
    0x0c, 0x40, 0x00, 0xb0, 0x6b, 0xbb, 0xbb, 0xbb, 0x0c, 0x40, 0x00, 0xb0, 0x00, 0x00, 0x00, 0x00,
    0x0c, 0x40, 0x00, 0xb0, 0x0d, 0xbb, 0xbb, 0xc2, 0x0c, 0x40, 0x00, 0xb0, 0x07, 0x00, 0x00, 0x52,
    0x0c, 0x40, 0x00, 0xb0, 0x07, 0x00, 0x00, 0x52, 0x0c, 0x40, 0x00, 0xb0, 0x0d, 0xbb, 0xbb, 0xc2,
    0x0c, 0x40, 0x00, 0xb0, 0x07, 0x00, 0x00, 0x00, 0x0c, 0x40, 0x00, 0xb0, 0x00, 0x00, 0x00, 0x1a,
    0xac, 0x20, 0x00, 0x30, 0x00, 0x00, 0x30, 0x00, 0x00, 0x00, 0x80, 0x00, 0x00, 0x70, 0x00, 0x00,
    0x04, 0xde, 0xcb, 0xb2, 0xfc, 0xeb, 0xb7, 0x18, 0x01, 0x90, 0x08, 0x00, 0x71, 0x00, 0x61, 0x10,
    0x32, 0x12, 0x00, 0x14, 0x00, 0x00, 0x80, 0x5b, 0xbb, 0xbb, 0xbb, 0xc0, 0x05, 0x16, 0x00, 0x00,
    0x00, 0x00, 0x70, 0x0b, 0x01, 0x00, 0x00, 0x00, 0x00, 0x70, 0x0b, 0x00, 0xfb, 0xbb, 0xbc, 0x00,
    0x70, 0x0b, 0x00, 0xf0, 0x00, 0x07, 0x00, 0x70, 0x0b, 0x00, 0xfb, 0xbb, 0xbf, 0x00, 0x70, 0x0b,
    0x00, 0xf0, 0x00, 0x07, 0x00, 0x70, 0x0b, 0x00, 0xfb, 0xbb, 0xbc, 0x00, 0x70, 0x0b, 0x00, 0x00,
    0x00, 0x00, 0x00, 0x70, 0x0b, 0x00, 0x00, 0x00, 0x00, 0xab, 0xa0, 0x00, 0x20, 0x00, 0x00, 0x20,
    0x00, 0x00, 0x00, 0x25, 0x00, 0x00, 0x27, 0x00, 0x00, 0x00, 0x0b, 0xbf, 0xbb, 0xbc, 0xcc, 0xfb,
    0xbb, 0x56, 0x30, 0x44, 0x07, 0x30, 0x03, 0x30, 0x00, 0x20, 0xab, 0xbb, 0xbb, 0xbb, 0xbb, 0xa0,
    0x00, 0x08, 0x22, 0x22, 0x22, 0x22, 0x2b, 0x00, 0x00, 0x83, 0x33, 0x33, 0x33, 0x33, 0xb0, 0x00,
    0x0b, 0xbb, 0xbb, 0xbb, 0xbb, 0xbb, 0x00, 0x00, 0x82, 0x22, 0x22, 0x22, 0x22, 0xb0, 0x00, 0x0c,
    0xff, 0xff, 0xff, 0xff, 0xfb, 0x00, 0x00, 0x00, 0x71, 0x00, 0x00, 0xb0, 0x00, 0x00, 0x00, 0x08,
    0x00, 0x00, 0x0b, 0x00, 0x00, 0x7b, 0xbd, 0xfb, 0xbb, 0xbb, 0xfb, 0xbb, 0x80, 0x02, 0x81, 0x00,
    0x00, 0x0b, 0x00, 0x00, 0x17, 0x60, 0x00, 0x00, 0x00, 0xb0, 0x00, 0x00, 0x00, 0x00, 0x00, 0x00,
    0x00, 0x00, 0x00, 0x00, 0x00, 0x00, 0x01, 0x35, 0x77, 0x40, 0x00, 0x66, 0x67, 0x7d, 0x64, 0x20,
    0x00, 0x00, 0x00, 0x00, 0x08, 0x10, 0x00, 0x00, 0x00, 0x00, 0x00, 0x18, 0x10, 0x00, 0x57, 0x00,
    0x00, 0x00, 0x27, 0x10, 0x13, 0x84, 0x00, 0x00, 0x00, 0x1f, 0xbb, 0xae, 0xf1, 0x00, 0x00, 0x00,
    0x00, 0x00, 0x27, 0x30, 0x00, 0x53, 0x00, 0x00, 0x02, 0x65, 0x23, 0x34, 0x56, 0xd8, 0x00, 0x0f,
    0xff, 0xfe, 0xdf, 0xb9, 0x86, 0x93, 0x00, 0x31, 0x02, 0x00, 0xb0, 0x15, 0x00, 0x60, 0x00, 0x05,
    0x30, 0x0b, 0x00, 0x27, 0x00, 0x00, 0x05, 0x50, 0x00, 0xb0, 0x00, 0x18, 0x10, 0x07, 0x50, 0x00,
    0x0b, 0x00, 0x00, 0x18, 0x01, 0x20, 0x03, 0xbb, 0x90, 0x00, 0x00, 0x00, 0x00, 0x22, 0x00, 0x00,
    0x00, 0x40, 0x00, 0x00, 0x00, 0xeb, 0xbb, 0xbb, 0x41, 0x70, 0x00, 0x00, 0x04, 0x50, 0x00, 0x00,
    0x09, 0x98, 0x8c, 0x81, 0x09, 0xbb, 0xcb, 0xba, 0x2b, 0x40, 0x08, 0x00, 0x00, 0x70, 0x35, 0x07,
    0x40, 0x80, 0x63, 0x00, 0x0b, 0xfb, 0xcb, 0xdf, 0x70, 0x29, 0x70, 0x00, 0x00, 0x70, 0x53, 0x34,
    0x00, 0x4b, 0x70, 0x00, 0x00, 0xfe, 0xee, 0xff, 0x47, 0x40, 0x28, 0x50, 0x00, 0x00, 0x04, 0x60,
    0x23, 0x60, 0x00, 0x31, 0x00, 0x0c, 0xfd, 0xae, 0xb6, 0x01, 0x00, 0x00, 0x00, 0x02, 0x16, 0x74,
    0x01, 0x29, 0x70, 0x00, 0x00, 0xdf, 0xfd, 0xde, 0xfd, 0xca, 0xd7, 0x00, 0x00, 0x64, 0x54, 0x11,
    0x80, 0x36, 0x22, 0x20, 0x00, 0x16, 0x50, 0x01, 0x80, 0x00, 0x57, 0x20, 0x06, 0x71, 0x04, 0xbb,
    0x60, 0x00, 0x00, 0x40, 0x00, 0x03, 0x00, 0x00, 0x07, 0x01, 0x00, 0x00, 0x00, 0x08, 0x00, 0x00,
    0x0b, 0x05, 0x71, 0x00, 0x00, 0x35, 0x00, 0x00, 0x0b, 0x00, 0x13, 0x00, 0x00, 0x80, 0x00, 0x00,
    0x0c, 0x35, 0x76, 0x00, 0x03, 0x50, 0x35, 0x37, 0x7f, 0x42, 0x00, 0x00, 0x08, 0x13, 0x80, 0x00,
    0x0a, 0x10, 0x00, 0x00, 0x59, 0x6a, 0x20, 0x00, 0x08, 0x33, 0x67, 0x30, 0x00, 0x36, 0x00, 0x36,
    0x7e, 0xb4, 0x10, 0x00, 0x01, 0x80, 0x00, 0x21, 0x05, 0x60, 0x01, 0x50, 0x1b, 0x77, 0x74, 0x00,
    0x02, 0x90, 0x18, 0x00, 0x36, 0x10, 0x00, 0x00, 0x00, 0xa1, 0x81, 0x00, 0x00, 0x00, 0x01, 0x00,
    0x00, 0xc9, 0x00, 0x00, 0x02, 0x67, 0x75, 0x00, 0x17, 0x87, 0x00, 0x60, 0x35, 0x10, 0x00, 0x37,
    0x61, 0x09, 0x30, 0xc0, 0x00, 0x00, 0x00, 0x40, 0x00, 0x01, 0x9c, 0x90, 0x00, 0x00, 0x10, 0x00,
    0x04, 0x10, 0x00, 0x00, 0x00, 0x06, 0x20, 0x00, 0x08, 0x00, 0x00, 0x00, 0x00, 0x08, 0x00, 0x00,
    0x6d, 0xbb, 0xbb, 0xe2, 0x00, 0x43, 0x00, 0x03, 0xc1, 0x00, 0x00, 0x80, 0x00, 0x80, 0x06, 0x28,
    0x18, 0x00, 0x07, 0x20, 0x06, 0x20, 0x44, 0x60, 0x02, 0x70, 0x73, 0x00, 0x2d, 0x77, 0xa0, 0x00,
    0x00, 0x3f, 0x40, 0x00, 0x00, 0x07, 0x10, 0x00, 0x06, 0x71, 0x66, 0x10, 0x00, 0x54, 0x00, 0x06,
    0x72, 0x00, 0x01, 0x66, 0x03, 0x86, 0x75, 0x03, 0xcb, 0xbb, 0xbb, 0xc0, 0x0e, 0x51, 0x00, 0x04,
    0xb0, 0x00, 0x00, 0xf0, 0x00, 0x00, 0x00, 0x04, 0xb0, 0x00, 0x00, 0xf0, 0x00, 0x36, 0x77, 0x14,
    0xb0, 0x00, 0x00, 0xf0, 0x17, 0x41, 0x00, 0x04, 0xfb, 0xbb, 0xbb, 0xf0, 0x00, 0x00, 0x00, 0x04,
    0xb0, 0x00, 0x00, 0xf0, 0x00, 0x00, 0x40, 0x00, 0x01, 0x30, 0x00, 0x00, 0x00, 0x03, 0x60, 0x00,
    0x00, 0x80, 0x00, 0x00, 0x00, 0x08, 0x00, 0x01, 0x11, 0x52, 0x11, 0x10, 0x00, 0x35, 0x00, 0x5f,
    0xff, 0xff, 0xff, 0xf0, 0x00, 0x80, 0x04, 0x00, 0x19, 0x00, 0x00, 0x00, 0x07, 0x20, 0x17, 0x00,
    0x81, 0x00, 0x70, 0x00, 0x2a, 0x77, 0xc0, 0x06, 0x40, 0x00, 0x27, 0x00, 0x02, 0x05, 0x30, 0x4a,
    0x77, 0x77, 0x7b, 0x40, 0x00, 0x37, 0x00, 0x12, 0x40, 0x04, 0x00, 0x50, 0x01, 0x82, 0x55, 0x00,
    0x70, 0x07, 0x00, 0x00, 0x0f, 0x85, 0x20, 0x00, 0x70, 0x07, 0x00, 0x00, 0x00, 0x00, 0x00, 0x00,
    0x70, 0x07, 0x00, 0x00, 0x00, 0x03, 0x65, 0x03, 0x50, 0x07, 0x00, 0x31, 0x17, 0x64, 0x10, 0x18,
    0x00, 0x07, 0x00, 0x61, 0x00, 0x00, 0x05, 0x81, 0x00, 0x06, 0xbb, 0xb0, 0x00, 0x00, 0x01, 0x00,
    0x00, 0x00, 0x00, 0x00, 0x00, 0x02, 0x20, 0x00, 0x00, 0x40, 0x00, 0x00, 0x00, 0x71, 0x00, 0x00,
    0x04, 0x30, 0x00, 0x00, 0x08, 0x00, 0x3f, 0xbb, 0xbf, 0xbb, 0xb0, 0x06, 0x20, 0x04, 0xc0, 0x00,
    0x00, 0x0b, 0x01, 0x70, 0x25, 0x4c, 0x00, 0x00, 0x00, 0xb0, 0x71, 0x08, 0x04, 0xfb, 0xbb, 0xbb,
    0xbd, 0x1a, 0x57, 0x60, 0x4d, 0x22, 0x22, 0x22, 0x30, 0x00, 0x80, 0x04, 0xff, 0xff, 0xff, 0xff,
    0x00, 0x71, 0x00, 0x6f, 0x10, 0xb0, 0xb0, 0xb0, 0x55, 0x57, 0x27, 0xf1, 0x0b, 0x0b, 0x0b, 0x0d,
    0x63, 0x00, 0x9c, 0x10, 0xb0, 0xb0, 0xb0, 0x00, 0x00, 0x0c, 0x9c, 0xbf, 0xbf, 0xbf, 0x00, 0x05,
    0x74, 0xb7, 0x10, 0xb0, 0xb0, 0xb1, 0x77, 0x30, 0x74, 0x71, 0x0b, 0x0b, 0x0b, 0x00, 0x00, 0x04,
    0x06, 0x10, 0x90, 0x97, 0xd0, 0x00, 0x00, 0x00, 0x00, 0x00, 0x00, 0x00, 0x8b, 0xbb, 0xbb, 0xbb,
    0xbb, 0xbb, 0xf2, 0xb0, 0x00, 0x00, 0x00, 0x00, 0x00, 0xb3, 0xb0, 0x00, 0x01, 0x10, 0x00, 0x10,
    0xb3, 0xb0, 0x40, 0x06, 0x70, 0x00, 0x70, 0xb3, 0xb0, 0x43, 0x08, 0x17, 0x00, 0x80, 0xb3, 0xb0,
    0x07, 0x08, 0x05, 0x32, 0x60, 0xb3, 0xb0, 0x01, 0x94, 0x00, 0x86, 0x10, 0xb3, 0xb0, 0x00, 0xd2,
    0x00, 0x2d, 0x00, 0xb3, 0xb0, 0x01, 0x77, 0x00, 0x3b, 0x10, 0xb3, 0xb0, 0x07, 0x15, 0x30, 0x71,
    0x70, 0xb3, 0xb0, 0x45, 0x00, 0x06, 0x20, 0x50, 0xb3, 0xb1, 0x70, 0x00, 0x44, 0x00, 0x00, 0xb3,
    0xb0, 0x00, 0x00, 0x00, 0x00, 0x00, 0xb3, 0xb0, 0x00, 0x00, 0x00, 0x02, 0xbb, 0xd1, 0x0c, 0xbb,
    0xbb, 0xbb, 0xbb, 0xbb, 0xb1, 0x00, 0x70, 0x02, 0x40, 0x04, 0x30, 0x05, 0x10, 0x0d, 0xbb, 0xcc,
    0xdc, 0xcc, 0xbb, 0xd1, 0x00, 0x00, 0x00, 0x07, 0x00, 0x00, 0x00, 0x00, 0xbb, 0xbb, 0xbb, 0xfb,
    0xbb, 0xbb, 0xb7, 0x00, 0x00, 0x00, 0x07, 0x00, 0x00, 0x00, 0x00, 0x00, 0x9f, 0xff, 0xff, 0xff,
    0xf8, 0x00, 0x00, 0x07, 0x11, 0x11, 0x11, 0x11, 0x70, 0x00, 0x00, 0x95, 0x55, 0x55, 0x55, 0x59,
    0x00, 0x00, 0x0b, 0xbb, 0xbb, 0xbb, 0xbb, 0xa0, 0x00, 0x00, 0x70, 0x00, 0x00, 0x00, 0x07, 0x00,
    0x00, 0x0b, 0xbb, 0xbb, 0xbb, 0xbb, 0xb0, 0x00, 0x00, 0x70, 0x00, 0x00, 0x00, 0x07, 0x00, 0x0e,
    0xef, 0xee, 0xee, 0xee, 0xee, 0xfe, 0xe0, 0x00, 0x00, 0x06, 0x10, 0x05, 0x00, 0x00, 0x00, 0x00,
    0x00, 0xd2, 0x00, 0xb0, 0x01, 0x50, 0x2b, 0xbb, 0xbf, 0x20, 0x0b, 0x28, 0x71, 0x00, 0x00, 0x00,
    0xd2, 0x00, 0xf5, 0x10, 0x00, 0x00, 0x00, 0x1f, 0x20, 0x0b, 0x00, 0x00, 0x64, 0x77, 0x76, 0xf2,
    0x00, 0xc2, 0x22, 0x3a, 0x10, 0x00, 0x07, 0x10, 0x03, 0x55, 0x55, 0x10, 0x00, 0xfb, 0xbb, 0xbb,
    0xbb, 0xbf, 0x00, 0x00, 0x0f, 0x00, 0x00, 0x00, 0x00, 0xf0, 0x00, 0x00, 0xfb, 0xbb, 0xbb, 0xbb,
    0xbf, 0x00, 0x00, 0x0f, 0x00, 0x00, 0x00, 0x00, 0xf0, 0x00, 0x00, 0xf0, 0x00, 0x00, 0x00, 0x0f,
    0x00, 0x00, 0x0f, 0xbb, 0xbb, 0xbb, 0xbb, 0xf0, 0x00, 0x00, 0xf0, 0x00, 0x00, 0x00, 0x0f, 0x00,
    0x00, 0x0f, 0x00, 0x00, 0x01, 0xbb, 0xd0, 0x00, 0x00, 0x00, 0x00, 0x00, 0x00, 0x00, 0x00, 0x00,
    0x00, 0x00, 0x20, 0x00, 0x00, 0x00, 0x00, 0x04, 0x30, 0x00, 0x00, 0x00, 0x00, 0x07, 0x00, 0x00,
    0x00, 0x5e, 0xbb, 0xbe, 0xbb, 0xbb, 0xbf, 0x5b, 0x00, 0x00, 0x00, 0x00, 0x0f, 0x5b, 0x00, 0x00,
    0x00, 0x00, 0x0f, 0x5f, 0xbb, 0xbb, 0xbb, 0xbb, 0xbf, 0x5b, 0x00, 0x00, 0x00, 0x00, 0x0f, 0x5b,
    0x00, 0x00, 0x00, 0x00, 0x0f, 0x5b, 0x00, 0x00, 0x00, 0x00, 0x0f, 0x5f, 0xbb, 0xbb, 0xbb, 0xbb,
    0xbf, 0x5b, 0x00, 0x00, 0x00, 0x00, 0x0f, 0x5b, 0x00, 0x00, 0x00, 0x00, 0x0f, 0x5f, 0xbb, 0xbb,
    0xbb, 0xbb, 0xbf, 0x5b, 0x00, 0x00, 0x00, 0x00, 0x0f, 0x00, 0x00, 0x00, 0x20, 0x00, 0x00, 0x00,
    0x00, 0x00, 0x00, 0x06, 0x20, 0x00, 0x00, 0x00, 0x00, 0x00, 0x00, 0x2f, 0xbb, 0xbb, 0xe0, 0x00,
    0x00, 0x00, 0x02, 0x80, 0x00, 0x07, 0x40, 0x00, 0x00, 0x00, 0x2a, 0x11, 0x11, 0x6a, 0x11, 0x11,
    0x00, 0x04, 0xbf, 0xcc, 0xcc, 0xfd, 0xcc, 0xcf, 0x00, 0x26, 0x3b, 0x00, 0x00, 0xb0, 0x00, 0x0f,
    0x00, 0x00, 0x3b, 0x00, 0x00, 0xb0, 0x00, 0x0f, 0x00, 0x00, 0x3b, 0x00, 0x00, 0xb0, 0x00, 0x0f,
    0x00, 0x00, 0x3f, 0xff, 0xff, 0xff, 0xff, 0xff, 0x00, 0x00, 0x3b, 0x00, 0x00, 0x00, 0x00, 0x0d,
    0x00, 0x00, 0x3b, 0x00, 0x00, 0x00, 0x00, 0x00, 0x01, 0x00, 0x3b, 0x00, 0x00, 0x00, 0x00, 0x00,
    0x08, 0x00, 0x2d, 0x00, 0x00, 0x00, 0x00, 0x00, 0x46, 0x00, 0x09, 0xcb, 0xbb, 0xbb, 0xbb, 0xbb,
    0xa0, 0x00, 0x00, 0x02, 0x00, 0x00, 0x30, 0x00, 0x00, 0x00, 0x00, 0x09, 0x00, 0x00, 0xb0, 0x00,
    0x00, 0x00, 0x00, 0x09, 0x00, 0x00, 0xb0, 0x00, 0x00, 0x0a, 0xbb, 0xbf, 0xbb, 0xbb, 0xfb, 0xbb,
    0xb0, 0x00, 0x00, 0x09, 0x00, 0x00, 0xb0, 0x00, 0x00, 0x00, 0x00, 0x07, 0x03, 0x00, 0x90, 0x00,
    0x00, 0x00, 0x00, 0x00, 0x05, 0x20, 0x00, 0x00, 0x00, 0x00, 0x00, 0x02, 0x00, 0x70, 0x00, 0x00,
    0x00, 0x00, 0x12, 0x0b, 0x00, 0x52, 0x00, 0x22, 0x00, 0x00, 0x52, 0x0b, 0x00, 0x06, 0x00, 0x07,
    0x00, 0x00, 0x70, 0x0b, 0x00, 0x00, 0x00, 0x06, 0x10, 0x02, 0x50, 0x0b, 0x00, 0x00, 0x01, 0x11,
    0x70, 0x08, 0x00, 0x0b, 0x00, 0x00, 0x03, 0x50, 0x70, 0x13, 0x00, 0x0b, 0x00, 0x00, 0x05, 0x30,
    0x31, 0x00, 0x00, 0x0b, 0xcb, 0xbb, 0xbb, 0x00, 0x00, 0x00, 0x00, 0x50, 0x00, 0x00, 0x50, 0x00,
    0x00, 0x00, 0x0b, 0x00, 0x00, 0x0b, 0x00, 0x00, 0x6b, 0xbb, 0xfb, 0xbb, 0xbb, 0xfb, 0xbb, 0x50,
    0x00, 0x0b, 0x00, 0x10, 0x0b, 0x00, 0x00, 0x00, 0x00, 0xa0, 0x0b, 0x00, 0xa0, 0x00, 0x00, 0x00,
    0x00, 0x00, 0xb0, 0x00, 0x00, 0x00, 0x00, 0xeb, 0xbb, 0xbf, 0xbb, 0xbb, 0xc0, 0x00, 0x0b, 0x00,
    0x00, 0xb0, 0x00, 0x0b, 0x00, 0x00, 0xb0, 0x00, 0x0b, 0x00, 0x00, 0xb0, 0x08, 0xbf, 0xbb, 0xbd,
    0xfb, 0xbb, 0xbf, 0xb6, 0x45, 0x55, 0x55, 0xbb, 0xb5, 0x55, 0x55, 0x30, 0x00, 0x00, 0x19, 0x08,
    0x10, 0x00, 0x00, 0x00, 0x00, 0x18, 0x10, 0x19, 0x10, 0x00, 0x00, 0x01, 0x67, 0x10, 0x00, 0x18,
    0x50, 0x00, 0x47, 0x72, 0x00, 0x00, 0x00, 0x03, 0x88, 0x41, 0x00, 0x00, 0x00, 0x00, 0x00, 0x00,
    0x01, 0x00, 0x00, 0x03, 0x00, 0x00, 0x30, 0x00, 0x00, 0x00, 0x00, 0x06, 0x00, 0x00, 0x70, 0x00,
    0x00, 0x0a, 0xbb, 0xbf, 0xbb, 0xbb, 0xfb, 0xbb, 0x70, 0x00, 0x00, 0x06, 0x00, 0x00, 0x70, 0x00,
    0x00, 0x01, 0x10, 0x02, 0x00, 0x04, 0x20, 0x00, 0x00, 0x01, 0x82, 0x25, 0x00, 0x0b, 0x08, 0x20,
    0x00, 0x00, 0x0e, 0x60, 0x00, 0x0b, 0x00, 0x74, 0x00, 0x01, 0x78, 0x60, 0x00, 0x0b, 0x00, 0x02,
    0x00, 0x05, 0x00, 0xa5, 0xbb, 0xbf, 0xfb, 0xbb, 0x80, 0x00, 0x01, 0xf0, 0x00, 0x0b, 0x80, 0x00,
    0x00, 0x00, 0x18, 0xc0, 0x00, 0x47, 0x44, 0x00, 0x00, 0x04, 0x81, 0xb0, 0x00, 0xa1, 0x08, 0x00,
    0x00, 0x14, 0x00, 0xb0, 0x05, 0x70, 0x03, 0x60, 0x00, 0x00, 0x00, 0xb0, 0x38, 0x00, 0x00, 0x65,
    0x00, 0x01, 0x68, 0x45, 0x70, 0x00, 0x00, 0x05, 0x80, 0x00, 0x00, 0x00, 0x00, 0x00, 0x00, 0x00,
    0x00, 0x00, 0x00, 0x04, 0x00, 0x00, 0x30, 0x00, 0x00, 0x00, 0x00, 0x0b, 0x00, 0x00, 0x70, 0x00,
    0x00, 0x1b, 0xbb, 0xbf, 0xbb, 0xbb, 0xfb, 0xbb, 0xb1, 0x00, 0x00, 0x0a, 0x00, 0x00, 0x60, 0x00,
    0x00, 0x00, 0x20, 0x06, 0x00, 0x07, 0x00, 0x00, 0x00, 0x00, 0xb0, 0x09, 0x00, 0x2f, 0xbb, 0xbb,
    0x30, 0x00, 0xb0, 0x09, 0x00, 0x70, 0x30, 0x00, 0x00, 0x00, 0xb0, 0x09, 0x01, 0x60, 0x27, 0x00,
    0x00, 0x00, 0xb0, 0x09, 0x04, 0x10, 0x06, 0x30, 0x00, 0x00, 0x20, 0x06, 0x00, 0x00, 0x00, 0x50,
    0x00, 0x00, 0x4b, 0xbb, 0xbb, 0xbb, 0xbb, 0xb3, 0x00, 0x00, 0x53, 0x00, 0x60, 0x07, 0x00, 0x34,
    0x00, 0x00, 0x53, 0x00, 0x60, 0x07, 0x00, 0x34, 0x00, 0x00, 0x53, 0x00, 0x60, 0x07, 0x00, 0x34,
    0x00, 0x3f, 0xff, 0xff, 0xff, 0xff, 0xff, 0xff, 0xf3, 0x00, 0x00, 0x01, 0x00, 0x00, 0x11, 0x00,
    0x00, 0x00, 0x00, 0x05, 0x00, 0x00, 0x35, 0x00, 0x00, 0x0b, 0xbb, 0xbf, 0xbb, 0xbb, 0xff, 0xbb,
    0xb0, 0x00, 0x00, 0x05, 0x00, 0x00, 0x3b, 0x25, 0x00, 0x04, 0x40, 0xcc, 0xbb, 0xbb, 0xcf, 0xbb,
    0xc2, 0x05, 0x50, 0xc0, 0x00, 0x00, 0x06, 0x00, 0x00, 0x05, 0x50, 0xc8, 0xee, 0xfe, 0xb6, 0x04,
    0x00, 0x05, 0xb5, 0xf8, 0x00, 0xb0, 0x05, 0x17, 0x00, 0x04, 0x50, 0xcb, 0xdd, 0xfd, 0xa4, 0x36,
    0x00, 0x03, 0x53, 0xe8, 0x00, 0x00, 0xb2, 0xa2, 0x00, 0x00, 0xb0, 0xbc, 0xdd, 0xfd, 0xb0, 0xd0,
    0x00, 0x01, 0xb2, 0x98, 0x00, 0xb0, 0x05, 0x90, 0x00, 0x03, 0x94, 0x6b, 0xbb, 0xfb, 0xd8, 0x60,
    0x04, 0x08, 0x47, 0x29, 0x33, 0x34, 0xb1, 0x16, 0x2b, 0x08, 0x07, 0x02, 0x00, 0x19, 0x10, 0x05,
    0xc6, 0x00, 0x00, 0x00, 0x00, 0x00, 0x00, 0x00, 0x00, 0x00, 0x00, 0x00, 0x05, 0x00, 0x00, 0x00,
    0x00, 0x00, 0x00, 0x00, 0xb0, 0x00, 0x00, 0x00, 0x08, 0xbb, 0xbb, 0xbf, 0xbb, 0xbb, 0xbb, 0x20,
    0x00, 0x00, 0x00, 0xb0, 0x00, 0x00, 0x00, 0x00, 0xab, 0xbb, 0xbf, 0xbb, 0xbb, 0xb4, 0x00, 0x00,
    0x00, 0x00, 0xb0, 0x00, 0x00, 0x00, 0x00, 0x00, 0x00, 0x0b, 0x00, 0x00, 0x00, 0x03, 0xbb, 0xbb,
    0xbe, 0xfd, 0xbb, 0xbb, 0xb7, 0x00, 0x00, 0x04, 0x61, 0x70, 0x00, 0x02, 0x00, 0x00, 0x08, 0x40,
    0x06, 0x20, 0x04, 0x50, 0x00, 0x67, 0xc0, 0x00, 0x08, 0x16, 0x30, 0x03, 0x72, 0x0b, 0x00, 0x00,
    0x1c, 0x10, 0x00, 0x00, 0x00, 0xb0, 0x00, 0x00, 0x28, 0x20, 0x00, 0x00, 0x0b, 0x02, 0x67, 0x10,
    0x07, 0x72, 0x00, 0x01, 0xf8, 0x51, 0x00, 0x00, 0x01, 0x40, 0x00, 0x01, 0x00, 0x00, 0x00, 0x00,
    0x00, 0x00, 0x21, 0x00, 0x00, 0x00, 0x00, 0x00, 0x00, 0x00, 0x07, 0x00, 0x08, 0xbb, 0xbb, 0xbb,
    0x00, 0x00, 0x01, 0x50, 0x0b, 0x00, 0x00, 0x0b, 0x00, 0x3b, 0xbb, 0xbf, 0x1b, 0x00, 0x80, 0x0b,
    0x00, 0x00, 0x00, 0x3c, 0x0b, 0x00, 0xb0, 0x0b, 0x00, 0x00, 0x00, 0xb3, 0x0b, 0x00, 0xb0, 0x0b,
    0x00, 0x00, 0x07, 0x70, 0x0b, 0x00, 0xb0, 0x0b, 0x00, 0x00, 0x4f, 0x40, 0x0b, 0x00, 0xb0, 0x0b,
    0x00, 0x03, 0x9b, 0x54, 0x0b, 0x00, 0xb0, 0x0b, 0x00, 0x47, 0x0b, 0x06, 0x2b, 0x01, 0xc2, 0x0b,
    0x00, 0x00, 0x0b, 0x00, 0x00, 0x05, 0x95, 0x00, 0x00, 0x00, 0x0b, 0x00, 0x00, 0x0a, 0x35, 0x00,
    0x30, 0x00, 0x0b, 0x00, 0x00, 0x65, 0x25, 0x00, 0x71, 0x00, 0x0b, 0x00, 0x06, 0x60, 0x25, 0x00,
    0x80, 0x00, 0x0b, 0x00, 0x74, 0x00, 0x1c, 0xbb, 0xa0, 0x00, 0x00, 0x10, 0x00, 0x01, 0x00, 0x00,
    0x04, 0x00, 0xb0, 0x00, 0x52, 0x00, 0x00, 0x0b, 0x00, 0xb0, 0x00, 0xa5, 0x55, 0x55, 0x0b, 0x00,
    0xb0, 0x01, 0x66, 0x22, 0x22, 0x0b, 0x00, 0xb0, 0x07, 0x12, 0x80, 0x00, 0x0b, 0x00, 0xb0, 0x14,
    0x00, 0x28, 0x00, 0x00, 0x00, 0x50, 0x00, 0x00, 0x03, 0x10, 0x00, 0x6b, 0xbb, 0xbb, 0xbb, 0xbd,
    0x00, 0x00, 0x60, 0x00, 0x04, 0x00, 0x0b, 0x00, 0x00, 0x60, 0x00, 0x0b, 0x00, 0x0b, 0x00, 0x00,
    0x60, 0x00, 0x1a, 0x00, 0x0b, 0x00, 0x00, 0x60, 0x00, 0x65, 0x50, 0x0b, 0x00, 0x00, 0x20, 0x02,
    0x80, 0x60, 0x04, 0x03, 0x00, 0x00, 0x66, 0x00, 0x60, 0x00, 0x0c, 0x14, 0x77, 0x20, 0x00, 0xab,
    0xbb, 0xc9, 0x23, 0x00, 0x00, 0x00, 0x00, 0x00, 0x00, 0x00, 0x02, 0x00, 0x00, 0x00, 0x00, 0x00,
    0x00, 0x00, 0x07, 0x00, 0x00, 0x56, 0x96, 0x66, 0xb0, 0x00, 0x5b, 0xbc, 0xb0, 0x00, 0x70, 0x00,
    0xe0, 0x00, 0x80, 0x06, 0x20, 0x00, 0x70, 0x00, 0xe0, 0x07, 0xa4, 0x6a, 0x47, 0x06, 0x20, 0x03,
    0xc0, 0x3a, 0xc0, 0xb0, 0x0f, 0x66, 0x09, 0xbc, 0x50, 0x04, 0xc0, 0xb0, 0x0f, 0x43, 0x07, 0x00,
    0x00, 0x04, 0xf7, 0xf7, 0x7f, 0x17, 0x0b, 0x00, 0x00, 0x04, 0xc0, 0xc0, 0x0f, 0x3f, 0xbf, 0xbb,
    0x80, 0x04, 0xc0, 0xb0, 0x0f, 0x90, 0x0b, 0x00, 0x00, 0x05, 0xf5, 0xf5, 0x5f, 0x40, 0x0b, 0x00,
    0x00, 0x06, 0xa1, 0xd1, 0x1f, 0xcb, 0xbf, 0xbb, 0xb2, 0x09, 0x50, 0xb0, 0x0f, 0x10, 0x0b, 0x00,
    0x00, 0x0b, 0x00, 0xb0, 0x0f, 0x10, 0x0b, 0x00, 0x00, 0x45, 0x00, 0x57, 0xbc, 0x00, 0x0b, 0x00,
    0x00, 0x00, 0x00, 0x00, 0x00, 0x00, 0x00, 0x00, 0x00, 0x00, 0x00, 0x00, 0x02, 0x00, 0x00, 0x00,
    0x00, 0x00, 0x00, 0x00, 0x06, 0x30, 0x00, 0x00, 0x00, 0x00, 0x00, 0x00, 0x00, 0x70, 0x00, 0x00,
    0x00, 0x0b, 0xbb, 0xbb, 0xbb, 0xbb, 0xbb, 0xbb, 0xb1, 0x00, 0x00, 0x00, 0x00, 0x00, 0x00, 0x00,
    0x00, 0x00, 0x07, 0xbb, 0xbb, 0xbb, 0xbb, 0x60, 0x00, 0x00, 0x00, 0x00, 0x00, 0x00, 0x00, 0x00,
    0x00, 0x00, 0x00, 0x00, 0x00, 0x00, 0x00, 0x00, 0x00, 0x00, 0x07, 0xbb, 0xbb, 0xbb, 0xbb, 0x60,
    0x00, 0x00, 0x00, 0x00, 0x00, 0x00, 0x00, 0x00, 0x00, 0x00, 0x09, 0xbb, 0xbb, 0xbb, 0xbb, 0x90,
    0x00, 0x00, 0x07, 0x00, 0x00, 0x00, 0x00, 0x70, 0x00, 0x00, 0x07, 0x00, 0x00, 0x00, 0x00, 0x70,
    0x00, 0x00, 0x07, 0x00, 0x00, 0x00, 0x00, 0x70, 0x00, 0x00, 0x0c, 0xbb, 0xbb, 0xbb, 0xbb, 0xc0,
    0x00, 0x00, 0x00, 0x00, 0x00, 0x00, 0x00, 0x00, 0x00, 0x00, 0x00, 0x00, 0x00, 0x00, 0x50, 0x00,
    0x00, 0x00, 0x54, 0x00, 0x00, 0x00, 0xb0, 0x00, 0x00, 0x00, 0x05, 0x50, 0x00, 0x00, 0xb0, 0x00,
    0x00, 0x00, 0x00, 0x51, 0x00, 0x00, 0xb0, 0x00, 0x00, 0x00, 0x00, 0x00, 0x00, 0x00, 0xb0, 0x00,
    0x00, 0x25, 0x59, 0x10, 0x00, 0x00, 0xb0, 0x00, 0x00, 0x13, 0x3e, 0x32, 0xbb, 0xbb, 0xfb, 0xbb,
    0xb3, 0x00, 0x0b, 0x30, 0x00, 0x00, 0xb0, 0x00, 0x00, 0x00, 0x0b, 0x30, 0x00, 0x00, 0xb0, 0x00,
    0x00, 0x00, 0x0b, 0x30, 0x00, 0x00, 0xb0, 0x00, 0x00, 0x00, 0x0b, 0x30, 0x00, 0x00, 0xb0, 0x00,
    0x00, 0x00, 0x0b, 0x30, 0x10, 0x00, 0xb0, 0x00, 0x00, 0x00, 0x0b, 0x67, 0x10, 0x00, 0xb0, 0x00,
    0x00, 0x00, 0x1f, 0x70, 0x00, 0x00, 0xb0, 0x00, 0x00, 0x00, 0x22, 0x00, 0x00, 0x00, 0xb0, 0x00,
    0x00, 0x00, 0x00, 0x00, 0x00, 0x00, 0x20, 0x00, 0x00, 0x00, 0x61, 0x00, 0x00, 0x00, 0xb0, 0x00,
    0x00, 0x00, 0x19, 0x20, 0x00, 0x00, 0xb0, 0x00, 0x00, 0x00, 0x00, 0x71, 0x00, 0x00, 0xb0, 0x00,
    0x00, 0x00, 0x00, 0x00, 0x00, 0x00, 0xb0, 0x00, 0x00, 0x00, 0x00, 0x00, 0x00, 0x01, 0xa0, 0x00,
    0x00, 0x9b, 0xbf, 0x50, 0x00, 0x02, 0xd0, 0x00, 0x00, 0x00, 0x0b, 0x50, 0x00, 0x03, 0xe0, 0x00,
    0x00, 0x00, 0x0b, 0x50, 0x00, 0x05, 0x92, 0x00, 0x00, 0x00, 0x0b, 0x50, 0x00, 0x08, 0x36, 0x00,
    0x00, 0x00, 0x0b, 0x50, 0x00, 0x0a, 0x07, 0x00, 0x00, 0x00, 0x0b, 0x50, 0x20, 0x29, 0x04, 0x30,
    0x00, 0x00, 0x0b, 0x77, 0x40, 0x83, 0x00, 0x80, 0x00, 0x00, 0x1f, 0x90, 0x02, 0x80, 0x00, 0x26,
    0x00, 0x00, 0x42, 0x00, 0x29, 0x00, 0x00, 0x05, 0x60, 0x00, 0x00, 0x00, 0x50, 0x00, 0x00, 0x00,
    0x31, 0x00, 0x50, 0x00, 0x00, 0x00, 0x00, 0x00, 0x00, 0x00, 0x38, 0x00, 0x5b, 0xbb, 0xbb, 0xbf,
    0x00, 0x00, 0x02, 0x80, 0x00, 0x00, 0x00, 0x0e, 0x00, 0x00, 0x00, 0x00, 0x00, 0x00, 0x00, 0x0e,
    0x00, 0x12, 0x23, 0x00, 0x00, 0x00, 0x00, 0x0e, 0x00, 0x25, 0x5f, 0x30, 0x00, 0x00, 0x00, 0x0e,
    0x00, 0x00, 0x0b, 0x30, 0x3f, 0xbb, 0xbb, 0xbf, 0x00, 0x00, 0x0b, 0x30, 0x3b, 0x00, 0x00, 0x0b,
    0x00, 0x00, 0x0b, 0x30, 0x3b, 0x00, 0x00, 0x00, 0x00, 0x00, 0x0b, 0x30, 0x3b, 0x00, 0x00, 0x00,
    0x00, 0x00, 0x0b, 0x30, 0x3b, 0x00, 0x00, 0x00, 0x11, 0x00, 0x0b, 0x68, 0x4b, 0x00, 0x00, 0x00,
    0x34, 0x00, 0x1f, 0x80, 0x3c, 0x00, 0x00, 0x00, 0x62, 0x00, 0x43, 0x00, 0x1c, 0xcb, 0xbb, 0xbb,
    0x90, 0x00, 0x82, 0x00, 0x00, 0xcb, 0xbb, 0xa0, 0x00, 0x00, 0x08, 0x30, 0x00, 0x70, 0x00, 0x70,
    0x00, 0x00, 0x00, 0x81, 0x00, 0x70, 0x00, 0x70, 0x00, 0x00, 0x00, 0x00, 0x01, 0x70, 0x00, 0x70,
    0x00, 0x00, 0x00, 0x00, 0x06, 0x20, 0x00, 0x70, 0x00, 0x5b, 0xbf, 0x30, 0x56, 0x00, 0x00, 0x7b,
    0xb2, 0x00, 0x0d, 0x31, 0x40, 0x00, 0x00, 0x00, 0x00, 0x00, 0x0d, 0x30, 0x7f, 0xbb, 0xbb, 0xbf,
    0x30, 0x00, 0x0d, 0x30, 0x07, 0x00, 0x00, 0x09, 0x00, 0x00, 0x0d, 0x30, 0x02, 0x70, 0x00, 0x63,
    0x00, 0x00, 0x0d, 0x30, 0x00, 0x54, 0x03, 0x70, 0x00, 0x00, 0x0d, 0x32, 0x20, 0x07, 0x88, 0x00,
    0x00, 0x00, 0x0f, 0xa6, 0x00, 0x18, 0xc7, 0x00, 0x00, 0x00, 0x8d, 0x10, 0x16, 0x82, 0x02, 0x87,
    0x20, 0x00, 0x00, 0x00, 0x52, 0x00, 0x00, 0x02, 0x62, 0x00, 0x00, 0x00, 0x00, 0x00, 0x13, 0x10,
    0x00, 0x00, 0x73, 0x00, 0x00, 0x00, 0x2a, 0x27, 0x00, 0x00, 0x07, 0x40, 0x00, 0x00, 0x1a, 0x03,
    0x50, 0x00, 0x00, 0x30, 0x00, 0x00, 0x1b, 0x00, 0x20, 0x00, 0x00, 0x07, 0xbb, 0xbb, 0xbf, 0xbb,
    0xb5, 0x24, 0x47, 0x00, 0x00, 0x00, 0x0b, 0x00, 0x00, 0x12, 0x2f, 0x10, 0x00, 0x00, 0x0b, 0x00,
    0x00, 0x00, 0x0d, 0x10, 0xdd, 0xfd, 0x7b, 0x00, 0x00, 0x00, 0x0d, 0x10, 0x00, 0xb0, 0x0a, 0x10,
    0x00, 0x00, 0x0d, 0x10, 0x00, 0xb0, 0x08, 0x30, 0x00, 0x00, 0x0d, 0x10, 0x00, 0xb0, 0x05, 0x60,
    0x00, 0x00, 0x0d, 0x11, 0x00, 0xb0, 0x22, 0x90, 0x01, 0x00, 0x0e, 0x86, 0x36, 0xe7, 0x30, 0xb0,
    0x06, 0x00, 0x5f, 0x22, 0x51, 0x00, 0x00, 0x76, 0x34, 0x00, 0x10, 0x00, 0x00, 0x00, 0x00, 0x0a,
    0xb0, 0x00, 0x10, 0x00, 0x00, 0x02, 0x20, 0x00, 0x00, 0x1a, 0x40, 0x00, 0x00, 0x08, 0x00, 0x00,
    0x00, 0x1b, 0x60, 0x22, 0x22, 0x72, 0x22, 0x20, 0x00, 0x0b, 0x3f, 0xff, 0xff, 0xff, 0xff, 0x00,
    0x00, 0x00, 0x00, 0x37, 0x00, 0x00, 0x01, 0x22, 0x41, 0x00, 0x18, 0x00, 0x03, 0x00, 0x24, 0x4f,
    0x40, 0x18, 0x10, 0x14, 0x60, 0x00, 0x00, 0xb4, 0x0a, 0xdb, 0xbb, 0xc0, 0x00, 0x00, 0x0b, 0x40,
    0x00, 0x01, 0x70, 0x02, 0x60, 0x00, 0xb4, 0x00, 0x02, 0x70, 0x01, 0x80, 0x00, 0x0b, 0x40, 0x06,
    0x60, 0x00, 0x81, 0x00, 0x00, 0xb4, 0x07, 0x20, 0x01, 0xa1, 0x00, 0x00, 0x0b, 0x43, 0x00, 0x04,
    0x76, 0x60, 0x00, 0x00, 0xec, 0x40, 0x27, 0x40, 0x03, 0x80, 0x00, 0x5c, 0x02, 0x76, 0x00, 0x00,
    0x02, 0x80, 0x00, 0x00, 0x20, 0x00, 0x00, 0x00, 0x00, 0x01, 0x60, 0x04, 0xbb, 0xbe, 0xbb, 0xbb,
    0x60, 0x03, 0x70, 0x00, 0x00, 0x80, 0x00, 0x00, 0x00, 0x02, 0x40, 0x00, 0x17, 0x00, 0x00, 0x00,
    0x00, 0x00, 0x08, 0xbf, 0xfb, 0xbb, 0x80, 0x14, 0x46, 0x00, 0x00, 0x70, 0x00, 0x15, 0x01, 0x33,
    0xf1, 0x00, 0x08, 0x00, 0x03, 0x40, 0x00, 0x0c, 0x1b, 0xbc, 0xfb, 0xbb, 0xfd, 0xb0, 0x00, 0xc1,
    0x44, 0x44, 0x44, 0x44, 0x44, 0x00, 0x0c, 0x10, 0x00, 0x00, 0x00, 0x00, 0x00, 0x00, 0xc1, 0x05,
    0xcb, 0xbb, 0xbb, 0xd0, 0x00, 0x0c, 0x10, 0x52, 0x00, 0x00, 0x07, 0x00, 0x00, 0xc3, 0x76, 0x20,
    0x00, 0x00, 0x70, 0x00, 0x1f, 0xa1, 0x52, 0x00, 0x00, 0x07, 0x00, 0x01, 0x50, 0x06, 0xeb, 0xbb,
    0xbb, 0xe0, 0x00, 0x00, 0x00, 0x00, 0x00, 0x00, 0x00, 0x00, 0x02, 0x60, 0x00, 0x0a, 0xbb, 0xbb,
    0xbb, 0x10, 0x00, 0x47, 0x00, 0x07, 0x00, 0x00, 0x06, 0x10, 0x00, 0x03, 0x60, 0x07, 0x00, 0x00,
    0x06, 0x10, 0x00, 0x00, 0x00, 0x07, 0x00, 0x00, 0x06, 0x10, 0x00, 0x00, 0x00, 0x0a, 0xbb, 0xbb,
    0xbb, 0x10, 0x25, 0x5f, 0x10, 0x00, 0x00, 0x00, 0x00, 0x00, 0x00, 0x0c, 0x10, 0x6d, 0xdd, 0xfd,
    0xdd, 0x80, 0x00, 0x0c, 0x10, 0x00, 0x00, 0x70, 0x00, 0x00, 0x00, 0x0c, 0x10, 0x00, 0x00, 0x70,
    0x00, 0x00, 0x00, 0x0c, 0x11, 0xbb, 0xbd, 0xfb, 0xbb, 0xb3, 0x00, 0x0c, 0x10, 0x00, 0x06, 0x71,
    0x00, 0x00, 0x00, 0x0c, 0x47, 0x10, 0x17, 0x18, 0x00, 0x00, 0x00, 0x0f, 0x80, 0x01, 0x81, 0x02,
    0x71, 0x00, 0x00, 0x15, 0x02, 0x77, 0x10, 0x00, 0x17, 0x61, 0x00, 0x00, 0x01, 0x00, 0x00, 0x00,
    0x00, 0x10, 0x00, 0x00, 0x00, 0x00, 0x00, 0x50, 0x00, 0x00, 0x00, 0x70, 0x00, 0x00, 0x00, 0xb0,
    0x00, 0x00, 0x00, 0x18, 0x10, 0xab, 0xbb, 0xfb, 0xbb, 0xa0, 0x00, 0x01, 0x60, 0x00, 0x00, 0xb0,
    0x00, 0x00, 0x00, 0x00, 0x00, 0x6b, 0xbb, 0xfb, 0xbb, 0x40, 0x23, 0x35, 0x10, 0x11, 0x11, 0xc1,
    0x11, 0x10, 0x12, 0x2e, 0x42, 0x44, 0x44, 0x54, 0x44, 0x42, 0x00, 0x0b, 0x40, 0x3b, 0xbb, 0xbb,
    0xbf, 0x00, 0x00, 0x0b, 0x40, 0x4b, 0x00, 0x00, 0x0f, 0x00, 0x00, 0x0b, 0x40, 0x4b, 0x00, 0x00,
    0x0f, 0x00, 0x00, 0x0b, 0x40, 0x4f, 0xbb, 0xbb, 0xbf, 0x00, 0x00, 0x0b, 0x40, 0x4b, 0x00, 0x00,
    0x0f, 0x00, 0x00, 0x0b, 0x77, 0x4f, 0xbb, 0xbb, 0xbf, 0x00, 0x00, 0x1f, 0x90, 0x4b, 0x00, 0x00,
    0x0f, 0x00, 0x00, 0x34, 0x00, 0x4b, 0x00, 0x09, 0xbd, 0x00, 0x00, 0x00, 0x00, 0x00, 0x00, 0x00,
    0x00, 0x00, 0x00, 0x00, 0x00, 0x00, 0x00, 0x00, 0x00, 0x00, 0x01, 0x81, 0x01, 0xfc, 0xbb, 0xbb,
    0xbb, 0xf1, 0x00, 0x18, 0x12, 0xf1, 0x00, 0x50, 0x00, 0xf1, 0x00, 0x00, 0x52, 0xf1, 0x00, 0xb0,
    0x00, 0xf1, 0x00, 0x00, 0x02, 0xf2, 0xbb, 0xfb, 0xb0, 0xf1, 0x12, 0x23, 0x02, 0xf1, 0x00, 0xb0,
    0x00, 0xf1, 0x25, 0x5f, 0x32, 0xf1, 0x00, 0xb0, 0x00, 0xf1, 0x00, 0x0d, 0x32, 0xf8, 0xee, 0xfe,
    0xe6, 0xf1, 0x00, 0x0d, 0x33, 0xf0, 0x00, 0x00, 0x00, 0xf1, 0x00, 0x0d, 0x33, 0xe1, 0xfb, 0xbb,
    0xb0, 0xf1, 0x00, 0x0d, 0x35, 0xc1, 0xe0, 0x00, 0xb0, 0xf1, 0x00, 0x0d, 0x36, 0x91, 0xe0, 0x00,
    0xb0, 0xf1, 0x00, 0x0d, 0x8b, 0x41, 0xfb, 0xbb, 0x90, 0xf1, 0x00, 0x3f, 0x3b, 0x00, 0x70, 0x00,
    0x00, 0xf1, 0x00, 0x40, 0x45, 0x00, 0x00, 0x01, 0xcc, 0xd0, 0x00, 0x00, 0x00, 0x00, 0x00, 0x00,
    0x00, 0x00, 0x00, 0x00, 0x00, 0x00, 0x02, 0x10, 0x00, 0x00, 0x08, 0xbb, 0xbb, 0x80, 0x07, 0x00,
    0x00, 0x00, 0x0b, 0x00, 0x00, 0xb0, 0x07, 0x00, 0x00, 0x00, 0x0b, 0x0a, 0x00, 0xb0, 0x0f, 0xbb,
    0xbd, 0xa0, 0x0b, 0x0b, 0x00, 0xb0, 0x53, 0x00, 0x15, 0x00, 0x0b, 0x0b, 0x00, 0xb0, 0xa0, 0x00,
    0x43, 0x00, 0x0b, 0x0b, 0x00, 0xb3, 0xc0, 0x00, 0x61, 0x00, 0x0b, 0x0b, 0x00, 0xb4, 0x25, 0x00,
    0x70, 0x00, 0x0b, 0x0b, 0x00, 0xb0, 0x07, 0x00, 0x70, 0x00, 0x0b, 0x0b, 0x00, 0xb0, 0x04, 0x35,
    0x30, 0x00, 0x0b, 0x1a, 0x00, 0xb0, 0x00, 0x78, 0x00, 0x00, 0x01, 0x47, 0x30, 0x10, 0x00, 0x79,
    0x00, 0x00, 0x00, 0x91, 0x37, 0x00, 0x02, 0x75, 0x40, 0x00, 0x05, 0x60, 0x04, 0x60, 0x28, 0x00,
    0x65, 0x00, 0x47, 0x00, 0x00, 0x56, 0x70, 0x00, 0x04, 0x80, 0x00, 0x00, 0x00, 0x00, 0x00, 0x00,
    0x00, 0x00, 0x00, 0x00, 0x00, 0x00, 0x10, 0x00, 0x00, 0x00, 0x08, 0xbb, 0xbb, 0x00, 0xb0, 0x00,
    0x06, 0x00, 0x0b, 0x00, 0x0b, 0x00, 0xb0, 0x00, 0x26, 0x00, 0x0b, 0x08, 0x0b, 0x00, 0xb0, 0x00,
    0x80, 0x00, 0x0b, 0x0b, 0x0b, 0x00, 0xb0, 0x08, 0x10, 0x00, 0x0b, 0x0b, 0x0b, 0x00, 0xb1, 0x81,
    0x00, 0x00, 0x0b, 0x0b, 0x0b, 0x00, 0xb0, 0x10, 0x00, 0x00, 0x0b, 0x0b, 0x0b, 0x8b, 0xfb, 0xec,
    0xbb, 0xa0, 0x0b, 0x0b, 0x0b, 0x00, 0xb0, 0x15, 0x00, 0x00, 0x0b, 0x0b, 0x0b, 0x00, 0xb0, 0x07,
    0x00, 0x00, 0x0b, 0x0a, 0x0b, 0x00, 0xb0, 0x06, 0x10, 0x00, 0x01, 0x37, 0x41, 0x00, 0xb0, 0x01,
    0x70, 0x00, 0x00, 0x92, 0x52, 0x00, 0xb0, 0x00, 0x53, 0x00, 0x05, 0x60, 0x07, 0x00, 0xb2, 0x64,
    0x07, 0x30, 0x46, 0x00, 0x01, 0x15, 0xf6, 0x10, 0x00, 0x61, 0x00, 0x00, 0x00, 0x01, 0x00, 0x00,
    0x00, 0x00, 0x00, 0x00, 0x20, 0x00, 0x00, 0x00, 0x00, 0x00, 0x00, 0x00, 0xb0, 0x06, 0xdd, 0xfe,
    0xdd, 0xc0, 0x00, 0x00, 0xb0, 0x00, 0x00, 0xb0, 0x00, 0x30, 0x07, 0xbb, 0xfb, 0xb7, 0x01, 0xb0,
    0x00, 0x30, 0x00, 0x00, 0xb0, 0x00, 0x05, 0x60, 0x00, 0x30, 0x03, 0x33, 0xe3, 0x33, 0x1a, 0x10,
    0x01, 0x50, 0x06, 0x77, 0xf7, 0x78, 0x92, 0x05, 0xbb, 0x10, 0x00, 0x10, 0xd0, 0x03, 0x44, 0x44,
    0x44, 0x30, 0x00, 0xb0, 0xd0, 0x00, 0xb2, 0x22, 0x22, 0xb0, 0x01, 0xa0, 0xfc, 0xb6, 0xb0, 0x00,
    0x00, 0xb0, 0x02, 0xf0, 0xd0, 0x00, 0xb0, 0x00, 0x00, 0xb0, 0x04, 0xf0, 0xd0, 0x00, 0xb0, 0x00,
    0x00, 0xb0, 0x06, 0x87, 0xd0, 0x00, 0x8b, 0xbb, 0xbb, 0x90, 0x08, 0x17, 0xf3, 0x00, 0x00, 0x00,
    0x00, 0x00, 0x09, 0x00, 0x39, 0xcc, 0xbb, 0xbb, 0xbb, 0xb4, 0x12, 0x00, 0x00, 0x00, 0x00, 0x00,
    0x00, 0x00, 0x00, 0x00, 0x05, 0x00, 0x01, 0x40, 0x00, 0x00, 0x00, 0x00, 0x0b, 0x00, 0x01, 0x91,
    0x60, 0x00, 0x03, 0xbb, 0xbf, 0xbb, 0xa1, 0xa0, 0x35, 0x00, 0x00, 0x00, 0x0b, 0x00, 0x00, 0xa0,
    0x02, 0x00, 0x2c, 0xcc, 0xcf, 0xcc, 0xcc, 0xfc, 0xcc, 0xc3, 0x14, 0x44, 0x84, 0x44, 0x44, 0xe4,
    0x44, 0x41, 0x00, 0x03, 0x50, 0x00, 0x00, 0xa0, 0x05, 0x20, 0x0a, 0xbf, 0xcc, 0xdb, 0xb7, 0xa0,
    0x07, 0x00, 0x00, 0x17, 0x02, 0x50, 0x00, 0x91, 0x26, 0x00, 0x00, 0xfc, 0xbd, 0xfb, 0xb1, 0x64,
    0x71, 0x00, 0x00, 0x50, 0x02, 0x50, 0x00, 0x38, 0x60, 0x00, 0x00, 0x00, 0x02, 0x51, 0x22, 0x0f,
    0x00, 0x50, 0x06, 0x77, 0x79, 0xc6, 0x42, 0x6c, 0x10, 0xc0, 0x00, 0x00, 0x02, 0x50, 0x04, 0x63,
    0x80, 0xc0, 0x00, 0x00, 0x02, 0x50, 0x46, 0x00, 0x6c, 0x80, 0x00, 0x00, 0x00, 0x00, 0x00, 0x00,
    0x00, 0x00, 0x00, 0x03, 0x00, 0x00, 0x00, 0x00, 0x00, 0x00, 0x00, 0x08, 0x00, 0x00, 0xdb, 0xbb,
    0xbc, 0x40, 0x00, 0x07, 0x00, 0x00, 0xb0, 0x00, 0x08, 0x50, 0x0b, 0xdf, 0xbb, 0x80, 0xb0, 0x00,
    0x08, 0x50, 0x00, 0x61, 0x00, 0x00, 0x85, 0x55, 0x57, 0x30, 0x00, 0x70, 0x70, 0x1d, 0xfd, 0xdd,
    0xdf, 0xf5, 0x01, 0x60, 0x70, 0x00, 0xb0, 0x00, 0x0b, 0x40, 0x09, 0x65, 0xc5, 0x30, 0xb0, 0x00,
    0x0b, 0x40, 0x04, 0x43, 0xa3, 0x20, 0xfb, 0xbb, 0xbf, 0x40, 0x00, 0x00, 0x70, 0x00, 0xb0, 0x00,
    0x0b, 0x40, 0x00, 0x00, 0xa6, 0x70, 0xfb, 0xbb, 0xbf, 0x50, 0x07, 0x98, 0xd2, 0x00, 0xb0, 0x00,
    0x0b, 0x40, 0x02, 0x00, 0x70, 0x00, 0xb0, 0x00, 0x1e, 0x82, 0x00, 0x00, 0x70, 0x39, 0xf9, 0x98,
    0x7f, 0x81, 0x00, 0x00, 0x70, 0x00, 0x00, 0x00, 0x0b, 0x40, 0x00, 0x07, 0x00, 0x00, 0x00, 0xa1,
    0x00, 0x00, 0x00, 0x35, 0x00, 0x00, 0x04, 0x95, 0x00, 0x00, 0x0b, 0xfd, 0xba, 0x00, 0x56, 0x03,
    0x71, 0x00, 0x00, 0x70, 0x00, 0x07, 0x50, 0x00, 0x17, 0x71, 0x00, 0x72, 0x50, 0x83, 0x9b, 0xbb,
    0xb5, 0x13, 0x03, 0x43, 0x50, 0x02, 0x22, 0x30, 0x00, 0x50, 0x07, 0x24, 0x61, 0x4d, 0x55, 0xf0,
    0xb0, 0xb0, 0x08, 0x58, 0xa5, 0x4b, 0x00, 0xf0, 0xb0, 0xb0, 0x00, 0x03, 0x50, 0x4f, 0x77, 0xf0,
    0xb0, 0xb0, 0x00, 0x03, 0x64, 0x4b, 0x00, 0xf0, 0xb0, 0xb0, 0x05, 0x7a, 0xa1, 0x4f, 0x77, 0xf0,
    0xb0, 0xb0, 0x03, 0x03, 0x50, 0x4b, 0x00, 0xf0, 0x80, 0xb0, 0x00, 0x03, 0x50, 0x4b, 0x00, 0xf0,
    0x00, 0xb0, 0x00, 0x03, 0x50, 0x4b, 0x0b, 0xd0, 0x5b, 0x90, 0x00, 0x00, 0x00, 0x00, 0x00, 0x00,
    0x00, 0x00, 0x03, 0x10, 0x00, 0x00, 0x12, 0x46, 0x98, 0x30, 0x01, 0x81, 0x00, 0xf9, 0x97, 0x53,
    0x10, 0x00, 0x00, 0x18, 0x00, 0xe0, 0x00, 0x00, 0x00, 0x00, 0x00, 0x01, 0x00, 0xe0, 0x00, 0x00,
    0x00, 0x00, 0x00, 0x00, 0x00, 0xfb, 0xbb, 0xbb, 0xbf, 0x10, 0x00, 0x00, 0x00, 0xe0, 0x10, 0x00,
    0x17, 0x00, 0x3b, 0xbb, 0x01, 0xc0, 0x74, 0x00, 0x71, 0x00, 0x00, 0x0b, 0x04, 0x90, 0x05, 0x66,
    0x20, 0x00, 0x00, 0x0b, 0x07, 0x40, 0x00, 0xab, 0x00, 0x00, 0x00, 0x0b, 0x0a, 0x00, 0x28, 0x22,
    0x81, 0x00, 0x00, 0x0b, 0x54, 0x27, 0x60, 0x00, 0x19, 0x10, 0x00, 0x6f, 0x20, 0x30, 0x00, 0x00,
    0x01, 0x10, 0x08, 0x85, 0xc7, 0x20, 0x00, 0x00, 0x00, 0x11, 0x35, 0x00, 0x06, 0x9b, 0xbb, 0xbb,
    0xbb, 0xa3, 0x04, 0x20, 0x00, 0x00, 0x90, 0x00, 0xa0, 0x00, 0x00, 0x83, 0x00, 0x00, 0xb0, 0x00,
    0xb0, 0x00, 0x00, 0x08, 0x30, 0x00, 0xb0, 0x00, 0xb0, 0x00, 0x00, 0x00, 0x16, 0xbb, 0xfb, 0xbb,
    0xfb, 0xb1, 0x00, 0x00, 0x00, 0x00, 0xb0, 0x00, 0xb0, 0x00, 0x25, 0x59, 0x00, 0x00, 0xb0, 0x00,
    0xb0, 0x00, 0x00, 0x0b, 0x07, 0xbc, 0xfb, 0xbb, 0xfb, 0xb4, 0x00, 0x0b, 0x00, 0x02, 0x90, 0x00,
    0xb0, 0x00, 0x00, 0x0b, 0x00, 0x05, 0x60, 0x00, 0xb0, 0x00, 0x00, 0x0b, 0x00, 0x0a, 0x10, 0x00,
    0xb0, 0x00, 0x00, 0x0b, 0x00, 0x66, 0x00, 0x00, 0xb0, 0x00, 0x00, 0x7f, 0x82, 0x50, 0x00, 0x00,
    0x70, 0x00, 0x07, 0x70, 0x6b, 0x41, 0x00, 0x00, 0x00, 0x11, 0x26, 0x00, 0x02, 0x7a, 0xbb, 0xbb,
    0xbb, 0xa5, 0x01, 0x00, 0x00, 0x00, 0x21, 0x00, 0x00, 0x00, 0x03, 0x70, 0x00, 0x00, 0x70, 0x00,
    0x00, 0x00, 0x00, 0x36, 0x0b, 0xbc, 0xfb, 0xbb, 0xbb, 0x40, 0x00, 0x04, 0x20, 0x06, 0x20, 0x10,
    0x00, 0x00, 0x00, 0x00, 0x00, 0x08, 0x00, 0x80, 0x00, 0x00, 0x00, 0x00, 0x00, 0x62, 0x00, 0x80,
    0x00, 0x00, 0x39, 0x9b, 0x00, 0xfb, 0xbb, 0xfb, 0xbb, 0x10, 0x00, 0x0b, 0x00, 0x10, 0x00, 0x80,
    0x00, 0x00, 0x00, 0x0b, 0x00, 0x00, 0x00, 0x80, 0x00, 0x00, 0x00, 0x0b, 0x00, 0x00, 0x00, 0x80,
    0x00, 0x00, 0x00, 0x0b, 0x0b, 0xbb, 0xbb, 0xfb, 0xbb, 0xb0, 0x00, 0x0b, 0x00, 0x00, 0x00, 0x80,
    0x00, 0x00, 0x00, 0x7f, 0x10, 0x00, 0x00, 0x80, 0x00, 0x00, 0x06, 0x83, 0xb5, 0x00, 0x00, 0x80,
    0x00, 0x00, 0x29, 0x00, 0x18, 0xba, 0xa9, 0xca, 0xab, 0xb4, 0x00, 0x00, 0x00, 0x00, 0x11, 0x11,
    0x00, 0x00, 0x00, 0x00, 0x00, 0x11, 0x00, 0x00, 0x12, 0x00, 0x03, 0x70, 0x00, 0x17, 0x00, 0x00,
    0x71, 0x00, 0x00, 0x27, 0x00, 0x05, 0x20, 0x02, 0x70, 0x00, 0x00, 0x03, 0x31, 0x23, 0x42, 0x2b,
    0x32, 0x20, 0x00, 0x00, 0x05, 0xbb, 0xbf, 0xfc, 0xbb, 0x70, 0x00, 0x00, 0x00, 0x00, 0x04, 0x30,
    0x00, 0x00, 0x16, 0x68, 0x00, 0x00, 0x04, 0x30, 0x00, 0x00, 0x00, 0x0b, 0x0b, 0xbb, 0xbf, 0xdb,
    0xbb, 0xb0, 0x00, 0x0b, 0x00, 0x00, 0x09, 0x30, 0x00, 0x00, 0x00, 0x0b, 0x00, 0x00, 0x08, 0x73,
    0x00, 0x00, 0x00, 0x0b, 0x00, 0x00, 0x72, 0x07, 0x30, 0x00, 0x00, 0x0b, 0x00, 0x07, 0x40, 0x00,
    0x72, 0x00, 0x00, 0x7f, 0x13, 0x82, 0x00, 0x00, 0x08, 0x10, 0x07, 0x84, 0xb5, 0x00, 0x00, 0x00,
    0x00, 0x00, 0x38, 0x00, 0x18, 0xba, 0xa9, 0xaa, 0xbb, 0xb3, 0x00, 0x00, 0x00, 0x00, 0x11, 0x10,
    0x00, 0x00, 0x00, 0x00, 0x00, 0x00, 0x00, 0x40, 0x00, 0x00, 0x03, 0x10, 0x00, 0x06, 0x00, 0xb0,
    0x00, 0x00, 0x00, 0x81, 0x00, 0x08, 0x00, 0xb0, 0x00, 0x00, 0x00, 0x08, 0x10, 0x4e, 0xbb, 0xfb,
    0xbb, 0x90, 0x00, 0x01, 0x10, 0x90, 0x00, 0xb0, 0x00, 0x00, 0x00, 0x00, 0x01, 0x20, 0x00, 0xb0,
    0x00, 0x00, 0x00, 0x00, 0x06, 0x88, 0xa8, 0xfc, 0x88, 0x80, 0x1b, 0xbc, 0x02, 0x22, 0xa2, 0x2a,
    0x22, 0x20, 0x00, 0x0b, 0x00, 0x00, 0x70, 0x07, 0x00, 0x00, 0x00, 0x0b, 0x00, 0x05, 0x30, 0x07,
    0x00, 0x10, 0x00, 0x0b, 0x00, 0x27, 0x00, 0x07, 0x00, 0xb0, 0x00, 0x0b, 0x06, 0x60, 0x00, 0x06,
    0x66, 0x90, 0x00, 0x4f, 0x30, 0x00, 0x00, 0x00, 0x00, 0x00, 0x04, 0xb4, 0xb5, 0x00, 0x00, 0x00,
    0x00, 0x00, 0x1a, 0x00, 0x07, 0xbb, 0xaa, 0xaa, 0xbb, 0xb2, 0x00, 0x00, 0x00, 0x00, 0x11, 0x10,
    0x00, 0x00, 0x02, 0x10, 0x03, 0xbb, 0xbb, 0xbb, 0xbe, 0x40, 0x01, 0x81, 0x00, 0x01, 0x00, 0x00,
    0x66, 0x00, 0x00, 0x18, 0x10, 0x02, 0x77, 0x58, 0x30, 0x00, 0x00, 0x01, 0x20, 0x22, 0x22, 0x9a,
    0x32, 0x10, 0x00, 0x00, 0x02, 0xdb, 0xbd, 0xfd, 0xdb, 0xa0, 0x15, 0x55, 0x02, 0x50, 0x02, 0x50,
    0x00, 0x70, 0x00, 0x0b, 0x02, 0xfb, 0xbd, 0xfb, 0xbb, 0xb0, 0x00, 0x0b, 0x02, 0x50, 0x02, 0x50,
    0x00, 0x70, 0x00, 0x0b, 0x02, 0xfb, 0xbd, 0xfb, 0xbb, 0xb0, 0x00, 0x0b, 0x02, 0x50, 0x02, 0x50,
    0x00, 0x70, 0x00, 0x0b, 0x02, 0x50, 0x02, 0x50, 0x00, 0x70, 0x00, 0x7f, 0x52, 0x50, 0x02, 0x52,
    0xbb, 0x60, 0x06, 0x60, 0x88, 0x10, 0x00, 0x00, 0x00, 0x00, 0x28, 0x00, 0x04, 0xab, 0xba, 0xab,
    0xbb, 0xc4, 0x00, 0x00, 0x00, 0x00, 0x01, 0x11, 0x00, 0x00, 0x00, 0x00, 0x50, 0x00, 0x00, 0x00,
    0x00, 0x00, 0x00, 0x03, 0x40, 0x00, 0x0a, 0x77, 0x7a, 0x06, 0xbb, 0xbf, 0xbb, 0xa0, 0xb0, 0x01,
    0x70, 0x03, 0x20, 0x00, 0x50, 0x0b, 0x00, 0x61, 0x00, 0x17, 0x00, 0x08, 0x00, 0xb0, 0x07, 0x00,
    0x00, 0x80, 0x04, 0x40, 0x0b, 0x04, 0x20, 0x00, 0x03, 0x10, 0x80, 0x00, 0xb0, 0x80, 0x01, 0xbb,
    0xbb, 0xbe, 0xbb, 0x2b, 0x03, 0x70, 0x00, 0x00, 0x00, 0x00, 0x00, 0xb0, 0x07, 0x40, 0x0b, 0xbb,
    0xbb, 0xb4, 0x0b, 0x00, 0x1a, 0x00, 0x70, 0x00, 0x02, 0x50, 0xb0, 0x00, 0xb0, 0x07, 0x00, 0x00,
    0x25, 0x0b, 0x00, 0x29, 0x00, 0x70, 0x00, 0x02, 0x50, 0xb2, 0x66, 0x10, 0x0f, 0xbb, 0xbb, 0xd7,
    0x0b, 0x00, 0x00, 0x00, 0x70, 0x00, 0x02, 0x50, 0xb0, 0x00, 0x00, 0x4b, 0xbf, 0xbf, 0xbb, 0x4b,
    0xbb, 0xbb, 0xb0, 0x00, 0x0b, 0x0b, 0x00, 0x00, 0x00, 0x00, 0xf0, 0x02, 0x2d, 0x2d, 0x22, 0x00,
    0x00, 0x00, 0xf0, 0x0e, 0xff, 0xff, 0xff, 0x00, 0x00, 0x00, 0xf0, 0x0e, 0x2d, 0x2d, 0x2f, 0x00,
    0x00, 0x00, 0xf0, 0x0e, 0x0b, 0x0b, 0x0f, 0x2f, 0xbb, 0xbb, 0xf0, 0x0e, 0x28, 0x0b, 0x0f, 0x3b,
    0x00, 0x00, 0xf0, 0x0e, 0x82, 0x0d, 0xbf, 0x3b, 0x00, 0x00, 0x30, 0x0e, 0x20, 0x00, 0x0f, 0x3b,
    0x00, 0x00, 0x00, 0x0f, 0xbb, 0xbb, 0xbf, 0x3b, 0x00, 0x00, 0x00, 0x0e, 0x00, 0x00, 0x0f, 0x3b,
    0x00, 0x00, 0x03, 0x0e, 0x00, 0x00, 0x0f, 0x3b, 0x00, 0x00, 0x08, 0x0f, 0xbb, 0xbb, 0xbf, 0x3c,
    0x00, 0x00, 0x27, 0x0e, 0x00, 0x00, 0x0f, 0x1d, 0xcb, 0xbb, 0xc2, 0x00, 0x00, 0x00, 0x00, 0x02,
    0x35, 0x50, 0x00, 0x19, 0xab, 0xba, 0xf9, 0x75, 0x20, 0x00, 0x00, 0x10, 0x00, 0x0b, 0x00, 0x00,
    0x00, 0x05, 0xbb, 0xbb, 0xbb, 0xfb, 0xbb, 0xbb, 0xb9, 0x00, 0x00, 0x00, 0x0b, 0x00, 0x00, 0x00,
    0x00, 0x09, 0xbb, 0xbb, 0xfb, 0xbb, 0xbc, 0x00, 0x00, 0xb0, 0x00, 0x0b, 0x00, 0x00, 0xb0, 0x00,
    0x0b, 0xbb, 0xbb, 0xfb, 0xbb, 0xbe, 0x00, 0x00, 0xb0, 0x00, 0x0b, 0x00, 0x00, 0xb0, 0x00, 0x0b,
    0xbb, 0xbb, 0xfb, 0xbb, 0xbe, 0x00, 0x00, 0x00, 0x00, 0x0b, 0x00, 0x00, 0x00, 0x00, 0x4b, 0xbb,
    0xbb, 0xfb, 0xbb, 0xbb, 0xa0, 0x00, 0x00, 0x00, 0x0b, 0x00, 0x00, 0x00, 0x00, 0x00, 0x00, 0x00,
    0xb0, 0x00, 0x00, 0x00, 0x8f, 0xff, 0xff, 0xff, 0xff, 0xff, 0xff, 0xd0, 0x11, 0x11, 0x11, 0x11,
    0x11, 0x11, 0x11, 0x00, 0x1c, 0xbb, 0xbb, 0xbb, 0xbb, 0xc1, 0x00, 0x00, 0x17, 0x22, 0x22, 0x22,
    0x22, 0x72, 0x00, 0x00, 0x18, 0x44, 0x44, 0x44, 0x44, 0x82, 0x00, 0x00, 0x1d, 0xbb, 0xbb, 0xbb,
    0xbb, 0xd2, 0x00, 0x04, 0x44, 0x44, 0x44, 0x44, 0x44, 0x44, 0x40, 0x03, 0x33, 0x33, 0x33, 0x33,
    0x33, 0x33, 0x30, 0x00, 0x5e, 0xee, 0xef, 0xfe, 0xee, 0xe9, 0x00, 0x00, 0x61, 0x00, 0x04, 0x30,
    0x00, 0x07, 0x00, 0x00, 0x6c, 0xbb, 0xbf, 0xeb, 0xbb, 0xb9, 0x00, 0x00, 0x64, 0x33, 0x37, 0x63,
    0x33, 0x38, 0x00, 0x00, 0x13, 0x33, 0x37, 0x63, 0x33, 0x32, 0x00, 0x00, 0xbb, 0xbb, 0xbf, 0xeb,
    0xbb, 0xbb, 0x10, 0x00, 0x00, 0x00, 0x04, 0x30, 0x00, 0x00, 0x00, 0x3f, 0xff, 0xff, 0xff, 0xff,
    0xff, 0xff, 0xf3, 0x00, 0x10, 0x00, 0x00, 0x00, 0x30, 0x00, 0x00, 0x08, 0x00, 0x00, 0x00, 0x0b,
    0x00, 0x00, 0x02, 0x60, 0x00, 0x00, 0x00, 0xb0, 0x00, 0x00, 0x8b, 0xbb, 0xb5, 0x00, 0x0b, 0x00,
    0x00, 0x42, 0x00, 0x00, 0x29, 0x44, 0xf4, 0x44, 0xa0, 0x9f, 0xff, 0xf5, 0xb0, 0x0b, 0x00, 0x0d,
    0x00, 0x0b, 0x00, 0x3b, 0x00, 0xb0, 0x00, 0xd0, 0x00, 0xb0, 0x03, 0xb0, 0x0b, 0x00, 0x0d, 0x25,
    0x5f, 0x55, 0x6b, 0x00, 0xb0, 0x00, 0xd1, 0x22, 0xd2, 0x24, 0xfb, 0xbf, 0xbb, 0xbf, 0x00, 0x0b,
    0x00, 0x3b, 0x00, 0xb0, 0x00, 0xc0, 0x00, 0xb0, 0x00, 0x00, 0x0b, 0x00, 0x00, 0x00, 0x0b, 0x01,
    0x30, 0x00, 0xb0, 0x00, 0x00, 0x00, 0xf7, 0x50, 0x00, 0x0b, 0x00, 0x00, 0x00, 0x6a, 0x00, 0x00,
    0x00, 0xb0, 0x00, 0x00, 0x00, 0x00, 0x00, 0x00, 0x00, 0x10, 0x00, 0x00, 0x08, 0x00, 0x01, 0x20,
    0x0b, 0x00, 0x04, 0x02, 0x60, 0x00, 0x08, 0x00, 0xb0, 0x06, 0x20, 0xab, 0xbb, 0xb4, 0x16, 0x0b,
    0x04, 0x30, 0x42, 0x00, 0x00, 0x00, 0x30, 0xc0, 0x31, 0x00, 0xae, 0xfe, 0xe4, 0xfd, 0xdf, 0xdd,
    0xf3, 0x00, 0x0b, 0x00, 0x3c, 0x00, 0x00, 0x0b, 0x30, 0x00, 0xb0, 0x03, 0xc0, 0x00, 0x00, 0xb3,
    0x00, 0x0b, 0x00, 0x3f, 0x88, 0x88, 0x8f, 0x34, 0xbb, 0xfb, 0xb8, 0xc0, 0x00, 0x00, 0xb3, 0x00,
    0x0b, 0x00, 0x3c, 0x00, 0x00, 0x0b, 0x30, 0x00, 0xb0, 0x03, 0xfb, 0xbb, 0xbb, 0xf3, 0x00, 0x0b,
    0x02, 0x3c, 0x00, 0x00, 0x0b, 0x30, 0x01, 0xf8, 0x43, 0xc0, 0x00, 0x00, 0xb3, 0x00, 0x56, 0x00,
    0x3c, 0x00, 0x07, 0xbe, 0x20, 0x00, 0x00, 0x00, 0x00, 0x00, 0x00, 0x00, 0x00, 0x00, 0x00, 0x00,
    0x00, 0x30, 0x00, 0x00, 0x07, 0x10, 0x00, 0x30, 0x0b, 0x00, 0x20, 0x02, 0x70, 0x00, 0x06, 0x10,
    0xb0, 0x07, 0x00, 0x8b, 0xbb, 0xb6, 0x07, 0x0b, 0x06, 0x10, 0x42, 0x11, 0x11, 0x03, 0x53, 0xf4,
    0x53, 0x00, 0x8f, 0xff, 0xf1, 0xdc, 0xcd, 0xcc, 0xc0, 0x00, 0x0b, 0x00, 0x0b, 0x00, 0x00, 0x0b,
    0x00, 0x00, 0xb0, 0x00, 0xb0, 0x0b, 0x00, 0xb0, 0x00, 0x0b, 0x00, 0x0b, 0x00, 0xb0, 0x0b, 0x01,
    0xbb, 0xfb, 0xb5, 0xb0, 0x0b, 0x00, 0xb0, 0x00, 0x0b, 0x00, 0x0b, 0x00, 0xb0, 0x0b, 0x00, 0x00,
    0xb0, 0x00, 0xb0, 0x39, 0x00, 0xb0, 0x00, 0x0b, 0x01, 0x16, 0x0a, 0x42, 0x06, 0x00, 0x00, 0xe7,
    0x61, 0x19, 0x50, 0x57, 0x30, 0x00, 0x6a, 0x10, 0x68, 0x20, 0x00, 0x05, 0x70, 0x00, 0x00, 0x00,
    0x00, 0x00, 0x00, 0x00, 0x00, 0x20, 0x00, 0x00, 0x11, 0x00, 0x40, 0x00, 0x00, 0x80, 0x00, 0x00,
    0x43, 0x00, 0xb0, 0x00, 0x02, 0xa4, 0x44, 0x10, 0x43, 0x00, 0xb0, 0x00, 0x08, 0x65, 0x55, 0x19,
    0xfe, 0xbb, 0xfb, 0xa0, 0x45, 0x00, 0x00, 0x00, 0x43, 0x00, 0xb0, 0x00, 0x03, 0x59, 0x55, 0x00,
    0x43, 0x00, 0xb0, 0x00, 0x00, 0x0b, 0x00, 0x3f, 0xff, 0xff, 0xff, 0xf4, 0x00, 0x0b, 0x00, 0x00,
    0x00, 0x00, 0x00, 0x00, 0x00, 0x0b, 0x00, 0x06, 0x66, 0x66, 0x65, 0x00, 0x3b, 0xbf, 0xbb, 0x5f,
    0x22, 0x22, 0x28, 0x00, 0x00, 0x0b, 0x00, 0x0f, 0x00, 0x00, 0x07, 0x00, 0x00, 0x0b, 0x00, 0x0f,
    0xbb, 0xbb, 0xbf, 0x00, 0x00, 0x0b, 0x02, 0x0f, 0x00, 0x00, 0x07, 0x00, 0x00, 0x0d, 0x65, 0x0f,
    0x00, 0x00, 0x07, 0x00, 0x00, 0x59, 0x00, 0x0f, 0xbb, 0xbb, 0xbf, 0x00, 0x00, 0x00, 0x00, 0x01,
    0x00, 0x00, 0x00, 0x00, 0x00, 0x11, 0x00, 0x00, 0x00, 0x04, 0x00, 0x00, 0x00, 0x71, 0x00, 0x44,
    0x50, 0x0b, 0x00, 0x00, 0x00, 0x91, 0x10, 0x55, 0xbb, 0xbf, 0xbb, 0xb0, 0x04, 0x85, 0x53, 0x03,
    0x40, 0x0b, 0x00, 0xb0, 0x08, 0x00, 0x00, 0x07, 0x3b, 0xbf, 0xbb, 0xf9, 0x24, 0x59, 0x53, 0x35,
    0x00, 0x0b, 0x00, 0xb0, 0x00, 0x0b, 0x00, 0xfb, 0xcb, 0xbf, 0xbb, 0xb0, 0x00, 0x0b, 0x00, 0x00,
    0x70, 0x0b, 0x00, 0x00, 0x00, 0x0b, 0x00, 0x00, 0x72, 0x2d, 0x22, 0x20, 0x1b, 0xbf, 0xb8, 0x60,
    0x78, 0x8f, 0x88, 0x60, 0x00, 0x0b, 0x00, 0x46, 0x40, 0x0b, 0x00, 0x00, 0x00, 0x0b, 0x00, 0x0f,
    0x6b, 0xbf, 0xbb, 0xb3, 0x00, 0x0b, 0x00, 0x1a, 0x80, 0x0b, 0x00, 0x00, 0x00, 0x0f, 0x74, 0x81,
    0x6a, 0x4b, 0x00, 0x00, 0x00, 0xaa, 0x08, 0x20, 0x02, 0x8e, 0xbb, 0xb5, 0x00, 0x00, 0x00, 0x00,
    0x00, 0x00, 0x00, 0x00, 0x00, 0x00, 0x30, 0x00, 0x00, 0x00, 0x00, 0x00, 0x00, 0x00, 0xb0, 0x00,
    0x00, 0x00, 0x70, 0x00, 0x00, 0x00, 0xb0, 0x00, 0x00, 0x07, 0x10, 0x00, 0x00, 0x00, 0xb0, 0x00,
    0x02, 0x71, 0x00, 0x00, 0x00, 0x00, 0xb0, 0x00, 0x56, 0x00, 0x00, 0x00, 0x00, 0x00, 0xb0, 0x28,
    0x20, 0x00, 0x00, 0x00, 0x00, 0x00, 0xb0, 0x00, 0x00, 0x00, 0x00, 0x00, 0x2b, 0xbb, 0xfb, 0xbc,
    0xfb, 0xbb, 0xbb, 0xb2, 0x00, 0x00, 0xb0, 0x00, 0x70, 0x00, 0x00, 0x00, 0x00, 0x00, 0xb0, 0x00,
    0x35, 0x00, 0x00, 0x00, 0x00, 0x00, 0xb0, 0x00, 0x07, 0x10, 0x00, 0x00, 0x00, 0x00, 0xb0, 0x00,
    0x00, 0x81, 0x00, 0x00, 0x00, 0x00, 0xb0, 0x00, 0x00, 0x18, 0x20, 0x00, 0x00, 0x00, 0xb0, 0x15,
    0x62, 0x00, 0x67, 0x10, 0x00, 0x02, 0xf7, 0x62, 0x00, 0x00, 0x01, 0x71, 0x00, 0x01, 0x10, 0x00,
    0x00, 0x00, 0x00, 0x00, 0x20, 0x00, 0x00, 0x00, 0x00, 0x00, 0x02, 0x60, 0x0a, 0xbb, 0xbb, 0xbb,
    0xbf, 0x07, 0x10, 0x00, 0x00, 0x00, 0x00, 0xe1, 0x11, 0x00, 0x00, 0x20, 0x00, 0x0e, 0xb0, 0x00,
    0x00, 0x0b, 0x00, 0x00, 0xeb, 0x00, 0x00, 0x00, 0xb0, 0x00, 0x0e, 0xb2, 0xbb, 0xbb, 0xbf, 0xbb,
    0x80, 0xeb, 0x00, 0x00, 0x05, 0xe0, 0x00, 0x0e, 0xb0, 0x00, 0x02, 0x6b, 0x00, 0x00, 0xeb, 0x00,
    0x02, 0x60, 0xb0, 0x00, 0x0e, 0xb0, 0x04, 0x50, 0x0b, 0x00, 0x00, 0xeb, 0x17, 0x30, 0x00, 0xb0,
    0x00, 0x0e, 0xb3, 0x00, 0x00, 0x0c, 0x00, 0x00, 0xeb, 0x00, 0x00, 0xab, 0x90, 0x00, 0x0e, 0xb0,
    0x00, 0x00, 0x00, 0x01, 0xbc, 0xb0, 0x00, 0x00, 0x00, 0x00, 0x00, 0x00, 0x02, 0x00, 0x00, 0x00,
    0x00, 0x00, 0x00, 0x06, 0x20, 0xab, 0xbb, 0xbb, 0xbb, 0xbf, 0x00, 0x80, 0x00, 0x00, 0x00, 0x00,
    0x0e, 0x00, 0x22, 0x00, 0x30, 0x00, 0x00, 0x0e, 0x70, 0x00, 0x00, 0xb0, 0x00, 0x00, 0x0e, 0xb0,
    0x00, 0x00, 0xb0, 0x00, 0x00, 0x0e, 0xb0, 0x9b, 0xbb, 0xfc, 0xbb, 0xb3, 0x0e, 0xb0, 0x00, 0x05,
    0xe8, 0x10, 0x00, 0x0e, 0xb0, 0x00, 0x17, 0xb1, 0x81, 0x00, 0x0e, 0xb0, 0x00, 0x80, 0xb0, 0x18,
    0x00, 0x0e, 0xb0, 0x08, 0x10, 0xb0, 0x02, 0x70, 0x0e, 0xb0, 0x71, 0x00, 0xb0, 0x00, 0x20, 0x0e,
    0xb0, 0x00, 0x00, 0xb0, 0x00, 0x00, 0x0e, 0xb0, 0x00, 0x00, 0x90, 0x00, 0x00, 0x0e, 0xb0, 0x00,
    0x00, 0x00, 0x01, 0xbb, 0xca, 0x00, 0x00, 0x00, 0x00, 0x00, 0x00, 0x00, 0x20, 0x00, 0x00, 0x00,
    0x00, 0x00, 0x01, 0x70, 0x0a, 0xbb, 0xbb, 0xbb, 0xbf, 0x03, 0x40, 0x00, 0x00, 0x00, 0x00, 0xe1,
    0x01, 0x00, 0x00, 0x00, 0x00, 0x0e, 0xb0, 0x00, 0x00, 0x00, 0x00, 0x00, 0xeb, 0x00, 0x9b, 0xbb,
    0xbb, 0x00, 0x0e, 0xb0, 0x0b, 0x00, 0x00, 0xb0, 0x00, 0xeb, 0x00, 0xb0, 0x00, 0x0b, 0x00, 0x0e,
    0xb0, 0x0b, 0xbb, 0xbb, 0xe0, 0x00, 0xeb, 0x00, 0xb0, 0x00, 0x0b, 0x00, 0x0e, 0xb0, 0x0b, 0x00,
    0x00, 0xb0, 0x00, 0xeb, 0x00, 0xb0, 0x00, 0x0b, 0x00, 0x0e, 0xb0, 0x08, 0xbb, 0xbb, 0xb0, 0x00,
    0xeb, 0x00, 0x00, 0x00, 0x00, 0x00, 0x0e, 0xb0, 0x00, 0x00, 0x00, 0x00, 0xbb, 0xb0, 0x00, 0x00,
    0x00, 0x00, 0x04, 0x00, 0x00, 0x08, 0xbb, 0xca, 0x00, 0x00, 0xb0, 0x00, 0x00, 0xb0, 0x06, 0x50,
    0x00, 0x0b, 0x00, 0x00, 0x0b, 0x00, 0x90, 0x3b, 0xbb, 0xfb, 0xbb, 0x00, 0xb0, 0x63, 0x00, 0x00,
    0x0b, 0x00, 0x00, 0x0b, 0x08, 0x00, 0x00, 0x00, 0xb0, 0x00, 0x00, 0xb0, 0x55, 0x00, 0x00, 0x0b,
    0x00, 0x00, 0x0b, 0x00, 0x93, 0xbb, 0xbb, 0xfb, 0xbb, 0xb3, 0xb0, 0x03, 0x80, 0x00, 0x0b, 0x00,
    0x00, 0x0b, 0x00, 0x0b, 0x0a, 0x00, 0xb0, 0x0a, 0x40, 0xb0, 0x05, 0x90, 0xb0, 0x0b, 0x00, 0xb4,
    0x0b, 0x3b, 0x91, 0x0b, 0x00, 0xb0, 0x0b, 0x40, 0xb0, 0x00, 0x00, 0xb0, 0x0b, 0x00, 0xb4, 0x0b,
    0x00, 0x00, 0x0e, 0xbb, 0xfb, 0xbf, 0x50, 0xb0, 0x00, 0x00, 0x44, 0x44, 0x44, 0xf4, 0x00, 0x00,
    0x00, 0x00, 0x00, 0x02, 0x10, 0x00, 0x09, 0xbb, 0xc9, 0x00, 0x00, 0xc1, 0x00, 0x00, 0xb0, 0x07,
    0x30, 0x00, 0x81, 0x71, 0x00, 0x0b, 0x01, 0x80, 0x01, 0x81, 0x00, 0x64, 0x00, 0xb0, 0x71, 0x05,
    0x70, 0x00, 0x00, 0x48, 0x2b, 0x08, 0x11, 0x38, 0xdd, 0xfd, 0xdb, 0x11, 0xb0, 0x0a, 0x00, 0x00,
    0x0b, 0x00, 0x00, 0x0b, 0x00, 0x46, 0x00, 0x00, 0xb0, 0x00, 0x00, 0xb0, 0x01, 0xfb, 0xbb, 0xbf,
    0xbb, 0xbb, 0x3b, 0x00, 0x2a, 0x00, 0x00, 0xb0, 0x00, 0x00, 0xb3, 0xbc, 0x40, 0x80, 0x0b, 0x04,
    0x40, 0x0b, 0x00, 0x00, 0x35, 0x00, 0xb0, 0x06, 0x20, 0xb0, 0x00, 0x19, 0x00, 0x0b, 0x00, 0x08,
    0x0b, 0x00, 0x04, 0x10, 0x00, 0xb0, 0x00, 0x21, 0xb0, 0x00, 0x00, 0x2b, 0xbc, 0x00, 0x00, 0x00,
    0x00, 0x00, 0x00, 0x10, 0x00, 0x00, 0x00, 0x11, 0x11, 0x00, 0x00, 0x03, 0x30, 0x00, 0x0b, 0x66,
    0x71, 0x00, 0x00, 0x71, 0x00, 0x00, 0xb0, 0x04, 0x70, 0x5b, 0xbf, 0xbb, 0xbb, 0x9b, 0x03, 0x02,
    0x60, 0x04, 0x40, 0x00, 0x00, 0xb0, 0x50, 0x05, 0x00, 0x80, 0x00, 0x00, 0x0b, 0x06, 0x00, 0x00,
    0x8f, 0xbb, 0xbb, 0xf1, 0xb0, 0x81, 0x11, 0x64, 0xf0, 0x00, 0x0f, 0x1b, 0x03, 0xb7, 0xd0, 0x0f,
    0xbb, 0xbb, 0xf1, 0xb0, 0x0c, 0x0b, 0x00, 0xf0, 0x00, 0x0f, 0x1b, 0x00, 0xb0, 0xb0, 0x0f, 0xbb,
    0xbb, 0xf1, 0xb1, 0x79, 0x0b, 0x00, 0xf0, 0x00, 0x0f, 0x1b, 0x00, 0x00, 0xb0, 0x0f, 0x00, 0x00,
    0xf1, 0xb0, 0x00, 0x0e, 0xb2, 0xf0, 0x07, 0xbd, 0x0b, 0x00, 0x02, 0x05, 0xd4, 0x00, 0x00, 0x00,
    0xb0, 0x00, 0x00, 0x03, 0xac, 0xba, 0xab, 0x90, 0x00, 0x00, 0x00, 0x00, 0x00, 0x00, 0x00, 0x00,
    0x00, 0x00, 0x00, 0x10, 0x00, 0x00, 0x07, 0x77, 0x78, 0x00, 0x71, 0x00, 0x00, 0x00, 0xb0, 0x04,
    0x50, 0x3d, 0xbb, 0xda, 0x00, 0x0b, 0x00, 0x80, 0x36, 0x00, 0x07, 0x00, 0x00, 0xb0, 0x26, 0x0a,
    0xbb, 0xbf, 0xcb, 0xb2, 0x0b, 0x07, 0x00, 0x00, 0x00, 0x00, 0x04, 0x30, 0xb0, 0x37, 0x00, 0x00,
    0x00, 0x00, 0x43, 0x0b, 0x00, 0x83, 0x2b, 0xbb, 0xbb, 0xbf, 0x30, 0xb0, 0x02, 0x90, 0x00, 0x00,
    0x00, 0x43, 0x0b, 0x00, 0x0b, 0x6b, 0xbb, 0xbb, 0xbc, 0x20, 0xb0, 0x26, 0x70, 0x03, 0x70, 0x00,
    0x00, 0x0b, 0x04, 0x40, 0x48, 0x01, 0x82, 0x16, 0x00, 0xb0, 0x00, 0x26, 0xb0, 0x00, 0x22, 0x44,
    0x0b, 0x00, 0x08, 0x2b, 0x00, 0x00, 0xc0, 0x70, 0xb0, 0x00, 0x30, 0x9c, 0xbb, 0xca, 0x01, 0x01,
    0x00, 0x00, 0x00, 0x00, 0x00, 0x00, 0x00, 0x00, 0x00, 0x50, 0x00, 0x00, 0x30, 0x00, 0x00, 0x00,
    0x00, 0xb0, 0x00, 0x00, 0x60, 0x00, 0x00, 0x09, 0xbb, 0xfb, 0xba, 0x06, 0xdb, 0xc8, 0x00, 0x00,
    0x00, 0xb0, 0x00, 0x26, 0x00, 0x71, 0x00, 0x04, 0x66, 0xf6, 0x65, 0xa3, 0x35, 0x83, 0x10, 0x00,
    0x00, 0xb0, 0x00, 0x8b, 0xbf, 0xbc, 0x50, 0x15, 0x55, 0x95, 0x55, 0x00, 0x07, 0x01, 0x50, 0x03,
    0xca, 0xaa, 0xf9, 0xbb, 0xbf, 0xbc, 0xf5, 0x03, 0xb0, 0x00, 0xb4, 0x00, 0x07, 0x01, 0x50, 0x03,
    0xfb, 0xbb, 0xf4, 0x00, 0x07, 0x01, 0x50, 0x03, 0xb0, 0x00, 0xb4, 0x68, 0x8f, 0x89, 0x60, 0x03,
    0xfb, 0xbb, 0xf4, 0x00, 0x07, 0x01, 0x30, 0x03, 0xb0, 0x00, 0xb4, 0x00, 0x07, 0x00, 0x00, 0x03,
    0xb0, 0x00, 0xb4, 0x00, 0x07, 0x00, 0x00, 0x03, 0xb0, 0x3b, 0xe3, 0x3c, 0xc6, 0x00, 0x00, 0xab,
    0xbb, 0xbb, 0xfc, 0xbb, 0xbb, 0xbb, 0x00, 0x00, 0x00, 0x80, 0x00, 0x00, 0x00, 0x04, 0x44, 0x44,
    0xb4, 0x44, 0x44, 0x40, 0x2d, 0xbb, 0xfb, 0xcb, 0xbf, 0xbb, 0xd2, 0x25, 0x00, 0x70, 0x00, 0x07,
    0x00, 0x52, 0x25, 0x00, 0x70, 0x00, 0x07, 0x00, 0x52, 0x25, 0x00, 0xcb, 0xbb, 0xba, 0x00, 0x52,
    0x25, 0x00, 0x70, 0x00, 0x07, 0x00, 0x52, 0x25, 0x00, 0xcb, 0xbb, 0xbb, 0x00, 0x52, 0x25, 0x00,
    0x70, 0x00, 0x07, 0x00, 0x52, 0x25, 0x00, 0x70, 0x00, 0x07, 0x00, 0x52, 0x2f, 0xbb, 0xfb, 0xbb,
    0xbf, 0xbb, 0xf2, 0x29, 0x44, 0x54, 0x44, 0x44, 0x44, 0x92, 0x00, 0x00, 0x00, 0x03, 0x00, 0x00,
    0x00, 0x00, 0x00, 0x00, 0x00, 0x05, 0x30, 0x00, 0x00, 0x00, 0x01, 0xbb, 0xbb, 0xbb, 0xfb, 0xbb,
    0xbb, 0x30, 0x00, 0x00, 0x50, 0x00, 0x00, 0x06, 0x00, 0x00, 0x00, 0x00, 0x26, 0x00, 0x00, 0x34,
    0x00, 0x00, 0x00, 0x00, 0x06, 0x00, 0x00, 0x80, 0x00, 0x00, 0x1b, 0xbb, 0xbb, 0xbb, 0xbc, 0xeb,
    0xbb, 0xb1, 0x00, 0x00, 0x00, 0x00, 0x00, 0x00, 0x00, 0x00, 0x00, 0x07, 0xbb, 0xbb, 0xbb, 0xbb,
    0x90, 0x00, 0x00, 0x07, 0x00, 0x00, 0x00, 0x00, 0x70, 0x00, 0x00, 0x07, 0x00, 0x00, 0x00, 0x00,
    0x70, 0x00, 0x00, 0x0c, 0xbb, 0xbb, 0xbb, 0xbb, 0xd0, 0x00, 0x00, 0x07, 0x00, 0x00, 0x00, 0x00,
    0x70, 0x00, 0x00, 0x07, 0x00, 0x00, 0x00, 0x00, 0x70, 0x00, 0x00, 0x0b, 0xbb, 0xbb, 0xbb, 0xbb,
    0xe0, 0x00, 0x00, 0x00, 0x00, 0x00, 0x00, 0x00, 0x00, 0x00, 0x6b, 0xbb, 0xbb, 0xbd, 0xbb, 0xbb,
    0xbb, 0x00, 0x00, 0x00, 0x44, 0x00, 0x00, 0x00, 0x00, 0x00, 0x00, 0x80, 0x00, 0x00, 0x00, 0x00,
    0x8b, 0xbc, 0xfb, 0xbb, 0xbb, 0x10, 0x00, 0x70, 0x00, 0x00, 0x00, 0x05, 0x20, 0x00, 0x70, 0x00,
    0x04, 0x00, 0x05, 0x20, 0x00, 0x70, 0x00, 0x16, 0x00, 0x05, 0x20, 0x00, 0x70, 0x00, 0x16, 0x00,
    0x05, 0x20, 0x00, 0x70, 0x00, 0x16, 0x00, 0x05, 0x20, 0x00, 0x70, 0x00, 0x34, 0x00, 0x05, 0x20,
    0x00, 0x70, 0x00, 0x81, 0x30, 0x05, 0x20, 0x00, 0x00, 0x07, 0x40, 0x38, 0x40, 0x00, 0x00, 0x05,
    0x82, 0x00, 0x00, 0x48, 0x20, 0x57, 0x72, 0x00, 0x00, 0x00, 0x00, 0x75, 0x00, 0x00, 0x00, 0x00,
    0x00, 0x00, 0x00, 0x00, 0x00, 0x21, 0x00, 0x00, 0x00, 0x00, 0x00, 0x00, 0x20, 0x72, 0x00, 0x8b,
    0xbe, 0xcb, 0xb0, 0x00, 0xb0, 0x75, 0x32, 0x00, 0x08, 0x00, 0x00, 0x00, 0xb0, 0x77, 0x53, 0x00,
    0x08, 0x00, 0x00, 0x00, 0xb0, 0x72, 0x00, 0x3c, 0xce, 0xbc, 0x60, 0x24, 0xe4, 0xb7, 0x44, 0x44,
    0x04, 0x01, 0x60, 0x4c, 0xcc, 0xfc, 0xcc, 0x44, 0x07, 0x01, 0x60, 0x00, 0x00, 0xb0, 0x00, 0x44,
    0x07, 0x01, 0x60, 0x00, 0x80, 0xb0, 0x25, 0x44, 0x07, 0x01, 0x60, 0x03, 0x60, 0xb0, 0x71, 0x44,
    0x07, 0x01, 0x60, 0x18, 0x00, 0xb1, 0x70, 0x44, 0x07, 0x01, 0x60, 0x11, 0x00, 0x37, 0x10, 0x33,
    0x25, 0x01, 0x60, 0x00, 0x00, 0x54, 0x00, 0x00, 0x72, 0x50, 0x00, 0x00, 0x06, 0x40, 0x00, 0x04,
    0x50, 0x48, 0x00, 0x04, 0x82, 0x00, 0x03, 0x74, 0x00, 0x02, 0x91, 0x02, 0x00, 0x00, 0x02, 0x00,
    0x00, 0x00, 0x10, 0x00, 0xcb, 0xbb, 0xb9, 0x8b, 0xbd, 0xbb, 0xb8, 0x00, 0xb0, 0x00, 0x0b, 0x00,
    0x07, 0x00, 0x00, 0x00, 0xeb, 0xbb, 0xbb, 0x03, 0x56, 0x33, 0x20, 0x00, 0xb0, 0x00, 0x0b, 0x0d,
    0x55, 0x55, 0xb0, 0x00, 0xeb, 0xbb, 0xbb, 0x0b, 0x08, 0x00, 0xb0, 0x00, 0x00, 0x00, 0x00, 0x0b,
    0x0b, 0x00, 0xb0, 0x5e, 0xee, 0xfe, 0xee, 0x4b, 0x0b, 0x00, 0xb0, 0x00, 0x00, 0xd0, 0x00, 0x0b,
    0x0b, 0x00, 0xb0, 0x00, 0x51, 0xd0, 0x00, 0x0b, 0x29, 0x00, 0xb0, 0x00, 0x60, 0xfb, 0xbb, 0x19,
    0x65, 0x30, 0x90, 0x00, 0xb2, 0xd0, 0x00, 0x01, 0xa0, 0x18, 0x10, 0x00, 0x79, 0xf0, 0x00, 0x19,
    0x20, 0x00, 0x82, 0x05, 0x21, 0xf7, 0x31, 0x61, 0x00, 0x00, 0x02, 0x28, 0x00, 0x03, 0x8a, 0xbb,
    0xbb, 0xbb, 0xb7, 0x10, 0x00, 0x00, 0x00, 0x00, 0x00, 0x00, 0x00, 0x00, 0x00, 0x20, 0x00, 0x00,
    0x01, 0x00, 0x00, 0x00, 0x00, 0x62, 0x00, 0x00, 0x08, 0x00, 0x00, 0x00, 0x00, 0x06, 0x00, 0x00,
    0x72, 0x00, 0x00, 0x1b, 0xbb, 0xbb, 0xbe, 0xeb, 0xeb, 0xbb, 0xb1, 0x00, 0x00, 0x00, 0x07, 0x10,
    0x00, 0x00, 0x00, 0x00, 0x0b, 0xbb, 0xbf, 0xbb, 0xbb, 0xb1, 0x00, 0x00, 0x07, 0x00, 0x00, 0x00,
    0x00, 0x61, 0x00, 0x00, 0x07, 0x00, 0x00, 0x00, 0x00, 0x61, 0x00, 0x00, 0x0f, 0xbb, 0xbb, 0xbb,
    0xbb, 0xf1, 0x00, 0x00, 0x07, 0x00, 0x00, 0x00, 0x00, 0x61, 0x00, 0x00, 0x07, 0x00, 0x00, 0x00,
    0x00, 0x61, 0x00, 0x00, 0x0f, 0xbb, 0xbb, 0xbb, 0xbb, 0xf1, 0x00, 0x00, 0x07, 0x00, 0x00, 0x00,
    0x00, 0x61, 0x00, 0x00, 0x0f, 0xbb, 0xbb, 0xbb, 0xbb, 0xf1, 0x00, 0x00, 0x07, 0x00, 0x00, 0x00,
    0x00, 0x61, 0x00, 0x00, 0x00, 0x00, 0x00, 0x00, 0x03, 0x00, 0x00, 0x0b, 0xff, 0xff, 0xfb, 0x00,
    0x0a, 0x10, 0x00, 0x0b, 0x10, 0x60, 0x1b, 0x00, 0x0a, 0x35, 0x00, 0x0b, 0x54, 0x61, 0x6b, 0x00,
    0x0a, 0x06, 0x20, 0x0b, 0x19, 0x65, 0x1b, 0x00, 0x0a, 0x00, 0x30, 0x0b, 0x03, 0x63, 0x0b, 0x56,
    0x6f, 0x66, 0x62, 0x08, 0xbb, 0xfb, 0xb8, 0x00, 0x0f, 0x00, 0x00, 0x00, 0x00, 0x60, 0x00, 0x00,
    0x2f, 0x00, 0x00, 0x08, 0xbb, 0xfb, 0xb9, 0x00, 0x4b, 0x30, 0x00, 0x00, 0x00, 0x61, 0x12, 0x00,
    0x75, 0x60, 0x00, 0x0b, 0xce, 0xff, 0xeb, 0x00, 0xa0, 0x70, 0x00, 0x05, 0x42, 0x10, 0x00, 0x01,
    0x90, 0x52, 0x00, 0x05, 0x15, 0x05, 0x42, 0x07, 0x30, 0x08, 0x00, 0x07, 0x07, 0x16, 0x08, 0x19,
    0x00, 0x04, 0x50, 0x42, 0x07, 0x15, 0x02, 0x91, 0x00, 0x00, 0x64, 0x00, 0x00, 0x00, 0x00, 0x20,
    0x00, 0x00, 0x00, 0x2d, 0x02, 0xd0, 0x1d, 0x01, 0xc0, 0x0b, 0x00, 0xb0, 0x0a, 0x00, 0x90, 0x03,
    0x00, 0x00, 0x04, 0x03, 0xd0, 0x00, 0x05, 0x00, 0x05, 0x60, 0x02, 0x90, 0x00, 0x92, 0x00, 0x29,
    0x00, 0x06, 0x50, 0x00, 0x92, 0x00, 0x0b, 0x00, 0x00, 0xb1, 0x00, 0x09, 0x20, 0x00, 0x65, 0x00,
    0x01, 0xa0, 0x00, 0x08, 0x20, 0x00, 0x19, 0x00, 0x00, 0x37, 0x00, 0x00, 0x30, 0x05, 0x00, 0x00,
    0x65, 0x00, 0x00, 0x92, 0x00, 0x02, 0x90, 0x00, 0x09, 0x20, 0x00, 0x56, 0x00, 0x02, 0x90, 0x00,
    0x0b, 0x00, 0x01, 0xb0, 0x00, 0x29, 0x00, 0x05, 0x60, 0x00, 0xa1, 0x00, 0x28, 0x00, 0x09, 0x10,
    0x07, 0x30, 0x00, 0x30, 0x00, 0x1c, 0x52, 0xfe, 0x02, 0x90, 0x83, 0x75, 0x00, 0x00, 0xa8, 0xca,
    0x00, 0x00, 0x00, 0x00, 0x00, 0x00, 0xa8, 0xca, 0x02, 0xab, 0xc9, 0x13, 0xa2, 0x00, 0x5a, 0x20,
    0x00, 0x00, 0xc0, 0x00, 0x00, 0x0b, 0x00, 0x00, 0x06, 0x60, 0x00, 0x04, 0x70, 0x00, 0x02, 0x70,
    0x00, 0x00, 0x80, 0x00, 0x00, 0x06, 0x00, 0x00, 0x00, 0x00, 0x00, 0x00, 0x04, 0x00, 0x00, 0x00,
    0xd1, 0x00,
};

static const lv_font_fmt_txt_glyph_dsc_t glyph_dsc[] = {
    {.bitmap_index = 0, .adv_w = 0, .box_w = 0, .box_h = 0, .ofs_x = 0, .ofs_y = 0} /* id = 0 reserved */,
    {.bitmap_index = 0, .adv_w = 64, .box_w = 0, .box_h = 0, .ofs_x = 0, .ofs_y = 0},
    {.bitmap_index = 0, .adv_w = 80, .box_w = 3, .box_h = 12, .ofs_x = 1, .ofs_y = 0},
    {.bitmap_index = 18, .adv_w = 80, .box_w = 3, .box_h = 4, .ofs_x = 1, .ofs_y = 9},
    {.bitmap_index = 24, .adv_w = 128, .box_w = 8, .box_h = 12, .ofs_x = 0, .ofs_y = 0},
    {.bitmap_index = 72, .adv_w = 128, .box_w = 7, .box_h = 16, .ofs_x = 0, .ofs_y = -2},
    {.bitmap_index = 128, .adv_w = 224, .box_w = 13, .box_h = 12, .ofs_x = 0, .ofs_y = 0},
    {.bitmap_index = 206, .adv_w = 144, .box_w = 10, .box_h = 12, .ofs_x = 0, .ofs_y = 0},
    {.bitmap_index = 266, .adv_w = 48, .box_w = 1, .box_h = 4, .ofs_x = 1, .ofs_y = 9},
    {.bitmap_index = 268, .adv_w = 64, .box_w = 3, .box_h = 18, .ofs_x = 1, .ofs_y = -4},
    {.bitmap_index = 295, .adv_w = 64, .box_w = 3, .box_h = 18, .ofs_x = 0, .ofs_y = -4},
    {.bitmap_index = 322, .adv_w = 112, .box_w = 5, .box_h = 5, .ofs_x = 1, .ofs_y = 8},
    {.bitmap_index = 335, .adv_w = 144, .box_w = 9, .box_h = 9, .ofs_x = 0, .ofs_y = 2},
    {.bitmap_index = 376, .adv_w = 64, .box_w = 3, .box_h = 5, .ofs_x = 0, .ofs_y = -3},
    {.bitmap_index = 384, .adv_w = 80, .box_w = 5, .box_h = 1, .ofs_x = 0, .ofs_y = 4},
    {.bitmap_index = 387, .adv_w = 48, .box_w = 3, .box_h = 2, .ofs_x = 0, .ofs_y = 0},
    {.bitmap_index = 390, .adv_w = 96, .box_w = 7, .box_h = 16, .ofs_x = 0, .ofs_y = -3},
    {.bitmap_index = 446, .adv_w = 128, .box_w = 7, .box_h = 12, .ofs_x = 1, .ofs_y = 0},
    {.bitmap_index = 488, .adv_w = 128, .box_w = 7, .box_h = 12, .ofs_x = 1, .ofs_y = 0},
    {.bitmap_index = 530, .adv_w = 128, .box_w = 8, .box_h = 12, .ofs_x = 0, .ofs_y = 0},
    {.bitmap_index = 578, .adv_w = 128, .box_w = 7, .box_h = 12, .ofs_x = 0, .ofs_y = 0},
    {.bitmap_index = 620, .adv_w = 128, .box_w = 8, .box_h = 12, .ofs_x = 0, .ofs_y = 0},
    {.bitmap_index = 668, .adv_w = 128, .box_w = 8, .box_h = 12, .ofs_x = 0, .ofs_y = 0},
    {.bitmap_index = 716, .adv_w = 128, .box_w = 7, .box_h = 12, .ofs_x = 1, .ofs_y = 0},
    {.bitmap_index = 758, .adv_w = 128, .box_w = 8, .box_h = 12, .ofs_x = 0, .ofs_y = 0},
    {.bitmap_index = 806, .adv_w = 128, .box_w = 7, .box_h = 12, .ofs_x = 0, .ofs_y = 0},
    {.bitmap_index = 848, .adv_w = 128, .box_w = 7, .box_h = 12, .ofs_x = 1, .ofs_y = 0},
    {.bitmap_index = 890, .adv_w = 48, .box_w = 3, .box_h = 9, .ofs_x = 0, .ofs_y = 0},
    {.bitmap_index = 904, .adv_w = 48, .box_w = 3, .box_h = 12, .ofs_x = 0, .ofs_y = -3},
    {.bitmap_index = 922, .adv_w = 144, .box_w = 7, .box_h = 8, .ofs_x = 1, .ofs_y = 2},
    {.bitmap_index = 950, .adv_w = 128, .box_w = 8, .box_h = 5, .ofs_x = 0, .ofs_y = 4},
    {.bitmap_index = 970, .adv_w = 144, .box_w = 7, .box_h = 8, .ofs_x = 1, .ofs_y = 2},
    {.bitmap_index = 998, .adv_w = 112, .box_w = 6, .box_h = 12, .ofs_x = 0, .ofs_y = 0},
    {.bitmap_index = 1034, .adv_w = 240, .box_w = 13, .box_h = 15, .ofs_x = 1, .ofs_y = -3},
    {.bitmap_index = 1132, .adv_w = 144, .box_w = 9, .box_h = 12, .ofs_x = 0, .ofs_y = 0},
    {.bitmap_index = 1186, .adv_w = 176, .box_w = 8, .box_h = 12, .ofs_x = 2, .ofs_y = 0},
    {.bitmap_index = 1234, .adv_w = 160, .box_w = 9, .box_h = 12, .ofs_x = 1, .ofs_y = 0},
    {.bitmap_index = 1288, .adv_w = 176, .box_w = 8, .box_h = 12, .ofs_x = 2, .ofs_y = 0},
    {.bitmap_index = 1336, .adv_w = 144, .box_w = 7, .box_h = 12, .ofs_x = 2, .ofs_y = 0},
    {.bitmap_index = 1378, .adv_w = 144, .box_w = 7, .box_h = 12, .ofs_x = 2, .ofs_y = 0},
    {.bitmap_index = 1420, .adv_w = 176, .box_w = 9, .box_h = 12, .ofs_x = 1, .ofs_y = 0},
    {.bitmap_index = 1474, .adv_w = 192, .box_w = 8, .box_h = 12, .ofs_x = 2, .ofs_y = 0},
    {.bitmap_index = 1522, .adv_w = 80, .box_w = 1, .box_h = 12, .ofs_x = 2, .ofs_y = 0},
    {.bitmap_index = 1528, .adv_w = 144, .box_w = 6, .box_h = 12, .ofs_x = 1, .ofs_y = 0},
    {.bitmap_index = 1564, .adv_w = 160, .box_w = 8, .box_h = 12, .ofs_x = 2, .ofs_y = 0},
    {.bitmap_index = 1612, .adv_w = 144, .box_w = 7, .box_h = 12, .ofs_x = 2, .ofs_y = 0},
    {.bitmap_index = 1654, .adv_w = 208, .box_w = 9, .box_h = 12, .ofs_x = 2, .ofs_y = 0},
    {.bitmap_index = 1708, .adv_w = 192, .box_w = 8, .box_h = 12, .ofs_x = 2, .ofs_y = 0},
    {.bitmap_index = 1756, .adv_w = 192, .box_w = 10, .box_h = 12, .ofs_x = 1, .ofs_y = 0},
    {.bitmap_index = 1816, .adv_w = 160, .box_w = 7, .box_h = 12, .ofs_x = 2, .ofs_y = 0},
    {.bitmap_index = 1858, .adv_w = 192, .box_w = 10, .box_h = 15, .ofs_x = 1, .ofs_y = -3},
    {.bitmap_index = 1933, .adv_w = 160, .box_w = 7, .box_h = 12, .ofs_x = 2, .ofs_y = 0},
    {.bitmap_index = 1975, .adv_w = 144, .box_w = 8, .box_h = 12, .ofs_x = 0, .ofs_y = 0},
    {.bitmap_index = 2023, .adv_w = 144, .box_w = 9, .box_h = 12, .ofs_x = 0, .ofs_y = 0},
    {.bitmap_index = 2077, .adv_w = 192, .box_w = 8, .box_h = 12, .ofs_x = 2, .ofs_y = 0},
    {.bitmap_index = 2125, .adv_w = 144, .box_w = 9, .box_h = 12, .ofs_x = 0, .ofs_y = 0},
    {.bitmap_index = 2179, .adv_w = 208, .box_w = 13, .box_h = 12, .ofs_x = 0, .ofs_y = 0},
    {.bitmap_index = 2257, .adv_w = 128, .box_w = 8, .box_h = 12, .ofs_x = 0, .ofs_y = 0},
    {.bitmap_index = 2305, .adv_w = 112, .box_w = 9, .box_h = 12, .ofs_x = -1, .ofs_y = 0},
    {.bitmap_index = 2359, .adv_w = 144, .box_w = 8, .box_h = 12, .ofs_x = 1, .ofs_y = 0},
    {.bitmap_index = 2407, .adv_w = 64, .box_w = 3, .box_h = 16, .ofs_x = 1, .ofs_y = -3},
    {.bitmap_index = 2431, .adv_w = 96, .box_w = 7, .box_h = 16, .ofs_x = 0, .ofs_y = -3},
    {.bitmap_index = 2487, .adv_w = 64, .box_w = 3, .box_h = 16, .ofs_x = 0, .ofs_y = -3},
    {.bitmap_index = 2511, .adv_w = 128, .box_w = 7, .box_h = 7, .ofs_x = 1, .ofs_y = 5},
    {.bitmap_index = 2536, .adv_w = 144, .box_w = 9, .box_h = 1, .ofs_x = 0, .ofs_y = -2},
    {.bitmap_index = 2541, .adv_w = 144, .box_w = 4, .box_h = 4, .ofs_x = 2, .ofs_y = 10},
    {.bitmap_index = 2549, .adv_w = 144, .box_w = 7, .box_h = 9, .ofs_x = 1, .ofs_y = 0},
    {.bitmap_index = 2581, .adv_w = 144, .box_w = 7, .box_h = 14, .ofs_x = 1, .ofs_y = 0},
    {.bitmap_index = 2630, .adv_w = 128, .box_w = 7, .box_h = 9, .ofs_x = 1, .ofs_y = 0},
    {.bitmap_index = 2662, .adv_w = 144, .box_w = 7, .box_h = 14, .ofs_x = 1, .ofs_y = 0},
    {.bitmap_index = 2711, .adv_w = 128, .box_w = 7, .box_h = 9, .ofs_x = 1, .ofs_y = 0},
    {.bitmap_index = 2743, .adv_w = 80, .box_w = 5, .box_h = 14, .ofs_x = 1, .ofs_y = 0},
    {.bitmap_index = 2778, .adv_w = 144, .box_w = 8, .box_h = 13, .ofs_x = 1, .ofs_y = -4},
    {.bitmap_index = 2830, .adv_w = 128, .box_w = 6, .box_h = 13, .ofs_x = 1, .ofs_y = 0},
    {.bitmap_index = 2869, .adv_w = 48, .box_w = 2, .box_h = 12, .ofs_x = 1, .ofs_y = 0},
    {.bitmap_index = 2881, .adv_w = 48, .box_w = 4, .box_h = 16, .ofs_x = -1, .ofs_y = -4},
    {.bitmap_index = 2913, .adv_w = 128, .box_w = 7, .box_h = 13, .ofs_x = 1, .ofs_y = 0},
    {.bitmap_index = 2959, .adv_w = 64, .box_w = 2, .box_h = 14, .ofs_x = 1, .ofs_y = 0},
    {.bitmap_index = 2973, .adv_w = 208, .box_w = 11, .box_h = 9, .ofs_x = 1, .ofs_y = 0},
    {.bitmap_index = 3023, .adv_w = 128, .box_w = 6, .box_h = 9, .ofs_x = 1, .ofs_y = 0},
    {.bitmap_index = 3050, .adv_w = 160, .box_w = 8, .box_h = 9, .ofs_x = 1, .ofs_y = 0},
    {.bitmap_index = 3086, .adv_w = 144, .box_w = 7, .box_h = 13, .ofs_x = 1, .ofs_y = -4},
    {.bitmap_index = 3132, .adv_w = 144, .box_w = 7, .box_h = 13, .ofs_x = 1, .ofs_y = -4},
    {.bitmap_index = 3178, .adv_w = 80, .box_w = 5, .box_h = 9, .ofs_x = 1, .ofs_y = 0},
    {.bitmap_index = 3201, .adv_w = 112, .box_w = 7, .box_h = 9, .ofs_x = 0, .ofs_y = 0},
    {.bitmap_index = 3233, .adv_w = 96, .box_w = 6, .box_h = 12, .ofs_x = 0, .ofs_y = 0},
    {.bitmap_index = 3269, .adv_w = 128, .box_w = 6, .box_h = 9, .ofs_x = 1, .ofs_y = 0},
    {.bitmap_index = 3296, .adv_w = 112, .box_w = 8, .box_h = 9, .ofs_x = 0, .ofs_y = 0},
    {.bitmap_index = 3332, .adv_w = 192, .box_w = 12, .box_h = 9, .ofs_x = 0, .ofs_y = 0},
    {.bitmap_index = 3386, .adv_w = 112, .box_w = 7, .box_h = 9, .ofs_x = 0, .ofs_y = 0},
    {.bitmap_index = 3418, .adv_w = 112, .box_w = 8, .box_h = 13, .ofs_x = 0, .ofs_y = -4},
    {.bitmap_index = 3470, .adv_w = 128, .box_w = 7, .box_h = 9, .ofs_x = 1, .ofs_y = 0},
    {.bitmap_index = 3502, .adv_w = 80, .box_w = 5, .box_h = 16, .ofs_x = 0, .ofs_y = -3},
    {.bitmap_index = 3542, .adv_w = 48, .box_w = 1, .box_h = 19, .ofs_x = 1, .ofs_y = -5},
    {.bitmap_index = 3552, .adv_w = 80, .box_w = 5, .box_h = 16, .ofs_x = 0, .ofs_y = -3},
    {.bitmap_index = 3592, .adv_w = 128, .box_w = 8, .box_h = 3, .ofs_x = 0, .ofs_y = 5},
    {.bitmap_index = 3604, .adv_w = 256, .box_w = 3, .box_h = 3, .ofs_x = 7, .ofs_y = 5},
    {.bitmap_index = 3609, .adv_w = 224, .box_w = 14, .box_h = 1, .ofs_x = 0, .ofs_y = 4},
    {.bitmap_index = 3616, .adv_w = 256, .box_w = 2, .box_h = 5, .ofs_x = 13, .ofs_y = 10},
    {.bitmap_index = 3621, .adv_w = 256, .box_w = 2, .box_h = 5, .ofs_x = 1, .ofs_y = 9},
    {.bitmap_index = 3626, .adv_w = 256, .box_w = 5, .box_h = 5, .ofs_x = 10, .ofs_y = 10},
    {.bitmap_index = 3639, .adv_w = 256, .box_w = 5, .box_h = 5, .ofs_x = 1, .ofs_y = 9},
    {.bitmap_index = 3652, .adv_w = 256, .box_w = 13, .box_h = 2, .ofs_x = 2, .ofs_y = 6},
    {.bitmap_index = 3665, .adv_w = 256, .box_w = 5, .box_h = 5, .ofs_x = 1, .ofs_y = -1},
    {.bitmap_index = 3678, .adv_w = 256, .box_w = 5, .box_h = 5, .ofs_x = 1, .ofs_y = -1},
    {.bitmap_index = 3691, .adv_w = 256, .box_w = 8, .box_h = 16, .ofs_x = 8, .ofs_y = -2},
    {.bitmap_index = 3755, .adv_w = 256, .box_w = 8, .box_h = 16, .ofs_x = 0, .ofs_y = -2},
    {.bitmap_index = 3819, .adv_w = 256, .box_w = 16, .box_h = 1, .ofs_x = 0, .ofs_y = 6},
    {.bitmap_index = 3827, .adv_w = 256, .box_w = 14, .box_h = 12, .ofs_x = 1, .ofs_y = 0},
    {.bitmap_index = 3911, .adv_w = 256, .box_w = 16, .box_h = 16, .ofs_x = 0, .ofs_y = -2},
    {.bitmap_index = 4039, .adv_w = 256, .box_w = 16, .box_h = 14, .ofs_x = 0, .ofs_y = -1},
    {.bitmap_index = 4151, .adv_w = 256, .box_w = 15, .box_h = 13, .ofs_x = 0, .ofs_y = -1},
    {.bitmap_index = 4249, .adv_w = 256, .box_w = 14, .box_h = 16, .ofs_x = 1, .ofs_y = -2},
    {.bitmap_index = 4361, .adv_w = 256, .box_w = 14, .box_h = 15, .ofs_x = 1, .ofs_y = -1},
    {.bitmap_index = 4466, .adv_w = 256, .box_w = 15, .box_h = 16, .ofs_x = 0, .ofs_y = -2},
    {.bitmap_index = 4586, .adv_w = 256, .box_w = 16, .box_h = 15, .ofs_x = 0, .ofs_y = -2},
    {.bitmap_index = 4706, .adv_w = 256, .box_w = 16, .box_h = 11, .ofs_x = 0, .ofs_y = 0},
    {.bitmap_index = 4794, .adv_w = 256, .box_w = 15, .box_h = 14, .ofs_x = 1, .ofs_y = -1},
    {.bitmap_index = 4899, .adv_w = 256, .box_w = 16, .box_h = 13, .ofs_x = 0, .ofs_y = -1},
    {.bitmap_index = 5003, .adv_w = 256, .box_w = 14, .box_h = 15, .ofs_x = 1, .ofs_y = -1},
    {.bitmap_index = 5108, .adv_w = 256, .box_w = 14, .box_h = 15, .ofs_x = 2, .ofs_y = -2},
    {.bitmap_index = 5213, .adv_w = 256, .box_w = 16, .box_h = 15, .ofs_x = 0, .ofs_y = -1},
    {.bitmap_index = 5333, .adv_w = 256, .box_w = 17, .box_h = 15, .ofs_x = 0, .ofs_y = -1},
    {.bitmap_index = 5461, .adv_w = 256, .box_w = 16, .box_h = 15, .ofs_x = 0, .ofs_y = -1},
    {.bitmap_index = 5581, .adv_w = 256, .box_w = 16, .box_h = 15, .ofs_x = 0, .ofs_y = -1},
    {.bitmap_index = 5701, .adv_w = 256, .box_w = 16, .box_h = 15, .ofs_x = 0, .ofs_y = -1},
    {.bitmap_index = 5821, .adv_w = 256, .box_w = 16, .box_h = 16, .ofs_x = 0, .ofs_y = -2},
    {.bitmap_index = 5949, .adv_w = 256, .box_w = 16, .box_h = 16, .ofs_x = 0, .ofs_y = -2},
    {.bitmap_index = 6077, .adv_w = 256, .box_w = 16, .box_h = 16, .ofs_x = 0, .ofs_y = -2},
    {.bitmap_index = 6205, .adv_w = 256, .box_w = 16, .box_h = 15, .ofs_x = 0, .ofs_y = -1},
    {.bitmap_index = 6325, .adv_w = 256, .box_w = 15, .box_h = 15, .ofs_x = 0, .ofs_y = -1},
    {.bitmap_index = 6438, .adv_w = 256, .box_w = 16, .box_h = 15, .ofs_x = 0, .ofs_y = -2},
    {.bitmap_index = 6558, .adv_w = 256, .box_w = 16, .box_h = 15, .ofs_x = 0, .ofs_y = -1},
    {.bitmap_index = 6678, .adv_w = 256, .box_w = 16, .box_h = 16, .ofs_x = 0, .ofs_y = -2},
    {.bitmap_index = 6806, .adv_w = 256, .box_w = 15, .box_h = 16, .ofs_x = 1, .ofs_y = -2},
    {.bitmap_index = 6926, .adv_w = 256, .box_w = 14, .box_h = 15, .ofs_x = 1, .ofs_y = -1},
    {.bitmap_index = 7031, .adv_w = 256, .box_w = 16, .box_h = 14, .ofs_x = 0, .ofs_y = -2},
    {.bitmap_index = 7143, .adv_w = 256, .box_w = 16, .box_h = 15, .ofs_x = 0, .ofs_y = -1},
    {.bitmap_index = 7263, .adv_w = 256, .box_w = 16, .box_h = 16, .ofs_x = 0, .ofs_y = -2},
    {.bitmap_index = 7391, .adv_w = 256, .box_w = 13, .box_h = 15, .ofs_x = 2, .ofs_y = -1},
    {.bitmap_index = 7489, .adv_w = 256, .box_w = 16, .box_h = 15, .ofs_x = 0, .ofs_y = -2},
    {.bitmap_index = 7609, .adv_w = 256, .box_w = 16, .box_h = 15, .ofs_x = 0, .ofs_y = -2},
    {.bitmap_index = 7729, .adv_w = 256, .box_w = 14, .box_h = 16, .ofs_x = 1, .ofs_y = -2},
    {.bitmap_index = 7841, .adv_w = 256, .box_w = 15, .box_h = 16, .ofs_x = 0, .ofs_y = -2},
    {.bitmap_index = 7961, .adv_w = 256, .box_w = 14, .box_h = 15, .ofs_x = 0, .ofs_y = -2},
    {.bitmap_index = 8066, .adv_w = 256, .box_w = 15, .box_h = 16, .ofs_x = 0, .ofs_y = -2},
    {.bitmap_index = 8186, .adv_w = 256, .box_w = 16, .box_h = 16, .ofs_x = 0, .ofs_y = -2},
    {.bitmap_index = 8314, .adv_w = 256, .box_w = 14, .box_h = 16, .ofs_x = 0, .ofs_y = -2},
    {.bitmap_index = 8426, .adv_w = 256, .box_w = 15, .box_h = 16, .ofs_x = 0, .ofs_y = -2},
    {.bitmap_index = 8546, .adv_w = 256, .box_w = 15, .box_h = 15, .ofs_x = 0, .ofs_y = -2},
    {.bitmap_index = 8659, .adv_w = 256, .box_w = 15, .box_h = 16, .ofs_x = 1, .ofs_y = -2},
    {.bitmap_index = 8779, .adv_w = 256, .box_w = 13, .box_h = 16, .ofs_x = 2, .ofs_y = -2},
    {.bitmap_index = 8883, .adv_w = 256, .box_w = 16, .box_h = 15, .ofs_x = 0, .ofs_y = -1},
    {.bitmap_index = 9003, .adv_w = 256, .box_w = 15, .box_h = 14, .ofs_x = 0, .ofs_y = -2},
    {.bitmap_index = 9108, .adv_w = 256, .box_w = 16, .box_h = 16, .ofs_x = 0, .ofs_y = -2},
    {.bitmap_index = 9236, .adv_w = 256, .box_w = 16, .box_h = 14, .ofs_x = 0, .ofs_y = -1},
    {.bitmap_index = 9348, .adv_w = 256, .box_w = 16, .box_h = 14, .ofs_x = 0, .ofs_y = -1},
    {.bitmap_index = 9460, .adv_w = 256, .box_w = 15, .box_h = 15, .ofs_x = 0, .ofs_y = -1},
    {.bitmap_index = 9573, .adv_w = 256, .box_w = 14, .box_h = 15, .ofs_x = 1, .ofs_y = -2},
    {.bitmap_index = 9678, .adv_w = 256, .box_w = 14, .box_h = 14, .ofs_x = 1, .ofs_y = -1},
    {.bitmap_index = 9776, .adv_w = 256, .box_w = 13, .box_h = 16, .ofs_x = 1, .ofs_y = -2},
    {.bitmap_index = 9880, .adv_w = 256, .box_w = 16, .box_h = 15, .ofs_x = 0, .ofs_y = -1},
    {.bitmap_index = 10000, .adv_w = 256, .box_w = 16, .box_h = 15, .ofs_x = 0, .ofs_y = -2},
    {.bitmap_index = 10120, .adv_w = 256, .box_w = 15, .box_h = 15, .ofs_x = 1, .ofs_y = -1},
    {.bitmap_index = 10233, .adv_w = 256, .box_w = 14, .box_h = 16, .ofs_x = 0, .ofs_y = -2},
    {.bitmap_index = 10345, .adv_w = 256, .box_w = 15, .box_h = 15, .ofs_x = 0, .ofs_y = -2},
    {.bitmap_index = 10458, .adv_w = 256, .box_w = 16, .box_h = 14, .ofs_x = 0, .ofs_y = -1},
    {.bitmap_index = 10570, .adv_w = 256, .box_w = 15, .box_h = 15, .ofs_x = 0, .ofs_y = -2},
    {.bitmap_index = 10683, .adv_w = 256, .box_w = 15, .box_h = 14, .ofs_x = 0, .ofs_y = -1},
    {.bitmap_index = 10788, .adv_w = 256, .box_w = 14, .box_h = 14, .ofs_x = 1, .ofs_y = -1},
    {.bitmap_index = 10886, .adv_w = 256, .box_w = 15, .box_h = 15, .ofs_x = 0, .ofs_y = -1},
    {.bitmap_index = 10999, .adv_w = 256, .box_w = 16, .box_h = 15, .ofs_x = 0, .ofs_y = -1},
    {.bitmap_index = 11119, .adv_w = 256, .box_w = 16, .box_h = 16, .ofs_x = 0, .ofs_y = -2},
    {.bitmap_index = 11247, .adv_w = 256, .box_w = 15, .box_h = 15, .ofs_x = 0, .ofs_y = -1},
    {.bitmap_index = 11360, .adv_w = 256, .box_w = 16, .box_h = 16, .ofs_x = 0, .ofs_y = -2},
    {.bitmap_index = 11488, .adv_w = 256, .box_w = 16, .box_h = 16, .ofs_x = 0, .ofs_y = -2},
    {.bitmap_index = 11616, .adv_w = 256, .box_w = 14, .box_h = 15, .ofs_x = 1, .ofs_y = -1},
    {.bitmap_index = 11721, .adv_w = 256, .box_w = 16, .box_h = 16, .ofs_x = 0, .ofs_y = -2},
    {.bitmap_index = 11849, .adv_w = 256, .box_w = 16, .box_h = 16, .ofs_x = 0, .ofs_y = -2},
    {.bitmap_index = 11977, .adv_w = 256, .box_w = 14, .box_h = 16, .ofs_x = 1, .ofs_y = -2},
    {.bitmap_index = 12089, .adv_w = 256, .box_w = 16, .box_h = 15, .ofs_x = 0, .ofs_y = -1},
    {.bitmap_index = 12209, .adv_w = 256, .box_w = 16, .box_h = 15, .ofs_x = 0, .ofs_y = -1},
    {.bitmap_index = 12329, .adv_w = 256, .box_w = 16, .box_h = 16, .ofs_x = 0, .ofs_y = -2},
    {.bitmap_index = 12457, .adv_w = 256, .box_w = 16, .box_h = 15, .ofs_x = 0, .ofs_y = -1},
    {.bitmap_index = 12577, .adv_w = 256, .box_w = 16, .box_h = 16, .ofs_x = 0, .ofs_y = -2},
    {.bitmap_index = 12705, .adv_w = 256, .box_w = 16, .box_h = 15, .ofs_x = 0, .ofs_y = -1},
    {.bitmap_index = 12825, .adv_w = 256, .box_w = 16, .box_h = 16, .ofs_x = 0, .ofs_y = -2},
    {.bitmap_index = 12953, .adv_w = 256, .box_w = 16, .box_h = 15, .ofs_x = 0, .ofs_y = -2},
    {.bitmap_index = 13073, .adv_w = 256, .box_w = 16, .box_h = 14, .ofs_x = -1, .ofs_y = -1},
    {.bitmap_index = 13185, .adv_w = 256, .box_w = 16, .box_h = 14, .ofs_x = 0, .ofs_y = -1},
    {.bitmap_index = 13297, .adv_w = 256, .box_w = 15, .box_h = 13, .ofs_x = 0, .ofs_y = -1},
    {.bitmap_index = 13395, .adv_w = 256, .box_w = 16, .box_h = 15, .ofs_x = 0, .ofs_y = -1},
    {.bitmap_index = 13515, .adv_w = 256, .box_w = 14, .box_h = 13, .ofs_x = 1, .ofs_y = -1},
    {.bitmap_index = 13606, .adv_w = 256, .box_w = 14, .box_h = 15, .ofs_x = 1, .ofs_y = -1},
    {.bitmap_index = 13711, .adv_w = 256, .box_w = 16, .box_h = 15, .ofs_x = 0, .ofs_y = -1},
    {.bitmap_index = 13831, .adv_w = 256, .box_w = 15, .box_h = 16, .ofs_x = 1, .ofs_y = -2},
    {.bitmap_index = 13951, .adv_w = 256, .box_w = 16, .box_h = 16, .ofs_x = 0, .ofs_y = -2},
    {.bitmap_index = 14079, .adv_w = 256, .box_w = 16, .box_h = 16, .ofs_x = 0, .ofs_y = -2},
    {.bitmap_index = 14207, .adv_w = 256, .box_w = 16, .box_h = 14, .ofs_x = 0, .ofs_y = -1},
    {.bitmap_index = 14319, .adv_w = 256, .box_w = 15, .box_h = 15, .ofs_x = 1, .ofs_y = -2},
    {.bitmap_index = 14432, .adv_w = 256, .box_w = 15, .box_h = 15, .ofs_x = 1, .ofs_y = -2},
    {.bitmap_index = 14545, .adv_w = 256, .box_w = 16, .box_h = 16, .ofs_x = 0, .ofs_y = -2},
    {.bitmap_index = 14673, .adv_w = 256, .box_w = 15, .box_h = 14, .ofs_x = 0, .ofs_y = -1},
    {.bitmap_index = 14778, .adv_w = 256, .box_w = 16, .box_h = 15, .ofs_x = 0, .ofs_y = -1},
    {.bitmap_index = 14898, .adv_w = 256, .box_w = 15, .box_h = 15, .ofs_x = 0, .ofs_y = -1},
    {.bitmap_index = 15011, .adv_w = 256, .box_w = 15, .box_h = 15, .ofs_x = 0, .ofs_y = -1},
    {.bitmap_index = 15124, .adv_w = 256, .box_w = 15, .box_h = 15, .ofs_x = 1, .ofs_y = -1},
    {.bitmap_index = 15237, .adv_w = 256, .box_w = 16, .box_h = 16, .ofs_x = 0, .ofs_y = -2},
    {.bitmap_index = 15365, .adv_w = 256, .box_w = 14, .box_h = 16, .ofs_x = 0, .ofs_y = -2},
    {.bitmap_index = 15477, .adv_w = 256, .box_w = 15, .box_h = 16, .ofs_x = 1, .ofs_y = -2},
    {.bitmap_index = 15597, .adv_w = 256, .box_w = 15, .box_h = 16, .ofs_x = 0, .ofs_y = -2},
    {.bitmap_index = 15717, .adv_w = 256, .box_w = 15, .box_h = 15, .ofs_x = 0, .ofs_y = -1},
    {.bitmap_index = 15830, .adv_w = 256, .box_w = 16, .box_h = 16, .ofs_x = 0, .ofs_y = -2},
    {.bitmap_index = 15958, .adv_w = 256, .box_w = 16, .box_h = 15, .ofs_x = 0, .ofs_y = -1},
    {.bitmap_index = 16078, .adv_w = 256, .box_w = 16, .box_h = 16, .ofs_x = 0, .ofs_y = -2},
    {.bitmap_index = 16206, .adv_w = 256, .box_w = 16, .box_h = 15, .ofs_x = 0, .ofs_y = -1},
    {.bitmap_index = 16326, .adv_w = 256, .box_w = 16, .box_h = 15, .ofs_x = 0, .ofs_y = -1},
    {.bitmap_index = 16446, .adv_w = 256, .box_w = 16, .box_h = 15, .ofs_x = 0, .ofs_y = -1},
    {.bitmap_index = 16566, .adv_w = 256, .box_w = 16, .box_h = 16, .ofs_x = 0, .ofs_y = -2},
    {.bitmap_index = 16694, .adv_w = 256, .box_w = 16, .box_h = 15, .ofs_x = 0, .ofs_y = -1},
    {.bitmap_index = 16814, .adv_w = 256, .box_w = 16, .box_h = 15, .ofs_x = 0, .ofs_y = -1},
    {.bitmap_index = 16934, .adv_w = 256, .box_w = 16, .box_h = 16, .ofs_x = 0, .ofs_y = -2},
    {.bitmap_index = 17062, .adv_w = 256, .box_w = 16, .box_h = 16, .ofs_x = 0, .ofs_y = -2},
    {.bitmap_index = 17190, .adv_w = 256, .box_w = 16, .box_h = 16, .ofs_x = 0, .ofs_y = -2},
    {.bitmap_index = 17318, .adv_w = 256, .box_w = 16, .box_h = 16, .ofs_x = 0, .ofs_y = -2},
    {.bitmap_index = 17446, .adv_w = 256, .box_w = 15, .box_h = 15, .ofs_x = 0, .ofs_y = -1},
    {.bitmap_index = 17559, .adv_w = 256, .box_w = 16, .box_h = 16, .ofs_x = 0, .ofs_y = -2},
    {.bitmap_index = 17687, .adv_w = 256, .box_w = 16, .box_h = 15, .ofs_x = 0, .ofs_y = -2},
    {.bitmap_index = 17807, .adv_w = 256, .box_w = 12, .box_h = 13, .ofs_x = 2, .ofs_y = -1},
    {.bitmap_index = 17885, .adv_w = 256, .box_w = 16, .box_h = 15, .ofs_x = 0, .ofs_y = -1},
    {.bitmap_index = 18005, .adv_w = 256, .box_w = 15, .box_h = 14, .ofs_x = 1, .ofs_y = -1},
    {.bitmap_index = 18110, .adv_w = 256, .box_w = 16, .box_h = 15, .ofs_x = 0, .ofs_y = -2},
    {.bitmap_index = 18230, .adv_w = 256, .box_w = 16, .box_h = 14, .ofs_x = 0, .ofs_y = -1},
    {.bitmap_index = 18342, .adv_w = 256, .box_w = 16, .box_h = 16, .ofs_x = 0, .ofs_y = -2},
    {.bitmap_index = 18470, .adv_w = 256, .box_w = 14, .box_h = 15, .ofs_x = 1, .ofs_y = -1},
    {.bitmap_index = 18575, .adv_w = 256, .box_w = 15, .box_h = 15, .ofs_x = 0, .ofs_y = -2},
    {.bitmap_index = 18688, .adv_w = 256, .box_w = 14, .box_h = 15, .ofs_x = 0, .ofs_y = -2},
    {.bitmap_index = 18793, .adv_w = 256, .box_w = 15, .box_h = 15, .ofs_x = 0, .ofs_y = -1},
    {.bitmap_index = 18906, .adv_w = 256, .box_w = 15, .box_h = 16, .ofs_x = 0, .ofs_y = -2},
    {.bitmap_index = 19026, .adv_w = 256, .box_w = 16, .box_h = 15, .ofs_x = 0, .ofs_y = -1},
    {.bitmap_index = 19146, .adv_w = 256, .box_w = 16, .box_h = 15, .ofs_x = 0, .ofs_y = -1},
    {.bitmap_index = 19266, .adv_w = 256, .box_w = 16, .box_h = 15, .ofs_x = 0, .ofs_y = -1},
    {.bitmap_index = 19386, .adv_w = 256, .box_w = 16, .box_h = 16, .ofs_x = 0, .ofs_y = -2},
    {.bitmap_index = 19514, .adv_w = 256, .box_w = 15, .box_h = 16, .ofs_x = 0, .ofs_y = -2},
    {.bitmap_index = 19634, .adv_w = 256, .box_w = 16, .box_h = 15, .ofs_x = 0, .ofs_y = -1},
    {.bitmap_index = 19754, .adv_w = 256, .box_w = 15, .box_h = 16, .ofs_x = 1, .ofs_y = -2},
    {.bitmap_index = 19874, .adv_w = 256, .box_w = 16, .box_h = 14, .ofs_x = 0, .ofs_y = -1},
    {.bitmap_index = 19986, .adv_w = 256, .box_w = 16, .box_h = 16, .ofs_x = 0, .ofs_y = -2},
    {.bitmap_index = 20114, .adv_w = 256, .box_w = 15, .box_h = 15, .ofs_x = 0, .ofs_y = -1},
    {.bitmap_index = 20227, .adv_w = 256, .box_w = 15, .box_h = 16, .ofs_x = 0, .ofs_y = -2},
    {.bitmap_index = 20347, .adv_w = 256, .box_w = 16, .box_h = 16, .ofs_x = 0, .ofs_y = -2},
    {.bitmap_index = 20475, .adv_w = 256, .box_w = 16, .box_h = 15, .ofs_x = 0, .ofs_y = -1},
    {.bitmap_index = 20595, .adv_w = 256, .box_w = 14, .box_h = 14, .ofs_x = 1, .ofs_y = -1},
    {.bitmap_index = 20693, .adv_w = 256, .box_w = 15, .box_h = 15, .ofs_x = 0, .ofs_y = -1},
    {.bitmap_index = 20806, .adv_w = 256, .box_w = 15, .box_h = 15, .ofs_x = 0, .ofs_y = -1},
    {.bitmap_index = 20919, .adv_w = 256, .box_w = 16, .box_h = 16, .ofs_x = 0, .ofs_y = -2},
    {.bitmap_index = 21047, .adv_w = 256, .box_w = 16, .box_h = 16, .ofs_x = 0, .ofs_y = -2},
    {.bitmap_index = 21175, .adv_w = 256, .box_w = 16, .box_h = 15, .ofs_x = 0, .ofs_y = -1},
    {.bitmap_index = 21295, .adv_w = 256, .box_w = 15, .box_h = 16, .ofs_x = 1, .ofs_y = -2},
    {.bitmap_index = 21415, .adv_w = 256, .box_w = 15, .box_h = 16, .ofs_x = 1, .ofs_y = -2},
    {.bitmap_index = 21535, .adv_w = 256, .box_w = 15, .box_h = 16, .ofs_x = 1, .ofs_y = -2},
    {.bitmap_index = 21655, .adv_w = 256, .box_w = 16, .box_h = 15, .ofs_x = 0, .ofs_y = -2},
    {.bitmap_index = 21775, .adv_w = 256, .box_w = 15, .box_h = 15, .ofs_x = 0, .ofs_y = -1},
    {.bitmap_index = 21888, .adv_w = 256, .box_w = 16, .box_h = 16, .ofs_x = 0, .ofs_y = -2},
    {.bitmap_index = 22016, .adv_w = 256, .box_w = 15, .box_h = 15, .ofs_x = 0, .ofs_y = -2},
    {.bitmap_index = 22129, .adv_w = 256, .box_w = 15, .box_h = 14, .ofs_x = 0, .ofs_y = -1},
    {.bitmap_index = 22234, .adv_w = 256, .box_w = 16, .box_h = 15, .ofs_x = 0, .ofs_y = -2},
    {.bitmap_index = 22354, .adv_w = 256, .box_w = 15, .box_h = 15, .ofs_x = 1, .ofs_y = -1},
    {.bitmap_index = 22467, .adv_w = 256, .box_w = 15, .box_h = 15, .ofs_x = 0, .ofs_y = -2},
    {.bitmap_index = 22580, .adv_w = 256, .box_w = 15, .box_h = 15, .ofs_x = 1, .ofs_y = -1},
    {.bitmap_index = 22693, .adv_w = 256, .box_w = 16, .box_h = 15, .ofs_x = 0, .ofs_y = -1},
    {.bitmap_index = 22813, .adv_w = 256, .box_w = 15, .box_h = 15, .ofs_x = 0, .ofs_y = -1},
    {.bitmap_index = 22926, .adv_w = 256, .box_w = 16, .box_h = 16, .ofs_x = 0, .ofs_y = -2},
    {.bitmap_index = 23054, .adv_w = 256, .box_w = 15, .box_h = 16, .ofs_x = 0, .ofs_y = -2},
    {.bitmap_index = 23174, .adv_w = 256, .box_w = 15, .box_h = 14, .ofs_x = 0, .ofs_y = -1},
    {.bitmap_index = 23279, .adv_w = 256, .box_w = 15, .box_h = 16, .ofs_x = 0, .ofs_y = -2},
    {.bitmap_index = 23399, .adv_w = 256, .box_w = 15, .box_h = 13, .ofs_x = 0, .ofs_y = -1},
    {.bitmap_index = 23497, .adv_w = 256, .box_w = 16, .box_h = 15, .ofs_x = 0, .ofs_y = -2},
    {.bitmap_index = 23617, .adv_w = 256, .box_w = 16, .box_h = 15, .ofs_x = 0, .ofs_y = -1},
    {.bitmap_index = 23737, .adv_w = 256, .box_w = 15, .box_h = 15, .ofs_x = 0, .ofs_y = -1},
    {.bitmap_index = 23850, .adv_w = 256, .box_w = 16, .box_h = 15, .ofs_x = 0, .ofs_y = -1},
    {.bitmap_index = 23970, .adv_w = 256, .box_w = 14, .box_h = 15, .ofs_x = 1, .ofs_y = -1},
    {.bitmap_index = 24075, .adv_w = 256, .box_w = 15, .box_h = 16, .ofs_x = 1, .ofs_y = -2},
    {.bitmap_index = 24195, .adv_w = 256, .box_w = 15, .box_h = 14, .ofs_x = 1, .ofs_y = -1},
    {.bitmap_index = 24300, .adv_w = 256, .box_w = 16, .box_h = 15, .ofs_x = 0, .ofs_y = -1},
    {.bitmap_index = 24420, .adv_w = 256, .box_w = 16, .box_h = 15, .ofs_x = 0, .ofs_y = -1},
    {.bitmap_index = 24540, .adv_w = 256, .box_w = 16, .box_h = 15, .ofs_x = 0, .ofs_y = -1},
    {.bitmap_index = 24660, .adv_w = 256, .box_w = 16, .box_h = 16, .ofs_x = 0, .ofs_y = -2},
    {.bitmap_index = 24788, .adv_w = 256, .box_w = 15, .box_h = 16, .ofs_x = 0, .ofs_y = -2},
    {.bitmap_index = 24908, .adv_w = 256, .box_w = 14, .box_h = 14, .ofs_x = 1, .ofs_y = -1},
    {.bitmap_index = 25006, .adv_w = 256, .box_w = 15, .box_h = 14, .ofs_x = 1, .ofs_y = -1},
    {.bitmap_index = 25111, .adv_w = 256, .box_w = 15, .box_h = 16, .ofs_x = 0, .ofs_y = -2},
    {.bitmap_index = 25231, .adv_w = 256, .box_w = 12, .box_h = 15, .ofs_x = 2, .ofs_y = -1},
    {.bitmap_index = 25321, .adv_w = 256, .box_w = 16, .box_h = 15, .ofs_x = 0, .ofs_y = -1},
    {.bitmap_index = 25441, .adv_w = 256, .box_w = 16, .box_h = 15, .ofs_x = 0, .ofs_y = -1},
    {.bitmap_index = 25561, .adv_w = 256, .box_w = 15, .box_h = 16, .ofs_x = 1, .ofs_y = -2},
    {.bitmap_index = 25681, .adv_w = 256, .box_w = 16, .box_h = 16, .ofs_x = 0, .ofs_y = -2},
    {.bitmap_index = 25809, .adv_w = 256, .box_w = 16, .box_h = 15, .ofs_x = 0, .ofs_y = -1},
    {.bitmap_index = 25929, .adv_w = 256, .box_w = 16, .box_h = 16, .ofs_x = 0, .ofs_y = -2},
    {.bitmap_index = 26057, .adv_w = 256, .box_w = 15, .box_h = 16, .ofs_x = 0, .ofs_y = -2},
    {.bitmap_index = 26177, .adv_w = 256, .box_w = 16, .box_h = 15, .ofs_x = 0, .ofs_y = -1},
    {.bitmap_index = 26297, .adv_w = 256, .box_w = 14, .box_h = 16, .ofs_x = 1, .ofs_y = -2},
    {.bitmap_index = 26409, .adv_w = 256, .box_w = 16, .box_h = 16, .ofs_x = 0, .ofs_y = -2},
    {.bitmap_index = 26537, .adv_w = 256, .box_w = 16, .box_h = 16, .ofs_x = 0, .ofs_y = -2},
    {.bitmap_index = 26665, .adv_w = 256, .box_w = 16, .box_h = 15, .ofs_x = 0, .ofs_y = -1},
    {.bitmap_index = 26785, .adv_w = 256, .box_w = 16, .box_h = 16, .ofs_x = 0, .ofs_y = -2},
    {.bitmap_index = 26913, .adv_w = 256, .box_w = 16, .box_h = 14, .ofs_x = 0, .ofs_y = -1},
    {.bitmap_index = 27025, .adv_w = 256, .box_w = 16, .box_h = 15, .ofs_x = 0, .ofs_y = -2},
    {.bitmap_index = 27145, .adv_w = 256, .box_w = 16, .box_h = 15, .ofs_x = 0, .ofs_y = -1},
    {.bitmap_index = 27265, .adv_w = 256, .box_w = 15, .box_h = 16, .ofs_x = 0, .ofs_y = -2},
    {.bitmap_index = 27385, .adv_w = 256, .box_w = 15, .box_h = 15, .ofs_x = 0, .ofs_y = -2},
    {.bitmap_index = 27498, .adv_w = 256, .box_w = 16, .box_h = 15, .ofs_x = 0, .ofs_y = -2},
    {.bitmap_index = 27618, .adv_w = 256, .box_w = 16, .box_h = 16, .ofs_x = 0, .ofs_y = -2},
    {.bitmap_index = 27746, .adv_w = 256, .box_w = 16, .box_h = 16, .ofs_x = 0, .ofs_y = -2},
    {.bitmap_index = 27874, .adv_w = 256, .box_w = 16, .box_h = 16, .ofs_x = 0, .ofs_y = -2},
    {.bitmap_index = 28002, .adv_w = 256, .box_w = 16, .box_h = 16, .ofs_x = 0, .ofs_y = -2},
    {.bitmap_index = 28130, .adv_w = 256, .box_w = 16, .box_h = 16, .ofs_x = 0, .ofs_y = -2},
    {.bitmap_index = 28258, .adv_w = 256, .box_w = 16, .box_h = 16, .ofs_x = 0, .ofs_y = -2},
    {.bitmap_index = 28386, .adv_w = 256, .box_w = 16, .box_h = 15, .ofs_x = 0, .ofs_y = -1},
    {.bitmap_index = 28506, .adv_w = 256, .box_w = 16, .box_h = 15, .ofs_x = 0, .ofs_y = -2},
    {.bitmap_index = 28626, .adv_w = 256, .box_w = 16, .box_h = 14, .ofs_x = 0, .ofs_y = -1},
    {.bitmap_index = 28738, .adv_w = 256, .box_w = 16, .box_h = 14, .ofs_x = 0, .ofs_y = -1},
    {.bitmap_index = 28850, .adv_w = 256, .box_w = 16, .box_h = 16, .ofs_x = 0, .ofs_y = -2},
    {.bitmap_index = 28978, .adv_w = 256, .box_w = 16, .box_h = 16, .ofs_x = 0, .ofs_y = -2},
    {.bitmap_index = 29106, .adv_w = 256, .box_w = 16, .box_h = 16, .ofs_x = 0, .ofs_y = -2},
    {.bitmap_index = 29234, .adv_w = 256, .box_w = 16, .box_h = 15, .ofs_x = 0, .ofs_y = -2},
    {.bitmap_index = 29354, .adv_w = 256, .box_w = 15, .box_h = 15, .ofs_x = 0, .ofs_y = -1},
    {.bitmap_index = 29467, .adv_w = 256, .box_w = 16, .box_h = 14, .ofs_x = 0, .ofs_y = -1},
    {.bitmap_index = 29579, .adv_w = 256, .box_w = 15, .box_h = 16, .ofs_x = 0, .ofs_y = -2},
    {.bitmap_index = 29699, .adv_w = 256, .box_w = 16, .box_h = 14, .ofs_x = 0, .ofs_y = -1},
    {.bitmap_index = 29811, .adv_w = 256, .box_w = 15, .box_h = 15, .ofs_x = 0, .ofs_y = -1},
    {.bitmap_index = 29924, .adv_w = 256, .box_w = 15, .box_h = 16, .ofs_x = 0, .ofs_y = -2},
    {.bitmap_index = 30044, .adv_w = 256, .box_w = 15, .box_h = 16, .ofs_x = 0, .ofs_y = -2},
    {.bitmap_index = 30164, .adv_w = 256, .box_w = 16, .box_h = 16, .ofs_x = 0, .ofs_y = -2},
    {.bitmap_index = 30292, .adv_w = 256, .box_w = 16, .box_h = 16, .ofs_x = 0, .ofs_y = -2},
    {.bitmap_index = 30420, .adv_w = 256, .box_w = 16, .box_h = 16, .ofs_x = 0, .ofs_y = -2},
    {.bitmap_index = 30548, .adv_w = 256, .box_w = 13, .box_h = 16, .ofs_x = 2, .ofs_y = -2},
    {.bitmap_index = 30652, .adv_w = 256, .box_w = 14, .box_h = 16, .ofs_x = 1, .ofs_y = -2},
    {.bitmap_index = 30764, .adv_w = 256, .box_w = 13, .box_h = 15, .ofs_x = 2, .ofs_y = -1},
    {.bitmap_index = 30862, .adv_w = 256, .box_w = 15, .box_h = 15, .ofs_x = 1, .ofs_y = -1},
    {.bitmap_index = 30975, .adv_w = 256, .box_w = 15, .box_h = 16, .ofs_x = 1, .ofs_y = -2},
    {.bitmap_index = 31095, .adv_w = 256, .box_w = 15, .box_h = 16, .ofs_x = 1, .ofs_y = -2},
    {.bitmap_index = 31215, .adv_w = 256, .box_w = 15, .box_h = 16, .ofs_x = 1, .ofs_y = -2},
    {.bitmap_index = 31335, .adv_w = 256, .box_w = 16, .box_h = 15, .ofs_x = 0, .ofs_y = -1},
    {.bitmap_index = 31455, .adv_w = 256, .box_w = 14, .box_h = 13, .ofs_x = 1, .ofs_y = -1},
    {.bitmap_index = 31546, .adv_w = 256, .box_w = 16, .box_h = 16, .ofs_x = 0, .ofs_y = -2},
    {.bitmap_index = 31674, .adv_w = 256, .box_w = 14, .box_h = 15, .ofs_x = 1, .ofs_y = -2},
    {.bitmap_index = 31779, .adv_w = 256, .box_w = 16, .box_h = 16, .ofs_x = 0, .ofs_y = -2},
    {.bitmap_index = 31907, .adv_w = 256, .box_w = 16, .box_h = 15, .ofs_x = 0, .ofs_y = -2},
    {.bitmap_index = 32027, .adv_w = 256, .box_w = 16, .box_h = 15, .ofs_x = 0, .ofs_y = -1},
    {.bitmap_index = 32147, .adv_w = 256, .box_w = 16, .box_h = 16, .ofs_x = 0, .ofs_y = -2},
    {.bitmap_index = 32275, .adv_w = 256, .box_w = 3, .box_h = 12, .ofs_x = 3, .ofs_y = 0},
    {.bitmap_index = 32293, .adv_w = 256, .box_w = 5, .box_h = 16, .ofs_x = 11, .ofs_y = -2},
    {.bitmap_index = 32333, .adv_w = 256, .box_w = 5, .box_h = 16, .ofs_x = 0, .ofs_y = -2},
    {.bitmap_index = 32373, .adv_w = 256, .box_w = 3, .box_h = 6, .ofs_x = 2, .ofs_y = -2},
    {.bitmap_index = 32382, .adv_w = 256, .box_w = 2, .box_h = 10, .ofs_x = 3, .ofs_y = 0},
    {.bitmap_index = 32392, .adv_w = 256, .box_w = 7, .box_h = 12, .ofs_x = 0, .ofs_y = 0},
};

static const uint16_t unicode_list_1[] = {
    0x0, 0x1f5d, 0x1f61, 0x1f62, 0x1f65, 0x1f66, 0x1f6f, 0x2f4a, 0x2f4b, 0x2f53, 0x2f54, 0x4d49,
    0x4d52, 0x4d53, 0x4d54, 0x4d56, 0x4d5c, 0x4d76, 0x4d84, 0x4d99, 0x4dd5, 0x4dd7, 0x4ddd, 0x4df7,
    0x4e2e, 0x4e3f, 0x4e9c, 0x4ea2, 0x4ea5, 0x4f26, 0x4f2a, 0x4fa5, 0x4ff1, 0x5018, 0x5092, 0x50ae,
    0x50b1, 0x50b6, 0x50bc, 0x50ce, 0x50d5, 0x510f, 0x5136, 0x5143, 0x514f, 0x5150, 0x5160, 0x5169,
    0x5179, 0x517f, 0x5196, 0x51b2, 0x51e8, 0x51e9, 0x51f1, 0x52a9, 0x52aa, 0x52cb, 0x531a, 0x531f,
    0x5338, 0x533c, 0x5340, 0x5355, 0x5356, 0x5357, 0x536f, 0x5375, 0x5378, 0x53b1, 0x55b1, 0x5624,
    0x5627, 0x5647, 0x5671, 0x5679, 0x5689, 0x5728, 0x5850, 0x5856, 0x5863, 0x5870, 0x587a, 0x587d,
    0x5aa1, 0x5ad5, 0x5ae3, 0x5b0f, 0x5b42, 0x5b4f, 0x5b58, 0x5b5a, 0x5b89, 0x5b98, 0x5d2e, 0x5d2f,
    0x5d3b, 0x5d81, 0x5dbd, 0x5dbf, 0x5dc8, 0x5def, 0x5e49, 0x5e83, 0x5e9e, 0x5ef3, 0x5f0c, 0x5f21,
    0x5f4a, 0x5f84, 0x5fab, 0x6159, 0x6180, 0x6194, 0x61b4, 0x6216, 0x6232, 0x6252, 0x62ab, 0x62b7,
    0x62ee, 0x62f0, 0x6318, 0x638d, 0x63f6, 0x6416, 0x6487, 0x6491, 0x64d0, 0x64f6, 0x64f9, 0x6529,
    0x652e, 0x653f, 0x6568, 0x6578, 0x6587, 0x65cb, 0x663b, 0x663d, 0x6651, 0x6652, 0x6668, 0x6673,
    0x6675, 0x6683, 0x66c8, 0x6781, 0x6a6a, 0x6a95, 0x6aac, 0x6aad, 0x6aae, 0x6bea, 0x6c31, 0x6c8e,
    0x6c98, 0x6cd1, 0x6d3a, 0x6d4e, 0x6d72, 0x6dd9, 0x6e1a, 0x7002, 0x7036, 0x70b0, 0x7190, 0x7191,
    0x71a2, 0x72f8, 0x72f9, 0x7468, 0x7471, 0x747e, 0x75c4, 0x75cd, 0x7641, 0x772e, 0x774a, 0x77b7,
    0x7883, 0x791b, 0x7939, 0x79c3, 0x7a9b, 0x7ac9, 0x7ae0, 0x7c44, 0x7d8a, 0x7e08, 0x7e25, 0x7e28,
    0x7e5f, 0x7e9a, 0x7eb7, 0x8015, 0x8133, 0x81bb, 0x81f8, 0x823a, 0x8300, 0x8426, 0x8518, 0x87b1,
    0x890f, 0x8911, 0x892c, 0x8949, 0x8aea, 0x8aed, 0x8af9, 0x8b07, 0x8b1e, 0x8b2e, 0x8b36, 0x8b38,
    0x8b40, 0x8b4c, 0x8c6e, 0x8c6f, 0x8cce, 0x8ec6, 0x8eda, 0x8edc, 0x8f1d, 0x8f24, 0x8f27, 0x8f4a,
    0x8f52, 0x8f63, 0x9031, 0x9096, 0x9116, 0x9118, 0x93e8, 0x9449, 0x944a, 0x9462, 0x9477, 0x94c8,
    0x9536, 0x953b, 0x953d, 0x958f, 0x95ad, 0x95d8, 0x95d9, 0x96a2, 0x96ab, 0x973c, 0x97be, 0x97da,
    0x97e1, 0x98df, 0x9e21, 0xfe4a, 0xfe51, 0xfe52, 0xfe55, 0xfe63, 0xfe68,
};

static const lv_font_fmt_txt_cmap_t cmaps[] = {
    {   /* ASCII */
        .range_start = 32, .range_length = 95, .glyph_id_start = 1,
        .unicode_list = NULL, .glyph_id_ofs_list = NULL, .list_length = 0,
        .type = LV_FONT_FMT_TXT_CMAP_FORMAT0_TINY
    },
    {   /* 汉字 / 全角标点 */
        .range_start = 183, .range_length = 65128, .glyph_id_start = 96,
        .unicode_list = unicode_list_1, .glyph_id_ofs_list = NULL, .list_length = 261,
        .type = LV_FONT_FMT_TXT_CMAP_SPARSE_TINY
    }
};

static lv_font_fmt_txt_glyph_cache_t cache;
static const lv_font_fmt_txt_dsc_t font_dsc = {
    .glyph_bitmap = glyph_bitmap,
    .glyph_dsc = glyph_dsc,
    .cmaps = cmaps,
    .kern_dsc = NULL,
    .kern_scale = 0,
    .cmap_num = 2,
    .bpp = 4,
    .kern_classes = 0,
    .bitmap_format = 0,
    .cache = &cache
};

const lv_font_t font_cn16 = {
    .get_glyph_dsc = lv_font_get_glyph_dsc_fmt_txt,
    .get_glyph_bitmap = lv_font_get_bitmap_fmt_txt,
    .line_height = 20,
    .base_line = 4,
    .subpx = LV_FONT_SUBPX_NONE,
    .underline_position = -1,
    .underline_thickness = 1,
    .dsc = &font_dsc,
    .fallback = &font_cn_extra
};
